4cd0006f6c90006f
6ad0006f6b10006f
6a50006f6a90006f
69d0006f6a10006f
6950006f6990006f
68d0006f6910006f
6850006f6890006f
67d0006f6810006f
6750006f6790006f
66d0006f6710006f
6650006f6690006f
65d0006f6610006f
6550006f6590006f
64d0006f6510006f
6450006f6490006f
7510006f6410006f
0301819300016197
f781011300030117
f705051300000517
3055107300156513
00017617d0c18513
40a6063380c60613
6a0090ef00000593
6405051300009517
598090ef3ed080ef
0000059300000513
00c000ef00000613
000080673e90806f
00058613f6010113
00c1059300a12623
08112e2305e10513
08912a2308812c23
0931262309212823
0951222309412423
07712e2309612023
07b1262307812c23
00100513600050ef
000507932a9040ef
00f11e2300200513
00050293299040ef
00511f2300300513
00050313289040ef
0261102300400513
00050393279040ef
02712c2300500513
00051463269040ef
01c1208300700513
04009c6302a12e23
0606066302011603
00257993d4018913
013038b300157a13
04011e2303212223
011a0ab300457813
7d000b1304081a63
03b12a23035b5db3
06098263340a1463
01c90eb303ba0e33
04080a6303d12623
001007130440006f
02011403fae098e3
341534b7fa0414e3
00b12e2341548593
02d1102306600693
001a8b93f91ff06f
037c5db37d000c13
2e0a1a6303b12a23
03ba8f33fa0998e3
03f1282301e90fb3
0017f29303c12783
01c1160300028e63
0341250302812583
03c12783118060ef
0027f31304a12023
0047f3932c031e63
0301260300038a63
0341250301c11583
03812603151060ef
001006930c061863
0001691702d12c23
03812983adc90913
00299a1300000c13
00189813013a08b3
42c050ef03012c23
04012a2303812a83
040a826304012c23
01c1051300100593
05415583041050ef
00050b132a9040ef
01c10513fff00593
025050ef05611a23
28d040ef05415583
220c0a6304a11a23
fd8a92e3001c0c13
3f4050ef3e8050ef
00092603400050ef
00050b9300492683
6e0080ef00058c13
000b8513f6054ae3
7d8080ef000c0593
0010051300051463
02adde3300a00d93
001e0e9303812f03
03f12c2303df0fb3
01c10513388050ef
38c050ef7c0060ef
00050493398050ef
0000059301c11503
000505930f8050ef
0ec050ef01e11503
0201150300050593
000505930e0050ef
0d4050ef03411503
b0528793000082b7
0cf50ae300050413
00002bb71ca7e263
098506e38f2b8c13
eaff0f9300005f37
0001451721f51063
6d9080ef68850513
000057b70000e2b7
5a42899300007337
a793091360878a13
00098b9300200393
00090a93000a0b13
cf418d9300712423
0a0708e3000da703
07a1282307912a23
00000d1300000c93
002888330340006f
001c8c93ffc85f03
01af0d33000daf83
010d1793010c9293
0102dc93010d1313
41035d130107dc13
004c9c1371fcf863
00259093019c05b3
002608b306008613
fe089e23fdc8a683
02080c630016f813
01112223ff68d603
0009069303560663
00014517000c8593
4e1080ef65050513
ffc55e0300412503
001e0e93fdc52683
0026ff13ffd51e23
019c0fb3040f0463
06028793002f9293
ff83560300278333
0366066300612223
000c8593000a0693
6345051300014517
00412383495080ef
fdc3a683ffc3d703
feb39e2300170593
002c1613019c0c33
060608930046f093
00288c33f0008ee3
63761063ffac5603
f11ff06fffcc5f03
ca099ee303212423
d09ff06fd0080ce3
0010051304a11b23
00100c13dcaa88e3
01e11083d89ff06f
02c1258301c11703
0100941303412503
00e4663304410693
03c12483330030ef
d00594e30044f593
000090b7d15ff06f
68c50a63a0208613
9f5988930000f9b7
0001451705151063
519080ef4f850513
0000eb3700002ab7
fd7a8a1300009837
e3a80993714b0913
00098b9300300513
00090a93000a0b13
e41ff06f00a12423
fff00913000109b7
01212423fff98c13
0f4050efcf418d93
01850bb303412583
5885051300014517
00048593385080ef
5905051300014517
00048513375080ef
00050613108050ef
0001451700058693
359080ef58c50513
0ec050ef00048513
00000613010b9a13
410a5b1300000693
04a056632cc080ef
000daa8303812383
534080ef03538533
0004851300050c13
0b4050ef00058993
0005869300050613
00098593000c0513
00050613309070ef
0001451700058693
2f1080ef53c50513
03812683000da703
5405051300014517
2d9080ef02e685b3
5485859300014597
54c5051300014517
000145972c5080ef
0001451755858593
2b1080ef55450513
5605859300014597
5605051300014517
0004059329d080ef
5685051300014517
03c12c0328d080ef
0e040e63001c7413
0e058a63000da583
0001491700000a93
004a909356090913
0026189301508633
0028053306088813
000a8593ff655603
249080ef00090513
010e9f13001a8e93
004b9f93010f5b93
000dae03017f82b3
0607831300229793
00230a3300090513
09cbf863000b8593
211080efff6a5603
01039c13001b8393
00499713010c5993
000daa83013706b3
0604059300269413
0009051300258633
0559fc6300098593
1d9080efff665603
01081e1300198813
004b9e93010e5b93
000da883017e8f33
060f8293002f1f93
002287b300090513
031bf063000b8593
1a1080efff67d603
000da503001b8313
010a5a9301031a13
03c12c03f2aae2e3
0e090e63002c7913
4c008463000da083
00014c1700000a13
004a199347cc0c13
0027169301498733
0025863306068593
000a0593ff865603
149080ef000c0513
01041813001a0413
004b9e1301085b93
000da883017e0eb3
060f0f93002e9f13
002f82b3000c0513
091bf863000b8593
111080efff82d603
01079a13001b8793
004a9913010a5a93
000da303015903b3
0609871300239993
002706b3000c0513
046afc63000a8593
0d9080efff86d603
01059893001a8593
004418130108d413
000da60300880bb3
060e0e93002b9e13
002e8f33000c0513
02c4706300040593
0a1080efff8f5603
000da50300140f93
0102da13010f9293
03c12c03f2aa62e3
000da303004c7093
00000a130e008a63
39ca8a9300014a97
004a17931c030c63
0029139301478933
0029873306038993
000a0593ffa75603
049080ef000a8513
01061593001a0613
004418930105d413
000da68300888833
060b8e1300281b93
002e0eb3000a8513
08d4786300040593
011080efffaed603
010f929300140f93
004a1c130102da13
000daf03014c0333
0607891300231793
002903b3000a8513
05ea7c63000a0593
7d8080efffa3d603
01071693001a0713
004416130106d413
000da983008605b3
0608881300259893
00280bb3000a8513
0334706300040593
7a0080efffabd603
000da50300140e13
010eda13010e1e93
000da083f2aa62e3
00014a9700000b93
0e0082632c4a8a93
017f0fb3004b9f13
06028c13002f9293
ff435603002c0333
000a8513000b8593
001b8793754080ef
0103d99301079393
013706b300499713
00269413000da903
000a851306040613
00098593002608b3
ff48d6030929f863
0019859371c080ef
010bda1301059b93
014e0eb3004a1e13
002e9f13000da803
000a8513060f0f93
000a0593002f82b3
ff42d603050a7c63
001a03136e4080ef
0109599301031913
013783b300499793
00239713000dac03
000a851306070693
0009859300268433
ff4456030389f063
001986136ac080ef
01061893000da503
f2abe2e30108db93
09604463080b0e63
2585051300014517
05e105137bc080ef
09c12083459040ef
0941248309812403
08c1298309012903
08412a8308812a03
07c12b8308012b03
06c12d8307812c03
0a01011300000513
0009869300008067
00014517000c8593
630080ef00450513
00150e13ffcc5503
010edf13010e1e93
8d1ff06fffec1e23
07012d0307412c83
00014517a75ff06f
738080ef23850513
00014517f7dff06f
728080ef15850513
00300b1300812a83
03812083f76a92e3
03b08533000dad83
000508137e1070ef
00058a1300048513
35d040ef00080493
0005869300050613
000a059300048513
000506135b0070ef
0001479700058693
0001471703878793
0001451700c70713
588080ef13850513
0385859300014597
1405051300014517
00a00513574080ef
ee9ff06f5c0080ef
dec5051300014517
000066b7694080ef
0000d9370000ca37
e52a0a13e4768993
00098b934b090913
00090a93000a0b13
fc0ff06f00012423
e685051300014517
00009db765c080ef
d84d89930000ee37
00400e933c1e0913
74700a1300098b93
00090a9374700b13
f88ff06f01d12423
da85051300014517
00004337624080ef
00003737000013b7
19938a139bf30993
0010059334070913
000a0b1300098b93
00b1242300090a93
00000c13f4cff06f
004c739391dff06f
e15ff06fd20382e3
0000000000000000
0000000000000000
0000806700000513
0000001300000013
0000806700000513
0000001300000013
0000806700000513
0000001300000013
0000806700000513
0000001300000013
0000806700000513
0000001300000013
0000806700000513
0000001300000013
0000806700000513
0000001300000013
0000806700000513
0000001300000013
0000806700000513
0000001300000013
0000806700000513
0000001300000013
0000806700000513
0000001300000013
0000806700000513
0000001300000013
0000806700000513
0000001300000013
0000806700000513
0000001300000013
0000806700000513
0000001300000013
0000806700000513
0000001300000013
0000806700000513
0000001300000013
0000806700000513
0000001300000013
0000806700000513
0000001300000013
0000806700000513
0000001300000013
0000806700000513
0000001300000013
0000806700000513
0000001300000013
0000806700000513
0000001300000013
0000806700000513
0000001300000013
0000806700000513
0000001300000013
0000806700000513
0000001300000013
0000806700000513
0000001300000013
0000806700000513
0000001300000013
0000806700000513
0000001300000013
0000806700000513
0000001300000013
0000806700000513
0000001300000013
0000806700000513
93d5051300014517
ff5ff06f3cc080ef
00112023fc010113
00b1242300a12223
00d1282300c12623
00f12c2300e12a23
0311202301012e23
0261242302512223
03c1282302712623
03e12c2303d12a23
342022f303f12e23
0262886300200313
0062886300b00313
0062886300300313
3e4000ef02c0006f
000145170340006f
350080ef87c50513
000145170240006f
340080ef81c50513
000145170140006f
330080ef87e50513
341022f30240006f
0030051300028303
00a3146300a37333
0022829300228293
0001208334129073
0081258300412503
0101268300c12603
0181278301412703
0201288301c12803
0281230302412283
03012e0302c12383
03812f0303412e83
0401011303c12f83
3020007330200073
d2a1a42340a00533
00008067fff00513
8387879300014797
1000073705500813
0017c68301072023
00d7202306068063
04028a630027c283
0037c30300572023
0067202304030463
02038e630047c383
0057c50300772023
00a7202302050863
020582630067c583
0077c60300b72023
00060a6300878793
0007c80300c72023
00008067fa0810e3
0000001300008067
d2f1a42305800793
00008067fff00513
d2f1a42305800793
00008067fff00513
d2f1a42305800793
00008067fff00513
d2f1a42305800793
00008067fff00513
d2f1a42305800793
00008067fff00513
00008067fff00513
0000001300000013
d2f1a42300c00793
00008067fff00513
00a7a023800407b7
0000006f10500073
d2f1a42305800793
00008067fff00513
d2f1a42300b00793
00008067fff00513
00f5a223000027b7
0000806700000513
d2f1a42305800793
00008067fff00513
d2f1a42305800793
00008067fff00513
d2f1a423fa800793
0000806700000513
0000806700100513
0000001300000013
d2f1a423fa800793
00008067fff00513
00153513fff50513
0000001300008067
d2f1a42301600793
00008067fff00513
d2f1a42301f00793
00008067fff00513
0000806700000513
0000001300000013
d2f1a42305800793
00008067fff00513
00008067fff00513
0000001300000013
d2f1a42305800793
00008067fff00513
0000806700000513
0000001300000013
00f5a223000027b7
0000806700000513
00008067fff00513
0000001300000013
00008067fff00513
0000001300000013
d2f1a42300200793
00008067fff00513
d2f1a42305800793
00008067fff00513
d2f1a42300a00793
00008067fff00513
01212023ff010113
00092783d0c18913
0091222300812423
0005849300112623
02078a6300060413
0004859300040613
4005051300014517
00c12083598000ef
0081240300040513
0001290300412483
0000806701010113
003006130001c5b7
0001451720058593
494000ef3cc50513
0059202300100293
00000013fb1ff06f
00000513cea1a823
0000001300008067
00072303cf018713
00a7202300a30533
0002f29700257c63
00557663d1c28293
0000806700030513
fff0031300c00793
00030513d2f1a423
0000001300008067
00912223ff010113
0810079300112623
0d17cc6300058493
0317d66302f00793
05100293fd088093
000133170212e463
0020989350030313
0007238300688733
00058067006385b3
0fd88a6301100e93
0001371705500493
10000fb74b470713
00174783009fa023
00ffa02304078e63
0400886300274083
00374283001fa023
005fa02304028263
02030c6300474303
00574883006fa023
011fa02302088663
0203806300674383
00774583007fa023
0087071300058a63
0007448300bfa023
00c12083fa0490e3
0101011300412483
00c1208300008067
d3c1a42305800e13
0101011300412483
40f0009300008067
3ff00293f710c0e3
c00888930312d663
f51366e300f00313
56c7071300013717
00e3853300289393
00e5863300052583
0ac00e1300060067
031e4663f9c88ee3
f9e888e309900f13
f1f89ae30a900f93
d3e1a423fa800f13
00002537f7dff06f
f71ff06f00a4a223
efd89ae30d600e93
f61ff06fcea1a823
d301a42301f00813
00200693f55ff06f
f49ff06fd2d1a423
00a4202380040437
0000006f10500073
d291a42301600493
01212023f2dff06f
00812423d0c18913
0009260300060413
0004061302060663
0001290300812403
0004859300c12083
0001451700412483
0101011319450513
0001c6b73280006f
2006859300300613
1785051300014517
00100813240000ef
fb9ff06f01092023
2007886300c52783
2008846301052883
0095460300052803
0148468301452703
005504a300c6e2b3
1e0302630206f313
0100059340e883b3
0075f46300038f13
1ce88a6301000f13
000e4e8300e78e33
0010061300170f93
01f52a2301d80023
01f786b31a767063
002703130006c283
0058002300200593
1875f26300652a23
000e4e8300678e33
0030069300370613
00c52a2301d80023
00c782b31676f463
004705930002c303
0068002300400e13
147e766300b52a23
000ec68300b78eb3
0050029300570613
00c52a2300d80023
00c783331272f863
00670e9300034583
00b8002300600e13
107e7a6301d52a23
0006c28301d786b3
0070031300770613
00c52a2300580023
00c785b30e737c63
008706930005ce83
01d8002300800e13
0c7e7e6300d52a23
0002c30300d782b3
0090059300970613
00c52a2300680023
00c78eb30c75f063
00a70293000ec683
00d8002300a00e13
0a7e726300552a23
0003458300578333
00b00e9300b70613
00c52a2300b80023
00c786b3087ef463
00c703130006c283
0058002300c00e13
067e766300652a23
0005ce83006785b3
00d0069300d70613
00c52a2301d80023
00c782b30476f863
00e705930002c303
0068002300e00e13
027e7a6300b52a23
000ec68300b78eb3
00f0029300f70613
00c52a2300d80023
00c787b30072fc63
010707130007c303
00e52a2300680023
0003846300000593
01f58733ffff0593
0000806700e88463
0005282300484883
00a802230fd8f513
0000001300008067
00912a23fe010113
00812c2300052483
0131262301212823
0004822300112e23
fc70079300048423
0004882300f48423
0005041300b52223
0006099300058913
0005861300000693
000005931312d537
008002b7538060ef
00f5509302557463
00e48623f8000713
007555130ff0f313
0ff5739300648223
0004862300748023
0134042301348623
00000597000404a3
01242223d4458593
0004282301c12083
00042a2300042623
00042c2300042e23
02b4202302042223
0141248301812403
00c1298301012903
0000806702010113
00012623ff010113
22060a6322058c63
00c5863300052503
0145470303100793
00c1268300012623
0ad7e2630ff77293
0013039300c12303
00c1280300712623
00c128830907e863
01c1262300188e13
07d7ee6300c12e83
001f0f9300c12f03
00c1270301f12623
00c1268306e7e463
0061262300168313
0477ea6300c12383
0018089300c12803
00c12e0301112623
00c12e8305c7e063
01e12623001e8f13
03f7e66300c12f83
0017069300c12703
00c1230300d12623
00c123830067ec63
0101262300138813
f717f2e300c12883
f40284e30202f293
00c12e0300012623
00c12e830bc7e263
01e12623001e8f13
09f7e86300c12f83
0017069300c12703
00c1230300d12623
00c123830667ee63
0101262300138813
0717e46300c12883
00128e1300c12283
00c12e8301c12623
00c12f0305d7ea63
01f12623001f0f93
04e7e06300c12703
0016831300c12683
00c1238300612623
00c128030277e663
0111262300180893
0057ec6300c12283
001e0e9300c12e03
00c12f0301d12623
0005cf83f7e7f2e3
0001262301f50023
0ae7e26300c12703
0016831300c12683
00c1238300612623
00c128030877e863
0111262300180893
0657ee6300c12283
001e0e9300c12e03
00c12f0301d12623
00c12f8307e7e463
00e12623001f8713
04d7ea6300c12683
0013039300c12303
00c1280300712623
00c128830507e063
0051262300188293
03c7e66300c12e03
001e8f1300c12e83
00c12f8301e12623
00c1270301f7ec63
00d1262300170693
f667f2e300c12303
dec590e300158593
0000806701010113
0000001300000013
0005c6030e058863
000527830e060463
00158693ff010113
0ff772930147c703
00f14303005107a3
0a03966302037393
0ff575930147c503
00f1480300b107a3
08089a6302087893
0ffe7e930147ce03
00f14f0301d107a3
060f9e63020f7f93
0ff772930147c703
00f14303005107a3
0603926302037393
0ff575930147c503
00f1480300b107a3
0408966302087893
0ffe7e930147ce03
00f14f0301d107a3
020f9a63020f7f93
0ff772930147c703
00f14303005107a3
00039e6302037393
0ff575930147c503
00f1480300b107a3
f40882e302087893
00c7802300168693
f2061ae3fff6c603
0000806701010113
0000001300008067
0000001300000013
02058a6302060c63
0000069700052703
00b526239a468693
00c5282300474783
02d5202300052a23
005702230027e293
00030463f1402373
0c0023b700008067
ad06061300014617
40c505330003a583
0010089300153813
00be6eb301089e33
0000806701d3a023
0000001300000013
0095470300052783
0147c28301052683
006504a300e2e333
000698630ff2f393
001575130063d513
0000051300008067
0000001300008067
0000001300000013
1805806300050793
0005270316060e63
0147468300954503
005784a300a6e2b3
160300630016f313
0000051300367393
0010081308038c63
0020089307038063
0007470303138663
00e5802300100513
0097ce030007a703
01ceef3301474e83
001eff9301e784a3
00074683120f8263
0015051300a582b3
0007a70300d28023
014743830097c303
010784a30063e833
0e088c630013f893
00a5873300074e03
01c7002300150513
0097ce830007a703
01df6fb301474f03
001f769301f784a3
0ca606630c068663
00a583b300074283
0053802300150513
0097ce030007a803
0148470300a58333
01c76eb300050893
00177f1301d784a3
00084f83080f0a63
00a582b300150513
0007a38301f30023
0143c3030097c683
010784a300d36833
060e046300137e13
002885130003c703
00e2802300a58eb3
0097cf830007af03
01f2e3b3014f4283
0012f693007784a3
000f430302068e63
006e802300388513
0097c8830007a703
011e683301474e03
001e7e93010784a3
f4a616e3000e8a63
0000051300008067
0000806700008067
0000001300008067
0000001300000013
02079663f14027f3
000147170c0026b7
0006a6038b470713
0012b31340e502b3
0063983300100393
0116a02300c868b3
fffe0e9300010e37
0005250301d58c63
00454f0300f5f593
01f5022300bf6fb3
0000001300008067
0000001300000013
0c00079302058e63
0005270302c7ea63
0087428300b52e23
00c363b303f2f313
00b704230ff3f593
0016669300474603
f140287300d70223
0000806700080463
00014e970c0028b7
0008ae0381ce8e93
00153f1341d50533
01ef97b300100f93
00e8a02301c7e733
0000001300008067
0005270302058463
0005262302b52023
0005282300474783
005702230027e293
00030463f1402373
0c0023b700008067
7c05859300013597
40b505330003a683
0010081300153613
00d8ee3300c818b3
0000806701c3a023
0000001300000013
0005270302058063
0047478302b52223
005702230087e293
00030463f1402373
0c0023b700008067
7685859300013597
40b505330003a683
0010081300153613
00d8ee3300c818b3
0000806701c3a023
1206066312058863
0095468300052783
00d762b30147c703
02077313005504a3
0100039310030863
00c3f46300060513
0005c80301000513
0107802300100893
0015ce030ec8fa63
01c7802300200e93
0025cf030ecef263
01e7802300300f93
0035c6830ccffa63
00d7802300400713
0045c2830cc77263
0057802300500313
0055c3830ac37a63
0077802300600813
0065c8830ac87263
0117802300700e13
0075ce8308ce7a63
01d7802300800f13
0085cf8308cf7263
01f7802300900693
0095c28306c6fa63
0057802300a00713
00a5c30306c77263
0067802300b00393
00b5c80304c3fa63
0107802300c00893
00c5ce0304c8f263
01c7802300d00e93
00d5cf0302cefa63
01e7802300e00f93
00e5c68302cff263
00d7802300f00293
00f5c58300c2fa63
0000806700b78023
0000806700000513
0000001300000013
0095470300052783
000504a30147c283
09e5751300e2e533
0000001300008067
0187c50300052783
0000001300008067
0095478300052703
00f2e33301474283
0602f513006504a3
0000001300008067
00c7478300052703
005706230407e293
0000001300008067
0000001300000013
00c7478300052703
005706230bf7f293
0000000000008067
0000000000000000
04112e23fa010113
6d80106f00051463
0015141304812c23
0541242305312623
40a00a3303812c23
0107199300060c13
0521282300860633
0561202305512223
00068b1300058a93
03712e2304912a23
03a1282303912a23
00050e1303b12623
0109d99300070913
0000059300060693
40868533002a1a13
ffe7009340a68733
001283130010d293
0005079300737393
001008130a038463
0020049309038663
0030089306938a63
00400b9305138e63
00500c9305738263
00600d1303938663
00055d8301a38a63
01b98eb300250793
0007df0301d51023
01e98fb300278793
0007d703fff79f23
00e980b300278793
0007d283fe179f23
0059833300278793
0007d383fe679f23
0079883300278793
0007d483ff079f23
009988b300278793
0007db83ff179f23
01798cb300278793
06d78663ff979f23
0027dd830007dd03
0067de830047df03
00a7d3830087d083
00e7d70300c7d803
01b98fb301a982b3
01d98bb301e984b3
007988b300198333
00e98d3301098cb3
01f7912300579023
0177932300979223
0117952300679423
01a7972301979623
f8d79ee301078793
414506b300158493
00048593009e0663
00000313ec5ff06f
4086053300000e13
ffe78d9340a607b3
001f0e93001ddf13
007ef39300231093
00050713015087b3
001008130c038263
002002930b038263
00300f9308538463
00400b9307f38663
0050089305738863
00600c9303138a63
00051d0301938c63
0047879300250713
fed7ae23032d06b3
0047879300071d83
032d8f3300270713
00071e83ffe7ae23
0027071300478793
fe17ae23032e80b3
0047879300071383
0323883300270713
00071283ff07ae23
0027071300478793
fff7ae2303228fb3
0047879300071b83
032b88b300270713
00071c83ff17ae23
0027071300478793
ffa7ae23032c8d33
00071d8306e60863
00471f8300271083
00871e8300671f03
00c7180300a71b83
032d83b300e71683
0207879301070713
fe77a023032082b3
fe57a223032f88b3
ff17a423032f0cb3
ff97a623032e8d33
ffa7a823032b8db3
ffb7aa23032800b3
fe17ac2303268fb3
f8e61ce3fff7ae23
00930333001e0713
00be066341450633
e99ff06f00070e13
414a8bb3fffffe37
01c9693340900f33
00000513000b8693
0000031300000e13
003f189300000813
407687b3014683b3
002ed293ffc78e93
007cfd1300128c93
280d0e6300038713
13bd0c6300100d93
101d026300200093
0dfd086300300f93
08cd0e6300400613
07ed046300500f13
02fd0a6300600793
0003ae03000e0713
01055e9301051513
0069446301c30333
00ae83133180106f
410dd51301031d93
0043871300000313
00072e03000e0093
010fd61301051f93
3a69586301c30333
010e929300a60e93
000003134102d513
000e0c9300470713
01051d1300072e03
01c30333010d5d93
00ad831336695863
410f551301031f13
0047071300000313
00072e03000e0793
01055e9301051513
3269586301c30333
010d909300ae8d93
000003134100d513
000e0f9300470713
0105161300072e03
01c3033301065f13
00af03132e695863
4102d51301031293
0047071300000313
00072e03000e0c93
010d5d9301051d13
2a69586301c30333
010f179300ad8f13
000003134107d513
000e0e9300470713
0105151300072e03
01c3033301055293
00a2831326695863
4100d51301031093
0047071300000313
00180f1312e69863
2d058263411386b3
e65ff06f000f0813
00472d8301fe2e33
01079e9301cf07b3
010c9313410edc93
0047071301bd0633
12c9586301035093
00a08e9300472283
41055793010e9513
01079c9300000613
010cdd1300560333
00ad0f1312695863
010f1e1300872e83
00000313410e5f93
01d30d33010f9793
13a958630107dc93
00c72f8300ac8093
41065d9301009613
010d9f1300000d13
010f579301fd0cb3
01072d8313995863
0102931300a78293
00000c9341035513
01bc8f3301051093
13e958630100d613
00a60e9301472503
410d5e13010e9d13
010e129300000f13
0102d09300af0333
01872e0312695863
01079c9300a08793
00000313410cdf93
01c30333010f9e93
12695863010edd13
010d961300ad0d93
0000031341065513
ece68ce301c70713
0105161300072f83
01f30d3301065f13
00472d83eda95ce3
0105129300af0513
00000d134102dc93
01bd0633010c9313
0103509300470713
01bfafb3ecc94ce3
01f08f3300472283
410e5793010f1e13
0056033301079c93
ec694ce3010cdd13
01bd00b3005dadb3
0100961300872e83
010f979341065f93
0107dc9301d30d33
01d2a533eda94ce3
00c72f8300ac82b3
41035d9301029313
01fd0cb3010d9f13
ed994ce3010f5793
01072d8301feae33
010e9d1301c78eb3
01051093410d5513
0100d61301bc8f33
01bfafb3ede94ce3
01f607b301472503
410cde1301079c93
00af0333010e1293
ec694ce30102d093
01872e0300adadb3
01061f1301b08633
010f9e93410f5f93
010edd1301c30333
01c52533ec694ce3
0102909300ad02b3
ed5ff06f4100d513
01928d3301ceacb3
410dd513010d1d93
01cca0b3d95ff06f
010f9613001d8fb3
d55ff06f41065513
00ff053301cfa7b3
410ed51301051e93
01c7a2b3d15ff06f
010c9d13005e8cb3
cd5ff06f410d5513
001d8fb301cca0b3
41065513010f9613
01c0af33c95ff06f
0107951301e607b3
c55ff06f41055513
3a5020ef00000593
000a8593008b02b3
00a12a2300000f93
ffe38793416283b3
001c8e130017dc93
007e7d13001f9e93
000b061301dc06b3
0c0d0e6300000793
0a6d0c6300100313
08ad0c6300200513
061d0c6300300093
05bd0c6300400d93
02ed0c6300500713
011d0c6300600893
000b180300069f03
002b061300268693
00069383030f07b3
0026869300061c83
03938e3300260613
00069e8301c787b3
0026869300061d03
03ae833300260613
00069083006787b3
0026869300061503
02a08db300260613
0006970301b787b3
0026869300061883
03170f3300260613
0006980301e787b3
0026869300061383
02780cb300260613
00069e03019787b3
0026061300061e83
03de0d3300268693
0a56006301a787b3
00b1282301f12623
0006158300069f83
00269e8300261d83
00461e0300469d03
0066930302bf8733
0086988300661c83
00a6980300861083
00c69f0300a61f83
00e6950300c61583
00e6138303be8eb3
0106061300e787b3
03cd0db301068693
03930e3301d78d33
02188cb301bd0333
03f808b301c30733
02bf0833019700b3
02750f3301108fb3
01e587b3010f85b3
00c12f83f6561ce3
00f5a02301012583
009f8fb300458593
01412603e5759ce3
0000051300000693
0000071300000313
00269b9300000593
00030393017a82b3
fff48e930002a303
0067073301051513
01055d93003ef793
00ad871344e956e3
4108d51301071893
0010089300000713
1e98f06300428813
0717866312078c63
02178a6300200093
0042a30300030f13
010fdb9301051f93
4ae954e300670733
0107951300ab8793
0000071341055513
0048081300188893
0008230300030d93
010d5e1301051d13
46e952e300670733
01071f9300ae0713
00000713410fd513
0048081300188893
0008230300030b93
0102d39301051293
3ee952e300670733
010d9d1300a38d93
00000713410d5513
0048081300188893
1380006f0898ec63
00482e8301c32333
010f1f9300608f33
01029793410fd293
0018889301d38db3
0107d51300480813
00482f830bb95463
01031f1300a50313
00000d93410f5093
01fd82b301009713
0a59546301075b93
00ab851300882303
410d579301051d13
01079e1300000293
010e5c9300628733
00ac8b930ae95463
00388893010b9293
000007134102d513
0a98f46300c80813
01051c9300082e03
01c703b3010cd093
00482e83f67950e3
01071b9300a08713
00000393410bd293
01d38db301029793
0048081300188893
f7b940e30107d513
00482f8301de2d33
010e1c9301a50e33
01009713410cd093
01075b9301fd82b3
01fea3b3f65940e3
007b8eb300882303
410dd793010e9d93
0062873301079e13
f6e940e3010e5c93
001c8f33006fa0b3
00388893010f1f93
00c80813410fd513
00158593f698e0e3
dc95ece3009686b3
79c020ef00060593
000c0393000a8693
00a12c2300000613
000b0d9301212e23
0000009300068913
00d12a2300c12823
000d9d0300039783
00100613fff48513
0075731303a787b3
008d873300238693
0e030c631a967863
00200e130cc30a63
00300c930bc30863
00400f1309930663
00500f9307e30463
00600b9305f30263
0006928303730063
0020061300071883
0312883300438693
010787b300870733
00071e8300069583
0026869300160613
0087073303d58d33
0006950301a787b3
0016061300071303
02650e3300268693
01c787b300870733
00071f0300069c83
0026869300160613
0087073303ec8fb3
00069b8301f787b3
0016061300071283
025b88b300268693
011787b300870733
0007158300069803
0026869300160613
0087073302b80eb3
00069d0301d787b3
0016061300071503
02ad033300268693
006787b300870733
01b126230a967c63
00069c8300870db3
000d9b8300071f03
03ec853300269f83
00828833008d82b3
00469e0300029d83
008808b300081f03
00869e8300669283
037f8fb300089803
00a6958300888d33
000d1d03008d0cb3
008c873300c69303
00e69883000c9c83
03be0e3300071b83
01f78db300a787b3
0106869300860613
03e282b300870733
030e8f3301cd8533
03a5883300550eb3
03930d3301ee85b3
03788fb301058333
01fc87b301a30cb3
00c12d83f4966ce3
0010809300f92023
002d8d9300490913
01012903e290e0e3
008383b301412083
414086b300190613
01812583de966ae3
0000069301c12903
0000031300000513
0000061300000713
011a8bb300269893
000ba30300030793
01051293fff48e13
003e7d9300670733
7ce952630102d513
01071d1300a50713
00000713410d5513
004b881300100893
120d8c631e98f063
00200f93071d8663
00030c9303fd8a63
01051093004ba303
006707330100d393
00a38d9304e954e3
4102d513010d9293
0018889300000713
00030f1300480813
0105151300082303
0067073301055e93
00ae87137ce95463
4100d51301071093
0018889300000713
0003039300480813
01051b9300082303
00670733010bde13
00ae0f1378e95263
41055513010f1513
0018889300000713
0898ec6300480813
01d323331380006f
006f8cb300482d83
4100db93010c9093
01be02b3010b9793
0048081300188893
0a5954630107df13
00af031300482083
410cdf9301031c93
010f971300000293
0107539300128bb3
008823030b795463
010f151300a38f13
00000b9341055793
006b873301079e93
0ae95463010edd13
01039b9300ad0393
410bd51300388893
00c8081300000713
00082e830a98f463
010d5f9301051d13
f7c950e301d70e33
00af871300482d83
4103db9301071393
010b979300000e13
0018889301be02b3
0107df1300480813
01bea533f65940e3
00af0eb300482083
410d5f93010e9d13
00128bb3010f9713
f77940e301075393
00882303001dae33
010d929301c38db3
01079e934102d793
010edd13006b8733
0060afb3f6e940e3
010c909301fd0cb3
4100d51300388893
f698e0e300c80813
009686b300160613
32c020efdc966ce3
000a8f9300050593
00000293000c0f13
000f8313000b0d93
000f178300000e13
fff48e93000d9503
02a78d3300100893
002f0813003ef713
402d5c93008d8633
00fcf093405d5393
037080b307f3fb93
0a0702631498fa63
0020069307170663
0008178302d70a63
0020089300061503
02a78eb3004f0813
402edd1300860633
00fd7713405edc93
02770bb307fcf393
00081683017080b3
0018889300061783
02f6853300280813
40255e9300860633
00fefc9340555d13
02ec83b307fd7713
00081b83007080b3
0018889300061683
02db87b300280813
4027d51300860633
00f57d134057de93
039d073307fefc93
0a98f86300e080b3
00081e83008603b3
00039b8300061d03
00281683008387b3
0087863300079383
03ae873300481503
00681e8300061c83
0088081300488893
037686b300860633
4057579340275d13
07f7f71300fd7b93
4026d39302750533
00f3fd134056d693
039e8eb307f6f393
40255c9340555793
07f7f51300fcfc93
405ed69302eb8733
00fbfe93402edb93
027d0d3307f6fb93
02ac83b300e080b3
037e8cb301a087b3
019500b300778533
00132023f498ece3
00430313001e0e13
e69e64e3002d8d93
008f0f3300128293
e492e6e3414f8fb3
0000051300000713
0000009300000813
00271d9300000693
0008031301ba8433
fff48e1300042803
010080b301051893
0108db13003e7a13
00ab06133e195063
4100d51301061093
0010031300000093
1e93706300440893
066a0663120a0c63
027a0a6300200393
0044280300080793
010cd51301051c93
44195863010080b3
010d941300a50d93
0000009341045513
0048889300130313
0008a80300080e13
010a5b1301051a13
3c195863010080b3
0106109300ab0613
000000934100d513
0048889300130313
0008a80300080393
0107dc9301051793
34195863010080b3
010f9d9300ac8f93
00000093410dd513
0048889300130313
1380006f08936c63
0048a38300882833
010b1e93010a0b33
01009793410ed093
0013031300760cb3
0107d51300488893
0048aa030b995463
01041e1300a50413
00000c93410e5d93
014c8eb3010d9813
0bd9546301085b13
00ab03930088a803
410cd61301039c93
0106179300000e93
0107d293010e80b3
00a28d930a195463
00330313010d9413
0000009341045513
0a93746300c88893
01051e130008a403
00808633010e5a13
0048a383f6c950e3
010b9d1300aa0b93
00000613410d5093
00760cb301009793
0048889300130313
f79940e30107d513
0048aa03007422b3
010f1f9300550f33
010d9813410fdd93
01085b13014c8eb3
0143abb3f7d940e3
017b0d330088a803
4100d613010d1093
010e80b301061793
f61940e30107d293
00a28f33010a2533
00330313010f1f93
00c88893410fd513
00168693f69360e3
dc96ece300970733
00000313721010ef
0013159300000e13
000a5b0300bc0a33
00100713fff48e93
017a1023413b0bb3
002a0793007efd13
0c0d006312977863
002006130aed0263
0030039308cd0463
00400c93067d0663
00500813059d0863
00600293030d0a63
002a5083005d0c63
004a079300200713
01ea112341308f33
001707130007df83
413f8db300278793
0007d403ffb79f23
0027879300170713
ff179f23413408b3
001707130007d903
41390ab300278793
0007d683ff579f23
0027879300170713
feb79f23413685b3
001707130007da03
413a0b3300278793
0007de83ff679f23
0017071300278793
ff779f23413e8bb3
0007dd0306977863
0047dc830027d383
0087d8030067d283
00c7d60300a7d083
413d0fb300e7dd83
413c843341338f33
41380933413288b3
413605b341308ab3
01f79023413d86b3
0087922301e79123
0127942301179323
00b7962301579523
0087071300d79723
f8976ce301078793
00930333001e0e13
05812403ea9e62e3
0105151305c12083
0501290305412483
04812a0304c12983
04012b0304412a83
03812c0303c12b83
03012d0303412c83
4105551302c12d83
0000806706010113
01e50eb30067af33
41085513010e9813
0063ad33841ff06f
010e1c9301ad8e33
bb8ff06f410cd513
01db0bb301032eb3
410d5513010b9d13
0103a533c25ff06f
01029f1300ac82b3
cb5ff06f410f5513
01d387b3006baeb3
4105551301079513
0063a7b3c20ff06f
010d929300fe0db3
881ff06f4102d513
01ae8fb3006f2d33
410cd513010f9c93
010e2eb383dff06f
010b9d1301db0bb3
c35ff06f410d5513
019e00b3006dacb3
410f551301009f13
006f22b3ba0ff06f
01039e93005b83b3
b5cff06f410ed513
017387b3006cabb3
410e551301079e13
0107a2b3fbcff06f
010f1f9300550f33
bb5ff06f410fd513
005e8cb301c722b3
410d5513010c9d13
00000593cedfe06f
00050593469010ef
45d010ef00000513
0000051300050593
00050593451010ef
445010ef00000513
0105151305c12083
0601011341055513
0000001300008067
0000001300000013
00812423ff010113
0006041300852683
0045260300058713
0005250300c52583
8adfe0ef00112623
0081240300040593
0101011300c12083
000000133e90106f
03312023fd010113
0291242302812623
01512c2301412e23
0006899300050713
0010061300061463
3807046300000793
030806b300178813
00378e9300278893
00578f1300478f93
00778e1300678313
0087879300078513
06e3fa6300369393
0008051303188433
06ea726300341a13
0008851303de8ab3
04e4fa63003a9493
000e851303ff82b3
04e8726300329813
000f851303ef08b3
02eefa6300389e93
000f051302630fb3
02ef7263003f9f13
0003051303ce06b3
00e37a6300369313
000e051302f783b3
f6ee62e300339e13
fff5859302a50733
00478a13ffc5f793
000a089300050a93
008a04b300171413
032122232a050e63
0171282301612a23
0191242301812623
00010b3701a12223
0015191300150f13
0000039300048f93
40988e3300100813
410f0bb3fffb0e93
00080693003bfc13
0e0c0863000f8593
099c0e6300100c93
05ac066300200d13
0108129303060633
01fe08b30102d313
00180813002f8593
0107579341f65713
01db7bb300f60b33
00c30c3340fb8633
010cdd13010c1c93
01af9023006d02b3
006890230ff2f313
0108189303060633
00be0b330108d793
0025859300180813
01075b9341f65713
01dc7cb301760c33
00c78d33417c8633
0102d313010d1293
fe659f2300f308b3
00fb10230ff8f793
01081b1303060633
00be0c33010b5b93
0018081300258593
01075c9341f65713
01dd72b301960d33
00cb833341928633
0108db1301031893
ff659f23017b07b3
017c10230ff7fb93
0306063311e80e63
01079d1300280793
00180713010d5313
01081c1301071c93
010cdb93010c5293
41f65d1300be0cb3
01a60633010d5d13
41a60d3301d67633
01a2863302ed0733
010d561301061d13
00c59023005602b3
01ac90230ff2fd13
000c8613000c8c13
41f75c93000c8293
01a70733010cdd13
41ac8d3301d77cb3
01ab873302fd07b3
010cdd1301071c93
01a59123017d0bb3
00ec11230ffbf713
010b189300380b13
010c5c9341f7dc13
01d7fd33019787b3
036b8b33419d0bb3
01071c1301730733
006c8333010c5c93
0ff3779301959223
0108d89300f61223
41fb561300480813
01ab0bb301065d13
41ab063301dbfb33
01071c1300c88733
011c88b3010c5c93
019593230ff8f313
0085859300629323
00138393efe816e3
00af0f3300d50833
dc751ce3012f8fb3
01412b0302412903
00c12c0301012b83
00412d0300812c83
fff68813008486b3
00458413ffc87593
02c124030089a623
0099a4230149a223
028124830159a023
01c12a0302012983
0301011301812a83
0000041300008067
fff58493fc1ff06f
00428893ffc4f293
01612a2303212223
0181262301712823
01a1222301912423
0062849300088a13
00200413fff00a93
d21ff06ffff00513
4805046300050813
40a008b300251313
0000051300658733
00000f9300000593
0038989300000e93
40d707b3406706b3
0022d393ffc78293
007e779300138e13
28078a6300068e13
13e78a6300100f13
1057806300200293
0c77866300300393
09e78c6300400f13
0657826300500293
0277886300600393
0006af83000f8e13
01055f1301051513
3fd6566301fe8eb3
010e9e1300af0e93
00000e93410e5513
000f8f1300468e13
01051513000e2f83
01fe8eb301055293
00a28e933bd65663
41055513010e9513
004e0e1300000e93
000e2f83000f8293
0107d39301051793
37d6566301fe8eb3
010e979300a38e93
00000e934107d513
000f8393004e0e13
01051f13000e2f83
01fe8eb3010f5513
00a50e9333d65663
410f5513010e9f13
004e0e1300000e93
000e2f83000f8293
0105579301051513
2fd6566301fe8eb3
010e951300a78e93
00000e9341055513
000f8393004e0e13
01051793000e2f83
01fe8eb30107d293
00a28e932bd65663
4107d513010e9793
004e0e1300000e93
000e2f83000f8293
010f551301051f13
27d6566301fe8eb3
010e9f1300a50e93
00000e93410f5513
13c71663004e0e13
4116873300158593
00008067e6b818e3
01f782b3007fafb3
01029f13004e2f83
01079293410f5793
004e0e1301fe8533
12a658630102d793
00a78793004e2383
4105529301079513
01029f1300000513
010f5e93007502b3
00ae8e9312565863
010e9293008e2f83
000002934102df13
01f28533010f1793
12a658630107de93
00ae8e9300ce2383
41055793010e9513
01079f1300000513
010f529300750533
00a2829312a65863
01029513010e2f83
0000051341055f13
01f502b3010f1793
125658630107de93
00ae8e93014e2383
4102d793010e9293
01079f1300000293
010f579300728533
00a7879312a65863
018e2f8301079513
010f1e9341055f13
010ed29300000513
13d6586301f50eb3
0105129300a28513
00000e934102d513
edc70ee301ce0e13
01051513000e2383
007e8eb301055793
00a78e93edd65ce3
010e9513004e2f83
00000e9341055793
01fe853301079293
0102d793004e0e13
01f3a3b3eca64ce3
004e238300778f33
410ed293010f1e93
007502b301029f13
ec564ce3010f5e93
01fe87b3007fafb3
01079513008e2f83
010f179341055f13
0107de9301f28533
01f3a3b3eca64ce3
00ce2383007e8f33
4102d793010f1293
0075053301079f13
eca64ce3010f5293
01f287b3007fafb3
01079e93010e2f83
010f1793410edf13
0107de9301f502b3
01f3a3b3ec564ce3
014e2383007e8f33
41055793010f1513
0072853301079f13
eca64ce3010f5793
01f78eb3007fafb3
018e2f83010e9293
010f1e934102df13
01f50eb3010ed293
01f3a3b3edd64ce3
010f179300728f33
ed5ff06f4107d513
007507b301f2a3b3
4102d51301079293
01f3af33d99ff06f
0105139301e28533
d59ff06f4103d513
00778f3301f2a3b3
4102d513010f1293
01f3a2b3d19ff06f
01079393005507b3
cd9ff06f4103d513
01e3853301f2af33
4102d51301051293
01ff27b3c99ff06f
01039f1300f283b3
c59ff06f410f5513
00ff02b301fe27b3
4103d51301029393
00000513c19ff06f
0000001300008067
0000001300000013
ff0101131a050663
40a003b300812623
0086083300151413
0000029300000f93
408808b300239393
ffe6031341180633
00170e1300135713
007e7e93002f9793
0008871300f587b3
00100f130c0e8263
002006130bee8263
0030031308ce8463
00400e13066e8663
00500f1305ce8863
0060061303ee8a63
00089e8300ce8c63
0047879300288713
fe67ae2302de8333
0047879300071e03
02de0f3300270713
00071603ffe7ae23
0027071300478793
ffd7ae2302d60eb3
0047879300071303
02d30e3300270713
00071f03ffc7ae23
0027071300478793
fec7ae2302df0633
0047879300071e83
02de833300270713
00071e03fe67ae23
0027071300478793
ffe7ae2302de0f33
0091242308e80463
0131202301212223
0027190300071983
00671f0300471483
00a71e0300871e83
00e7160300c71303
0107071302d989b3
02d9093302078793
02d484b3ff37a023
02df0f33ff27a223
02de8eb3fe97a423
02de0e33ffe7a623
02d30333ffd7a823
02d60633ffc7aa23
fec7ae23fe67ac23
00812483f8e81ce3
0001298300412903
00af8fb300128293
e85514e340788833
0101011300c12403
0000806700008067
0106169322050c63
40a002b300151393
007586330106d693
0022929300000f93
40b60733407605b3
00135793ffe70313
0078789300178813
0a08846300058793
09c8866300100e13
07d88a6300200e93
05e88e6300300f13
04e8826300400713
0268866300500313
01088a6300600813
002587930005d883
01c5902301168e33
002787930007de83
ffe79f2301d68f33
002787930007d703
fe679f2300e68333
002787930007d803
ff179f23010688b3
002787930007de03
ffd79f2301c68eb3
002787930007df03
fee79f2301e68733
002787930007d303
ff079f2300668833
ff01011314f60663
0007d40300812623
0047de830027df03
0087d3030067de03
00c7d80300a7d883
0086843300e7d703
01d68eb301e68f33
0066833301c68e33
01068833011688b3
0087902300e68733
01d7922301e79123
0067942301c79323
0107962301179523
0107879300e79723
001f8f93f8f61ee3
0df5026340558633
40b607b3407605b3
00145f13ffe78413
007efe13001f0e93
f60e08e300058793
066e0e6300100313
071e026300200893
050e066300300813
02ee0a6300400713
008e0e6300500413
09ee186300600f13
002787930007d303
ff179f23006688b3
002787930007d803
fee79f2301068733
002787930007d403
ffe79f2300868f33
002787930007de83
ffc79f2301d68e33
002787930007d303
ff179f23006688b3
002787930007d803
fee79f2301068733
001f8f93ecf61ee3
f5f512e340558633
0101011300c12403
001f8f9300008067
dff516e340558633
0005de8300008067
01d68e3300258793
f65ff06f01c59023
00251e9320050a63
fd01011300151313
01d58eb300058893
00000e1300668333
ffe5829340d305b3
001387130012d393
00777f93001e1793
0006871300f607b3
0c0f8e6300000813
0bef8c6300100f13
08bf8c6300200593
065f8c6300300293
047f8c6300400393
03ef8c6300500f13
00bf8c6300600593
00069f8300079803
0026871300278793
0007928303f80833
0027879300071383
02728f3300270713
0007958301e80833
0027879300071f83
03f582b300270713
0007938300580833
0027879300071f03
03e385b300270713
00079f8300b80833
0027879300071283
025f83b300270713
0007958300780833
0027879300071f03
03e58fb300270713
0007928301f80833
0027071300071383
027285b300278793
0ee3006300b80833
0291242302812623
0331202303212223
01512c2301412e23
0171282301612a23
0191242301812623
0007198300079483
00279a8300271c83
00471c0300479903
00679403033485b3
0087938300671b83
00a7928300871b03
00c79f8300a71a03
00e79f0300c71983
00e71483039a8ab3
0107071300b80833
03890cb301078793
03740c3301580933
03638bb301990433
034283b3018405b3
033f82b301758b33
029f0fb3007b0a33
01f98833005a09b3
02c12403f6e31ce3
0241290302812483
01c12a0302012983
01412b0301812a83
00c12c0301012b83
0108a02300812c83
00ae0e3300488893
03010113e11e9ce3
0000806700008067
0000001300000013
fc01011328050063
0015161300060393
03212a2302912c23
02812e2303312823
0341262300068993
0361222303512423
01812e2303712023
01a12a2301912c23
0005091301b12823
0000069300c38fb3
0026941300000493
0009829300858433
00b1262300000a13
ffe80313407f8833
0015059300135513
000385130075f713
0000079300028593
001008930c070e63
00200a930b170c63
00300b1309570c63
00400b9307670c63
00500c1305770c63
00600c9303870c63
0003978301970c63
0023851300029d03
03a787b300c285b3
00059e0300051d83
00c585b300250513
01d787b303cd8eb3
0005980300051f03
00c585b300250513
006787b3030f0333
0005988300051703
00c585b300250513
015787b303170ab3
00059b8300051b03
00c585b300250513
018787b3037b0c33
00059d0300051c83
00c585b300250513
01b787b303ac8db3
00059e8300051e03
00c585b300250513
01e787b303de0f33
00c583330aaf8663
0005180300059703
00251b0300031b83
00c308b302e80833
00089a8300c88c33
000c1d0300451d83
00651f0300cc0cb3
00851e8300cc85b3
000c9c83037b0b33
00059c0300a51e03
00c5130300c58733
00c705b300071b83
0005970300e51883
010787b3035d8db3
0105051301678ab3
03af0f3300c585b3
039e8d3301ba8833
038e0cb301e80eb3
03730c3301ae8e33
02e88b33019e0333
016b87b301830bb3
00f42023f4af9ee3
00440413001a0513
00a9066300228293
e45ff06f00050a13
0014841300c12583
012686b300c383b3
0144866300cf8fb3
e11ff06f00040493
0381248303c12403
0301298303412903
02812a8302c12a03
02012b8302412b03
01812c8301c12c03
01012d8301412d03
0000806704010113
0000001300008067
0000001300000013
fe01011320050863
00812e2300151813
01212a2300912c23
0141262301312823
0161222301512423
0005841300050f93
00060e9300068493
00000293010608b3
00229e1300000393
0004831301c40e33
41d887b300000f13
00155593ffe78513
0036799300158613
000e871300030513
08098c6300000913
06d9806300100693
0349866300200a13
00031a83000e9903
01030533002e8713
402b559303590b33
00f5f613405b5793
0336093307f7f993
0005168300071a03
0105053300270713
402adb1302da0ab3
00fb7613405ad593
02f609b307f5f793
00071a0301390933
0027071300051683
02da0ab301050533
405ad593402adb13
07f5f79300fb7613
0139093302f609b3
01050a330ae88663
00051a8300071683
010a07b3000a1b03
00079a0300271583
0047160301078533
00051a83035689b3
0087071300671683
036585b301050533
4059db134029d793
00f7f79307fb7993
4025da1303460633
00fa7b134055d593
035686b307f5fa13
4056561340265a93
07f67a9300faf593
4026d993033787b3
00f9f6134056d693
034b0b3307f6f993
03558a3300f90933
03360ab3016905b3
01578933014587b3
012e2023f4e89ee3
004e0e13001f0713
00ef866300230313
e89ff06f00070f13
010e8eb300138e13
010888b301f282b3
000e039301e38663
01c12403e5dff06f
0141290301812483
00c12a0301012983
00412b0300812a83
0000806702010113
0000000000008067
0000000000000000
04a7e46300500793
dec7071300010717
00e502b300251513
00e303b30002a303
d181a50300038067
d201a50300008067
d1c1a50300008067
cfc1a50300008067
cf81a50300008067
0000051300008067
0000001300008067
0000001300000013
0017f29300b547b3
00168313ffffa6b7
0063f633405003b3
00b647330015d593
0108589301071813
011e4eb300155e13
41e00fb3001eff13
0018d793006ff2b3
0106939300f2c6b3
002555930103d613
0017781300c5c733
0068fe33410008b3
01de4f3300165e93
010fd293010f1f93
0057c6b300355793
407006330016f393
0012d713006675b3
0108189300e5c833
00455e930108de13
001f7f9301cecf33
0062f7b341f002b3
00d7c3b3001e5693
0106559301039613
00b7483300555713
41100e3300187893
0015df13006e7eb3
010f929301eecfb3
006557930102d693
0013f61300d7c3b3
0065f83340c005b3
00e848b30016d713
010e5e9301089e13
01d54f3300755513
41f002b3001f7f93
001ed6930062f333
0107939300d347b3
000080670103d513
0000001300000013
00b7c6b30ff57793
ffffa7370016f293
405003b300170313
0015d5930063f633
0108189300b64833
0017de930108de13
001f7f9301cecf33
0066f2b341f006b3
00e2c3b3001e5713
0106559301039613
00b848b30027d813
41c00eb30018fe13
0015df93006eff33
0106929301ff46b3
0037d3930102d713
0016759300e3c633
006878b340b00833
01c8ceb300175e13
010f5f93010e9f13
01f6c2b30047d693
40e003b30012f713
001fd6130063f5b3
0108189300c5c833
0057de930108de13
001f7f9301cecf33
0066f2b341f006b3
00e2c3b3001e5713
0105d61301039593
00c848b30067d813
41c00eb30018fe13
00165f93006eff33
0106929301ff46b3
0077d7930102d713
0013f59300e7c3b3
0066783340b00633
01184e3300175893
00855513010e1e93
01e54fb3010edf13
40d002b3001ff693
001f57930062f733
0103959300f743b3
001558130105d613
0018fe1300c848b3
006eff3341c00eb3
01ff46b300165f93
0102d71301069293
00e7c3b300255793
40b006330013f593
0017589300667833
010e1e9301184e33
00355f93010edf13
0016f29301efc6b3
006773b340500733
00f3c5b3001f5793
0106581301059613
0108ce3300455893
41d00f33001e7e93
00185693006f7fb3
0102971300dfc2b3
0055579301075393
0015f6130077c5b3
006878b340c00833
01c8ceb30013de13
010f5f93010e9f13
01f6c2b300655693
40e003b30012f713
001fd5930063f7b3
0106181300b7c633
0075551301085893
001e7e9301154e33
006f733341d00f33
01f346b30018df93
0102d51301069293
0000001300008067
00b746330ff57713
ffffa7b700167293
405003b300178313
0015d5930063f6b3
0108189300b6c833
00175e930108de13
001f7f9301cecf33
006672b341f00633
00f2c3b3001e5793
0106d59301039693
00b848b300275813
41c00eb30018fe13
0015df93006eff33
0106129301ff4633
003753930102d793
0016f59300f3c6b3
006878b340b00833
01c8ceb30017de13
010f5f93010e9f13
01f642b300475613
40f003b30012f793
001fd6930063f5b3
0108189300d5c833
00575e930108de13
001f7f9301cecf33
006672b341f00633
00f2c3b3001e5793
0105d69301039593
00d848b300675813
41c00eb30018fe13
0016df93006eff33
0106129301ff4633
007757130102d793
0013f59300f743b3
0066f83340b006b3
01184e330017d893
010edf1301051e93
008f5f93010e1613
005fc7b301065293
40e003b30017f713
0012d6930063f5b3
0108189300d5c833
001fde930108de13
001f761301cecf33
0062f7b340c002b3
00e7c3b3001e5713
0105d69301039593
00d848b3002fd813
41c00eb30018fe13
0016d613006eff33
0102979300cf42b3
003fd3930107d713
0015f69300e3c5b3
006878b340d00833
01c8ceb300175e13
010f5293010e9f13
005647b3004fd613
40e003b30017f713
0012d6930063f5b3
0108189300d5c833
005fde930108de13
001f729301cecf33
006677b340500633
00e7c3b3001e5713
0105d69301039593
00d848b3006fd813
41c00eb30018fe13
0016d293006eff33
01061793005f4633
007fdf930107d713
0013f59300efc3b3
0066f83340b006b3
01184e3300175893
01055513010e1f13
010f52930ff57e93
00167793005ec633
00677fb340f00733
007fc5b30012d393
0106d81301059693
0108ce33001ed893
41e002b3001e7f13
001857930062f633
01071f9300f64733
002ed593010fd393
0016f8130075c6b3
0068fe33410008b3
01ee42b30013df13
0106579301029613
00f74fb3003ed713
407005b3001ff393
0017d6930065f833
01089e1300d848b3
004ed293010e5f13
0016779301e2c633
00677fb340f00733
007fc5b3001f5393
0108569301059813
00d8ce33005ed893
41e002b3001e7f13
0016d7930062f633
01071f9300f64733
006ed593010fd393
001876930075c833
0068fe3340d008b3
01ee42b30013df13
0106579301029613
00fec733007ede93
41f003b300177f93
0017d8130063f5b3
010698930105c6b3
0108de1300855513
001f729301c54f33
006677b340500633
01d7c733001e5e93
010fd39301071f93
0075c83300155593
40d008b300187693
0013df130068fe33
0102961301ee42b3
00255e9301065793
00177f9300fec733
0063f5b341f003b3
0105c6b30017d813
0108de1301069893
01cf42b300355f13
40c007b30012f613
001e57130067feb3
010f939300eecfb3
004558130103d593
0016f89300b846b3
006e7f3341100e33
005f46330015d293
0107de9301061793
01d74fb300555713
407005b3001ff393
001ed6930065f833
01089e1300d848b3
00655293010e5f13
0016779301e2c633
006ef73340f00eb3
01f743b3001f5f93
0105d81301039593
010546b300755513
41100e330016f893
00185f13006e7333
0102961301e342b3
0000806701065513
0000001300000013
00b7c6b30ff57793
ffffa7370016f293
405003b300170313
0015d5930063f633
0108189300b64833
0017de930108de13
001f7f9301cecf33
0066f2b341f006b3
00e2c3b3001e5713
0106559301039613
00b848b30027d813
41c00eb30018fe13
0015df93006eff33
0106929301ff46b3
0037d3930102d713
0016759300e3c633
006878b340b00833
01c8ceb300175e13
010f5f93010e9f13
01f6c2b30047d693
40e003b30012f713
001fd6130063f5b3
0108189300c5c833
0057de930108de13
001f7f9301cecf33
0066f2b341f006b3
00e2c3b3001e5713
0105d61301039593
00c848b30067d813
41c00eb30018fe13
00165f93006eff33
0106929301ff46b3
0077d7930102d713
0013f59300e7c3b3
0066783340b00633
01184e3300175893
01055e9301051513
008edf13010e1f93
005f46b3010fd293
40e007b30016f713
0012d5930067f3b3
0106181300b3c633
001f5e1301085893
00157e93011e4533
006ff2b341d00fb3
00d2c7330018d693
0107d39301071793
0075c633002f5593
410008b300167813
0013d5130068fe33
010e9f9300ae4eb3
003f5693010fd293
001777930056c733
0063f5b340f003b3
00c5c8330012d613
0108de1301081893
01c54eb3004f5513
41f002b3001eff93
001e56930062f733
0107939300d747b3
005f56130103d593
0018789300b64833
006e753341100e33
01d54fb30015de93
0102d713010f9293
00e6c7b3006f5693
407005b30017f393
001758130065f633
01089e13010648b3
007f5f13010e5e93
00157f9301df4533
0062f33341f002b3
00e346b3001ed713
0107d51301069793
0000001300008067
0000001300000013
0000806700000513
0000000000000000
d0f1aa23b00027f3
0000001300008067
d0f1a823b00027f3
0000001300008067
d141a783d101a503
0000806740f50533
00112623ff010113
00010797468030ef
0007a60364c78793
24d020ef0047a683
0101011300c12083
0000001300008067
00f5002300100793
0000001300008067
0000806700050023
0000000000000000
00812c23fe010113
00112e2300051403
0017f09340745793
01c1208300008c63
0181240307f47513
0000806702010113
00f7729340345713
0385d78300429693
0131262300912a23
0121282300058493
0074761300d285b3
0005871300050993
0010051308060063
0007861306a61463
87cfe0ef02848513
0105189303c4d803
08081c634108d913
02a49e230384d783
d8cff0ef00078593
f0047f1300050e93
01e56fb307f97513
080fe41303d49c23
01c1208300899023
0141248301812403
00c1298301012903
0000806702010113
010e551301041e13
fb5ff06f00040913
00b3646302100313
0024968302200713
0144a58300049603
195010ef0184a503
0105191303e4d383
0003986341095913
02a49f230384d783
0384d783f79ff06f
00000013f71ff06f
0000001300000013
00912a23fe010113
00112e2300051483
4074d79300812c23
0141242301212823
0017f09301312623
0006041300058913
06009a6307f4fa13
00f772934034d713
00d285b300429693
038457830074f613
0005871300050993
0010051314060863
000786130ea61663
f55fd0ef02840513
0105189303c45803
160814634108da13
02a41e2303845783
c64ff0ef00078593
f004fe9307fa7a13
02a41c2301da6f33
01f99023080f6f93
4074d79300091483
07f4fe930017f093
4034d99306009863
0047129300f9f713
0074f613005705b3
0005871303845783
0010051308060a63
0007861306a61e63
ed5fd0ef02840513
0105189303c45803
0e0818634108d993
02a41e2303845783
be4ff0ef00078593
f004ff1307f9fe93
02a41c2301eeefb3
00891023080fe413
0181240301c12083
0101290301412483
41da053300c12983
0201011300812a03
01049e1300008067
00048a13010e5513
01049e13f31ff06f
00048993010e5513
02100693fa1ff06f
0220071300b6e463
0004160300241683
0184250301442583
03e453037d8010ef
4103d99301051393
0384578304031a63
f65ff06f02a41f23
00b3646302100313
0024168302200713
0144258300041603
79c010ef01842503
01051a1303e45383
00039863410a5a13
02a41f2303845783
03845783ea9ff06f
03845783ea1ff06f
00000013f19ff06f
0000001300000013
0025150300060a63
40b5053300259583
0005178300008067
0107529301079713
0082d393f007f313
00c5102300736633
0025150300059683
0108589301069813
0088de93f006fe13
01e5902301de6f33
40b5053300259583
0000001300008067
0025978300059703
00f5112300e51023
0000001300008067
0000001300000013
fc01011300451883
0351222302812c23
02912a2302112e23
0331262303212823
0361202303412423
01812c2301712e23
01a1282301912a23
0245240301b12623
0005881300050a93
00058b937f105a63
0000059300000313
00000e1300000513
400bce630ff5fc93
000407937e040263
0007a78300c0006f
0047a28300078863
ff7398e300229383
00000d1300042483
0004061301a42023
0004a68308048663
0004841300c4a023
0006a90306068e63
000684130096a023
0009298306090663
0009041300d92023
0009aa0304098e63
000984130129a023
000a2b03040a0663
000a0413013a2023
000b2c03020b0e63
000b0413014b2023
000c2e83020c0663
000c0413016c2023
000e8c63000c0d13
00042483000e8413
0004061301a42023
38078063f6049ee3
000d9f030047ad83
000f8c63001f7f93
00177093409f5713
010e1293001e0e33
0007a3830102de13
0003a48300038c63
000427830097a023
0074202300f3a023
0105161300150513
000bc86301065513
010b9d13001b8b93
00158593410d5b93
410dd59301059d93
00251893ecb898e3
01ee0fb340688f33
01075493010f9713
00042a834d004863
000aa98300040913
0049a303004aad03
006aa2230009a683
00daa02301a9a223
280bce630009a023
002c9e8300492c83
00092903017e8c63
00492c8364090063
ff7e98e3002c9e83
0004859300442d83
f5cff0ef000d9503
0005049300092903
004428830c090463
0008950300050593
00092b03f40ff0ef
0a0b066300050493
0005059300442f03
f24ff0ef000f1503
00050493000b2a83
00442f83080a8863
000f950300050593
000aaa03f08ff0ef
060a0a6300050493
0005059300442703
eecff0ef00071503
00050493000a2c03
00442803040c0c63
0008150300050593
000c2d03ed0ff0ef
020d0e6300050493
0005059300442083
eb4ff0ef00009503
00050493000d2c83
00442283020c8063
0002950300050593
000ca903e98ff0ef
f20912e300050493
0049ad0300042903
00092e0300492583
00b9a22300100e93
01c9a02301a92223
00100a9301392023
0000069324040463
00000b1300000913
001b0b13007ef393
0000079300040893
0fd7d66308038463
0010079300042883
06f38a630e088063
06c3806300200613
04a3866300300513
02638c6300400313
0333826300500993
0173886300600b93
002007930008a883
0008a8830a088463
08088e6300178793
001787930008a883
0008a88308088863
0808826300178793
001787930008a883
0008a88306088c63
0608866300178793
0008a88307d7d463
00078d9300178793
0008a88304088c63
0408866300178793
002d87930008a883
0008a88304088063
02088a63003d8793
004d87930008a883
0008a88302088463
00088e63005d8793
006d87930008a883
0008a88300088863
f8089ee3007d8793
000e859300040613
02f0526300088413
000602930a059863
fff7879300062603
0056a02302068663
fef042e300028693
0e0408630eb05863
0004029308079663
00042403fff58593
00028913fc069ee3
fd9ff06f00028693
3a090e6300092903
000a4c0300492a03
d7dff06fff8c98e3
000407933c040663
0007a78300c0006f
0047a703be078ce3
fe1c98e300074083
00042683be9ff06f
0103191300130313
010953130046a983
001a7b1300198a03
010c1e93016e0c33
ca9ff06f010ede13
00462383f4040ae3
00039d8300442503
00239e0300251303
0108df13010d9893
008f5f93f00dfa13
0183902301fa6c33
01071d1300051703
f0077c93010d5813
001ce9b300885093
f1c354e301351023
fff5859300040293
f05ff06f00042403
0006a023de0410e3
00090413015b0c63
dc0410e3001e9e93
0010007300002023
0e0b826300092b83
0004859300492683
bfcff0ef00069503
00050493000ba403
00492b030c040463
000b150300050593
00042a83be0ff0ef
0a0a866300050493
0005059300492f03
bc4ff0ef000f1503
00050493000aaa03
00492f83080a0863
000f950300050593
000a2c03ba8ff0ef
060c0a6300050493
0005059300492703
b8cff0ef00071503
00050493000c2d03
00492803040d0c63
0008150300050593
000d2c83b70ff0ef
020c8e6300050493
0005059300492083
b54ff0ef00009503
00050493000ca983
0049228302098063
0002950300050593
0009ab83b38ff0ef
f20b92e300050493
0381240303c12083
02c1298303012903
02412a8302812a03
01c12b8302012b03
01412c8301812c03
00c12d8301012d03
0341248300048513
0000806704010113
ec0406e300100b13
00000a1300000993
007b781300000c13
00040793001c0c13
0808046300000913
000427830f695663
0e07806300100913
0020009307280a63
0030029306180063
00400e1304580663
0050039303c80c63
0060061302780263
0007a78300c80863
0a07846300200913
001909130007a783
0007a78308078e63
0807886300190913
001909130007a783
0007a78308078263
06078c6300190913
001909130007a783
0769546306078663
001909130007a783
04078c6300090513
001909130007a783
0007a78304078663
0407806300250913
003509130007a783
0007a78302078a63
0207846300450913
005509130007a783
0007a78300078e63
0007886300650913
007509130007a783
00040d93f8079ee3
00078413000b0d13
040d146303205263
000dad83000d8793
02098663fff90913
0007899300f9a023
05a05863ff2042e3
0209126304040863
fffd0d1300040793
fc099ee300042403
0007899300078a13
fa040ee3fd9ff06f
004da50300442583
d8cff0ef000a8613
00040793faa054e3
00042403fffd0d13
e80410e3fa5ff06f
001004130009a023
001b1b13008c0e63
e59ff06f000a0413
9c0916e300042903
000a0413ab1ff06f
00000c93975ff06f
0000049300058b93
00002783961ff06f
0000001300100073
0000001300000013
02f5553301400793
0005a023ffff8737
0105881308070293
0085869300058793
ffe5051300060f13
011588b300351893
00251f930115a223
0058902300089123
0048859301f88fb3
0088831335187063
ffff83b733f37c63
00b7a62300d7a023
fff3c5930007a423
fff0069300068613
00b8932300d89223
0003059300080693
010f1e1306050e63
ffff8eb7010e5393
0000081300868e13
071e7063fffec293
2ffef66300458e93
0107531301081713
0037171300734733
0787771300737313
0067673300c6a023
0087161300d7a023
00c7033300b6a223
0055912300659023
29050e6300180813
000e069300068613
000e859300868e13
00062583fb1e64e3
0050089306058c63
0315553300004fb7
0010069320000713
0280006fffff8393
10070f930005a803
010f929300d29123
0102d71300168693
0005861304080063
0046228300080593
70077613fca6ece3
0005a80300df4333
1007071300666e33
01071893007e7eb3
0016869301d29123
fc0814e30108d713
0000081300100f93
0000029300000513
007fff1300100393
0007871300128293
080f046300000693
0007a7030ff05663
0e07006300100693
0020059306df0a63
0030061306bf0063
0040031304cf0663
00500e13026f0c63
00600e9303cf0263
0007270301df0863
0a07046300200693
0016869300072703
0007270308070e63
0807086300168693
0016869300072703
0007270308070263
06070c6300168693
0016869300072703
07f6d46306070663
0016869300072703
04070c6300068893
0016869300072703
0007270304070663
0407006300288693
0038869300072703
0007270302070a63
0207046300488693
0058869300072703
0007270300070e63
0007086300688693
0078869300072703
000f8593f8071ee3
0405946302d05263
fff686930007a883
00f8202302080a63
0008879300078813
08b05663fed042e3
0206926308070a63
fff5859300078893
0007270300070793
00078513fc081ae3
fa070ee3fd1ff06f
004728830047a303
00289e8300031603
01061e1300231f03
008e5e13010e5e13
01c66633f0067613
00089e0300c31023
01035313010e1313
00835e13f00e7613
0068902301c66333
00078893f7eed8e3
00070793fff58593
f65ff06f00072703
0007079300070663
00082023e45ff06f
001f9f9302728263
0005071302050063
0000051300000813
0007079300000293
00008067e1dff06f
0010007300002023
d79ff06f00068613
cf5ff06f00000613
d70504e300180813
00058e9300068e13
d45ff06f00060693
0000001300000013
0088089300062803
0006a70304e8f663
04f3706300470313
0005278301162023
0025960300059283
0105202300f82023
0006a38300e82223
00a6a02300438513
0008051300482583
00c5912300559023
0000081300008067
0000806700080513
0005250300050793
004526030047a683
00c7a22300052703
00e7a02300d52223
0000806700052023
0000001300000013
004526830045a603
00c522230005a703
00e5202300d5a223
0000806700a5a023
0206426300259603
0000806700051863
02050c6300052503
0023138300452303
00008067fec398e3
0005970302050263
0005250300c0006f
0045278300050c63
fee298e30007c283
0000051300008067
0000001300008067
0000001300000013
000527830a050063
0115202300000893
0807866300050693
00d7a0230007a703
0807006300078513
00f7202300072283
0602866300070513
00e2a0230002a303
04030e6300028513
0053202300032383
0403866300030513
0063a0230003a583
02058e6300038513
0075a0230005a803
0208066300058513
00b8202300082603
0008089300080513
0006051300060c63
0115202300052783
f6079ee300050693
0000806700008067
0000001300000013
01312e23fd010113
0171262301612823
01a1202301812423
0281242302112623
0321202302912223
01512a2301412c23
0005099301912223
00060b1300058b93
00100d1300100c13
00000c931a098463
00000a9300000493
001c8c93007c7713
0000041300098793
0f80566308070463
001004130009a783
06870a630e078063
06d7006300200693
0417066300300093
02570c6300400293
0267026300500313
0077086300600393
002004130007a783
0007a7830a078463
08078e6300140413
001404130007a783
0007a78308078863
0807826300140413
001404130007a783
0007a78306078c63
0607866300140413
0007a78307845463
0004051300140413
0007a78304078c63
0407866300140413
002504130007a783
0007a78304078063
02078a6300350413
004504130007a783
0007a78302078463
00078e6300550413
006504130007a783
0007a78300078863
f8079ee300750413
000c0a1300098913
0280526300078993
00090593040a1463
fff4041300092903
00b4a02302048663
fe8042e300058493
0409886305405863
0009859302041263
0009a983fffa0a13
00058a93fc049ee3
fd9ff06f00058493
0049a583fa098ee3
000b061300492503
faa054e3000b80e7
fffa0a1300098593
fa5ff06f0009a983
0004a023e80990e3
000a899301ac8c63
e60990e3001c1c13
0010007300002023
0281240302c12083
0201290302412483
01812a0301c12983
00c12b8301012b03
00412c8300812c03
000a851300012d03
0301011301412a83
0000000000008067
0000000000000000
01212023ff010113
0011262301c52903
02052e2302052c23
0081242304090c63
0005041300912223
0010059300000493
fbdfe0ef00040513
a24fe0ef03845583
fff0059302a41c23
fa5fe0ef00040513
a0cfe0ef03845583
0204846302a41c23
fc9914e300148493
0041248300812403
0001290300c12083
0101011300000513
02a41d2300008067
fcf90ee300100793
f99ff06f00100493
0000000000000000
0000000000000000
0000000000000000
00100793fff50893
001582933117fc63
0103571301029313
0070031300375393
0000059300777693
284e0e130000ee17
00100f1300400e93
0033f81302c00f93
28deec6308668463
01029793ffd68293
0107d39300281813
207f6663010e06b3
001706930106a783
0095829301069713
0712fa6301075713
00f6e83300b606b3
26039a6300387393
410683b300178813
260812630033b813
008005930007a383
0047a7830076a023
00b685b300f6a223
0037539301f58023
0002859300777693
f86690e30033f813
00fe02b300281793
0302a78300170693
0095829301069713
f912eae301075713
0015871320a5f263
40b50f3300070e13
00100f9300e53eb3
00b608b31ee57863
41100333ffff0793
003373930067b813
0e0e9c630e081e63
000880231e038663
0208826300237893
0006802300e606b3
00258e1300300293
01c6073300539863
00358e1300070023
ffcf7e93407f8f33
002fd313ffce8f93
00130813007585b3
0078739300b607b3
0603846301d786b3
05138a6300100893
0453826300200293
02e38a6300300713
03f3826300400f93
00638a6300500313
16b3986300600593
004787930007a023
004787930007a023
004787930007a023
004787930007a023
004787930007a023
004787930007a023
0007a02302f68663
0007a4230007a223
0007a8230007a623
0007ac230007aa23
020787930007ae23
01ce85b3fcf69ee3
001587130fee8263
0008802300b608b3
00e60e330ca77a63
00258f13000e0023
01e60eb30caf7263
00358813000e8023
010603b30aa87a63
0045869300038023
00d608b30aa6f263
0055829300088023
0056053308a2fa63
0000806700050023
0107139300170713
0006a78300558293
0103d71300158813
0007c383e712f4e3
0040059300b606b3
0017c38300768023
0078002301060833
007681230027c383
010681a30037c803
0047c383dfd58ee3
0076822300800593
010682a30057c803
007683230067c383
00f683a30077c783
00281393dd5ff06f
0206a783007e06b3
00008067d7dff06f
e11ff06f000f0f93
001588130007c383
0076802300800593
00058e13f8dff06f
0007a023e41ff06f
e8dff06f00478793
0010071300000593
ee9ff06f00060893
0005081300052783
280702630007c703
0000051302c00693
02e0051320d70a63
1ce56a6322a70663
0fdf7f93fd570f13
0045a383020f8663
001787930005a703
0017069300138313
00d5a0230065a223
00f8202300100513
0005a70300008067
0017029300178613
0017c3830055a023
20d3866326038663
fd0383130085a683
00900e130ff37893
011e7e6300168e93
01d5a4231ea38463
0010051300278793
0000806700f82023
0016450301d5a423
1e05026300160613
17e5046302c00f13
03f5086302e00f93
0ff77293fd050713
fc53fce300900393
001607930105a683
0016861300100513
00f8202300c5a823
0105a30300008067
0115a82300130893
fd0787930140006f
00900f930ff7ff13
0016478313efe263
1a078a6300160613
15c7826302c00e13
045005130df7fe93
0145a383fcae9ae3
0030051300160793
00d5aa2300138693
f00304e300164303
1513086302c00893
fd530e9300c5ae03
001e05130fdeff13
0026079300a5a623
ee0f10e300100513
0026079300264f83
ec0f88e300600513
0185a283131f8463
0ff77393fd0f8713
0090031300128693
00737a6300d5ac23
0010051300360793
0000806700f82023
0017ce8300900613
02c0089300078e13
00178793fd0e8f13
0e0e84630fff7513
fea670e30f1e8663
002e07930045af83
001f829300100513
e61ff06f0055a223
0ff3f893fd070393
e31668e300900613
001786130005ae03
01d5a023001e0e93
06050e630017c503
00060793ead510e3
0017879300400513
0145a703e25ff06f
0010051300160793
0055aa2300170293
0005a283e0dff06f
0012831300178613
0017c7830065a023
ecd792e306078863
0050051300060793
de1ff06f00178793
e99ff06f01d5a423
0020051300060793
dc9ff06f00178793
dc1ff06f00000513
0040051300060793
00300513db5ff06f
da9ff06f00178793
0017879300600513
00700513d9dff06f
00700513d95ff06f
d89ff06f00178793
0050051300060793
00060793d7dff06f
d71ff06f00200513
0000001300000013
06812c23f8010113
0721282306912a23
0741242307312623
0761202307512223
06112e2305712e23
0005c58300058413
0201282300812623
02012a2300012823
02012c2300012a23
02012e2300012c23
0401202300012e23
0401222302012023
0401242302012223
0401262302012423
00050b1302012623
00068a1300060b93
0007849300070a93
00c1099303010913
0009059356058c63
c75ff0ef00098513
0027929300050793
002303b305028313
fc03a70300c12683
0006c60300090593
fd03a02300170813
08060a6300098513
00050893c41ff0ef
050e0e9300289e13
00c12783002e8f33
00090593fc0f2f83
001f83130007c283
00098513fc6f2023
c0dff0ef06028063
0023971300050393
0026863305070693
fc06280300c12883
0008ce0300090593
fdd6202300180e93
020e066300098513
00251513bd9ff0ef
00258f3305050593
fc0f2f8300c12783
001f83130007c283
f2029ce3fc6f2023
01640b3300812623
0010009319647863
00044803441a9263
011b0e33fff44893
007e751302c00e93
017845b301d80663
0014079300b40023
0c0502631567fa63
0be5026300100f13
09f5046300200f93
0655066300300293
0465086300400313
02150a6300500093
00750c6300600393
01d706630007c703
00d78023017746b3
0007c60300178793
017649b301d60663
0017879301378023
01d806630007c803
01178023017848b3
0007ce0300178793
017e453301de0663
0017879300a78023
01d586630007c583
01e780230175cf33
0007cf8300178793
017fc2b301df8663
0017879300578023
01d306630007c303
00178023017340b3
0967f86300178793
01d386630007c383
00e780230173c733
001786930017c603
017649b301d60663
0016c783013780a3
0177c83301d78663
0026c883010680a3
0178ce3301d88663
0036c50301c68123
017545b301d50663
0046cf0300b681a3
017f4fb301df0663
0056c28301f68223
0172c33301d28663
0066c083006682a3
0170c3b301d08663
0076879300768323
00044b83f767ece3
2a0b8a6300c10993
0009851300090593
00050e93a11ff0ef
05070613002e9713
00c1268300260833
00090593fc082883
00188f130006ce03
00098513fde82023
9ddff0ef080e0a63
002f929300050f93
002303b305028313
fc03a78300c12b83
000bce8300090593
fce3a02300178713
060e806300098513
000506139a9ff0ef
0508089300261813
00c1268300288e33
00090593fc0e2f03
001f02930006cf83
00098513fc5e2023
975ff0ef020f8663
0505059300251513
00c1278300258333
0007cb83fc032383
fdd3202300138e93
00812623f20b9ce3
0010099319647263
00044a83213a9c63
010b08b3fff44813
0078ff1302c00e13
014ac6b301ca8663
0014041300d40023
0c0f026315647a63
0bff026300100f93
085f046300200293
06af066300300513
04bf086300400593
026f0a6300500313
007f0c6300600393
01c7866300044783
017400230147cbb3
00044e8300140413
014ec9b301ce8663
0014041301340023
01c0866300044083
00c400230140c633
0004470300140413
01474ab301c70663
0014041301540023
01c8066300044803
01140023014848b3
00044f0300140413
014f46b301cf0663
0014041300d40023
01cf866300044f83
00540023014fc2b3
0964786300140413
01c5066300044503
00b40023014545b3
0014039300144303
014347b301c30663
0013c40300f400a3
01444bb301c40663
0023ce83017380a3
014ec9b301ce8663
0033c08301338123
0140c63301c08663
0043c70300c381a3
01474ab301c70663
0053c80301538223
014848b301c80663
0063cf03011382a3
014f46b301cf0663
0073841300d38323
01010a13f7646ce3
000a250300090b13
004a0a1300048593
00050593881fd0ef
004b0b13000b2503
00050493871fd0ef
07c12083fd2a1ee3
0741248307812403
06c1298307012903
06412a8306812a03
05c12b8306012b03
0000806708010113
e36464e300812623
00040693f9dff06f
0006c38302c00993
013384630173c733
015686b300e68023
00044603ff66e6e3
d0061ee300c10993
f76474e300812623
0004460302c00093
0016046301464733
0154043300e40023
f49ff06fff6466e3
b76460e300a40b33
00000000f3dff06f
0000081300000000
0006dc631205c663
40d006b300c037b3
40f686b3fff84813
0006089340c00633
0005831300050713
16c5f4630e069a63
22f66463000107b7
01800693010007b7
0100069300f67463
00d65e33800157b7
01c787b3edc78793
02000e130007c783
40fe06b300d787b3
00d5933300fe0c63
00d618b300f557b3
00d517330067e333
02c355330108d613
0106d69301089693
02c3733301075793
0103131302a685b3
00b7fc630067e7b3
fff5031300f887b3
40b7e6630117e463
40b787b300030513
0107171302c7d5b3
02c7f7b301075713
0107979302b686b3
00d77e6300f76733
fff5879300e88733
ffe5859301176663
0007859300d76463
00b5653301051513
00080a6300000593
40b005b300a037b3
40a0053340f585b3
02d5f46300008067
0000051300000593
00a037b3fddff06f
40f585b340b005b3
fff0081340a00533
000107b7ec5ff06f
010007b71ef6e863
00f6f46301800893
800157b701000893
edc787930116d733
0007c70300e787b3
0117073302000793
1ce7966340e788b3
00c5353330b6e463
0000059300153513
0c060c63f75ff06f
2cf67c63000107b7
0013331310063313
006656b300331313
edc78793800157b7
0007c68300d787b3
006686b302000793
0cd7946340d78eb3
0106531340c586b3
0106561301061613
0266d53300100593
0266f6b301075793
0106969302c50e33
01c7fc6300d7e7b3
fff5069300f887b3
2bc7e4630117e463
41c787b300068513
010717130267d6b3
0267f7b301075713
0107979302c68633
00c77e6300f76733
fff6879300e88733
ffe6869301176663
0007869300c76463
00d5653301051513
10063693eadff06f
003696930016b693
800157b7de1ff06f
edc7879300000693
0007c68300d787b3
0200079300000313
40d78eb3006686b3
01d618b3f4d780e3
0108d31300d5de33
01089613026e57b3
00d556b301065613
01d595b301d51733
0106d59300b6e6b3
02f60533026e7e33
01c5e5b3010e1e13
00b885b300a5fe63
1d15e463fff78e13
ffe787931ca5f263
40a585b3011585b3
010696930265d533
0265f5b30106d693
0105959302a60e33
01c6fe6300b6e6b3
fff5059300d886b3
17c6fc631716ee63
011686b3ffe50513
41c686b301079593
eb1ff06f00a5e5b3
0018b8931006b893
e19ff06f00389893
011696b300e65eb3
00e5d33300deeeb3
03e357b3010edf13
011595b3010e9e13
00e55733010e5e13
0107569300b76733
03e3733301161633
0103131302fe05b3
00b6fe630066e6b3
fff7831300de86b3
10b6f86311d6ea63
01d686b3ffe78793
03e6d5b340b686b3
0107571301071713
02be033303e6f6b3
00d7673301069693
00ee873300677e63
0dd76463fff58693
ffe585930c677263
0107979301d70733
00b7e7b300010f37
00d7f5b3ffff0693
00d676b30107de13
02d58eb301065613
02de06b340670733
02c585b3010ed313
00b305b300d585b3
00d5f46302ce0e33
0105d69301ee0e33
02d76a6301c686b3
0007851300d70863
cc1ff06f00000593
fff68693000106b7
0107171300d5f733
0115153300defeb3
fce57ce301d70733
00000593fff78513
010007b7c95ff06f
0106569304f67a63
d2dff06f01000313
0010051300000593
00058513c75ff06f
00068593e91ff06f
000e0793f45ff06f
00030793e45ff06f
ffe50513ef9ff06f
d59ff06f011787b3
011787b3ffe50513
01865693bf5ff06f
cddff06f01800313
0005089300060813
0e06906300058713
000107b712c5fe63
010007b71ef66e63
00f6746301800693
800157b701000693
edc7879300d65333
0007c783006787b3
00d787b302000313
00f30c6340f306b3
00f557b300d59733
00e7e73300d61833
0108561300d518b3
0108169302c75533
0108d7930106d693
02a685b302c77733
00e7e7b301071713
00f807b300b7fc63
0107e463fff50713
000705133eb7e063
02c7d73340b787b3
0108d89301089893
02e686b302c7f7b3
00f8e8b301079793
011808b300d8fe63
0108e663fff70793
00d8e463ffe70713
0105151300078713
0000059300e56533
00d5f86300008067
0000051300000593
000107b700008067
010007b71ef6e863
00f6f46301800813
800157b701000813
edc787930106d733
0007c70300e787b3
0107073302000793
1ce7966340e78833
00c5353330b6e463
0000059300153513
0c060c6300008067
2cf67c63000107b7
0017371310063713
00e656b300371713
edc78793800157b7
0007c78300d787b3
00e787b302000693
0cf6946340f68eb3
0106569340c587b3
0106561301061613
02d7d53300100593
02d7f7b30108d713
0107979302c50333
0067fc6300f767b3
fff5071300f807b3
2a67e4630107e463
406787b300070513
0108989302d7d733
02d7f7b30108d893
0107979302c70633
00c8fe6300f8e8b3
fff70793011808b3
ffe707130108e663
0007871300c8e463
00e5653301051513
1006369300008067
003696930016b693
800157b7e0dff06f
edc7879300000693
0007c78300d787b3
0200069300000713
40f68eb300e787b3
01d61833f4f680e3
0108569300f5d333
0108161302d35e33
0106561301d595b3
00b7e7b300f557b3
01d518b30107d713
03c605b302d37333
0067673301031313
00e8073300b77e63
1d076463fffe0513
ffee0e131cb77263
40b7073301070733
0107979302d75533
02d777330107d793
0107171302a60333
0067fe6300e7e7b3
fff5071300f807b3
1667fc631707ee63
010787b3ffe50513
406787b3010e1593
eb1ff06f00a5e5b3
001838131006b813
e19ff06f00381813
010696b300e65e33
00e5d8b300de6e33
03d8d7b3010e5e93
010595b3010e1313
00e5573301035313
0107569300b76733
03d8f8b301061633
0108989302f305b3
00b6fe630116e6b3
fff7889300de06b3
10b6f86311c6ea63
01c686b3ffe78793
03d6d5b340b686b3
0107571301071713
02b308b303d6f6b3
00d7673301069693
00ee073301177e63
0dc76463fff58693
ffe585930d177263
0107979301c70733
00b7e7b300010eb7
00d7f5b3fffe8693
00d676b30107d313
02d58e3301065613
02d306b341170733
02c585b3010e5893
00b885b300d585b3
00d5f46302c30333
0105d69301d30333
02d76a63006686b3
0007851300d70863
0000806700000593
fff68693000106b7
0107171300d5f733
0105153300de7e33
fce57ce301c70733
00000593fff78513
010007b700008067
0106569304f67a63
d2dff06f01000713
0010051300000593
0007051300008067
00068593e91ff06f
00050e13f45ff06f
00088793e45ff06f
ffe50513ef9ff06f
d59ff06f010787b3
010787b3ffe50513
01865693c21ff06f
cddff06f01800713
01312e23fd010113
028124230145d993
0321202302912223
0171262301412c23
0211262300c59493
0161282301512a23
7ff9f99301812423
00060b9300050413
00c4d49300068913
18098a6301f5da13
08f988637ff00793
01d5579300349493
008007370097e7b3
00351b1300e7eab3
00000493c0198993
0149579300000c13
7ff7f79300c91413
01f9591300c45413
7ff0071308078263
0034141318e78a63
0087673301dbd713
00800437c0178793
003b989300876433
0000061340f989b3
012a46b300f00713
800157b724976463
e9c7879300249493
0004a70300f484b3
00a4eab300070067
014957931c0a9e63
7ff7f79300c91413
0080049300000b13
00200c137ff00993
01f9591300c45413
017468b3f80792e3
4a040a631c088263
1a9000ef00040513
ff55069300050793
ff87889301d00713
0114143340d70733
0087643300ebd733
013787b3011b98b3
000006133f378993
40f70733f69ff06f
4ee65a6303800613
0000061300000793
02c1208300000713
0147979302812403
01f6969300c7e7b3
0241248300d7e7b3
01c1298302012903
01412a8301812a03
00c12b8301012b03
0007051300812c03
0301011300078593
7ff0079300008067
0000071300000613
00000693fadff06f
000806377ff00793
f99ff06f00000713
100a8c6300a4eab3
0004851340048863
000507130dd000ef
01d00793ff550693
40d787b3ff870b13
00f457b3016494b3
01641b330097eab3
40e989b3c0d00993
00000c1300000493
017468b3e55ff06f
0a089c6380198993
000004130024e493
e7dff06f00200613
000a8413000a0913
00200793000b0893
003007934efc0863
00100793f6fc06e3
eefc0ee300090693
2af056633ff98793
4a0716630078f713
00075a6300741713
fff78793ff0007b7
4009879300f47433
f2f740e37fe00713
01d417130038d893
0117673300941613
7ff7f79300c65613
00060c13ebdff06f
00048a93f95ff06f
00c0049300050b13
00300c137ff00993
0014e493da5ff06f
0010061300000413
0034e493dd9ff06f
00300613000b8893
00000b13dc9ff06f
0000099300400493
d71ff06f00100c13
2a8a80632b546463
fff98993000b0313
00000b13000a8793
0107551300841713
0188d61302a7d433
0106181300e66633
0088959301085813
02a7f7b301035713
01079793028808b3
0117fa6300f767b3
fff4071300f607b3
000704132ec7f063
02a7d8b3411787b3
0107571301031713
03180fb302a7f7b3
00f7673301079793
00e6073301f77a63
28c77e63fff88793
0104141300078893
01146433000102b7
006478b3fff28313
0105de1301045e93
03130f330065f333
031e08b341f70733
026e8fb3010f5793
011787b301f888b3
01f7f46303ce8eb3
00010fb7005e8eb3
0107d893ffff8f93
0107979301f7f7b3
01d888b301ff7f33
17176e6301e787b3
40fb07b317170a63
00fb3b3341170733
2ee6006341670733
0107de9302a758b3
03180f3302a77733
00eee73301071713
00e6073301e77e63
2ec76a63fff88e93
ffe888932fe77863
41e7073300c70733
0107979302a75eb3
02a777330107d793
0107171303d80833
0107fe6300e7e7b3
fffe871300f607b3
2b07f6632ac7e863
00c787b3ffee8e93
01d8e8b301089893
0108df1301089513
02650eb301055513
02ae0533410787b3
026f0333010ed713
00a7073300650533
0067766303ee0e33
00ae0e3300010537
fff8081300010837
0107773301075513
010efeb301071713
01d7073301c50533
00f607b312a7f263
00078813fff88313
24a7e8631cc7e463
0003089326a78663
d55ff06f0018e893
c2079ce300100713
013897b341e98993
013419b300f037b3
00e8d8b30137e7b3
0078f79300f8e8b3
0207806300e45433
0040071300f8f793
0048879300e78a63
011404330117b8b3
0084159300078893
0000061300100793
be05cce300000713
e8fb78e31340006f
016ebf3300bb0eb3
01f7073300cf0fb3
fff40f93000e8b13
1517626308e67463
000f841312e88e63
d71b62e3e65ff06f
01fa9313001b5713
00e36333001ad793
d5dff06f01fb1b13
4f8000ef000b8513
01c0071301550693
b4d756e302050793
00000893ff850513
b59ff06f00ab9433
015506934d4000ef
0205071301c00793
ff850793bed7dae3
00000b1300f41ab3
eea79ee3c01ff06f
ed9ff06fc40708e3
f60f0ce3f8e612e3
de1ff06f000f8413
ffe88893d7f774e3
d61ff06f00c70733
ffe40413d317f2e3
d1dff06f00c787b3
ece656e301f00613
40f607b3fe100613
00f457b302000613
43e9899300c70863
0138e8b3013419b3
00f8e8b3011038b3
000006130078f713
00f8f79302070863
0000041300400713
0048879300e78a63
011034330117b8b3
0094161300078893
00c6561301d41713
00e8e7330038d893
aa9ff06f00000793
e4a812e300030893
0018e893b8b70ce3
ecfef4e3b91ff06f
00bebf3301d58eb3
ffe4041300cf0f33
01e70733000e8b13
c0200713d15ff06f
fff008933ff98793
00488713e0e9c8e3
01140433011738b3
b5dff06f00070893
0040061300f8f713
fe1ff06fb4c708e3
d5dff06f00070e93
d19ff06f000e8893
7ff0079300090693
0000071300000613
00159313a1dff06f
00c8083300b33833
ffe8889301078833
f6a802e300030593
fee5e0e3da1ff06f
f4b71ce300030893
0145d893ae9ff06f
fff78793001007b7
7ff8f8930146d713
00b7f3337ff00e13
00050e9300050813
01f5d59300d7f7b3
7ff7751300060f13
05c8886301f6d693
06089a6303c50463
0605106301036833
08060c6300c7e633
001005130a081263
0000806708068263
0806146300c7e633
0103633300089663
06d58063fe0302e3
0010051306059263
0103633300008067
ff1516e306031263
04079c6300c7e7b3
00000513fed590e3
fa0808e300008067
0280006ffcd598e3
fcd592e3fc0504e3
00a8cc63fd1540e3
00f31863fa67ece3
00000513fbdf68e3
00100513f9eef6e3
fff00513f80592e3
f8081ae300008067
ffe0051300008067
fcd586e300008067
0145d893f81ff06f
fff78793001007b7
7ff8f8930146d713
00b7fe337ff00313
00050e9300050813
01f5d59300d7f7b3
7ff7751300060f13
04688a6301f6d693
0608986302650463
08051e63010e6833
0a06046300c7e633
001005130a081663
0000806708068063
0020051300c7e633
00089663fe061ae3
fe0e00e3010e6e33
04059e6304d58c63
0000806700100513
060e1063010e6e33
00c7e7b3ff1516e3
fc0790e300200513
00000513fcd59ee3
fc0508e300008067
fd1544e3fcd596e3
fdc7e0e300a8cc63
fbdf6ce300fe1863
f9eef8e300000513
f80594e300100513
00008067fff00513
f8d59ce3f6080ae3
00200513fe9ff06f
f80814e300008067
fcd580e300008067
0145d793f7dff06f
fff6071300100637
3fe008137ff7f793
00b7773300050693
01f5d59300000513
0005846300f85463
41e0059300008067
fef5cae3fff00513
40f585b343300593
00c7673301f00513
bed7879300b54c63
00b6d53300f71733
0000806700a76533
40f5053341300513
0000806700a75533
00812423ff010113
0005041300112623
0b0000ef04050c63
40a787b341e00793
7ff7f79300a00713
00b0071306a74463
0155051340a70733
00a4143300e45733
0004051300c12083
0081240300c71713
0147979300c75713
0007859300e7e7b3
0000806701010113
0004051300c12083
0081240300000793
0147979300000713
0007859300e7e7b3
0000806701010113
00a41733ff550513
00c1208300000413
00c7171300040513
00c7571300812403
00e7e7b301479793
0101011300078593
000107b700008067
1005371302f57a63
0037171300173713
00e55533800157b7
00a787b3edc78793
020006930007c503
40a6853340e686b3
010007b700008067
0100071302f57463
00e55533800157b7
00a787b3edc78793
010006930007c503
0000806740a68533
800157b701800713
edc7879300e55533
0007c50300a787b3
40a6853300800693
0005059300008067
0000061300000693
4010006f00000513
00000593ff010113
0011262300812423
481000ef00050413
00078463d241a783
00040513000780e7
00000513be8f80ef
8001563700008067
800155378000d5b7
768585936a460613
3540006f6b050513
00452583ff010113
0091222300812423
5101841300112623
0085846300050493
0084a583239040ef
00f5866306840793
225040ef00048513
0d04041300c4a583
0081240300858e63
0004851300c12083
0101011300412483
00c120832010406f
0041248300812403
0000806701010113
0000806700000513
00812c23fe010113
51018413800097b7
00112e23cf478793
0121282300912a23
0141242301312623
00800613d2f1a223
0000059300400793
00f4262305c40513
0004222300042023
0604222300042423
00042a2300042823
171000ef00042c23
80009a37000107b7
80009937800099b7
298a0a13800094b7
384909132fc98993
009787933fc48493
0000059300800613
034420230c440513
0324242303342223
06f42a2302942623
0604242300842e23
0604282306042623
06042c230c042623
0804202306042e23
000207b7105000ef
0127879306840713
0080061312c40513
0944242300000593
0924282309342623
0cf42e2308942a23
0c04282308e42223
0c042c230c042a23
0e04202312042a23
0e0424230e042223
0d0407930b5000ef
0f342a230f442823
0e942e230f242c23
0ef4262301c12083
0141248301812403
00c1298301012903
0201011300812a03
d241a78300008067
01312623fe010113
00812c2300112e23
0121282300912a23
0e07886300050993
6a49091380015937
00492783fff00493
fff7879300892403
0800006f0007d863
06978c6306840413
fff7879300c41703
ffff07b7fe0718e3
00f4262300178793
0004202306042223
0004222300042423
00042a2300042823
0080061300042c23
05c4051300000593
020428237ec000ef
0404222302042a23
01c1208304042423
0181240300040513
0101290301412483
0201011300c12983
0009240300008067
0004091300040663
1ac00593f65ff06f
719000ef00098513
02050c6300050413
0040079300c50513
00f4222300042023
1a00061300a42423
778000ef00000593
0004091300892023
d9dff0eff25ff06f
00092023f11ff06f
00f9a02300c00793
03452783f7dff06f
0000806700078463
800097b7d241a703
02f52a23d1078793
d65ff06ffe0716e3
0000806700008067
800095b780015637
cec585936a460613
01c0006f00000513
800095b780015637
d80585936a460613
0040006f00000513
03212023fd010113
01412c2301312e23
0161282301512a23
0211262301712623
0291222302812423
00058b9300050b13
00000a1300060a93
fff0091300100993
008aa403004aa483
0204c863fff48493
00f9fe6300c45783
0004059300e41783
01278663000b0513
00aa6a33000b80e7
06840413fff48493
000aaa83fd249ce3
02c12083fc0a90e3
0241248302812403
01c1298302012903
01012b0301412a83
000a051300c12b83
0301011301812a03
fc01011300008067
02d1262302c12423
02f12a2302e12823
03112e2303012c23
0085258300058613
00112e2302810693
548010ef00d12623
0401011301c12083
d001a30300008067
02c12423fc010113
02b1222302d12623
02f12a2302e12823
03112e2303012c23
0241069300832583
0003051300050613
00d1262300112e23
01c120834fc010ef
0000806704010113
7190406f00852603
00050593d001a783
000785130087a603
fc0101137050406f
0005041302812c23
02912a2300058513
0005849302112e23
800157b7658000ef
02f12423fdc78793
02f1262300100793
0201079303442703
00f12a2300150693
0291202300200793
00d12e2302a12223
0084258300f12c23
00c5978306070063
0207426301279713
ffffe6b70645a703
00002637fff68693
00d7773300c7e7b3
06e5a22300f59623
0004051301410613
03c1208315d040ef
0015351303812403
00b5751340a00533
fff5051303412483
0000806704010113
00b1262300040513
00c12583d85ff0ef
00050593f95ff06f
f29ff06fd001a503
00812423ff010113
00e5958300058413
2e0000ef00112623
0504278302054063
00a787b300c12083
0081240304f42823
0000806701010113
fffff73700c45783
00e7f7b3fff70713
00f4162300c12083
0101011300812403
0000051300008067
00c5978300008067
00812c23fe010113
0121282300912a23
00112e2301312623
000584131007f713
0006091300050493
0407106300068993
fff70713fffff737
00e4158300e7f7b3
0181240300f41623
0009869301c12083
00c1298300090613
0004851301012903
0201011301412483
00e5958328c0006f
0000061300200693
00c417831ac000ef
ff010113fb1ff06f
0005841300812423
0011262300e59583
fff0079318c000ef
00c4578302f50863
00c1208300001737
0107979300e7e7b3
04a428234107d793
0081240300f41623
0000806701010113
fffff73700c45783
00e7f7b3fff70713
4107d79301079793
00f4162300c12083
0101011300812403
00e5958300008067
ff0101130040006f
0091222300812423
0005851300050413
d201a42300112623
fff00793c91f70ef
00c1208300f50c63
0041248300812403
0000806701010113
fe0784e3d281a783
00f4202300c12083
0041248300812403
0000806701010113
0aa78e63d001a783
fe01011304452583
00112e2300912a23
04058c6300050493
0131262301212823
0000091300812c23
012587b308000993
00040e630007a403
0004240300040593
71c000ef00048513
0444a583fe0418e3
fd391ce300490913
704000ef00048513
0101290301812403
0384a58300c12983
0004851300058663
04c4a5836e8000ef
0004851300058663
0344a7836d8000ef
01c1208300078c63
0141248300048513
0007806702010113
0141248301c12083
0000806702010113
ff01011300008067
0081242300058713
0006059300912223
0006861300050413
0011262300070513
c45f70efd201a423
00f50c63fff00793
0081240300c12083
0101011300412483
d281a78300008067
00c12083fe0784e3
0081240300f42023
0101011300412483
ff01011300008067
0081242300058713
0006059300912223
0006861300050413
0011262300070513
c1df70efd201a423
00f50c63fff00793
0081240300c12083
0101011300412483
d281a78300008067
00c12083fe0784e3
0081240300f42023
0101011300412483
ff01011300008067
0081242300058713
0006059300912223
0006861300050413
0011262300070513
c25f70efd201a423
00f50c63fff00793
0081240300c12083
0101011300412483
d281a78300008067
00c12083fe0784e3
0081240300f42023
0101011300412483
ff01011300008067
800157b700812423
0121202380015437
6704071367078793
0091222300112623
02e7826340e78933
6704041340295913
0004278300000493
0044041300148493
ff24e8e3000780e7
800157b780015437
6704071367078793
4029591340e78933
6704041302e78063
0004278300000493
0044041300148493
ff24e8e3000780e7
0081240300c12083
0001290300412483
0000806701010113
00812423ff010113
80015437800157b7
6704041367078793
0091222340f40433
4024549300112623
ffc4041302048063
0004278300f40433
ffc40413fff48493
fe0498e3000780e7
0081240300c12083
0101011300412483
00f0031300008067
02c37e6300050713
0a07906300f77793
ff06769308059263
00e686b300f67613
00b7222300b72023
00b7262300b72423
fed766e301070713
0000806700061463
0026969340c306b3
005686b300000297
00b7072300c68067
00b7062300b706a3
00b7052300b705a3
00b7042300b704a3
00b7032300b703a3
00b7022300b702a3
00b7012300b701a3
00b7002300b700a3
0ff5f59300008067
00d5e5b300859693
00d5e5b301059693
00279693f6dff06f
005686b300000297
fa0680e700008293
ff07879300028093
00f6063340f70733
f3dff06ff6c378e3
0005071300357793
7f7f86b704079c63
fff00593f7f68693
0047071300072603
00d787b300d677b3
00d7e7b300c7e7b3
ffc74683feb784e3
0406846340a707b3
02068c63ffd74683
00a03533ffe74503
ffe5051300f50533
fa0688e300008067
0017071300074783
fe0798e300377693
fff7051340a70733
ffd7851300008067
ffc7851300008067
d2c1a78300008067
0047a70304078c63
08e8406301f00813
0205066300271813
08c3242301078333
001006131887a883
00c8e8b300e61633
10d324231917a423
02d5066300200693
00e7a22300170713
00b7a423010787b3
0000806700000513
d301a62364818813
fa1ff06f64818793
0017071318c7a683
00c6e6b300e7a223
010787b318d7a623
0000051300b7a423
fff0051300008067
fd01011300008067
0321202301412c23
02112623d2c1a903
01312e230a090863
0161282301512a23
0281242301712623
0181242302912223
00058b9300050b13
00100a93fff00993
fff4841300492483
0024949304044e63
080b9063009904b3
0044a68300492783
0a878c63fff78793
020686630004a223
008a973318892783
00f777b300492c03
000680e706079663
d2c1a78300492703
07279e6309871063
ffc48493fff40413
02812403fb341ae3
01c1298302412483
01012b0301412a83
00812c0300c12b83
0201290302c12083
0301011301812a03
1044a78300008067
fff40413f97780e3
ff3418e3ffc48493
18c92783fbdff06f
00f777330844a583
000b051302071663
00492703000680e7
f98704e3d2c1a783
00078913f8078ae3
00892223f29ff06f
00058513f4dff06f
f5dff06f000680e7
01312623fe010113
00812c23800159b7
0121282300912a23
00112e2301412423
0005091300058a13
3d1000ef7d098993
000017b70089a703
00472483fef78793
ffc4f49300001737
4144043300f48433
fff4041300c45413
00e44e6300c41413
0009051300000593
0089a783565040ef
02f50863009787b3
385000ef00090513
0181240301c12083
0101290301412483
00812a0300c12983
0201011300000513
408005b300008067
521040ef00090513
04f50a63fff00793
88878793800177b7
0089a6830007a703
0014e493408484b3
0009051340870733
00e7a0230096a223
01c12083321000ef
0141248301812403
00c1298301012903
0010051300812a03
0000806702010113
0009051300000593
0089a7034bd040ef
40e507b300f00693
d041a683f4f6dce3
00f722230017e793
800176b740d50533
f3dff06f88a6a423
ff01011318058263
0091222300812423
0005049300058413
2a1000ef00112623
ff840713ffc42503
ffe57793800155b7
7d05859300f70633
0085a80300462683
1ac80263ffc6f693
0015751300d62223
0a05106300d60833
00482803ff842303
4067073380015537
7d85051300872883
00187813006787b3
00c7230314a88263
011324230068a623
0017e6931a080663
00f6202300d72223
06f6ec631ff00693
00868693ff87f693
00d586b30045a503
0057d8130006a603
010797b300100793
ff86851300a7e7b3
00c7242300a72623
00e6a02300f5a223
0081240300e62623
0004851300c12083
0101011300412483
004825031d10006f
0805066300157513
fed42e230017e693
1ff0069300f62023
0097d693f8f6f8e3
12d6606300400613
039685130067d693
0035151303868613
0005268300a58533
00d51863ff850513
0086a6831540006f
0046a60300d50863
fec7e8e3ffc67613
00a7262300c6a503
0081240300d72423
00c1208300e52423
0041248300048513
0101011300e6a623
000080671410006f
00d787b380015537
008626837d850513
00c628030ca68c63
00f706330017e513
00d824230106a623
00f6202300a72223
12081c63ee1ff06f
00c6260300862583
0016e79300f686b3
00b6242300c5a623
00d7073300f72223
ef9ff06f00d72023
00d786b300157513
ff84250302051063
00c7278340a70733
00a686b300872603
00c7a42300f62623
d081a7830016e613
00e5a42300c72223
d381a583eaf6eee3
c95ff0ef00048513
00d787b3eadff06f
01400613f5dff06f
0540061302d67063
00c7d69306d66463
06e6861306f68513
ed5ff06f00351513
05b6861305c68513
ec5ff06f00351513
00e5a82300e5aa23
00a726230017e693
00d7222300a72423
00f7202300f70733
0045a803e4dff06f
0010079340265613
0107e7b300c797b3
eb1ff06f00f5a223
00d66c6315400613
0786851300f7d693
0035151307768613
55400613e69ff06f
0127d69300d66c63
07c6861307d68513
e4dff06f00351513
07e006133f800513
0017e693e41ff06f
00f6202300d72223
fd010113dddff06f
0211262301312e23
0291222302812423
00b5879303212023
0005099301600713
0100079308f76263
788000ef20b7e463
0020059301800793
8001593701000493
00f907b37d090913
ff8787130047a403
0044278334e40263
0084260300c42683
00f407b3ffc7f793
00d626230047a703
0017671300c6a423
00e7a22300098513
00840513738000ef
0281240302c12083
0201290302412483
0301011301c12983
ff87f49300008067
18b4e2631807c463
1f700793704000ef
0094d7933e97f863
0040071318078063
0064d79332f76e63
0387881303978593
8001593700359613
00c906337d090913
ff86061300462403
00f0051302860863
00c426830140006f
00d60e6328075663
0044278300068413
40978733ffc7f793
00080593fee552e3
0089089301092403
0044278325140e63
ffc7f79300f00693
36e6cc6340978733
0119282301192a23
1ff0071334075063
24f7686300492503
00870713ff87f713
0007268300e90733
001007930057d613
00f5653300c797b3
00f42623ff870793
00a9222300d42423
0086a62300872023
001006134025d793
0ac56a6300f61633
0207946300a677b3
ffc5f59300161613
0045859300a677b3
0016161300079a63
0045859300a677b3
00f00813fe078ae3
0069033300359313
00c5278300030513
24f5026300058e13
000784130047a703
ffc7771300c7a783
24d84263409706b3
00e40733fe06c2e3
0084260300472683
0016e69300098513
00f6262300d72223
594000ef00c7a423
e5dff06f00840513
00f9a02300c00793
e4dff06f00000513
0400059320000613
e91ff06f03f00813
0161282300892403
ffc7fb1300442783
409b0733009b6863
0ce7ca6300f00793
01512a2301912223
d381aa83d041a703
0171262301412c23
01640a33fff00793
3cf7066301548ab3
00f78793000017b7
fffff7b700fa8ab3
000a859300fafab3
6d0040ef00098513
00050b93fff00793
0181242344f50a63
7d818c1323456e63
00ba85b3000c2583
0005871300bc2023
014517932aaa1663
00892b832a079263
0017e793015b07b3
d341a68300fba223
d2b1aa2300b6f463
00b6f463d301a683
00812c03d2b1a823
ffc7f793000b8413
3897ea6340978733
38e7d66300f00793
01412a8301812a03
00412c8300c12b83
00f422230014e793
00992423009404b3
0009851300176713
45c000ef00e4a223
0084051302c12083
01012b0302812403
0201290302412483
0301011301c12983
0049250300008067
00842603e09ff06f
00c7a403cd5ff06f
d88782e300258593
0097d713cb5ff06f
14e6f26300400693
32e6e46301400693
05b7069305c70613
00c9063300361613
ff86061300062703
2940006f00e61863
00e6086300872703
ffc6f69300472683
00c72603fed7e8e3
00e4242300c42623
0087262300862423
01400713d91ff06f
0540071310f77863
00c4d7932ef76463
06e7881306f78593
cb9ff06f00359613
003e7793001e0e13
1007806300850513
da9ff06f00c52783
0014e59300842603
00f6262300b42223
009404b300c7a423
0099282300992a23
0114a6230016e793
00f4a2230114a423
0009851300e40733
33c000ef00d72023
c05ff06f00840513
0047a70300f407b3
0017671300098513
31c000ef00e7a223
be5ff06f00840513
008487930034d593
0014e693b8dff06f
009404b300d42223
0099282300992a23
0114a62300176693
00d4a2230114a423
0009851300f407b3
2d4000ef00e7a023
b9dff06f00840513
039706130067d713
0036161303870693
07240c63ec5ff06f
00812c0300892403
e09ff06f00442783
05b7881305c78593
bb9ff06f00359613
fff5859300832783
0035f79326679e63
fe0796e3ff830313
fff6479300492703
00f9222300e7f7b3
cec7eee300161613
00f67733ce060ce3
0016161300071a63
004e0e1300f67733
000e0593fe070ae3
7d818c13c59ff06f
00ea8733000c2703
d041a68300ec2023
18f68663fff00793
00e787b3414b87b3
007bfc9300fc2023
419b8bb30c0c8c63
00878793000017b7
419785b3008b8b93
415585b3015b8ab3
0145da1301459593
00098513000a0593
fff007933ac040ef
4175053318f50063
000c270301450ab3
001ae79301792423
00bc202300ea05b3
cf240ce300fba223
0b66f06300f00693
ff4b079300442703
00177713ff87f793
00e4222300f76733
00f4073300500613
00c7242300c72223
004ba78300f6e663
00840593cbdff06f
eacff0ef00098513
000c258300892b83
ca1ff06f004ba783
c49ff06f010a8a93
001007934026d693
00f5653300d797b3
d75ff06f00a92223
40b005b3015b85b3
0145da1301459593
00098513000a0593
fff007932ec040ef
00000a13f4f512e3
00812c03f45ff06f
00fba22300100793
0fc000ef00098513
01812a0300000513
01012b0301412a83
00412c8300c12b83
054006939b1ff06f
00c7d71304e6e463
06e7069306f70613
cd1ff06f00361613
04f7646315400713
0787859300f4d793
0035961307778813
008924039cdff06f
c01ff06f00442783
e81ff06fd171a223
04e6e46315400693
0787061300f7d713
0036161307770693
55400713c85ff06f
0124d79304f76463
07c7881307d78593
981ff06f00359613
019a8ab3ff8c8c93
00000a13417a8ab3
55400693e7dff06f
0127d71302e6e463
07c7069307d70613
c39ff06f00361613
07f005933f800613
941ff06f07e00813
07e006933f800613
00492783c1dff06f
00008067da1ff06f
ed01011300008067
1291222312112623
1171262311512a23
0006049300058a93
00050b9300d12423
00052783194040ef
02f1222300078513
02a12023970ff0ef
034ba783000b8863
7340106f00079463
0127971300ca9783
064aa70302074663
ffffe6b700002637
fff6869300c7e7b3
4107d79301079793
00fa962300d77733
0087f71306eaa223
010aa7032e070263
01a7f7932c070e63
2ee78a6300a00713
11612823800157b7
0b010b1311812423
80015c3702078793
11412c2312812423
132120230fb12e23
1191222311312e23
07612e2311a12023
0801202308012223
00012c2300012a23
000b041300012e23
0201282302012423
00f1262300012223
194c0c1301000a13
00048d9301712023
1e078c63000dc783
02500713000d8493
0014c7832ae78663
fe079ae300148493
1db48c6341b48933
0801278308412703
0127073301b42023
0124222300178793
08f1202308e12223
0084041300700713
0041270326f74e63
012707330004c783
18078c6300e12223
04010fa300148493
00000b93fff00993
0580069300000913
00148d930004cd03
04f6e663fe0d0793
0027979300c12703
0007a78300e787b3
00000b9300078067
00900613fd0d0793
002b9713000dcd03
001b9b9301770bb3
fd0d079301778bb3
fef672e3001d8d93
faf6fee3fe0d0793
09a10423120d0263
0010071304010fa3
08810c9300100493
0000099300090f13
00000f9300012823
08412903084f7293
40eb87b300029663
05f1478344f042e3
0801278302078a63
00d4202305f10693
0010069300190913
00d4222300178793
08f1202309212223
0084041300700693
020f8a631af6c063
0601069308012783
0029091300d42023
0017879300200693
0921222300d42223
0070069308f12023
4ef6cee300840413
08f28ae308000793
19304ee3409989b3
74079463100f7793
0099093308012783
0017879301942023
0921222300942223
0070069308f12023
0084041320f6cc63
000f0663004f7f13
4e9042e340eb84b3
00ebd463000b8313
0041278300070313
00f12223006787b3
000dc78322091ae3
000b041308012023
08412783e00798e3
0007846300012b83
00cad7837540106f
1201290312812403
11c129830407f793
11012b0311812a03
10412c8310812c03
0fc12d8310012d03
1d90106f00078463
0041250312c12083
11412a8312412483
1301011310c12b83
000a859300008067
199030ef000b8513
1a90106f00050463
00a0071300ca9783
d0e79ae301a7f793
d007c6e300ea9783
12c1208300812683
000a859300048613
11412a8312412483
10c12b83000b8513
3810106f13010113
000d849301096913
41b48933dc9ff06f
0004c783d7b494e3
00012503d9dff06f
000a859307c10613
f20518e3545010ef
d71ff06f000b0413
07c1061300012503
02e12e23000a8593
02512a2303e12c23
519010ef03f12623
08412903f00512e3
03812f0303c12703
02c12f8303412283
e29ff06f000b0413
800156b708012783
00d42023bd068693
0010069300190913
00d4222300178793
08f1202309212223
0084041300700693
1080106f00f6d463
4580106f00060463
001f779301412683
e40786e300d7e7b3
0201268302412783
0801278300f42023
00d42223012685b3
08b1222300178793
0070069308f12023
6480106f00f6d463
0141268300840413
0194202300178793
00d4222300b68933
08f1202309212223
def6d8e300700693
07c1061300012503
02e12623000a8593
439010ef01e12823
08412903e20512e3
02c1270301012f03
dc5ff06f000b0413
60079ce300897793
0077879300812783
0007a703ff87f793
00e12c2300878793
00f12423ffc7a703
01c12c8300e12e23
01812683ca81a703
001c9493cac1a783
000685130014d493
0007061300048593
608090ef00078693
0400106f00050463
ca81a70301812683
00068513cac1a783
0007061300048593
dd1fd0ef00078693
0180106f00a04463
000c859301812703
0007051300000613
db1fd0ef00000693
4340106f00055463
0470079305f14683
4180106f01a7d463
fe0c8c9380015cb7
f7f97f1300012823
0030049300300713
0006846300000993
002f7f9300170713
00270713c20f80e3
c15ff06f00200f93
0109779300812683
004686930006a703
1207926300d12423
0007079304097693
10074e634e0690e3
0409c46305f14683
02071e63f7f97f13
20099e6300100713
001974933c0714e3
04048263000b0c93
0af107a303000793
000487130af10c93
000128230334cc63
f81ff06ff80690e3
00900713000f0913
030787936cf764e3
00090f130af107a3
0af10c9300100493
fd34d8e300048713
0001282300098713
00812783fc9ff06f
004787930007ab83
d00bd8e300f12423
0049691341700bb3
acdff06f000d8493
02a00793000dcd03
00fd1463001d8d93
fd0d07937d80106f
0000071300900593
0000099300900613
000dcd03aaf5e4e3
00e989b300271993
00f9873300199993
001d8d93fd0d0793
00070993fef672e3
fff00993a80750e3
00812783a79ff06f
0007a70301096913
00f1242300478793
ee0756e300070793
02d0069340e007b3
0a00006f00100713
000d849308096913
04096913a39ff06f
a2dff06f000d8493
04010fa300812703
0007278300100493
00e1242300470713
0010071308f10423
a75ff06f08810c93
04f10fa302b00793
9f5ff06f000d8493
000d849300196913
05f147839e9ff06f
02000793c0079ae3
000d849304f10fa3
008969139d1ff06f
9c5ff06f000d8493
0109691300812703
0047071300072783
0010071300e12423
04d10fa300000693
f7f97f130009c863
000f0913e40782e3
e6c708e300100613
06c7066300200613
0077f713000b0c93
feec8fa303070713
000c86130037d793
fe0794e3fffc8c93
0607846300197793
06f7006303000793
fefc8fa3ffe60613
00090f1340cb04b3
e3dff06f00060c93
00f7146300100793
002007933fc0106f
00f70463000f0913
000007932100106f
000b0c9302812603
00e6073300f7f713
0047d79300074703
00ec8023fffc8c93
419b04b3fe0794e3
dedff06f00090f13
0109691300812703
0047071300072783
0000071300e12423
00812683f29ff06f
0006a78301097713
00d1242300468693
04097713f00716e3
01079793f00702e3
001007130107d793
00812783ef9ff06f
0007ac8304010fa3
320c80e300478813
0009d46301012423
000986130740106f
000c851300000593
008128036c8030ef
3a80106f00051463
05f14683419504b3
41f75713fff4c713
0001282301012423
00090f1300e4f733
c8069ae300000993
00812683c95ff06f
8307071300008737
0046871306e11023
8001573700e12423
02e1242300470713
002969130006a783
07800d1300200713
00812683e59ff06f
0006a78301097713
00d1242300468693
04097713f0071ae3
01079793f00706e3
000007130107d793
01097793e29ff06f
00812783140784e3
0007a78300412703
0081278300e7a023
00f1242300478793
06500793f28ff06f
0181268335a7da63
0000061301c12783
0007859300068513
02e12a2300000693
0ec080ef03e12623
0341270302c12f03
0801278366051663
bd068693800156b7
0019091300d42023
0017879300100693
0921222300d42223
0070069308f12023
4cf6c0e300840413
0141268306412783
0241278308d7d8e3
0084041302012683
08012783fef42c23
fed42e2300d90933
0921222300178793
0070069308f12023
014127830ef6cce3
82905ae3fff78493
0801278301000693
3d00106f0096c463
19468693800156b7
00012d0302e12623
0100099300040713
00700c9300048413
0006849301e12823
ff04041300c0006f
010909134a89d6e3
0097202300178793
0921222301372223
0087071308f12023
07c10613fcfcdee3
000d0513000a8593
800514e361c010ef
0801278308412903
fb9ff06f000b0713
f6f0566340eb87b3
0801260301000693
1dc0106f00f6c463
19468693800156b7
0009059302912a23
0007091301000893
0004071300700f93
0007841303e12623
00c0006f00068493
0488da63ff040413
0016061301058593
0117222300972023
08c1202308b12223
fccfdee300870713
07c1061300012503
588010ef000a8593
01000893f6051a63
08412583ff040413
000b071308012603
fa88cae300700f93
02c12f0300048693
0004079303412483
0009071300070413
00f9093300058913
00f4222300160613
0921222300d42023
0070079308c12023
e8c7da6300840413
07c1061300012503
02e12a23000a8593
510010ef03e12623
08412903ee051e63
02c12f0303412703
e64ff06f000b0413
08012783800156b7
093a5a6319468693
0070089300090693
03e1262300070913
0009841300040713
00c0006f000c0993
048a5863ff040413
0017879301068693
0147222301872023
08f1202308d12223
fcf8dee300870713
07c1061300012503
490010ef000a8593
ff040413e6051e63
0801278308412683
00700893000b0713
02c12f03fa8a4ce3
0004099300098613
0009071300070413
0006069300068913
0017879301390933
0134222300d42023
08f1202309212223
0084041300700693
00012503daf6d463
000a859307c10613
03e1262302e12a23
e005146341c010ef
0341270308412903
000b041302c12f03
00012503d78ff06f
000a859307c10613
dc0500633f4010ef
08012483ddcff06f
0010079301412683
0019091301942023
0084099300148493
001007934ad7da63
0921222300f42223
0070079308912023
020127837497cc63
0014849302412683
00f9a22300f90933
0921222300d9a023
0070079308912023
7697c26300898993
0181268301c12783
0007859300000613
0006851301412783
02e1262300000693
fff7841301e12823
01012f03531070ef
4805046302c12703
00148493001c8c93
0199a02300890933
092122230089a223
0070079308912023
1497c2e300898993
06c1079303012683
0126893300148493
00d9a22300f9a023
0891202309212223
0089841300700793
00012503ca97d063
000a859307c10613
01e1282302e12623
cc0518632e4010ef
02c1270308412903
000b041301012f03
01000693c70ff06f
68f6d6e308012603
18468693800156b7
0009059302912e23
0007091301000893
0004071300700393
02512a2303f12623
0007841303e12c23
00c0006f00068493
0488da63ff040413
0016061301058593
0117222300972023
08c1202308b12223
fcc3dee300870713
07c1061300012503
250010ef000a8593
01000893c2051e63
08412583ff040413
000b071308012603
fa88cae300700393
02c12f8300048693
03812f0303412283
0004079303c12483
0009071300070413
00f9093300058913
00f4222300160613
0921222300d42023
0070079308c12023
aec7d06300840413
07c1061300012503
02e12e23000a8593
02512a2303e12c23
1c8010ef03f12623
08412903ba051a63
03812f0303c12703
02c12f8303412283
aa0ff06f000b0413
07c1061300012503
02e12c23000a8593
0251262303e12a23
b6051c6318c010ef
0381270308412903
02c1228303412f03
ad4ff06f000b0413
0801278301000693
800156b75496d2e3
00048d1318468693
00700c9301000993
0006849300e12823
ff0d0d1300c0006f
0109091305a9d663
0094202300178793
0921222301342223
0084041308f12023
00012503fcfcdee3
000a859307c10613
ae051c6310c010ef
08412903ff0d0d13
000b041308012783
01012703fba9cee3
000d049300048693
0017879300990933
0094222300d42023
08f1202309212223
a6f6de6300700693
07c1061300012503
00e12823000a8593
aa0510630b4010ef
0101270308412903
06412603a58ff06f
01412783bac05463
0007899301012683
033056632cf6c863
0139093308012783
0017879301942023
0921222301342223
0070069308f12023
1af6cee300840413
41f7d793fff9c793
0101278300f9f9b3
37304063413789b3
0141278306412683
0241278328f6d663
0084041302012603
08012783fef42c23
fec42e2300c90933
0921222300178793
0070061308f12023
0141278330f642e3
40d786b301012603
0136d46340c789b3
03305a6300068993
0801260301012783
00fc8cb301390933
0194202300160613
0921222301342223
0070079308c12023
32c7c0e300840413
41f65613fff9c613
40f684b300c9f7b3
0100069394905863
4e96d8e308012783
19468693800156b7
00012d0302e12623
0100099300040713
00700c9300048413
0006849301e12823
ff04041300c0006f
010909135c89d663
0097202300178793
0921222301372223
0087071308f12023
07c10613fcfcdee3
000d0513000a8593
9205146373d000ef
0801278308412903
fb9ff06f000b0713
000b0c9300000493
001f7693c80ff06f
00f42223b40696e3
0891202309212223
bc97dee300700793
07c1061300012503
02e12623000a8593
6e9000ef01e12823
084129038c051a63
02c1270308012483
000b099301012f03
01412683ba9ff06f
b8d7dee300100793
3ed7dee301100793
19468693800156b7
01000c9300098793
00700d1300070993
01e1282300090713
00c0006f00068913
708cda63ff040413
0014849301070713
0197a2230127a023
0891202308e12223
fc9d5ee300878793
07c1061300012503
659000ef000a8593
840ff06f00050463
0801248308412703
fb5ff06f000b0793
00079463001f7793
f68ff06ffd9fe06f
4107571301071713
c30ff06f00070793
ea0f8c6304097f93
0041270300812783
00e790230007a783
00812703eb4ff06f
0007278304010513
0007a70300470493
0047a70304e12023
0087a70304e12223
00c7a78304e12423
1a1080ef04f12623
00b12e2300a12c23
9d0ff06f00912423
d3304ae300068993
001f7793d59ff06f
d71ff06fda0782e3
07c1061300012503
02e12623000a8593
591000ef01e12823
f79fe06f00050463
02c1270308412903
000b041301012f03
800157b7edcff06f
02f12423ff078793
0109771300812683
004686930006a783
00071a6300d12423
0007066304097713
0107d79301079793
0020071300197693
be078663be068863
06d1002303000693
0029691307a100a3
800157b7bd8ff06f
02f1242300478793
00600793fa9ff06f
6937e86300098493
0004871380015cb7
018c8c9301012423
01000693dc1fe06f
2536dce308012783
00070593800156b7
0004071319468693
0009841300090613
0070049301000d13
0006891303e12623
00c0006f00058993
568d5a63ff040413
0017879301060613
01a7222301272023
08f1202308c12223
fcf4dee300870713
07c1061300012503
479000ef000a8593
e61fe06f00050463
0801278308412603
fb5ff06f000b0713
07c1061300012503
02e12623000a8593
449000ef01e12823
e31fe06f00050463
0801248308412903
01012f0302c12703
879ff06f000b0993
07c1061300012503
02e12623000a8593
411000ef01e12823
df9fe06f00050463
0801248308412903
01012f0302c12703
86dff06f000b0993
00a00613000b0c93
02c7f73300900513
00078593fffc8c93
00ec802303070713
feb564e302c7d7b3
00090f13419b04b3
00012503920ff06f
000a859307c10613
01e1282302e12623
000504633a5000ef
06412603d8dfe06f
02c1270308412903
000b041301012f03
01812803ec9fe06f
0008061301c12783
0007869300080513
5a8080ef00078593
fdfd7713020512e3
02e12623fff00793
6ef9886310096f13
68f7026304700793
0000029301c12783
4e07c06300078493
0009871306600793
4efd106300300693
0681081301812603
0006051306410793
0001250300050593
0004861307410893
01e12a2302512a23
208030ef00e12823
0660079301012703
0341228301412f03
00e5083300050c93
000cc68300fd1c63
56f6806303000793
00f8083306412783
0004859301812783
0007851300000613
02512a2300000693
01e1282301012a23
01012f03478070ef
0341228301412803
0741278342050663
030006930107fe63
06e12a2300178713
0741278300d78023
06412703ff07e8e3
419787b300e12823
02c1278300f12a23
14e7846304700713
18fd126306600793
0019779301012703
7ee056630137e7b3
0101248372079c63
0004871306600d13
02d0079350028863
0000099304f10fa3
00012503ed9fe06f
000a859307c10613
01e1282302e12623
00050463205000ef
08412903bedfe06f
01012f0302c12703
b14ff06f000b0413
07c1061300012503
02e12623000a8593
1d1000ef01e12823
bb9fe06f00050463
0801248308412903
02c1270301012f03
e8cff06f000b0993
9f8fd0ef000b8513
000486938c9fe06f
0004049301012f03
02c1270300070413
0017879300990933
b0dfe06f00d42023
01c124836807cc63
0010099300000293
0641079301812703
0007051307410893
0001250300050593
0009871306810813
0004861300200693
01e1282300512a23
0019779304c030ef
0141228301012f03
5007906300050c93
00f1282306412783
40a787b307412783
0101270300f12a23
02f74c63ffd00793
0141278302e9ca63
50f74c6301012703
0101278300197f93
fff7c7135c0f9663
00e7f73341f75713
06700d1300078493
ffed0d13ea9ff06f
07a1062301012703
fff7089302b00793
3208cc6307112223
0090079306f106a3
030887932d17c063
06f107a303000713
06e1072300400793
0141270302f12823
0010079303012683
48e7d26300d704b3
0001282302012783
fff4c71300f484b3
00e4f73341f75713
02412783e39ff06f
0084041302012683
08012783fef42c23
fed42e23012685b3
08b1222300178793
0070069308f12023
0006446320f6c263
ff000693bbdfe06f
60d6566340c004b3
19468693800156b7
0100099300e12823
0070091300040713
00068413000f0d13
ff04849300c0006f
010585934499d463
0087202300178793
08b1222301372223
0087071308f12023
00012503fcf95ee3
000a859307c10613
000504637c4000ef
084125839adfe06f
000b071308012783
000c8513fb5ff06f
05f14683821fd0ef
41f75713fff54713
0005049300012823
00090f1300e57733
0006846300000993
c39fe06fc39fe06f
0009069301012f03
0009871300070913
0089093300078993
00d9a02300148493
80015cb7c18ff06f
bedfe06ffe4c8c93
04f10fa302d00793
bc9fe06f02d00693
0009859302c12f03
0004099300090693
0007041300060913
0139093300058713
00d4202300178793
0921222301342223
0070069308f12023
eaf6da6300840413
07c1061300012503
02e12a23000a8593
6e0000ef03e12623
8c9fe06f00050463
0341270308412903
000b041302c12f03
07c10613e80ff06f
000b8513000a8593
8a1fe06f6b4000ef
d8dfe06f00000793
07c1061300012503
02e12a23000a8593
690000ef03e12623
879fe06f00050463
0341270308412903
000b041302c12f03
00600493e18ff06f
06412783971ff06f
0008079300f12823
800004b7bf5ff06f
02d0029300f4c4b3
02c12703b19ff06f
ccf71ae304500793
0020069300198713
00012503b11ff06f
000a859307c10613
01e1282302e12623
0005046361c000ef
06412603805fe06f
0801278308412583
01012f0302c12703
00064463000b0413
dc9ff06f985fe06f
0005069307b10513
0630081300a00613
0006879302c8e733
fff6869300088593
fee78fa303070713
feb842e302c8c8b3
ffe7871303088893
38a77863ff168fa3
0007460306e10693
0016869300170713
fea718e3fec68fa3
40f707b30f010713
02f12823f8f78793
00100793cf5ff06f
02d0079340e788b3
01812683cc1ff06f
0000061300048593
0000069300068513
03012a2302512c23
01e1282300e12a23
01012f03721060ef
0341280301412703
2605146303812283
00f8083306412783
419807b300f12823
ad5ff06f00f12a23
0000099305f14683
9cdfe06f00068463
000125039cdfe06f
000a859307c10613
03e1262302e12a23
000504634f4000ef
06412683edcfe06f
0341270308412903
000b041302c12f03
000f0913cccff06f
a19fe06f00000793
b40982e301c12783
0000029300078493
800004b7b407d4e3
02d0029300f4c4b3
00012503b39ff06f
000a859307c10613
01e1282302e12623
0005046348c000ef
06412683e74fe06f
0841290301412783
01012f0302c12703
40d786b3000b0413
00600993ca8ff06f
05f14683919ff06f
0009871300012823
00090f1300098493
0006846300000993
8f9fe06f8f9fe06f
18468693800156b7
01350833a24ff06f
800156b7961ff06f
b34ff06f18468693
19468693800156b7
fff00793ec5fe06f
e24fe06f00f12223
00f1282300197793
fff4c713b6079ce3
00e4f73341f75713
014127839b9ff06f
00e784b302012703
00f0486301012783
40f4883301012783
fff4c71300180493
00e4f73341f75713
985ff06f06700d13
0007041300040693
000d0f1301012703
00178793009585b3
0094222300d42023
08f1202308b12223
00f6c46300700693
00012503f08fe06f
000a859307c10613
01e1282302e12623
00050463364000ef
08412583d4cfe06f
02c1270308012783
000b041301012f03
01c12783ed4fe06f
05f146830a07c263
09a7c66304700793
fe8c8c9380015cb7
02012703fc8fe06f
00e784b306700d13
41f75713fff4c713
8ddff06f00e4f733
00e9883302012783
00f804b306600d13
41f75713fff4c713
8bdff06f00e4f733
00f4c4b3800004b7
0010099302d00293
00100793969ff06f
06f1222340e787b3
ffcff06f00f80833
19468693800156b7
800156b7b55ff06f
91dff06f19468693
fecc8c9380015cb7
02d00793f40fe06f
02d0069304f10fa3
800156b7f59ff06f
b69ff06f19468693
0007a98300812783
0009c86300478793
000d849300f12423
fff00993ac8fe06f
ff1ff06f00f12423
0010071300079a63
0010049306600d13
02012783819ff06f
0017881306600d13
fff4c713013804b3
00e4f73341f75713
00200793ff8ff06f
989ff06f02f12823
19468693800156b7
00050793e71ff06f
00060693d001a503
0007859300058613
b80101138ccfe06f
00e5d70300c59783
0005841346812c23
ffd58593000105b7
01c4230306442e03
0107171302442883
00e7e7b300b7f7b3
00f12a2340000813
0701079300810593
4721282346912a23
0005091346112e23
0261222307c12623
00f1242303112623
0101282300f12c23
0201202301012e23
00050493854fe0ef
0141578302055c63
000788630407f793
0407e79300c45783
47c1208300f41623
4701290347812403
4741248300048513
0000806748010113
0009051300810593
fc0500e3448010ef
fb9ff06ffff00493
fd0101130645a783
0211262301612823
00060b1301279713
008627830e075863
01312e2303212023
0171262301512a23
00062b8300058913
fff00a9300050993
028124230a078863
01412c2302912223
004bac0301812423
002c5a13000ba403
00000493060a0663
0044041300c0006f
00042583049a0c63
0009851300090613
001484936b9010ef
02812403ff5512e3
0201290302412483
01812a0301c12983
00c12b8301412a83
fff0051300812c03
000b242302c12083
01012b03000b2223
0000806703010113
ffcc7c13008b2783
00fb2423418787b3
f6079ce3008b8b93
0241248302812403
00812c0301812a03
01c1298302012903
00c12b8301412a83
fadff06f00000513
02c12083414010ef
000b2223000b2423
0301011301012b03
0086270300008067
ed5ff06f00070463
0000051300062223
f201011300008067
0b812c230d312623
0c112e230bb12623
0005899300a12023
00068c1300060d93
0345278300050663
00c9978358078ee3
0207466301279713
000026370649a703
00c7e7b3ffffe6b7
01079793fff68693
00d777334107d793
06e9a22300f99623
120708630087f713
120704630109a703
00a0071301a7f793
800157b712e78e63
0b712e230d212823
1a47879306010913
0c812c2380015bb7
0d4124230c912a23
0d6120230d512223
0ba128230b912a23
02012a2303212623
0009071302012823
0001222300012623
0100041300f12823
000dc783318b8b93
000d849310078663
2ed7866302500693
001484930014c783
41b48a33fe079ae3
034126830fb48663
01b7202303012783
0017879300da06b3
02d12a2301472223
0070061302f12823
02f6506300870713
000125032e0682e3
0009859302c10613
0a051863d89ff0ef
0041268300090713
014686b30004c783
0807886300d12223
020103a300148793
00000493fff00693
0580051300000c93
00178d930007c603
0ef56863fe060793
0027979301012583
0007a78300b787b3
0001250300078067
229010ef00098593
00c997834c051ee3
01a7f79300a00713
00e99783ece796e3
00012503ec07c2e3
000c06930dc12083
0b812c03000d8613
000985930ac12d83
0e0101130cc12983
034127834ed0006f
00c9d78342079ce3
0d4124830d812403
0d0129030407f793
0c412a830c812a03
0bc12b830c012b03
0b012d030b412c83
0dc12083460792e3
0cc1298300412503
0ac12d830b812c03
000080670e010113
fd06079300000493
000dc60300900813
009585b300249593
00b784b300159593
001d8d93fd060793
fe060793fef872e3
f6060ce3f0f57ce3
020103a302c10c23
00100b1300100a13
0000069303810a93
0301260300000f13
03412783084cff93
00058e1300160593
41448d33000f9663
0271458303a040e3
0271061302058a63
00c7202300178793
00c7222300100613
03c1282302f12a23
79c6426300700613
00870713000e0613
060f0063001e0e13
0027879302810613
0020061300c72023
02f12a2300c72223
0070061303c12823
100786e37bc65863
02c1061300012503
00d12a2300098593
b9dff0ef01f12423
03012603ec0512e3
0141268303412783
0009071300812f83
0800059300160e13
41668d3354bf8263
00fb07b363a04863
0167222301572023
03c1282302f12a23
51c6d46300700693
0001250306078863
0009859302c10613
e60514e3b41ff0ef
0009071303412783
00030663004cf313
05604e6341448b33
000a04930144d463
0097073300412703
66079e6300e12223
0009071302012823
010cec93d15ff06f
da5ff06f000d8793
d3b494e341b48a33
d79ff06f0004c783
004cf31302012823
41448b337c030063
000907137b605c63
0301260301000693
80015e372566d8e3
01000d13308e0e13
0180006f00700a93
0087071300260593
ff0b0b1300068613
01078793056d5c63
01c7202300160693
02f12a2301a72223
fcdadae302d12823
0001250342078a63
0009859302c10613
a65ff0ef01c12423
03012603d80516e3
03412783ff0b0b13
0009071300812e03
fb6d48e300160593
01c72023016787b3
02f12a2301672223
0070071302b12823
70078663f0b754e3
02c1061300012503
a15ff0ef00098593
03412783d2051ee3
010cf793ee9ff06f
004c0c13000c2603
040cf59310079a63
000592e300060793
0271450304064063
f7fcfc930406c863
16069ae304061463
00000b1300000a13
0005046300090a93
002cff13001a0a13
002a0a13d80f02e3
d79ff06f00200f13
02f103a302d00793
0006c46340c007b3
02d00513f7fcfc93
74f6646300900613
0ff7f79303078793
00068a1304f10fa3
00100a1300d04463
05f10a9300100b13
fa9ff06ffa0514e3
004c0c13000c2483
409004b3e604d0e3
000d8793004cec93
000dc603bf9ff06f
001d889302a00793
fd06079310f600e3
0000059300900693
0af6e4e300900813
002596930008c603
0016969300b686b3
fd06079300d785b3
fef872e300188893
7405c06300058693
badff06f00088d93
010cec93000c2603
00060793004c0c13
080cec93ef9ff06f
b85ff06f000d8793
02f103a302b00793
b75ff06f000d8793
000d8793001cec93
02714783b69ff06f
02000793da079ce3
000d879302f103a3
000c2783b51ff06f
004c0c13020103a3
00100a1302f10c23
03810a9300100b13
000c2783c45ff06f
004c0c13010ceb13
00100613020103a3
00000513000b0c93
f7fb7c93ec06c8e3
7406926356079263
001b7b135e061e63
03000793640b0263
000b0a1304f10fa3
e79ff06f05f10a93
010ceb13000c2783
020103a3004c0c13
000b0c9300000613
00090a93fa06dee3
030606130077f613
0037d793feca8fa3
fffa8a93000a8593
001cf793fe0794e3
0300079316078a63
ffe5859316f60663
40b90b33fefa8fa3
6166c66300068a13
e11ff06f00058a93
000c2783010cf613
00061a63004c0c13
00060663040cf613
0107d79301079793
f81ff06f000c8b13
02079063010cf793
00030c63040cf313
00412683000c2783
00d79023004c0c13
000c2783995ff06f
004c0c1300412683
981ff06f00d7a023
000d8793040cec93
010cf613a11ff06f
004c0c13000c2783
040cf61300061a63
0107979300060663
000c8b130107d793
000c2a83ec9ff06f
004c0c13020103a3
5606ca63620a8a63
0000059300068613
00e12a23000a8513
6ec010ef00d12423
0141270300812683
0005046300068b13
0271478341550b33
41fa5a13fffb4a13
00000693014b7a33
d0079ee300000f13
00008637aa5ff06f
02c1142383060613
0046061380015637
002cec93000c2783
00c12623004c0c13
000c8b13020103a3
e406d4e300200613
00c1258300090a93
fffa8a9300f7f613
0006460300c58633
00ca80230047d793
41590b33fe0792e3
cb66dce300068a13
cb1ff06f000b0a13
02e1282300100713
07512023000b0793
03612a2307612223
0087071300090713
00100593b19ff06f
0009071300000613
41448d33b9dff06f
01000593aba05ee3
800155b75da5d863
00b1242331858593
00700f1301000e13
002605130180006f
0005861300870713
07ae5263ff0d0d13
0107879300812503
00a7202300160593
02f12a2301c72223
fcbf58e302b12823
0001250316078063
0009859302c10613
dc4ff0ef00d12a23
030126038e0516e3
ff0d0d1301000e13
0141268303412783
0016051300090713
fbae42e300700f13
01a787b300812603
00c7202301a72223
02a1282302f12a23
38a6526300700613
000125034a078863
0009859302c10613
d64ff0ef00d12423
00812683880516e3
0341278303012603
0009071341668d33
9da05ce300160e13
0171242347a45463
0180006f00700e93
0087071300260e13
ff0d0d1300058613
0107879305a45a63
0177202300160593
02f12a2300872223
fcbedae302b12823
0001250306078063
0009859302c10613
80051ce3cf0ff0ef
ff0d0d1303012603
0009071303412783
00700e9300160e13
00812683fba44ae3
01a7222301a787b3
02f12a2300d72023
0070069303c12823
008707131dc6c863
939ff06f001e0e13
0000061300100e13
f71ff06f00090713
02c1061300012503
c84ff0ef00098593
fa8ff06f96050ce3
0000061300100513
e6dff06f00090713
0001250304078263
0009859302c10613
01f12a2300d12c23
c4cff0ef01e12423
03012603f6051a63
0181268303412783
00812f0301412f83
00160e1300090713
240f066384dff06f
06f1202302810793
06f1222300200793
0009071300100e13
00870713000e0613
881ff06f001e0e13
37a5546301000513
308e0e1380015e37
0070029301000e93
0026051301c0006f
0005861300870713
07aedc63ff0d0d13
0107879300160593
01d7222301c72023
02b1282302f12a23
08078263fcb2dae3
02c1061300012503
01c12e2300098593
01f12a2300d12c23
b8cff0ef01e12423
03012603ea051a63
ff0d0d1301000e93
01c12e0303412783
01412f8301812683
0009071300812f03
0070029300160513
01a787b3f9aec8e3
01a7222301c72023
02a1282302f12a23
0aa6426300700613
00150e1300870713
f18ff06f00050613
0010051300000613
f4dff06f00090713
000a04930144d463
009787b300412783
ffcff06f00f12223
00236c93f7fcf313
0010059300200613
002005932cb60e63
c45ff06facb61ae3
00012503c6078ce3
0009859302c10613
de051c63ad0ff0ef
0341278303012e03
001e0e1300090713
02012823f4cff06f
d30ff06f00090713
0000061300100e13
f20ff06f00090713
0001250316078263
0009859302c10613
01f12a2300d12c23
a7cff0ef01e12423
03012603da051263
0181268303412783
00812f0301412f83
00160e1300090713
00000a13e44ff06f
00090a9300000b13
00090a9388dff06f
00900e9300a00593
fffa8a9302b7f633
0306061300078e13
02b7d7b300ca8023
41590b33ffcee4e3
8566d8e300068a13
840516e3000b0a13
00000a1384dff06f
841ff06f00090a93
00150e1300870713
e78ff06f00050613
4106561301061613
ff4ff06f00060793
00100e1300000613
e50ff06f00090713
00058a93000b0a13
fff00693805ff06f
c6cff06f00088d93
00e12423000a8513
00812703b48fc0ef
aa9ff06f00050b13
ff078793800157b7
010cf59300f12623
004c0c13000c2783
040cf59300059a63
0107979300058663
001cf5930107d793
aa078ae3aa058ce3
02b1042303000593
020103a302c104a3
002cec93e406d8e3
800157b7aa9ff06f
00f1262300478793
02714703fadff06f
0271079308070063
0010079306f12023
00100e1306f12223
d2cff06f00090713
e2b610e300100593
0300079300000513
a71fb0eff80ff06f
00600793a64ff06f
02d7ea6300068b13
000b0a1380015837
ca0ff06f01880a93
31868693800156b7
c01ff06f00d12423
0000061300100e13
d48ff06f00090713
fcdff06f00600b13
00100e1300000613
cc8ff06f00090713
02c1061300012503
894ff0ef00098593
80015e37bbcff06f
308e0e1300058513
00088d93d2dff06f
b2cff06f00000693
0016059380015e37
e24ff06f308e0e13
edcff06f03000793
3186061380015637
00c12423000e0513
fff00793ab1ff06f
b98ff06f00f12223
004c0c13000c2683
00088d930006c863
ad4ff06f000d8793
00088d93fff00693
00000513ff1ff06f
00050793e80ff06f
00060693d001a503
0007859300058613
b8010113934ff06f
00e5d70300c59783
0005841346812c23
ffd58593000105b7
01c4230306442e03
0107171302442883
00e7e7b300b7f7b3
00f12a2340000813
0701079300810593
4721282346912a23
0005091346112e23
0261222307c12623
00f1242303112623
0101282300f12c23
0201202301012e23
000504938bcff0ef
0141578302055c63
000788630407f793
0407e79300c45783
47c1208300f41623
4701290347812403
4741248300048513
0000806748010113
0009051300810593
fc0500e3370000ef
fb9ff06ffff00493
00112623ff010113
0205886301212023
0091222300812423
0005049300058413
0345278300050663
00c417830c078c63
0081240302079263
00c1208300412483
0009051300000913
0101011300012903
0004059300008067
0b8000ef00048513
0005091302c42783
01c4258300078a63
000780e700048513
00c4578306054463
060796630807f793
00058c6303042583
00f5866304040793
bc4fc0ef00048513
0444258302042823
0004851300058863
04042223bb0fc0ef
00041623809fb0ef
00c12083805fb0ef
0041248300812403
0001290300090513
0000806701010113
fff0091300c45783
f8078ee30807f793
0004851301042583
f8dff06fb68fc0ef
f29ff06ff9cfb0ef
d001a50300050593
00c59703ef1ff06f
00812c23fe010113
00112e2301312623
0005841300877793
1207906300050993
80078793000017b7
00f767b30045a683
18d0526300f59623
0e08046302842803
0137169300912a23
0009a0230009a483
1606ce6301c42583
0010069300000613
000800e700098513
00050613fff00793
00c417831af50463
01c4258302842803
00078e630047f793
0304278300442703
0007866340e60633
40f6063303c42783
0009851300000693
fff00793000800e7
0009a68312f51463
00c4170301d00793
204007b716d7ea63
00d7d7b300178793
160780630017f793
fffff7b701042603
00f777b37ff78793
0004222300f41623
0137179300c42023
100682630007d463
0099a02303042583
0404079310058463
0009851300f58663
01412483a30fc0ef
0000051302042823
0181240301c12083
0201011300c12983
0121282300008067
080902630105a903
0005a48300912a23
0125a02300377713
00000793412484b3
0145a78300071463
0090486300f42423
00a909330540006f
0244278304905663
0004869301c42583
0009851300090613
40a484b3000780e7
00c41703fca04ee3
0407671301012903
00e4162301412483
f75ff06ffff00513
e6d04ee303c5a683
01412483f65ff06f
f59ff06f01012903
eadff06f05042603
0104268300c41703
7ff78793fffff7b7
00f4162300f777b3
00d4202300042223
f007d2e301371793
04a4282303042583
f00590e30099a023
f11ff06f01412483
e4078ce30009a783
00e78c6301d00713
00e7886301600713
0407671300c41703
0099a023f71ff06f
ee1ff06f01412483
00812c23fe010113
0005041300112e23
0345278300050663
00c5978302078a63
01c1208300079c63
0000051301812403
0000806702010113
0181240300040513
0201011301c12083
00b12623d6dff06f
00c12583cecfb0ef
06050063fc5ff06f
d001a50300050593
0345278300050663
00c5978300078c63
0000051300079663
d31ff06f00008067
00b12623fe010113
00112e2300a12423
00c12583ca4fb0ef
00c5978300812503
01c1208302079863
0201011300000513
8001563700008067
800155378000e5b7
ac8585936a460613
cc4fb06f6b050513
0201011301c12083
00862783cd5ff06f
00c596832c078463
02812423fd010113
0161282301412c23
0086f79302112623
00050a1300060b13
08078e6300058413
08078a630105a783
0321202302912223
01512a2301312e23
000b24830026f793
024427830a078463
80000ab701c42583
0000091300000993
00098613c00a8a93
04090263000a0513
012af46300090693
000780e7000a8693
008b278346a05063
40a9093300a989b3
00fb242340a787b3
024427831a078663
0009861301c42583
fc0912e3000a0513
0044a9030004a983
fa9ff06f00848493
000a051300040593
1c051c63714000ef
0291222300c41683
01312e2303212023
0026f79301512a23
f60790e3000b2483
0181242301712623
1c0796630016f793
0084270300042783
0191222380000ab7
0000099300000b93
00078513fffa8a93
1009826300070c13
280608632006f613
32e9e66300070c93
08070a634806f713
0104258301442603
00c7073300161713
01f75c1340b78933
0019079300ec0c33
013787b3401c5c13
00fc7663000c0613
0007861300078c13
30068e634006f693
000a051300060593
00050c9398cfc0ef
0104258334050c63
469000ef00090613
b7f7f79300c45783
00f416230807e793
412c07b3012c8533
01842a2301942823
00098c1300a42023
00098c9300f42423
000b8593000c8613
00842703321000ef
0009891300042783
019787b341870733
00f4202300e42423
008b278300000993
412787b3012b8bb3
0207866300fb2423
0084270300042783
0007851300c41683
f00992e300070c13
0044a9830004ab83
ee9ff06f00848493
00812c0300c12b83
02c1208300412c83
0241248302812403
01c1298302012903
01812a0301412a83
0000051301012b03
0000806703010113
000a051300040593
0a050e63c99ff0ef
00c12b8300c41783
0241248300812c03
01c1298302012903
0407e79301412a83
02c1208300f41623
01812a0302812403
fff0051301012b03
0000806703010113
0000806700000513
0000051300000a93
0000099300000c13
08050a6308098263
00098b93000a8793
00078b930137f463
0104278300042503
0144268300842903
00d9093300a7f663
16dbc06309794463
01c4258302442783
000a0513000c0613
00050913000780e7
412a8ab3f4a05ce3
f20a8ee300100513
012c0c33008b2783
412787b3412989b3
f80796e300fb2423
00812c0300c12b83
0044a983eedff06f
0084849300048793
0007ac03fe098ae3
00a0059300098613
73c000ef000c0513
0015051314050a63
f55ff06f41850ab3
00090613000c0593
00042783161000ef
000a051300040593
00f42023012787b3
f6050ce3b61ff0ef
01042683ec9ff06f
0144260304f6e263
0009879302c9ee63
000a8793013af463
0244270302c7e6b3
000b861301c42583
40d786b3000a0513
00050913000700e7
412989b304a05a63
00070913dfdff06f
0009891300e9f463
0009061300078513
0dd000ef000b8593
0004278300842703
012787b341270733
00f4202300e42423
00040593fc0712e3
acdff0ef000a0513
00c41783fa050ae3
00812c0300c12b83
e31ff06f00412c83
00098c9300098c13
000b8613d69ff06f
085000ef000c0593
0004278300842703
41770733000b8913
00e42423017787b3
e99ff06f00f42023
6f8030ef000a0513
d00516e300050c93
000a051301042583
00c41783b61fb0ef
00c12b8300c00713
00412c8300812c03
f7f7f79300ea2023
00198793dbdff06f
e09ff06f00078a93
da9ff06f00c41783
00c4178300c00713
00812c0300c12b83
00ea202300412c83
fe010113d8dff06f
00112e2300812c23
0005066300050413
0607806303452783
fff7879300862783
0007dc6300f62423
02e7ca6301862703
00a007130ff5f793
0006278302e78463
001787130ff5f513
00b7802300e62023
0181240301c12083
0000806702010113
0181240300040513
0201011301c12083
00c126230c00006f
ec9fa0ef00b12423
0081258300c12603
fe010113f91ff06f
d001a90301212a23
00112e2300912c23
0009066300050493
0607886303492783
fff787930085a783
0007dc6300f5a423
02e7cc630185a703
00a007130ff4f793
0005a78302e78663
001787130ff4f513
0097802300e5a023
0181248301c12083
0201011301412903
01c1208300008067
0009051300058613
0141290300048593
0201011301812483
000905130180006f
e21fa0ef00b12623
f85ff06f00c12583
00812c23fe010113
0121282300912a23
0005091300112e23
0006041300058493
0345278300050663
0184278316078063
00f4242300c41703
0807806300877793
06078c6301042783
0127169301312623
0ff4f4930ff4f993
000427030806d863
40f707b301442683
008426830ad7d863
00c4202300170613
00d42423fff68693
0144270301370023
0cf7026300178793
0017f79300c45783
00c129830c079a63
0181240301c12083
0004851301012903
0201011301412483
0004059300008067
0e0000ef00090513
00c4170308051e63
0104278301312623
0ff4f99301271693
f606cce30ff4f493
ffffe63706442683
00b76733000025b7
00c6f6b3fff60613
0004270300e41623
0144268306d42223
f4d7cce340f707b3
0009051300040593
02051e63fb8ff0ef
0084268300042703
0017061300100793
00c42023fff68693
0137002300d42423
f4f712e301442703
0009051300040593
f40500e3f80ff0ef
fff0049300c12983
00a00793f39ff06f
00040593f2f496e3
f5cff0ef00090513
fddff06ff0050ee3
ea1ff06fc8dfa0ef
d001a50300050793
0007859300058613
d001a783e61ff06f
00812423ff010113
0011262300912223
0005841300050493
0347a70300078663
00c417830e070c63
06070a630087f713
0807066301042703
020688630017f693
0004242301442683
40d006b300000513
02070a6300d42c23
0081240300c12083
0101011300412483
0027f69300008067
0006946300000613
00c4242301442603
fc071ae300000513
fc0706e30807f713
00f416230407e793
fbdff06ffff00513
080700630107f713
02071c630047f713
0087e79301042703
f6071ee300f41623
200006132807f693
00040593f6c688e3
189030ef00048513
0104270300c41783
03042583f59ff06f
0404071300058e63
0004851300e58863
00c41783f38fb0ef
0104270302042823
00042223fdb7f793
fa1ff06f00e42023
b51fa0ef00078513
00900713f05ff06f
0407e79300e4a023
fff0051300f41623
fe010113f21ff06f
00912a2300812c23
00112e2301212823
0005849300050913
2c0000ef00060413
00f51c6300100793
0fe00713fff48793
0091062300f76663
05c406930240006f
00c1059300048613
7d0030ef00090513
08f50463fff00793
0084278302050c63
fff7879300c14583
0007da6300f42423
02e7cc6301842703
02f5886300a00793
0017871300042783
00b7802300e42023
0181240301c12083
0004851301012903
0201011301412483
0004061300008067
c65ff0ef00090513
fcf51ae3fff00793
01c12083fff00513
0141248301812403
0201011301012903
00c4578300008067
0407e793fff00513
fd9ff06f00f41623
0127971300c61783
0646270302074063
00d7e7b3000026b7
00d76733000026b7
06e6222300f61623
fe010113ee5ff06f
d001a40300812c23
0005861300112e23
0004066300050593
0407806303442783
0127971300c61783
0646270302074063
00d7e7b3000026b7
00d76733000026b7
06e6222300f61623
0181240300040513
0201011301c12083
00a12423e85ff06f
00c1262300040513
00c126039a5fa0ef
fadff06f00812583
0ff5f69300357793
fff6079302078a63
fff0061302060e63
001505130180006f
00070e6300357713
02c78063fff78793
fed714e300054703
0006079300008067
00f7686300300713
0000051306079063
0ff5f59300008067
00b705b300859713
feff08b701059713
00e585b380808837
08080813eff88893
0100006f00300313
00450513ffc78793
00052703fcf370e3
0117063300e5c733
00e67733fff74713
fc070ee301077733
00c0006f00f507b3
f8a78ce300150513
fed71ae300054703
ff01011300008067
0091222300112623
800155b702060e63
0006051332c58593
0006041300812423
800154b7408000ef
0081240302051263
00c1208332848513
0101011300412483
800154b700008067
32848593fe9ff06f
3d4000ef00040513
800155b7fc050ae3
00040513b1c58593
fc0500e33c0000ef
0000051300812403
c501c503fbdff06f
ff01011300008067
0091222300112623
0081242302058e63
800155b700058413
0004051332c58593
800154b7380000ef
0081240302051263
00c1208332848513
0101011300412483
800154b700008067
32848593fe9ff06f
34c000ef00040513
800155b7fc050ae3
00040513b1c58593
fc0500e3338000ef
0000051300812403
0f050513fbdff06f
c181851300008067
c181851300008067
ff01011300008067
0091222300812423
0005851300050413
d201a42300112623
fff00793a61f20ef
00c1208300f50c63
0041248300812403
0000806701010113
fe0784e3d281a783
00f4202300c12083
0041248300812403
0000806701010113
00c5873302a5f663
00c507b302e57263
fff7468304060663
fff70713fff78793
fef518e300d78023
00f0079300008067
0005079302c7e863
0c060263fff60693
00d786b300168693
001787930005c703
fee78fa300158593
00008067fed798e3
0037f79300b567b3
ff06089308079663
01088893ff08f893
00058713011506b3
0007280300050793
0107879301070713
ff472803ff07a823
ff872803ff07aa23
ffc72803ff07ac23
fcd79ce3ff07ae23
011585b300c67813
0408046300f67713
ffc87813ffc70813
010687b300480813
0007288300058713
0047071300468693
fef698e3ff16ae23
010585b300367613
fff60693f49ff06f
f45ff06f00050793
0007061300008067
00a5c7b3f31ff06f
00c508b30037f793
0030079306079463
0035779306c7f063
06079a6300050713
40e606b3ffc8f613
08d7ce6302000793
0007079300058693
0006a80302c77863
0046869300478793
fec7e8e3ff07ae23
40e787b3fff60793
00478793ffc7f793
00f585b300f70733
0000806701176863
0515786300050713
001707130005c783
fef70fa300158593
00008067fee898e3
001707130005c683
fed70fa300377793
f6078ee300158593
001707130005c683
fed70fa300377793
fc079ae300158593
00008067f61ff06f
00812623ff010113
0005a38302000413
0085af830045a283
0105ae8300c5af03
0185a3030145ae03
0205a68301c5a803
40e607b302470713
fe572023fc772e23
ffe72423fff72223
ffc72823ffd72623
ff072c23fe672a23
02458593fed72e23
00058693faf446e3
02c7786300070793
004787930006a803
ff07ae2300468693
fff60793fec7e8e3
ffc7f79340e787b3
00f7073300478793
0117686300f585b3
0101011300c12403
0005c78300008067
0015859300170713
fee882e3fef70fa3
001707130005c783
fef70fa300158593
fcdff06ffce89ee3
fff0039300b56733
1007106300377713
f7f787937f7f87b7
0005a68300052603
00f6633300f672b3
0062e2b300f282b3
08d6166310729263
0045a68300452603
00f6633300f672b3
0062e2b300f282b3
06d616630c729e63
0085a68300852603
00f6633300f672b3
0062e2b300f282b3
04d616630c729863
00c5a68300c52603
00f6633300f672b3
0062e2b300f282b3
02d616630c729263
0105a68301052603
00f6633300f672b3
0062e2b300f282b3
014505130a729c63
f4d60ee301458593
0106979301061713
0106571300f71e63
40f705330106d793
020590630ff57593
0107571300008067
40f705330107d793
000594630ff57593
0ff7771300008067
40f705330ff7f793
0005460300008067
001505130005c683
00d6146300158593
40d60533fe0616e3
0045051300008067
fcd61ce300458593
0000806700000513
0085859300850513
00000513fcd612e3
00c5051300008067
fad618e300c58593
0000806700000513
0105859301050513
00000513f8d61ee3
fe01011300008067
0105278300912a23
00112e230105a483
fff484931c97c063
00812c2300249313
0131262301458413
006409b301412423
0009a78301450a13
00032703006a0333
0151222301212823
02f7593300178793
0af76a6300050a93
0004089300010537
00000e93000a0813
fff5051300000693
00082e030008a703
00a7763300480813
00ae77b301075713
00488893010e5e13
0327073303260633
00a67eb301d60633
0106561341d787b3
4107d69300d787b3
00c7073300a7f7b3
40c686b300a77633
0106961301c686b3
fef82e2300c7e7b3
4106d69301075e93
00032783f919fce3
ffc3031302079463
0180006f006a6863
006a7863fff48493
ffc3031300032783
009aa823fe0788e3
1c4020ef000a8513
0001053708054c63
00000713000a0593
0005a683fff50513
0045859300042603
00a6783300a6f7b3
00e787b3410787b3
010656134107d713
40c707330106d693
0107169300d70733
00d7e7b300a7f7b3
fef5ae2300440413
fa89fce341075713
00fa07b300249793
020714630007a703
00fa6863ffc78793
fff484930180006f
0007a70300fa7863
fe0708e3ffc78793
00190913009aa823
01c1208301812403
00812a0300c12983
0141248300412a83
0101290300090513
0000806702010113
0141248301c12083
0201011300000513
0385230300008067
0a812c23f4010113
0b2128230a912a23
09b126230b512223
0b3126230a112e23
00f12a2300e12e23
02b1262301112823
0005041300c12423
0006049300058d93
0008091300068a93
03c5270302030263
0003059300100793
00e3222300e797b3
6c0010ef00f32423
0004899302042c23
0004dc6300000693
0014d79300149493
0007899300f12423
7ff0073700100693
00e9f6b300d92023
0081248360e68863
00000613000d8513
0000069300048593
0291222303b12023
04051a63208040ef
0010079301412703
0101270300f72023
800157b700070863
00f72023bd178793
bd098993800159b7
0b8124030bc12083
0b0129030b412483
08c12d830a412a83
0ac1298300098513
000080670c010113
0781071300048613
000d859307c10693
0b41242300040513
09712e230b612023
09912a2309812c23
0149d91309a12823
000504933e4020ef
07812b835a091263
0200079307c12903
43290713012b8933
0400079332e7d0e3
4129051340e787b3
00add53300f997b3
b1df90ef00a7e533
00100693fe1007b7
00b787b300050713
04d12423fff90913
cb41a683cb01a603
0007859300070513
cb81a60307d040ef
198040efcbc1a683
cc41a683cc01a603
00050a13039030ef
0005899300090513
cc81a603234050ef
170040efccc1a683
0005869300050613
00098593000a0513
00050b13009030ef
184050ef00058993
0009859300050a13
00000613000b0513
909f90ef00000693
000a051302055063
000b06131e4050ef
094040ef00098693
40aa0a3300a03533
01600793412b8933
1d47e8e3fff90b13
003a179380015737
00e787b33d870713
0047a6830007a603
0241258302012503
1e055ae38b5f90ef
02012e23fffa0a13
480b4c6300012c23
018127834a0a5463
414787b303412423
414007b300f12c23
0090079302f12c23
4957ec6300000a13
1f57d0e300500793
00300793ffca8a93
62fa88e300000913
004007935f57d0e3
0010079352fa90e3
01c1260302f12823
04c1262360c052e3
0170069300060c13
0040079300100713
2f80106f00c6c463
0147869300179793
0017071300070593
02b42e23fed678e3
35c010ef00040513
0005146300050993
02a42c232b00106f
4f87e66300e00793
028126834e090463
00f6f7935ed05ae3
3d87071380015737
4046dc9300379793
010cf69300e787b3
0047a7030007a803
800157b7520688e3
4ec7a6834e87a603
0241258302012503
0501202304e12823
04012803f11f80ef
00fcfc9305012703
00058d1300050313
040c8c6300300913
0481202380015bb7
000904134c8b8b93
0003091300070593
00078e63001cf793
004ba683000ba603
0014041300080513
0005081377d030ef
008b8b93401cdc93
00090313fc0c9ce3
0401240300040913
0007069300058713
0003051300080613
e8df80ef000d0593
0005879300050713
0206886303c12683
ca41a683ca01a603
0007859300070513
04f1202304e12823
04012783eecf90ef
0005546305012703
000905130100106f
04e1202306f12023
040127037b5040ef
0007061306012783
04e1282300078693
6e1030ef04f12023
cdc1a683cd81a603
fcc006b7580030ef
0501270304012783
00b68bb300050c93
02812683320c0e63
06d1242307812023
0007859300070513
04f1202304e12823
060127836d1040ef
0005091380015637
00369693fff78693
00d786b33d860793
06f126230046a803
05012e230006a783
04f12c2307912223
0501270371d040ef
0005061304012783
0007051300058693
520040ef00078593
00198d1303012703
05a1202303090313
0ff3731300050c93
ce81a5035a0704e3
05c1268305812603
cec1a58304b12023
d55f80ef04612823
000b869306412603
040128834dc040ef
000c861305012303
0069802300088693
00058b9300050913
04012883cb4f90ef
7850006f00a05463
ca41a803ca01a783
04f1282305412c23
cd41a80305012a23
07612223cd01a783
04f1202307812623
06012c0300000793
00078b1305012223
00088a1307512023
001b0b130900006f
7850006f018b4463
0441268304012603
000b859300090513
04012603575030ef
0005091304412683
000c851300058b93
559030ef000a0593
00050a9300058c93
00050a13581040ef
000506135fd040ef
000a851300058693
408040ef000c8593
00090613030a0793
00fd0023000b8693
00050c93001d0d13
ce0f90ef00058a13
6b50006f00055463
0541258305012503
000a0693000c8613
000906133cc040ef
cb8f90ef000b8693
06812783f4055ae3
00178c13000d0b93
0080006f03900613
fffbc683657986e3
fffb8b93000b8d13
00168693fec688e3
00db80230ff6f693
4d00006f000c0d93
0000273701412683
70f7071300c99793
00e6a02300c7d793
0a07806301b7e7b3
800159b701012783
a0078ae334098993
34378793800157b7
00f7202301012703
02412783a01ff06f
07812b833ff006b7
00c7d79300c79793
00d7e7b302012703
04012423c0190913
00100793a89ff06f
00f12c23412787b3
b60a40e300000b13
02012c2303412423
014b0b3300900793
00100793b757f8e3
00000a9300100913
fff00c1302f12823
02042e2300012e23
0000059305812623
01012783bb1ff06f
33498993800159b7
800157b796078ce3
f65ff06f33c78793
06f1202300090513
479040ef04e12023
0601278304012703
0007869300070613
04f1202304e12823
cd81a6033a5030ef
244030efcdc1a683
0501270304012783
00050c93fcc006b7
ce01a60300b68bb3
00070513ce41a683
248040ef00078593
000b8693000c8613
0005891300050d13
4ea042e3a2cf90ef
0177c7b3800007b7
000d0513000c8613
0009059300078693
06054863b0cf90ef
1807ce6307c12783
00e0071302812683
0281278318d74863
3d87071380015737
00e787b300379793
0047aa830007aa03
0407d86301c12783
020c186305804663
ce41a683ce01a603
000a8593000a0513
000506132e5030ef
0201250300058693
aa0f90ef02412583
00098d1344a04ce3
0000091302012023
fff7cd9301c12783
001987936940006f
02012b0304f12023
000a061302412903
000b0513000a8693
9d5f80ef00090593
00050d132c1040ef
000a061333d040ef
279030ef000a8693
0005869300050613
00090593000b0513
030d079313c040ef
0010061300f98023
0005071304012b83
0ccc0ce300058693
cd41a803cd01a783
00f1242300100d93
0600006f01012623
000a8693000a0613
00090593000b0513
24d040ef961f80ef
2c9040ef00050d13
000a8693000a0613
00058693205030ef
0009059300050613
0c8040ef000b0513
030d0793001b8b93
fefb8fa3001d8d93
0005869300050713
0081260307bc02e3
00c1268300068593
1c1030ef00070513
0000069300000613
0005891300050b13
f6051ee3121030ef
000b8d1302812783
1c00006f00178d93
2607166303012703
01812c8303812b83
0000091302012823
03605063020c8263
679b4463000c8793
40fc8cb301812703
40f7073340fb0b33
0381278300e12c23
0301278302078263
060b9ce300078463
0004859303812603
3f4010ef00040513
0010059300050493
100010ef00040513
500a1c6302a12023
5557dc6300100793
01f7f793016787b3
020007131e078063
0040069340f70733
01c0071358e6d463
0181270340f707b3
00fb0b3300fc8cb3
00e12c2300f70733
14f0406301812783
0201258301605c63
00040513000b0613
02a120234d0010ef
12079c6303c12783
0301278345805463
0281278326079063
02012a8300178d93
0200006f00100a13
0000069300048593
0004051300a00613
00050493481000ef
000a8593001a0a13
b38ff0ef00048513
014987b303050b93
fd8a46e3ff778fa3
5580446300100a13
00000a9301498a33
0010061300048593
44c010ef00040513
0005049302012583
4ea05e635d0010ef
0080006f03900693
fffa47835f498a63
fffa0a13000a0d13
00178793fed788e3
0201258300fa0023
3d9000ef00040513
000a8a6302090263
000a8593012a8863
3c1000ef00040513
0004051300090593
000485933b5000ef
3a9000ef00040513
000d002301412783
0101278301b7a023
01a7a02300078463
0a012b030a812a03
09812c0309c12b83
09012d0309412c83
00048593d38ff06f
0004051300078613
00050493398010ef
02012583eb1ff06f
514010ef00048513
02812783ec0550e3
0000069300048593
0004051300a00613
355000effff78b13
0005049303012783
04c12c030c079e63
02812d8315805ae3
00100793e9dff06f
e5cff06f02f12e23
e39ff06f01c00793
4d57546300100713
fffc0b9303812783
41778bb34177ca63
41878cb301812783
001005930e0c50e3
6d1000ef00040513
d75ff06f00050913
00012c2302012e23
00100793ad2040e3
00f12c23412787b3
aadff06f00000b13
00fd953340e787b3
00300793cf4ff06f
44fa8c6300100913
00200793e357c663
02042e2314fa8ce3
0004051300000593
000509931c1000ef
0010079310050ce3
fff0079302f12823
04f1262302a42c23
00012e23fff00c13
00090593b41ff06f
00a0061300000693
25d000ef00040513
0005091304c12c03
03612423098056e3
0009059301905c63
00040513000c8613
00050913248010ef
500a1e6300090b13
fff98d1302c12783
01312c2300098c93
0017f79302012983
00f12423018d0d33
0009859301b12e23
8c8ff0ef00048513
0009059300050c13
38c010ef00048513
000b061300050a13
0004051300098593
00c527033d0010ef
00050d93030c0b93
0005059308071c63
35c010ef00048513
000d859300050713
00070d9300040513
015de6b3185000ef
008127830e069a63
760a426374078a63
001c8a13017c8023
00048593679d0463
00a0061300000693
175000ef00040513
0000069300050493
0009059300a00613
09690e6300040513
000b0593159000ef
0000069300050913
0004051300a00613
00050b13141000ef
f31ff06f000a0c93
0004051300050593
01c12d8301812983
000a4a630fd000ef
015a6a33001df713
06071e6301476733
0010061300048593
10c010ef00040513
0005049302012583
24a05863290010ef
24eb8c6303900713
02812783031c0b93
001c8d1300090a93
00178d93017c8023
cc1ff06f000b0913
000509130c1000ef
000a0c9300050b13
720a4463eadff06f
015a6a3300812783
700a0c630147ea33
01812983f1b054e3
20eb806303900713
001b879302812703
001c8d1300090a93
00fc802300170d93
c69ff06f000b0913
bb57dce300200793
9a0c12e300098d13
0000069302012583
0004051300500613
00050593049000ef
0004851302a12023
96a05ee31d8010ef
00f9802303100793
00198d1302812783
0201258300178d93
001d8d9300040513
c20916e37ec000ef
00050593c35ff06f
00040513000a0613
001007936b9000ef
1157de6302a12023
0201270300000a13
0037879301072783
00f707b300279793
251000ef0047a503
40a787b302000793
02c12783ab1ff06f
0081278304079063
02079a6300c79793
0000079300812683
7ff777130146d713
0181278300070c63
00178793001b0b13
0010079300f12c23
00078a13540a1c63
a65ff06f00100793
03c00713a8d70ce3
a79ff06f40f707b3
00500a9300100793
01c1278302f12823
00e787b302812703
04f1262300178c13
ad804c63000c0613
ad0ff06f00100613
001bf79300051663
03000693b00790e3
000a0d13fffa4783
fed78ae3fffa0a13
000c0a13b0dff06f
000b0793ab9ff06f
03812783999ff06f
03712c2301812703
00fa0a3340fb87b3
00070c93018707b3
00f12c23018b0b33
bd9ff06f00000b93
ee0792e302c12783
00c7979300812783
f15ff06fec079ce3
02412d0302012303
b00ff06f00200913
0201282300200a93
dc0510e3a2cff06f
da0716e3001bf713
03900793db5ff06f
0281278300fc8023
001c8a1300090a93
000b091300178d93
00100793a49ff06f
00f12e2300100c13
02012823e6cff06f
04812703f05ff06f
0181270330070463
00fb0b3343378793
03812b8300f707b3
00f12c2300070c93
03100793b35ff06f
001d8d9300f98023
02812783a1dff06f
40f00bb330078863
8001573700fbf793
003797933d870713
0007a60300e787b3
020125030047a683
404bdb9302412583
00058d131ec030ef
00200913420b8863
0481202380015cb7
000904134c8c8c93
0000061300050713
001bf69300050913
000ca60302068063
00070513004ca683
1a8030ef00140413
0010061300050713
008c8c93401bdb93
00090513fc0b9ae3
0004091300058793
a406126304012403
000d079300050713
00068593a38ff06f
0007051300070613
02812783011020ef
000a8693000a0613
00050b1300178d93
000d8c1300058913
c6a04663815f80ef
00090593000b0513
000a8693000a0613
000516630a0030ef
c40d1663001d7d13
941ff06f000b8d13
0004051300492583
00050a13430000ef
0109260336050063
00c5051300c90593
0026161300260613
00100613895fe0ef
00040513000a0593
00050b134e9000ef
00090593aa9ff06f
00040513000b8613
00048613381000ef
0005091300050593
139000ef00040513
0004859300050793
0007849300040513
03812783474000ef
02f12c23417787b3
f44ff06ff4078e63
05c1268305812603
04b1282306412503
02612823000b8593
0301230306c030ef
0010069306012783
04a1242300698023
0005891305012883
26d78c6300f98bb3
cd41a803cd01a783
02f1282304912823
0681202303012a23
00088593000c8513
0341268303012603
018030ef001d0d13
0005049300058413
00050c93040040ef
000506130bc040ef
0004851300058693
030c8c9300040593
ff9d0fa36c4030ef
05012483fdab90e3
00050c9306012403
ce81a60300058893
04812503cec1a683
0311282300090593
03012883668020ef
00088693000c8613
18054c63f7cf80ef
ce81a50304812603
00090693cec1a583
0301288366c030ef
00088693000c8613
10a04c63e54f80ef
de07c66307c12783
00e0079302812703
02812783dee7c063
0037979306c12703
0007aa0300f707b3
ca8ff06f0047aa83
0181268307812703
40e787b303600793
00f687b300fb0b33
00068c9303812b83
829ff06f00f12c23
00090a9302812783
00178d9301812983
ec4ff06f000b0913
0241278302012703
fc5fe06f00200913
04c12d03b20c0863
00078593bda05063
cd41a68302812783
fff78793cd01a603
06f1242300070513
000507136d5020ef
04e1282300190513
779030ef04b12023
0401278305012703
0007869300070613
cd81a6036ad020ef
54c020efcdc1a683
04012783fcc006b7
00050c9305012703
07a1202300b68bb3
03100693fd9fe06f
9c8ff06f001c0c13
0000091302012023
03000613a39ff06f
000b8d13fffbc783
fec78ae3fffb8b93
00178d9306812783
03900713e74ff06f
baeb88e301812983
959ff06f95404ce3
951ff06f01812983
a41ff06f00078a13
018787b300078c93
00f12c23018b0b33
06812783f14ff06f
934ff06f00178c13
06412b0305812a03
06012a8306c12c03
00200793ac0ff06f
02812d830157c863
d40ff06f04c12c03
0361242304c12c03
04012b83971ff06f
00200793dfdff06f
04c12c03ff57c4e3
f6cff06f03612423
0005879300050713
e6dfe06f00200913
80015537800156b7
0000061334468693
358505132ef00593
0181298349d010ef
8a1ff06f87b04ce3
80015537800156b7
0000061334468693
358505131af00593
02042e23475010ef
d1dfe06f00000593
cd9fe06f02012823
00078067c0c1a783
0406026302058063
0006478304068863
0006450300f5a023
0000806700a03533
00c10593ff010113
02068a6302060463
00f5a02300064783
00a0353300064503
0000806701010113
0000806700000513
fedff06f00000513
00008067ffe00513
fddff06fffe00513
ff01011304452783
0091222300812423
0005041300112623
02078c6300058493
00e787b300249713
040504630007a503
00e7a02300052703
0005262300052823
0081240300c12083
0101011300412483
0210061300008067
3f9010ef00400593
0005079304a42223
00000513fa051ce3
01212023fd1ff06f
0099193300100913
0026161300590613
0004051300100593
00050a633c5010ef
0095222301252423
f95ff06f00012903
0000051300012903
02058063f91ff06f
044527830045a703
00e787b300271713
00e5a0230007a703
0000806700b7a023
00912a23fe010113
000103370105a483
0121282300812c23
00112e2301312623
0005099300058913
0145881300068413
fff3031300000893
0048081300082783
0067f73300188893
0107d69302c70733
008707b302c686b3
0067f7b30107d713
0106971300e686b3
fef82e2300f707b3
fc98c2e30106d413
0089278302040263
0044879302f4de63
00f907b300279793
001484930087a223
01c1208300992823
0141248301812403
0009051300c12983
0201011301012903
0049258300008067
0141242300098513
e5dff0ef00158593
04050e6300050a13
00c9059301092603
0026061300c50513
ac0fe0ef00261613
0449a78300492703
00e787b300271713
00e920230007a703
004487930127a023
00279793000a0913
00812a0300f907b3
0087a22300148493
f71ff06f00992823
80015537800156b7
0000061334468693
390505130ba00593
fe0101131cd010ef
00912a2300812c23
0131262301212823
0006899301412423
0086869300900793
02f6c6b300112e23
0005841300050913
0007049300060a13
001007930d37da63
0017979300000593
fed7cce300158593
d85ff0ef00090513
0a050c6300050593
00f5282300100793
0090079300952a23
015122230947d863
000a849300940a93
0004c68301440433
0009051300a00613
e1dff0effd068693
0005059300148493
ff8a0413fe8492e3
00412a83008a8433
414989b3033a5663
00044683013409b3
0009051300a00613
de5ff0effd068693
0005059300140413
01c12083ff3412e3
0141248301812403
00c1298301012903
0005851300812a03
0000806702010113
00900a1300a40413
00000593fa9ff06f
800156b7f41ff06f
3446869380015537
0d30059300000613
0151222339050513
00050793095010ef
0000051300010737
0107979300e7f663
0100073701000513
0085051300e7f663
1000073700879793
0045051300e7f663
4000073700479793
fff7c79300e7ea63
00f5053301f7d793
0027979300008067
001797130007ca63
0200051300074a63
0025051300008067
0035051300008067
0005278300008067
0077f69300050713
0017f69302068463
04069e6300000513
0a0688630027f693
00f720230017d793
0000806700100513
0106d69301079693
06068e6300000513
060680630ff7f693
0406826300f7f693
020684630037f693
00069c630017f693
001505130017d793
0200051300079663
00f7202300008067
0027d79300008067
002505130017f693
fd5ff06ffe0696e3
0037f6930047d793
fa069ee300450513
0087d793fddff06f
0085051300f7f693
fddff06ffa0690e3
0ff7f6930107d793
f80692e301000513
0027d793fddff06f
0020051300f72023
0445278300008067
00812423ff010113
0011262300912223
0005849300050413
0047a50302078c63
0005270306050263
00c1208300e7a223
0010079300812403
0005262300952a23
0041248300f52823
0000806701010113
0040059302100613
04a42223744010ef
fa051ce300050793
80015537800156b7
0000061334468693
3905051314500593
01c006136b4010ef
0004051300100593
fc050ae370c010ef
00f5222300100793
00f5242300200793
fe010113f85ff06f
0131262301212823
010629830105a903
0141242300912a23
00812c2300112e23
0006049300058a13
0009871301394c63
0009099300058493
0007091300060a13
0044a5830084a783
0087a7b301298433
a45ff0ef00f585b3
014503131a050e63
011308b300241893
0113786300030793
004787930007a023
014a0813ff17ece3
01448e9300291e13
01c80e3300299593
13c8766300be85b3
00400f1301548793
000106b716f5f063
0180006ffff68693
080f9863010fdf93
0043031300480813
00082f8311c87063
fe0382e300dff3b3
000e8f9300030293
000fa78300000493
004282930002a603
0277073300d7f733
00d679330107d793
004f8f9301065613
01270733027787b3
0107549300970733
00c787b300d77733
01079613009787b3
fee2ae2300e66733
fabfe8e30107d493
0097a02301e307b3
010fdf9300082f83
00032703f60f8ce3
000e861300030293
0000039300070493
0104d99300062783
00d7f7b300d77733
0042a48303f787b3
0046061300428293
007787b300d4f933
01079393013787b3
fee2ae2300e3e733
0107d793ffe65703
0127073303f70733
0107539300f70733
01e307b3fab668e3
0048081300e7a023
f1c864e300430313
0180006f00804863
00040863fff40413
ffc88893ffc8a783
01c12083fe0788e3
0181240300852823
0101290301412483
00812a0300c12983
0000806702010113
feb78793409587b3
00478f13ffc7f793
800156b7e95ff06f
3446869380015537
1620059300000613
458010ef39050513
00812c23fe010113
0131262301212823
0036779300112e23
0005099300060413
0a079c6300058913
06040a6340245413
0409a48300912a23
001477930c048663
4014541302079063
0004a50304040a63
0005049306050663
fe0784e300147793
0009059300048613
d61ff0ef00098513
0049270302090063
002717130449a783
0007a70300e787b3
0127a02300e92023
0005091340145413
01412483fa041ae3
0181240301c12083
0009051300c12983
0201011301012903
0004861300008067
0009851300048593
00a4a023d05ff0ef
0005049300052023
fff78793f81ff06f
3c87071380015737
00f707b300279793
000006930007a603
00050913849ff0ef
00100593f29ff06f
f5cff0ef00098513
0205006300050493
00f52a2327100793
00f5282300100793
0005202304a9a023
800156b7f0dff06f
3446869380015537
1450059300000613
308010ef39050513
01512223fe010113
0085a7830105aa83
4056599301312623
00812c2301598ab3
0121282300912a23
00112e2301412423
00058493001a8913
0045a58300060413
0127d86300050a13
0015859300179793
000a0513ff27cce3
10050c63ec0ff0ef
0330546301450813
0029999300598993
0008079301350733
fe07ae2300478793
fec98993fee79ce3
0104a88301380833
01f4761301448793
011788b300289893
020005930a060463
0008031340c585b3
0007a70300000693
0047879300430313
00d7673300c71733
ffc7a683fee32e23
ff17e0e300b6d6b3
0040071301548793
409887b300f8ea63
ffc7f793feb78793
00e8083300478713
0006946300d82023
0044a703000a8913
01c12083044a2783
00e787b300271713
012528230007a703
00e4a02301812403
010129030097a023
00c1298301412483
00412a8300812a03
0000806702010113
004787930007a703
fee82e2300480813
0007a703fb17f4e3
0048081300478793
fd17eee3fee82e23
800156b7f91ff06f
3446869380015537
1de0059300000613
178010ef39050513
0105a78301052703
40f7053300050813
0027979304f71263
0145859301480813
00f587b300f80733
02e874630080006f
ffc7a683ffc72603
ffc78793ffc70713
00100513fed606e3
fff0051300d67663
0000806700008067
010627830105a703
00812423ff010113
0011262300912223
0005841301212023
40f706b300060493
0027969318f71e63
0144871301458613
00d7073300d607b3
18f67c630080006f
ffc72683ffc7a583
ffc70713ffc78793
00100913fed586e3
0004879300d5ea63
0004049300000913
0044a58300078413
1a050663cb8ff0ef
010422830104a883
0028931301448f93
0022929301440813
00010e3701450593
006f833301252623
00058f13005802b3
00000693000f8e93
000ea703fffe0e13
004f0f1300082603
01c673b301c777b3
00d787b3407787b3
0106561301075713
40c707334107d693
0107169300d70733
00d7e7b301c7f7b3
feff2e2300480813
41075693004e8e93
01540713fa586ae3
feb4041340828433
0012cf1300e2b2b3
0040071300245413
00ef8fb30a028463
00010eb700e58833
000f861300080e13
0c6ff463fffe8e93
004e0e1300062783
01d7f73300460613
0107d59300d70733
00b7073341075713
01d7f7b300d787b3
00d7e7b301071693
41075693fefe2e23
fff30313fc6664e3
ffc3731341f30333
00079a6300680733
fff88893ffc72783
fe078ae3ffc70713
0081240300c12083
0041248301152823
0101011300012903
0010091300008067
ea9ff06fe806dee3
0027171300140713
00000593f55ff06f
06050063b50ff0ef
0081240300c12083
00f5282300100793
0041248300052a23
0101011300012903
0000071300008067
00e58733000f1663
00241713f7dff06f
f71ff06f00e58733
80015537800156b7
0000061334468693
3905051324500593
800156b76dd000ef
3446869380015537
2370059300000613
6c1000ef39050513
00b7f5b37ff007b7
00f585b3fcc007b7
00b0566300000793
0000806700078513
4145d59340b005b3
00b7cc6301300793
40b7d5b3000807b7
0007851300000793
fec5859300008067
0010079301e00713
800007b700b74663
0000059300b7d7b3
0000806700078513
00912a23fe010113
00812c2301052483
0024949301450413
01212823009404b3
01312623ffc4a903
0009051301412423
00112e2300058993
02000713d8cff0ef
00f9a02340a707b3
ffc48a1300a00793
ff55061308a7dc63
ff84a78305447063
40c706b304060c63
00c9193300d7d733
ff84859300e96933
00e967333ff00737
02b47e6300c797b3
00d656b3ff44a603
02c0006f00d7e7b3
00f50c6300b00793
3ff0073700c91933
0000079300e96733
000007930100006f
00e967333ff00737
0181240301c12083
0101290301412483
00812a0300c12983
0007059300078513
0000806702010113
40a686b300b00693
00d957333ff007b7
0000079300f76733
ff84a78301447663
0155051300d7d7b3
00f967b300a91933
fd010113fa9ff06f
00058a9301512a23
0291222300100593
01412c2301312e23
0281242302112623
0006049303212023
0007099300068a13
10050263918ff0ef
0144d91300100737
7ff97913fff70793
0097f7b300050413
00e7e7b300090463
060a926300f12623
cb8ff0ef00c10513
0010049300c12703
00e42a2300942823
0809086302050793
00f90933bcd90913
012a202303500493
00a9a02340f48533
0004051302c12083
0241248302812403
01c1298302012903
01412a8301812a03
0000806703010113
0151242300810513
00c12703c54ff0ef
04050e6300050793
0200069300812603
00d716b340a686b3
00c6e6b300a75733
00e034b300e12623
00d42a2300148493
0094282300e42c23
00249713f6091ce3
0107250300e40733
00fa2023bce78793
00549493b84ff0ef
f69ff06f40a48533
fc1ff06f00812683
80015537800156b7
0000061334468693
3905051330f00593
fd0101133e5000ef
0005891303212023
0211262300810593
0291222302812423
0005099301312e23
00050493d69ff0ef
0009051300058413
d55ff0ef00c10593
0109a78301092703
40e787b300c12683
0057979300812703
00e787b340d70733
02f05e6300050713
0087843301479793
0004851300058693
0007061300040593
02c12083b99f60ef
0241248302812403
01c1298302012903
0000806703010113
40f585b301479793
ff010113fc9ff06f
0011262301212023
0005091301700793
ca01a78304a7da63
00812423ca41a583
cd01a40300912223
00078513cd41a483
0004869300040613
fff909133ed010ef
fe0914e300050793
00c1208300812403
0001290300412483
0101011300078513
8001573700008067
3c87071300351913
0107278301270733
0147258300c12083
0007851300012903
0000806701010113
fff5859301062683
001585934055d593
0026969301460793
00d786b300259593
02d7f86300b505b3
0007a80300050713
0047071300478793
fed7e8e3ff072e23
feb7879340c687b3
00478793ffc7f793
00b5786300f50533
fe052e2300450513
00008067feb56ce3
4055d61301052703
02c7526301450693
00e687b300271713
ffc7a70304f6f263
fe070ae3ffc78793
0000806700100513
00f687b300261793
01f5f593fee650e3
0007a603fc058ce3
00b6573300100513
fce602e300b71733
0000051300008067
fd01011300008067
0211262302912223
1e05886300060493
0321202302812423
01312e2300058413
01412c2301512a23
f09f80ef00050913
00b48793ffc42703
ff840a9301600693
10f6f263ffc77993
1007c263ff87fa13
1349d263109a6063
01812423800157b7
008c26037d078c13
0046a783013a86b3
ffe7f6131cd60863
0046260300c68633
14061a6300167613
00f98633ffc7f793
001777130d465863
0171262302071c63
01612823ff842b83
004ba703417a8bb3
00e787b3ffc77713
334b5c6301378b33
294b586300e98b33
00c12b8301012b03
0009051300048593
00050493ea4f80ef
ffc4278340050863
ffe7f793ff850713
24e7866300fa87b3
02400793ffc98613
013007132ec7e463
0005079320c76a63
0007268300040713
0047268300d7a023
0087270300d7a223
0004059300e7a423
b44f80ef00090513
dfdf80ef00090513
06c0006f00812c03
f09a74e301000a13
00f9202300c00793
0540006f00000493
0086a70300c6a783
0006099300812c03
00e7a42300f72623
414986b3004aa783
0017f79300f00613
08d66263013a8733
00faa2230137e7b3
0017e79300472783
0009051300f72223
00040493d91f80ef
02c1208302812403
01c1298302012903
01412a8301812a03
0241248300048513
0000806703010113
ee071ae300177713
ff842b8301712623
417a8bb301612823
ffc77713004ba703
02c12083ec9ff06f
0006059302412483
d70f806f03010113
00faa2230147e7b3
0016e693014a85b3
0047278300d5a223
0009051300858593
00f722230017e793
f69ff06fa40f80ef
013786b3ffc7f793
26c6d063010a0613
e6071ee300177713
ff842b8301712623
417a8bb301612823
ffc77713004ba703
01378b3300e787b3
00cba783e4cb44e3
ffc98613008ba703
00f7262302400693
008b849300e7a423
0130071328c6e463
02c7726300048793
01b0079300042703
0044270300eba423
26c7ea6300eba623
010b879300840413
00e7a02300042703
00e7a22300442703
00e7a42300842703
414b0b33014b8733
001b679300ec2423
004ba78300f72223
0017f79300090513
00fba2230147e7b3
01012b03c31f80ef
00812c0300c12b83
00042683e99ff06f
00d5202301b00713
00d5222300442683
0084071314c76e63
dd9ff06f00850793
00812c03ffc52783
00f989b3ffc7f793
00cba783e29ff06f
ffc98613008ba703
00f7262302400693
008b849300e7a423
0130071310c6e663
02c77c6300048793
01b0079300042703
0044270300eba423
14c7f86300eba623
00fba82300842783
00fbaa2300c42783
010404130ad60c63
00042703018b8793
0044270300e7a023
0084270300e7a223
000b099300e7a423
01012b03000b8a93
00812c0300c12b83
d95ff06f00048413
d75fc0ef00040593
00c6a783d3dff06f
ffc986130086a703
00f7262302400693
008ba70300e7a423
008b849300cba783
00e7a42300f72623
0130071304c6ee63
f8c774e300048793
01b0079300042703
0044270300eba423
0ac7f06300eba623
0240079300842703
00c4270300eba823
f4f618e300ebaa23
020b879301042703
00ebac2301840413
00ebae23ffc42703
00040593f3dff06f
cddfc0ef00048513
00842703f45ff06f
00c4270300e52423
06f6046300e52623
0105079301040713
014a8ab3c6dff06f
015c2423414686b3
00faa2230016e793
00090513ffc42783
0017f79300040493
fef42e230147e7b3
00812c03a61f80ef
00840413cd1ff06f
ec9ff06f010b8793
a45f80ef00090513
00812c0300000493
01042683cb1ff06f
0185079301840713
0144268300d52823
bf9ff06f00d52a23
0004851300040593
db5ff06fc39fc0ef
00fba82300842783
00fbaa2300c42783
0104041300d60863
d7dff06f018b8793
020b879301042703
00ebac2301840413
00ebae23ffc42703
c081a783d61ff06f
0205846300078067
00c7e8630ff00793
0010051300c58023
08a0079300008067
fff0051300f52023
0000051300008067
fe01011300008067
00912a2300812c23
c081a78300112e23
0006849300050413
000780e702058263
02f50663fff00793
0181240301c12083
0201011301412483
0000061300008067
000780e700410593
fcf51ee3fff00793
08a007930004a023
00f4202301c12083
0141248301812403
0000806702010113
00812c23fe010113
00112e2300912a23
c081a783d001a483
02050a6300060413
0004069300058613
0004851300050593
fff00793000780e7
01c1208302f50a63
0141248301812403
0000806702010113
0041059300060693
0004851300000613
fff00793000780e7
00042023fcf51ae3
0181240301c12083
00f4a02308a00793
0201011301412483
00c5978300008067
06812c23f8010113
0027f71306112e23
0207046300058413
00f5a02304358793
0010079300f5a823
07c1208300f5aa23
0801011307812403
00e5958300008067
0721282306912a23
0741242307312623
0805c66300050493
210000ef00810613
00c1278306054e63
000019b70000f937
ffffe7b700f97933
0019391300f90933
8009899340000a13
00048513000a0593
00c41783844f80ef
0807e79306050863
00a4282300a42023
01442a2300f41623
0137e7b30a091063
00f4162307c12083
0741248307812403
06c1298307012903
0801011306812a03
00c4178300008067
000009130807f793
04000a1304078e63
00048513000a0593
00c41783fddf70ef
f8051ce300000993
04071e632007f713
0027e793ffc7f793
00f4162304340713
0741248300100793
06c1298307012903
00e4202306812a03
00f42a2300e42823
40000a13eedff06f
f3dff06f00000993
0004851300e41583
02051063178000ef
f51ff06f00c41783
0701290307412483
06812a0306c12983
00c45783eb5ff06f
0017e793ffc7f793
4107d79301079793
f9010113f25ff06f
0005841306812423
0691222300e59583
0611262307212023
0006891300060493
008106130405ca63
040544630ac000ef
0000f7b700c12703
00e7f7b306c12083
00e787b3ffffe737
0017b79306812403
4000071300f92023
0000153700e4a023
0601290306412483
0701011380050513
00c4578300008067
020788630807f793
0681240306c12083
00f9202300000793
00e4a02304000713
0641248306012903
0701011300000513
06c1208300008067
00f9202306812403
00e4a02340000713
0641248306012903
0701011300000513
ff01011300008067
0081242300058713
0005041300912223
0007051300060593
d201a42300112623
fff00793878ef0ef
00c1208300f50c63
0041248300812403
0000806701010113
fe0784e3d281a783
00f4202300c12083
0041248300812403
0000806701010113
00812423ff010113
0005041300912223
0011262300058513
87cef0efd201a423
00f50c63fff00793
0081240300c12083
0101011300412483
d281a78300008067
00c12083fe0784e3
0081240300f42023
0101011300412483
d001a70300008067
00068793ff010113
0011262300060813
0005069300c72883
0007861300058713
800157b702080063
800155b75f478793
0008851360458593
19c000ef14c000ef
b1c8079380015837
fe1ff06fb1c80813
00060693ff010113
0011262300000613
02c5b7b3f9dff0ef
00112623ff010113
02c585b300812423
d29f70ef0a079063
0a05006300050413
02400713ffc52603
ffc60613ffc67613
0130069304c76863
02c6f26300050793
0005222300052023
04c7f86301b00793
0005262300052423
06e60c6301050793
0007a2230007a023
00c120830007a423
0081240300040513
0000806701010113
d40f70ef00000593
0004051300c12083
0101011300812403
0085079300008067
0007a2230007a023
fc1ff06f0007a423
00c007930b8000ef
0000041300f52023
0004051300c12083
0101011300812403
0005282300008067
00052a2301850793
fc010113f81ff06f
02d1262302c10313
00112e2300030693
02f12a2302e12823
03112e2303012c23
d30fa0ef00612623
0401011301c12083
00050e1300008067
d001a503fc010113
02c1242302810313
0005861302d12623
000e059300030693
02e1282300112e23
03012c2302f12a23
0061262303112e23
01c12083ce4fa0ef
0000806704010113
00008067d001a503
00600513ff010113
2a8000ef00112623
dbdee0ef00100513
0007866311852783
0000806700000513
08000593ff010113
0011262300812423
b91f70ef00050413
0205046310a42c23
0005202308050793
fef51ce300450513
00c1208300000513
0101011300812403
fff0051300008067
fe010113fedff06f
00112e2300912a23
0005049301f00793
1185278302b7ec63
0005841300812c23
0024141302078c63
01812403008787b3
00c7a0230007a503
0141248301c12083
0000806702010113
00f5202301600793
fe5ff06ffff00513
00c1262308000593
10a4ac23af5f70ef
0005079300c12603
0805069300050713
0007202300050a63
fed71ce300470713
01812403f9dff06f
fa5ff06ffff00513
00912223ff010113
01f0079300112623
0ab7e06300050493
0081242311852783
0407846300058413
00e787b300259713
02070c630007a703
00d70c6300100693
04d70863fff00693
000585130007a023
00812403000700e7
00c1208300000513
0101011300412483
0004851300008067
0004061343c000ef
00c1208300812403
0004851300050593
0101011300412483
008124033b80006f
0160079300c12083
0041248300f52023
0101011300100513
0160079300008067
fff0051300f52023
01f00793f9dff06f
118527830cb7ea63
00812423ff010113
0011262300912223
0005049300058413
0024171308078063
0007a70300e787b3
fff0069302070c63
0010069306d70063
0004051304d70063
000700e70007a023
00c1208300000513
0041248300812403
0000806701010113
0081240300c12083
0010051300412483
0000806701010113
0081240300c12083
0030051300412483
0000806701010113
fb9ff06f00200513
951f70ef08000593
0005079310a4ac23
0005071300050e63
0007202308050693
fed71ce300470713
fff00513f5dff06f
fff00513f85ff06f
ff01011300008067
0011262300912223
d001a48301f00793
1184a78308a7ee63
0005041300812423
0025171304078263
0007a70300e787b3
0010069302070a63
fff0069300d70a63
0007a02304d70663
00812403000700e7
00c1208300000513
0101011300412483
0004851300008067
0004061329c000ef
00c1208300812403
0004851300050593
0101011300412483
008124032180006f
0160079300c12083
0010051300f4a023
0101011300412483
0160079300008067
fff0051300f4a023
ff010113f9dff06f
0011262301212023
d001a90301f00793
0081242304a7e263
1189250300050413
0005849300912223
0024141302050e63
0007a503008507b3
0097a02300812403
00c1208300412483
0101011300012903
0160079300008067
fff0051300f92023
08000593fe5ff06f
fe8f70ef00090513
0005079310a92c23
00050a6308050713
004787930007a023
fa1ff06ffef71ce3
0041248300812403
fa9ff06ffff00513
00812423ff010113
00112623d001a403
00078c6311842783
00c1208300000513
0101011300812403
0800059300008067
f80f70ef00040513
00050c6310a42c23
0005202308050793
fef51ce300450513
fff00513fc9ff06f
ff010113fc5ff06f
0011262300912223
d001a48301f00793
1184a7830ca7e463
0005041300812423
0024171308078263
0007a70300e787b3
fff0069302070c63
0010069306d70063
0004051304d70063
000700e70007a023
0000051300812403
0041248300c12083
0000806701010113
00c1208300812403
0010051300412483
0000806701010113
00c1208300812403
0030051300412483
0000806701010113
0020051300812403
08000593fb9ff06f
ea8f70ef00048513
0005079310a4ac23
0005071300050e63
0007202308050693
fee69ce300470713
00812403f55ff06f
f7dff06ffff00513
00058713ff010113
0091222300812423
0006059300050413
0011262300070513
8f5ee0efd201a423
00f50c63fff00793
0081240300c12083
0101011300412483
d281a78300008067
00c12083fe0784e3
0081240300f42023
0101011300412483
885ee06f00008067
fe010113001007b7
00bef833fff78e93
0146d31300def7b3
0145d91301212823
00812c2300379793
01f5d41300381813
01d6589301d55713
7ff373137ff97913
00912a2300112e23
01f6d69301312623
0107673300f8e8b3
00361f1300351593
1ed40463406907b3
2803066316f05263
42d906637ff00693
0010061303800693
008006b702f6ce63
01f0069300d8e8b3
0200069352f6ce63
00d8963340f686b3
00df16b300ff5533
00d036b300a66633
00d6663300f8d8b3
40c5863341170733
0006049300c5b5b3
0089979340b709b3
008007b73207da63
00f9f9b3fff78793
000985132c098863
ff850793a7cf60ef
40f6873302000693
00f999b300e4d733
00f494b301376733
412787b34b27c863
40f686b300178793
00f4d9b300d49633
0136663300c03633
00c6e4b300d716b3
0000091300f759b3
020780630074f793
0040071300f4f793
0044879300e78a63
00c989b30097b633
0089979300078493
001907936e07da63
00040e137ff00713
ff8007372ae78663
00e9f733fff70713
01d718137ff7f793
009717130034d613
00c7571300c86833
0181240301c12083
00e7e7b301479793
00e7e7b301fe1713
0101290301412483
0008051300c12983
0201011300078593
14078c6300008067
3c091263412307b3
4c05046300b76533
60050263fff78513
570786637ff00813
0010061303800793
0005079302a7cc63
56f64c6301f00613
40f5053302000513
00f5d83300a71633
0106663300a59533
00f7573300a03533
40e888b300a66633
00cf373340cf0633
40e889b300060493
0006841300030913
1ef05063e85ff06f
01e8e6b314031063
fff7869326068c63
7ff0061348068063
0380079322c78c63
02d7cc6300100993
01f0069300068793
020006934af6c063
00d899b340f686b3
00df16b300ff5633
00d036b300c9e9b3
00d9e9b300f8d8b3
00b985b301170733
000584930135b9b3
0089979300e989b3
001909131407d263
36f90c637ff00793
fff78793ff8007b7
00f9f7b30014f613
00c767330014d713
00e664b301f79613
e45ff06f0017d993
1c068a6301e8e6b3
40068063fff78693
18c78a637ff00613
0010061303800793
00068793dad7c2e3
00190813d6dff06f
22081c637fe87813
01e8e83300b76333
46030e6338091063
41e589b340080663
411706330135b533
0086151340a60633
40bf05b350055e63
00bf3f3340e88733
0087161341e70733
52065e6300058493
fff78793ff8007b7
00068e1300f77733
df9ff06f00100793
10d906637ff00693
0010099303800693
008006b7f0f6c6e3
ed1ff06f00d8e8b3
fb1f50ef00048513
01f0069301850793
ff850713d2f6d8e3
2327c66300e49733
0019079341278933
fe19091348f6d663
012754b302000693
0400069300d78c63
00f7173340f687b3
00e4e4b300e03733
0074f79300000913
00090793d2079ce3
000987130034d613
7ff007930c00006f
0000081300000713
0c078a63d71ff06f
1e090263412307b3
32d308637ff00693
0010099303800693
008006b702f6ce63
01f0069300d76733
020006933cf6c863
00d719b340f686b3
00d596b300f5d633
00d036b300c9e9b3
00d9e9b300f75733
01e9873300e888b3
00070493013739b3
00030913011989b3
02081063e25ff06f
0036561300351613
00c8683301d71813
0107673300375713
00000e1318070663
000807377ff00793
ccdff06f00000813
0036561300351613
7ff0069301d71813
0037571300c86833
00c71713fcd786e3
7ff7f79300c75713
c9dff06f00040e13
7fe6f81300190693
00b766b314081863
3006826328091c63
2206886301e8e6b3
00b7b5b301e587b3
00b7073301170733
008717930037d813
3407de6300040e13
fff78793ff8007b7
01d7179300f77733
0107e83300375713
0010079301d77733
41e58833c39ff06f
411709b30105b7b3
0089979340f989b3
1007c66300080493
b4081ee301386833
0000079300000e13
c05ff06f00000713
1aa30e637ff00513
0010061303800513
00800637c8f544e3
c4dff06f00c76733
fff98993ff8009b7
013779b340f90933
fe078693b71ff06f
00d8d6b302000613
0400061300c78a63
00f897b340f607b3
01e0363300ff6f33
ac9ff06f00d66633
fff68693ff8006b7
00d7773340f907b3
0138683301d71813
ed9ff06f00375713
1e06866300b766b3
0a068e63fff78693
14a780637ff00513
0010099303800793
00068793e4d7c6e3
00040e13e15ff06f
000007137ff00793
b45ff06f00000813
fef684e37ff00793
00bf35b301e58f33
00b787b3011707b3
001f5f1301f79613
0017d99301e664b3
ab5ff06f00068913
40e887b340bf0633
0006049300cf3733
0006841340e789b3
00361613a41ff06f
0006841300365613
e25ff06f00088713
1c080663de0312e3
003616130038d713
0117673301d89893
00c7673300365613
dddff06f00068413
011708b301e58f33
00b889b300bf35b3
000f049300899793
002009130e07d463
41e58f33bd1ff06f
01e5b5b3411708b3
40b889b3000f0493
9b1ff06f00100913
02000613fe078693
00c78a6300d8d6b3
40f607b304000613
00ff6f3300f897b3
00d9e9b301e039b3
00351613b65ff06f
eb5ff06f00365993
0036561300361613
0008871300068413
00361613d41ff06f
0008871300365613
fe078513d31ff06f
00a7553302000613
0400061300c78a63
00f717b340f607b3
00b0363300f5e5b3
a8dff06f00a66633
01e8ef33fc0682e3
cedff06fd00f16e3
00361813dc0808e3
0038581301d89793
00f868330038d713
00068e1301d77733
9bdff06f00000793
c2dff06f00100793
40e888b340bf05b3
0005849300bf3733
0006841340e889b3
8c9ff06f00100913
0036561300361613
cc5ff06f00088713
0036599300361613
de5ff06f00088713
02000613fe078693
00c78a6300d756b3
40f607b304000613
00f5e5b300f717b3
00d9e9b300b039b3
0034d613c35ff06f
0009871300090793
02000693c79ff06f
0000061340f686b3
00c9e8338b5ff06f
0039d993d00808e3
d85ff06f00060713
7ff0079300000e13
905ff06f00080737
0037571301d71793
01d777330107e833
8edff06f00000793
0035d59301d71813
0037571300b86833
c29ff06f00068413
001007b70145d713
0146d813fff78793
7ff003137ff77713
0005089300b7fe33
01f5d59300d7f7b3
01f6d6937ff87813
00670c6300100513
0107146300680863
0000806702fe0663
fee81ce300008067
00c7e7b300fe67b3
fe0794e30117e7b3
00b0353340d585b3
fcc89ce300008067
fc0718e300d58a63
01c03533011e6e33
0000051300008067
fd01011300008067
028124230145d793
0321202302912223
01512a2301312e23
0211262300c59493
0161282301412c23
0181242301712623
000504137ff7f793
0006899300060a93
01f5d91300c4d493
7ff0071342078463
003496930ae78663
00d7673301d55713
00d764b3008006b7
c0178c1300351a13
00000b9300000b13
00c997130149d793
000a8f137ff7f793
01f9d99300c75413
7ff007130a078063
0034171314e78e63
00e5e5b301dad593
00800737c0178793
003a9f1300e5e433
00000313018788b3
0018851300a00713
013945b30b674c63
0005881300200793
fffb0b131567c663
1767606300100713
000404933cf30a63
00030b93000f0a13
00a4ea3309c0006f
0149d7933c0a1863
7ff7f79300c99713
00800b1300000493
00200b937ff00c13
00c75413000a8f13
f60794e301f9d993
3c078263015467b3
000405134a040063
000508938cdf50ef
01d00793ff550713
40e787b3ff888f13
01e4173300fad7b3
01ea9f3300e7e433
c0d88893411c08b3
0000031300a00713
f56758e300188513
0020079300090593
0030079332fb8a63
0010079348fb8c63
46fb9a6300058813
0000069300000793
02c1208300000713
0147979302812403
01f8169300d7e7b3
0241248300d7e7b3
01c1298302012903
01412a8301812a03
00c12b8301012b03
0007051300812c03
0301011300078593
0154673300008067
30070a637ffc0893
0139483300001737
003b6b1380070713
0008059300a00693
3966c06300ec0533
0010061300300313
5306771301661633
24067793f4071ae3
088676133c079463
00010fb72e061263
01da77b3ffff8e93
01df7eb3010a5693
03d78733010f5e13
0107559303d68333
0066063302fe0633
03c68f3300c585b3
01ff0f330065f463
fff38613000103b7
01045f9300c5f333
00c4743300c77733
028782b301031313
0105d59300e30333
0102d61302868733
00e787b302ff87b3
03f687b300f60633
007787b300e67463
fff9099300010937
0104d39301367733
0132f2b30134f6b3
02de84b301071713
0106561300570733
00e585b300f60633
0104d79302de02b3
01d282b303d38eb3
027e0e33005787b3
012e0e3301d7f463
fff98e93000109b7
0107d79301d7f2b3
01d4feb301c787b3
02d4093301029293
0283843301d282b3
02df86b301095e13
00de0e33008686b3
008e7463027f8eb3
00010fb7013e8eb3
01fe76b3ffff8f93
01f9793301069693
012686b301e585b3
00e5b73300c68633
00558f3300e60733
00bf35b300f707b3
00d636b300b785b3
00c6e6b300c73633
010e5e1300e7b733
01c686b300f5b7b3
009f179300f76733
0067e7b300d70733
00f037b301d70733
00971713017f5613
00c7e7b30175d693
00b7ea3300959593
00d764b300771793
001a57130207d063
01f49693001a7793
00d7ea3300f767b3
000508930014d493
12c056633ff88613
02078063007a7793
0040071300fa7793
004a071300e78a63
00f484b3014737b3
0074979300070a13
ff0007b70007da63
00f4f4b3fff78793
7fe0079340088613
003a57931cc7c463
0094969301d49713
00c6d69300f76733
d41ff06f7ff67793
060a086300a4ea33
0004851312048e63
00050613d8cf50ef
01d00713ff550693
40d70733ff860793
00f496b300e45733
00f41a3300d764b3
40c78c33c0d00793
00000b9300000b13
00058813bc1ff06f
000006937ff00793
ce1ff06f00000713
00c00b1300050a13
00300b937ff00c13
00000493b99ff06f
00000c1300400b13
b85ff06f00100b93
000c0893001b6b13
00000f1300000413
bb5ff06f00100313
00000413002b6b13
0020031300000f13
00040493ba1ff06f
00030b93000f0a13
c51ff06f00098593
1006106300100713
011a163341e88893
011498b300c03633
0116663300ea57b3
0076779300f66633
0207806300e4d5b3
0040071300f67793
0046079300e78a63
00c585b300c7b633
0085951300078613
0000069300100793
c0054ce300000713
00f0071310c0006f
0000081312eb1063
00000713000806b7
c58f50efbfdff06f
01c0079301550693
ecd7d4e302050613
00000a13ff850513
ed5ff06f00a414b3
c30f50ef000a8513
01c0079301550713
b6e7d0e302050893
00000f13ff850513
b6dff06f00aa9433
7ff0079300000813
ba1ff06f000806b7
df5ff06f00050893
000006937ff00793
b89ff06f00000713
7ff0079300000813
00000713000806b7
40c70733b75ff06f
b4e7cee303800793
eee7dae301f00793
40c787b3fe100793
00f4d7b302000693
43e8889300d70863
011a6a33011498b3
00f6663301403633
0000069300767713
00f6779302070863
0000059300400713
0046079300e78a63
00c035b300c7b633
0095969300078613
00c6d69301d59713
00e6673300365613
af1ff06f00000793
000a8a1300040493
0009859300300b93
001007b7ab5ff06f
fe010113fff78793
00d7f83300b7f8b3
003898930146d793
0131262300812c23
0145d99301f5d413
0038181301d55713
00112e2301d65593
0121282300912a23
7ff003137ff7ff13
7ff9f99301176733
0035189300040e13
0105e5b301f6d693
206f0c6300361e93
41e987b30016c693
00f05ae316d40263
3c698463240f0a63
0010051303800693
008006b702f6ce63
01f0069300d5e5b3
020006934ef6c463
00d5953340f686b3
00de96b300fed633
00d036b300c56533
00d5653300f5d7b3
40a8853340f70733
0005049300a8b633
0089179340c70933
008007b73407d863
00f97933fff78793
000905132e090663
ff850793a44f50ef
40f6873302000693
00f9193300e4d733
00f494b301276733
413787b33f37c463
40f686b300178793
00f4d93300d49633
00c9663300c03633
00c6e4b300d716b3
0000099300f75933
020780630074f793
0040071300f4f793
0044879300e78a63
00a909330097b533
0089179300078493
001987936c07d063
24e786637ff00713
fff70713ff800737
7ff7f79300e97733
0034d51301d71813
00a8683300971713
00147e1300c75713
0181240301c12083
00e7e7b301479793
00e7e7b301fe1713
0101290301412483
0008051300c12983
0201011300078593
70f0526300008067
01d5e6b31c0f1663
fff7869326068e63
24678c6346068863
0010091303800793
0006879302d7cc63
48f6ca6301f00693
40f686b302000693
00fed63300d59933
00c9693300de96b3
00f5d7b300d036b3
00f7073300d96933
0126393301190633
00e9093300060493
1e07d26300891793
7ff0079300198993
ff8007b716f98863
0014f513fff78793
0014d71300f977b3
01f7951300a76733
0017d91300e564b3
01d5e833ec9ff06f
0608086380198313
0e03046306d40a63
0036151326098e63
0006841300355513
01d7181300058713
0037571300a86833
1007066301076733
7ff0079300000e13
0000081300080737
01d5e6b3ed9ff06f
fff7869318068663
166784633a068263
0010051303800793
00068793dcd7cee3
0016c693da5ff06f
18030863f8d41ae3
7ff007932c099063
48068863011766b3
34068263fff78693
2aa782637ff00513
0010091303800793
01f0079302d7ca63
020007934cd7c663
00f7193340d787b3
00f897b300d8d633
00f037b300c96933
00f9693300d756b3
01d9073300d585b3
0007049301273933
000f099300b90933
00198793ed1ff06f
140794637fe7f793
011767b301d5e833
38078e632a099463
003515133c081063
0000079300355913
0a6980631140006f
0010091303800693
008006b7e8f6c0e3
e45ff06f00d5e5b3
7ff0079300147e13
0000081300000713
00048513dd1ff06f
01850793f5df40ef
d0f6dae301f00693
00e49733ff850713
413789b31b37ce63
42f6de6300198793
02000693fe198993
00d78c63013754b3
40f687b304000693
00e0373300f71733
0000099300e4e4b3
d0079ee30074f793
0034d51300098793
0280006f00090713
00351513e6081ce3
0035551301d71813
0037571300a86833
00351513e59ff06f
01d7181300355513
00a868337ff00693
e2d78ee300375713
00c7571300c71713
00147e137ff7f793
00198693d19ff06f
12079e637fe6f793
24099a63011767b3
01d5e7b330078663
0035151330079a63
01d7181300355913
0037571301286833
41d88833fb9ff06f
40b709330108b7b3
0089179340f90933
1207c26300080493
c00812e301286833
0000079300000e13
cadff06f00000713
fff90913ff800937
0127793340f989b3
7ff00793c39ff06f
1005046301176533
1e080263fff78813
d6a788e37ff00513
0006841303800793
0307ca6300100513
1907c46301f00793
410787b302000793
0108d6b300f71533
00d5653300f897b3
0107583300f037b3
410585b300f56533
00aeb73340ae8533
40e5893300050493
b59ff06f000f0993
02000613fe078693
00c78a6300d5d6b3
40f607b304000613
00feeeb300f597b3
00d5653301d03533
ff8006b7b1dff06f
40f987b3fff68693
ef9ff06f00d77733
0035551300361513
cd9ff06f00058713
def686e37ff00793
011eb63301d88eb3
00c787b300b707b3
001ede9301f79513
0017d91301d564b3
b45ff06f00068993
40e587b3411e8633
0006049300ceb733
0006841340e78933
00361613ad1ff06f
0006841300365513
e39ff06f00058713
22080663e00798e3
003616130035d713
00b7673301d59593
00c7673300365613
c61ff06f00068413
00b705b301d88eb3
00c58933011eb633
000e849300891793
002009930a07d863
41d88eb3bddff06f
01d8b63340b705b3
40c58933000e8493
a41ff06f00100993
02000613fe078693
00c78a6300d5d6b3
40f607b304000613
00feeeb300f597b3
00d9693301d03933
fe080793b71ff06f
00f757b302000693
0400069300d80a63
00d71733410686b3
0110353300e8e8b3
e7dff06f00f56533
01d5eeb3ec0788e3
d49ff06fbc0e90e3
40e585b3411e8633
0006049300ceb733
0006841340e58933
9b9ff06f00100993
d11ff06f00100793
00361613dc0800e3
01d5981300365793
00f8683300959713
00068e1300c75713
a55ff06f00000793
0128b7b341d88933
40f6063340b70633
0e07d26300861793
40e58733411e8633
41d7073300cebeb3
0006049300871793
ff8007b71207de63
00f77733fff78793
0010079300068413
003616139f1ff06f
0005871300365513
00361613cbdff06f
0005871300365913
01d886b3cfdff06f
0116b63300b707b3
0087971300c787b3
08075e630036d813
fff70713ff800737
01d7971300e7f7b3
0107683300979793
0010079300c7d713
fe0687939a9ff06f
00f757b302000613
0400061300c68a63
00d7173340d606b3
0110393300e8e8b3
b39ff06f00f96933
000987930034d513
c31ff06f00090713
40f686b302000693
8e9ff06f00000613
c8080ee300c96833
0000079300395913
c59ff06f00060713
7ff0079300000e13
935ff06f00080737
0097979301d79713
00c7d71301076833
91dff06f00000793
413f0833ae0786e3
c6098ee300080793
0107ca6303800793
00f76733008007b7
c8dff06f00068413
0010051300068413
01d71813cb1ff06f
00c8683300365613
0000079300375713
ba5ff06f00068413
413f06b3ba078ae3
0006879300099663
03800793a21ff06f
a6d7c4e300100913
00f76733008007b7
0145d713a2dff06f
fff78793001007b7
0146d813fff74713
00d7f7b300b7f5b3
7ff8781301571693
7ff0071302068063
00e8046300000513
00c7e7b300008067
0000806700f03533
0010051300a5e5b3
00008067fc058ee3
001006b70145d793
7ff7f793fff68713
00b777333fe00613
00f65e6301f5d593
00f65e6341d00613
fff5051380000537
0000806700a58533
0000806700000513
40f6063343300613
00d7673301f00813
4130069302c85063
00f7573340f687b3
fc059ce340e00533
0000806700070513
00f71733bed78793
00a7673300c55533
ff010113fe1ff06f
0081242300112623
04050a6300912223
00a744b341f55713
0005079340e484b3
01f7d41300048513
41e0079392df40ef
00a0071340a787b3
06a740637ff7f793
40a7073300b00713
0155051300e4d733
00a494b300c71713
0140006f00c75713
0000079300000413
0000049300000713
01f4141301479793
00c1208300e7e7b3
008124030087e7b3
0007859300048513
0101011300412483
ff55051300008067
00c7171300a49733
0000049300c75713
00c52583fc1ff06f
0005280300852783
0105961300452683
00159713fe010113
00f1242301065613
00f12c2300b12623
00d1222301012023
00d12a2301012823
0117571300c12e23
0101089301f5d593
0036151301c10793
ffc78793ffc7a603
00a6e6b301d65693
fef894e300d7a223
0038181300170693
0101282301169613
0406026301265613
40068693ffffc6b7
7fe0069300d70733
7ff0079310e6d463
0000069300000613
01f5959301479793
00b7e7b300c7e7b3
0007859300068513
0000806702010113
0181288301412603
011666b301c12503
0106e6b300a6e6b3
1406826304071463
0000061300500693
01d616930036d793
0096161300f6e6b3
00c656137ff77793
01f5959301479793
00b7e7b300c7e7b3
0007859300068513
0000806702010113
01c8d79312068463
00a7e7b300451513
00d7f6b3008006b7
ff8007371c068263
0048989301c65693
00e7f633fff70713
004007b70116e6b3
ff86f69300f66633
0036d71300000793
0096161301d61693
0147979300c65613
00c7e7b301f59593
00b7e7b300e6e6b3
0007859300068513
0000806702010113
014127830ce05c63
01c1260301812503
0106e6b300479693
0045181301c7d793
01c5551300461613
0107e7b300d036b3
00f6e6b300a66633
020780630076f793
0040051300f6f793
0046879300a78a63
00d6063300d7b6b3
008007b700078693
ee0786e300f677b3
7ff0079300170713
ff8007b7e8f706e3
00f67633fff78793
f49ff06f7ff77793
0000061300000793
01f5959301479793
00b7e7b300c7e7b3
0007859300068513
0000806702010113
000006137ff00793
01f5959301479793
00b7e7b300c7e7b3
0007859300068513
0000806702010113
08d74c63fcc00693
40e686b303d00693
4056de1301c12703
00eeeeb300080eb7
01d12e23002e1513
00a8883301f6f693
0000071300088613
0046061300062303
fec81ae300676733
41c6063300300613
0008280304069a63
0047879300168693
00d64e63ff07ae23
0008280300a78833
0047879300168693
fed656e3ff07ae23
41c787b300400793
000005930840006f
000806377ff00793
00000713d99ff06f
02050813dd1ff06f
ff08280300280833
40df0f3302000f13
0107673301e81833
0026181308060e63
00a8863300f80fb3
0046230300062503
00d5553300478793
0065653301e31333
00460613fea7ae23
00400793feff90e3
0208061341c787b3
00dedeb300260633
00400693ffd62823
0026969340f686b3
0080061300279793
00c6ea6300f888b3
0008a2230008a023
00888893ff868693
00f6e46300400793
010127830008a023
0141260300e03733
0000071300f766b3
00100793e09ff06f
f99ff06f00000813
206c6167656c6c69
7463757274736e69
65637865206e6f69
6168206e6f697470
6e652072656c646e
65000a6465726574
637865206c6c6163
68206e6f69747065
652072656c646e61
000a64657265746e
65206b6165726265
6e6f697470656378
72656c646e616820
64657265746e6520
776f6e6b6e75000a
747065637865206e
646e6168206e6f69
65746e652072656c
206f6e000a646572
6f69747065637865
656c646e6168206e
6c6174736e692072
000000000a64656c
6d656c706d696e55
7973206465746e65
6c6163206d657473
64656c6c6163206c
fffecba800000a21
fffecb24fffecba8
fffecb24fffecb24
fffecb24fffecb24
fffecba8fffecb24
fffecb24fffecb98
fffecb24fffecb24
fffecb98fffecb24
fffecc70fffecb98
fffecb24fffecb24
fffecb24fffecb24
fffecb24fffecb24
fffecb24fffecb24
fffecb24fffecb24
fffecb24fffecb24
fffecb24fffecb24
fffecc20fffecba8
fffecb24fffecb24
fffecb24fffecb24
fffecb24fffecb24
fffecb24fffecb24
fffecb24fffecb24
fffecb24fffecb24
fffecb24fffecc54
fffecb24fffecb24
fffecb24fffecb24
fffecb24fffecb24
fffecb24fffecb24
fffecb24fffecb24
fffecb24fffecb24
fffecb24fffecb24
fffecb24fffecb24
fffecb24fffecb24
fffecb24fffecb24
fffecb24fffecb24
fffecb24fffecb24
fffecb24fffecb24
fffecb24fffecb24
fffecb24fffecb24
fffecb24fffecb24
fffecb24fffecb24
fffeca50fffecc64
fffecb00fffecaf4
fffec9dcfffec9dc
fffec9dcfffec9dc
fffec9dcfffec9dc
fffec9dcfffeca60
fffec9dcfffec9dc
fffecad8fffec9dc
ffff0258fffeca60
ffff0240ffff0238
ffff0250ffff0248
70206b36ffff0230
6e616d726f667265
70206e7572206563
726574656d617261
6f6320726f662073
002e6b72616d6572
64696c6176206b36
7572206e6f697461
656d61726170206e
726f662073726574
72616d65726f6320
666f725000002e6b
656e656720656c69
72206e6f69746172
6d61726170206e75
6f66207372657465
616d65726f632072
70204b32002e6b72
6e616d726f667265
70206e7572206563
726574656d617261
6f6320726f662073
002e6b72616d6572
64696c6176204b32
7572206e6f697461
656d61726170206e
726f662073726574
72616d65726f6320
5d75255b00002e6b
6c2021524f525245
2063726320747369
2d20783430257830
20646c756f687320
3430257830206562
5d75255b00000a78
6d2021524f525245
7263207869727461
7834302578302063
6c756f6873202d20
2578302065622064
000000000a783430
4f5252455d75255b
6574617473202152
2578302063726320
6873202d20783430
20656220646c756f
000a783430257830
6b72614d65726f43
202020657a695320
000a756c25203a20
6974206c61746f54
2020202020736b63
000a756c25203a20
6974206c61746f54
736365732820656d
00000a6625203a29
6f69746172657449
20206365532f736e
00000a6625203a20
6f69746172657449
202020202020736e
000a756c25203a20
2e312e3331434347
706d6f4300000030
7265762072656c69
25203a206e6f6973
0020202000000a73
72656c69706d6f43
20207367616c6620
00000a7325203a20
000000004d415242
6c2079726f6d654d
206e6f697461636f
00000a7325203a20
2063726364656573
2020202020202020
3430257830203a20
5d64255b00000a78
207473696c637263
203a202020202020
000a783430257830
6d6372635d64255b
2020207869727461
30257830203a2020
5d64255b000a7834
6574617473637263
203a202020202020
000a783430257830
666372635d64255b
202020206c616e69
30257830203a2020
72726f43000a7834
7265706f20746365
6176206e6f697461
2e6465746164696c
4145522065655320
6620646d2e454d44
61206e757220726f
726f70657220646e
6c757220676e6974
65726f43002e7365
302e31206b72614d
202f206625203a20
0000007325207325
0000007325202f20
7620746f6e6e6143
2065746164696c61
6f6974617265706f
687420726f66206e
6465657320657365
2c7365756c617620
20657361656c7020
20657261706d6f63
7365722068746977
206e6f2073746c75
206e776f6e6b2061
6d726f6674616c70
6f7272450000002e
6365746564207372
7461745300646574
7061654800006369
6361745300000000
332e30540000006b
0000000046312d65
71542b2b542e542d
2e33543100000000
000000007a346534
5e542d65302e3433
30352e3500000000
00000000332b6530
322d653332312e2d
6537382d00000000
000000003233382b
32312d65362e302b
352e353300000000
0000000030303434
303035343332312e
3031312d00000000
000000003030372e
30303434362e302b
3231303500000000
3433323100000000
3437382d00000000
3232312b00000000
80014e3c00000000
80014e4c80014e44
80014e0c80014e54
80014e2480014e18
80014ddc80014e30
80014df480014de8
80014dac80014e00
80014dc480014db8
8000846880014dd0
800082c080008314
800082c080008414
800082c080008324
8000831480008414
8000832480008314
800083a080008414
800083a0800083a0
0202010080008324
0404040403030303
0505050504040404
0505050505050505
0606060605050505
0606060606060606
0606060606060606
0606060606060606
0707070706060606
0707070707070707
0707070707070707
0707070707070707
0707070707070707
0707070707070707
0707070707070707
0707070707070707
0808080807070707
0808080808080808
0808080808080808
0808080808080808
0808080808080808
0808080808080808
0808080808080808
0808080808080808
0808080808080808
0808080808080808
0808080808080808
0808080808080808
0808080808080808
0808080808080808
0808080808080808
0808080808080808
0000000a08080808
00666e6900464e49
006e616e004e414e
3736353433323130
4645444342413938
3332313000000000
6261393837363534
0000000066656463
0000296c6c756e28
8000a8708000ae34
8000ae288000a870
8000a8708000a870
8000a8708000a870
8000a8708000a870
8000ae188000ad2c
8000ad448000a870
8000a8708000ad50
8000a83c8000add8
8000a83c8000a83c
8000a83c8000a83c
8000a83c8000a83c
8000a83c8000a83c
8000a8708000a870
8000a8708000a870
8000a8708000a870
8000a8708000a870
8000a8708000a870
8000ab988000adac
8000ab988000a870
8000a8708000a870
8000a8708000a870
8000a8708000ae4c
8000af308000a870
8000a8708000a870
8000a8708000a870
8000ae588000a870
8000a8708000a870
8000a8708000ba44
8000a8708000a870
8000a8708000a870
8000a8708000a870
8000a8708000a870
8000adf08000a870
8000ab988000ac88
8000ab988000ab98
8000ac888000ade4
8000a8708000a870
8000a8708000aa48
8000b01c8000b04c
8000aa488000afe4
8000af7c8000a870
8000af4c8000a870
8000a8708000a870
202020208000ba9c
2020202020202020
3030303020202020
3030303030303030
8000cddc30303030
8000ca3c8000ca3c
8000ca3c8000cdd0
8000ca3c8000ca3c
8000ca3c8000ca3c
8000cd308000ca3c
8000ca3c8000cdc0
8000cd4c8000cd40
8000cdb48000ca3c
8000ca088000ca08
8000ca088000ca08
8000ca088000ca08
8000ca088000ca08
8000ca3c8000ca08
8000ca3c8000ca3c
8000ca3c8000ca3c
8000ca3c8000ca3c
8000ca3c8000ca3c
8000cda08000ca3c
8000ca3c8000ca3c
8000ca3c8000ca3c
8000ca3c8000ca3c
8000ca3c8000ca3c
8000ca3c8000ca3c
8000ca3c8000ce60
8000ca3c8000ca3c
8000ca3c8000ca3c
8000ca3c8000ce14
8000d4f88000ca3c
8000ca3c8000ca3c
8000ca3c8000ca3c
8000ca3c8000ca3c
8000ca3c8000ca3c
8000ca3c8000ca3c
8000cc8c8000cdf4
8000ca3c8000ca3c
8000cf288000ca3c
8000ca3c8000cc8c
8000cb948000ca3c
8000cef08000ca3c
8000cfbc8000cec8
8000ca3c8000cb94
8000ca3c8000cf5c
8000ca3c8000cf34
8000d54c8000ca3c
2020202020202020
2020202020202020
3030303030303030
3030303030303030
49534f5000000043
69666e4900000058
000000007974696e
6c6c6142004e614e
656363757320636f
0000000064656465
2e2e2f2e2e2f2e2e
2e2f2e2e2f2e2e2f
656e2f6372732f2e
77656e2f62696c77
6362696c2f62696c
2f62696c6474732f
0000632e616f7464
2e2e2f2e2e2f2e2e
2e2f2e2e2f2e2e2f
656e2f6372732f2e
77656e2f62696c77
6362696c2f62696c
2f62696c6474732f
00632e636572706d
0000001900000005
000000000000007d
3ff0000000000000
4024000000000000
4059000000000000
408f400000000000
40c3880000000000
40f86a0000000000
412e848000000000
416312d000000000
4197d78400000000
41cdcd6500000000
4202a05f20000000
42374876e8000000
426d1a94a2000000
42a2309ce5400000
42d6bcc41e900000
430c6bf526340000
4341c37937e08000
4376345785d8a000
43abc16d674ec800
43e158e460913d00
4415af1d78b58c40
444b1ae4d6e2ef50
4480f0cf064dd592
44b52d02c7e14af6
44ea784379d99db4
3c9cd2b297d889bc
3949f623d5a8a733
32a50ffd44f4a73d
255bba08cf8c979d
0ac8062864ac6f43
4341c37937e08000
4693b8b5b5056e17
4d384f03e93ff9f5
5a827748f9301d32
75154fdd7f73bf3c
2020202020202000
2028282828282020
2020202020202020
2020202020202020
1010101010108820
1010101010101010
0404040404040410
1010101010040404
4141414141411010
0101010101010101
0101010101010101
1010101001010101
4242424242421010
0202020202020202
0202020202020202
1010101002020202
0000000000000020
0000000000000000
0000000000000000
0000000000000000
0000000000000000
0000000000000000
0000000000000000
0000000000000000
0000000000000000
0000000000000000
0000000000000000
0000000000000000
0000000000000000
0000000000000000
0000000000000000
0000000000000000
7566202c00000000
203a6e6f6974636e
6573736100000000
2522206e6f697472
656c696166202273
20656c6966203a64
696c202c22732522
257325642520656e
0000001000000a73
00527a0300000000
00020d1b01017c01
0000001800000010
000004dcffff219c
0000001000000000
ffff26640000002c
0000000000000490
0000000010000000
0000000000000000
0000000000000000
0000000000000000
0000000000000000
80014d9c80014d94
0000000080014da4
800165c000000003
800165c000000000
8001669080016628
0000000000000000
0000000000000000
0000000000000000
0000000000000000
0000000000000000
0000000000000000
0000000000000000
0000000000000000
0000000000000000
0000000000000000
0000000000000000
0000000000000000
0000000000000000
0000000000000000
0000000000000000
0000000000000000
0000000000000000
0000000000000001
e66d1234abcd330e
0000000b0005deec
0000000000000000
0000000000000000
0000000000000000
0000000000000000
0000000000000000
0000000000000000
0000000000000000
0000000000000000
0000000000000000
0000000000000000
0000000000000000
0000000000000000
0000000000000000
0000000000000000
0000000000000000
800157d0800157d0
800157d8800157d8
800157e0800157e0
800157e8800157e8
800157f0800157f0
800157f8800157f8
8001580080015800
8001580880015808
8001581080015810
8001581880015818
8001582080015820
8001582880015828
8001583080015830
8001583880015838
8001584080015840
8001584880015848
8001585080015850
8001585880015858
8001586080015860
8001586880015868
8001587080015870
8001587880015878
8001588080015880
8001588880015888
8001589080015890
8001589880015898
800158a0800158a0
800158a8800158a8
800158b0800158b0
800158b8800158b8
800158c0800158c0
800158c8800158c8
800158d0800158d0
800158d8800158d8
800158e0800158e0
800158e8800158e8
800158f0800158f0
800158f8800158f8
8001590080015900
8001590880015908
8001591080015910
8001591880015918
8001592080015920
8001592880015928
8001593080015930
8001593880015938
8001594080015940
8001594880015948
8001595080015950
8001595880015958
8001596080015960
8001596880015968
8001597080015970
8001597880015978
8001598080015980
8001598880015988
8001599080015990
8001599880015998
800159a0800159a0
800159a8800159a8
800159b0800159b0
800159b8800159b8
800159c0800159c0
800159c8800159c8
800159d0800159d0
800159d8800159d8
800159e0800159e0
800159e8800159e8
800159f0800159f0
800159f8800159f8
80015a0080015a00
80015a0880015a08
80015a1080015a10
80015a1880015a18
80015a2080015a20
80015a2880015a28
80015a3080015a30
80015a3880015a38
80015a4080015a40
80015a4880015a48
80015a5080015a50
80015a5880015a58
80015a6080015a60
80015a6880015a68
80015a7080015a70
80015a7880015a78
80015a8080015a80
80015a8880015a88
80015a9080015a90
80015a9880015a98
80015aa080015aa0
80015aa880015aa8
80015ab080015ab0
80015ab880015ab8
80015ac080015ac0
80015ac880015ac8
80015ad080015ad0
80015ad880015ad8
80015ae080015ae0
80015ae880015ae8
80015af080015af0
80015af880015af8
80015b0080015b00
80015b0880015b08
80015b1080015b10
80015b1880015b18
80015b2080015b20
80015b2880015b28
80015b3080015b30
80015b3880015b38
80015b4080015b40
80015b4880015b48
80015b5080015b50
80015b5880015b58
80015b6080015b60
80015b6880015b68
80015b7080015b70
80015b7880015b78
80015b8080015b80
80015b8880015b88
80015b9080015b90
80015b9880015b98
80015ba080015ba0
80015ba880015ba8
80015bb080015bb0
80015bb880015bb8
80015bc080015bc0
80015bc880015bc8
0000000000000043
0000000000000000
0000000000000000
0000000000000000
0000000000000043
0000000000000000
0000000000000000
0000000000000000
0000000000000043
0000000000000000
0000000000000000
0000000000000000
0000000000000043
0000000000000000
0000000000000000
0000000000000000
0000000000000043
0000000000000000
0000000000000000
0000000000000000
0000000000000043
0000000000000000
0000000000000000
0000000000000000
0000000000000043
0000000000000000
0000000000000000
0000000000000000
800104d080011cc4
800154f000000000
80014b1c80014d80
80014b1c80014b1c
80014b1c80014b1c
80014b1c80014b1c
80014b1c80014b1c
ffffffffffffffff
0000ffffffffffff
0049494353410001
0000000000000000
0000000000000000
0000000000000000
0049494353410000
0000000000000000
0000000000000000
0000000000000000
0000000000000000
412e848000000000
3ff0000000000000
7fefffffffffffff
3ff8000000000000
3fd287a7636f4361
3fc68a288b60c8b3
3fd34413509f79fb
4024000000000000
401c000000000000
4014000000000000
3fe0000000000000
00000001800168b0
0000006600000003
ffffffff800156b0
00020000
