:0200000480007A
:100000006F00906C6F00D04C6F00106B6F00D06A67
:100010006F00906A6F00506A6F00106A6F00D069BD
:100020006F0090696F0050696F0010696F00D068B1
:100030006F0090686F0050686F0010686F00D067A5
:100040006F0090676F0050676F0010676F00D06699
:100050006F0090666F0050666F0010666F00D0658D
:100060006F0090656F0050656F0010656F00D06481
:100070006F0090646F0050646F0010646F00107523
:10008000976101009381010317010300130181F7B8
:1000900017050000130505F713651500731055309B
:1000A0001385C1D0177601001306C6803306A6401B
:1000B00093050000EF90006A179500001305056492
:1000C000EF80D03EEF9080591305000093050000AB
:1000D00013060000EF00C0006F80903E67800000B4
:1000E000130101F6138605002326A1009305C10024
:1000F0001305E105232E1108232C8108232A9108DA
:1001000023282109232631092324410923225109C7
:1001100023206109232E7107232C81072326B10791
:10012000EF50006013051000EF40902A9307050080
:1001300013052000231EF100EF40902993020500D3
:1001400013053000231F5100EF40902813030500D2
:100150001305400023106102EF4090279303050030
:1001600013055000232C7102EF4090266314050004
:10017000130570008320C101232EA102639C00049B
:100180000316010263060606138901D4937925003C
:10019000137A1500B338300123222103231E0104F2
:1001A00013784500B30A1A01631A0804130B007D83
:1001B000B35D5B03232AB10363140A346382090627
:1001C000330EBA03B30EC9012326D103630A080410
:1001D0006F00400413071000E398E0FA03140102D3
:1001E000E31404FAB734153493855441232EB10037
:1001F000930660062310D1026FF01FF9938B1A004B
:10020000130C007DB35D7C03232AB103631A0A2E0D
:10021000E39809FA338FBA03B30FE9012328F103F6
:100220008327C10393F21700638E02000316C101F6
:100230008325810203254103EF6080118327C103D9
:100240002320A10413F32700631E032C93F347001C
:10025000638A0300032601038315C10103254103BB
:10026000EF601015032681036318060C9306100037
:10027000232CD102176901001309C9AD8329810319
:10028000130C0000139A2900B3083A0113981800C0
:10029000232C0103EF50C042832A8103232A010447
:1002A000232C010463820A04930510001305C10185
:1002B000EF50100483554105EF40902A130B0500C1
:1002C0009305F0FF1305C101231A6105EF50500299
:1002D00083554105EF40D028231AA104630A0C225C
:1002E000130C1C00E3928AFDEF50803EEF50403F1C
:1002F000EF5000400326090083264900930B0500B8
:10030000138C0500EF80006EE34A05F613850B00A1
:1003100093050C00EF80807D631405001305100029
:10032000930DA00033DEAD02032F8103930E1E0058
:10033000B30FDF03232CF103EF5080381305C10105
:10034000EF60007CEF50C038EF5080399304050017
:100350000315C10193050000EF50800F93050500C0
:100360000315E101EF50C00E9305050003150102CE
:10037000EF50000E9305050003154103EF50400DAB
:10038000B7820000938752B013040500E30AF50C0E
:1003900063E2A71CB72B0000138C2B8FE3068509A3
:1003A000375F0000930FFFEA6310F5211745010046
:1003B00013058568EF80906DB7E20000B757000025
:1003C000377300009389425A138A8760130993A7F1
:1003D00093032000938B0900130B0A00930A090072
:1003E00023247100938D41CF03A70D00E308070A72
:1003F000232A91072328A107930C0000130D000066
:100400006F00400333882800035FC8FF938C1C00F3
:1004100083AF0D00330DAF0193920C0193170D01C3
:1004200013130D0193DC020113DC0701135D03417B
:1004300063F8FC71139C4C00B3059C01939025005C
:1004400013860006B308260083A6C8FD239E08FE77
:1004500013F81600630C080203D668FF232211016B
:10046000630656039306090093850C0017450100A7
:1004700013050565EF80104E03254100035EC5FF9F
:100480008326C5FD930E1E00231ED5FF13FF2600F5
:1004900063040F04B30F9C0193922F00938702060D
:1004A00033832700035683FF23226100630666031C
:1004B00093060A0093850C00174501001305456358
:1004C000EF8050498323410003D7C3FF83A6C3FDB8
:1004D00093051700239EB3FE330C9C0113162C00CA
:1004E00093F0460093080606E38E00F0338C280054
:1004F0000356ACFF63107663035FCCFF6FF01FF110
:1005000023242103E39E09CAE30C08D06FF09FD097
:10051000231BA10413051000E388AADC130C1000B0
:100520006FF09FD88310E1010317C1018325C10239
:100530000325410313940001930641043366E4004C
:10054000EF3000338324C10393F54400E39405D0D6
:100550006FF05FD1B7900000138620A0630AC568D2
:10056000B7F900009388599F6310150517450100DE
:100570001305854FEF809051B72A000037EB00003C
:1005800037980000138A7AFD13094B719309A8E389
:1005900013053000938B0900130B0A00930A09001E
:1005A0002324A1006FF01FE4B70901001309F0FF35
:1005B000138CF9FF23242101938D41CFEF50400F7D
:1005C00083254103B30B85011745010013058558A9
:1005D000EF80503893850400174501001305055935
:1005E000EF80503713850400EF508010130605008C
:1005F00093860500174501001305C558EF80903517
:1006000013850400EF50C00E139A0B01130600006F
:1006100093060000135B0A41EF80C02C6356A004D0
:100620008323810383AA0D0033855303EF80405356
:10063000130C05001385040093890500EF50400B4F
:10064000130605009386050013050C009385090029
:10065000EF709030130605009386050017450100E2
:100660001305C553EF80102F03A70D0083268103C8
:100670001745010013050554B385E602EF80902D60
:100680009745010093858554174501001305C5540E
:10069000EF80502C97450100938585551745010043
:1006A00013054555EF80102B97450100938505569E
:1006B0001745010013050556EF80D0299305040066
:1006C0001745010013058556EF80D028032CC10380
:1006D00013741C00630E040E83A50D00638A050EBF
:1006E000930A0000174901001309095693904A0024
:1006F0003386500193182600138808063305280016
:10070000035665FF93850A0013050900EF809024C6
:10071000938E1A00139F0E01935B0F01939F4B0062
:10072000B3827F0103AE0D00939722001383070667
:1007300013050900330A230093850B0063F8CB09E6
:1007400003566AFFEF80102193831B00139C030163
:1007500093590C0113974900B306370183AA0D0082
:10076000139426009305040633862500130509001B
:100770009385090063FC5905035666FFEF80901DC1
:1007800013881900131E0801935B0E01939E4B0002
:10079000338F7E0183A80D00931F2F0093820F06D5
:1007A00013050900B387220093850B0063F01B0338
:1007B00003D667FFEF80101A13831B0003A50D00FB
:1007C000131A0301935A0A01E3E2AAF2032CC103AC
:1007D00013792C00630E090E83A00D006384004C76
:1007E000130A0000174C0100130CCC4793194A0060
:1007F0003387490193162700938506063386250023
:10080000035686FF93050A0013050C00EF80901431
:1008100013041A0013180401935B0801139E4B0084
:10082000B30E7E0183A80D00139F2E00930F0F06B9
:1008300013050C00B3822F0093850B0063F81B098E
:1008400003D682FFEF80101193871B00139A0701D4
:10085000935A0A0113994A00B303590103A30D00E7
:10086000939923001387090613050C00B30627008C
:1008700093850A0063FC6A0403D686FFEF80900D1F
:1008800093851A009398050113D4080113184400A6
:10089000B30B880003A60D00139E2B00930E0E06CB
:1008A00013050C00338F2E00930504006370C402FF
:1008B00003568FFFEF80100A930F140003A50D005D
:1008C00093920F0113DA0201E362AAF2032CC1032F
:1008D00093704C0003A30D00638A000E130A0000FE
:1008E000974A0100938ACA39630C031C93174A0084
:1008F000338947019313290093890306338729001D
:100900000356A7FF93050A0013850A00EF809004A1
:1009100013061A009315060113D405019318440019
:100920003388880083A60D00931B2800138E0B06C6
:1009300013850A00B30E2E00930504006378D408D3
:1009400003D6AEFFEF801001930F140093920F01B6
:1009500013DA0201131C4A0033034C0103AF0D00EC
:10096000931723001389070613850A00B303290090
:1009700093050A00637CEA0503D6A3FFEF80807D20
:1009800013071A009316070113D406011316440027
:10099000B305860083A90D009398250013880806E7
:1009A00013850A00B30B2800930504006370340319
:1009B00003D6ABFFEF80007A130E140003A50D00E1
:1009C000931E0E0113DA0E01E362AAF283A00D005A
:1009D000930B0000974A0100938A4A2C6382000E11
:1009E000139F4B00B30F7F0193922F00138C0206CD
:1009F00033032C00035643FF93850B0013850A0035
:100A0000EF80407593871B009393070193D90301EF
:100A100013974900B306370103A90D00139426006C
:100A20001306040613850A00B308260093850900FF
:100A300063F8290903D648FFEF80C0719385190038
:100A4000939B050113DA0B01131E4A00B30E4E01EE
:100A500003A80D00139F2E00930F0F0613850A00A5
:100A6000B3822F0093050A00637C0A0503D642FF78
:100A7000EF80406E13031A00131903019359090103
:100A800093974900B383370103AC0D0013972300FC
:100A90009306070613850A00338426009385090010
:100AA00063F08903035644FFEF80C06A1386190080
:100AB00003A50D009318060193DB0801E3E2ABF2F6
:100AC000630E0B0863446009174501001305852573
:100AD000EF80C07B1305E105EF4090458320C109FD
:100AE0000324810983244109032901098329C108B9
:100AF000032A8108832A4108032B0108832BC1079D
:100B0000032C8107832DC106130500001301010A80
:100B1000678000009386090093850C00174501004B
:100B200013054500EF8000630355CCFF130E15003D
:100B3000931E0E0113DF0E01231EECFF6FF01F8DBD
:100B4000832C4107032D01076FF05FA717450100B4
:100B500013058523EF8080736FF0DFF717450100E1
:100B600013058515EF808072832A8100130B3000F6
:100B7000E3926AF78320810383AD0D003385B003D0
:100B8000EF70107E1308050013850400138A05001A
:100B900093040800EF40D035130605009386050046
:100BA0001385040093050A00EF70005B130605002F
:100BB0009386050097470100938787031747010035
:100BC0001307C7001745010013058513EF808058F0
:100BD000974501009385850317450100130505140A
:100BE000EF8040571305A000EF80005C6FF09FEE90
:100BF000174501001305C5DEEF804069B7660000A8
:100C000037CA000037D90000938976E4130A2AE531
:100C10001309094B938B0900130B0A00930A09006F
:100C2000232401006FF00FFC17450100130585E632
:100C3000EF80C065B79D000037EE000093894DD866
:100C400013091E3C930E4000938B0900130A707425
:100C5000130B7074930A09002324D1016FF08FF8ED
:100C600017450100130585DAEF8040623743000025
:100C7000B7130000373700009309F39B138A9319C9
:100C80001309073493051000938B0900130B0A0016
:100C9000930A09002324B1006FF0CFF4130C000075
:100CA0006FF0DF9193734C00E38203D26FF05FE14A
:100CB0000000000000000000000000000000000034
:100CC00013050000678000001300000013000000FF
:100CD00013050000678000001300000013000000EF
:100CE00013050000678000001300000013000000DF
:100CF00013050000678000001300000013000000CF
:100D000013050000678000001300000013000000BE
:100D100013050000678000001300000013000000AE
:100D2000130500006780000013000000130000009E
:100D3000130500006780000013000000130000008E
:100D4000130500006780000013000000130000007E
:100D5000130500006780000013000000130000006E
:100D6000130500006780000013000000130000005E
:100D7000130500006780000013000000130000004E
:100D8000130500006780000013000000130000003E
:100D9000130500006780000013000000130000002E
:100DA000130500006780000013000000130000001E
:100DB000130500006780000013000000130000000E
:100DC00013050000678000001300000013000000FE
:100DD00013050000678000001300000013000000EE
:100DE00013050000678000001300000013000000DE
:100DF00013050000678000001300000013000000CE
:100E000013050000678000001300000013000000BD
:100E100013050000678000001300000013000000AD
:100E2000130500006780000013000000130000009D
:100E3000130500006780000013000000130000008D
:100E4000130500006780000013000000130000007D
:100E5000130500006780000013000000130000006D
:100E6000130500006780000013000000130000005D
:100E7000130500006780000013000000130000004D
:100E8000130500006780000013000000130000003D
:100E9000130500006780000013000000130000002D
:100EA000130500006780000013000000130000001D
:100EB0001305000067800000174501001305D59356
:100EC000EF80C03C6FF05FFF130101FC2320110095
:100ED0002322A1002324B1002326C1002328D1000E
:100EE000232AE100232CF100232E010123201103EA
:100EF0002322510223246102232671022328C103E5
:100F0000232AD103232CE103232EF103F3222034DF
:100F100013032000638862021303B0006388620039
:100F200013033000638862006F00C002EF00403E90
:100F30006F004003174501001305C587EF8000359A
:100F40006F004002174501001305C581EF80003492
:100F50006F004001174501001305E587EF8000335E
:100F60006F004002F32210340383020013053000A7
:100F70003373A3006314A3009382220093822200A0
:100F800073901234832001000325410083258100E2
:100F90000326C10083260101032741018327810124
:100FA0000328C10183280102832241020323810215
:100FB0008323C102032E0103832E4103032F8103E8
:100FC000832FC1031301010473002030730020300C
:100FD0003305A04023A4A1D21305F0FF67800000D1
:100FE0009747010093878783130850053707001040
:100FF0002320070183C61700638006062320D7003D
:1010000083C22700638A02042320570003C33700EA
:10101000630403042320670083C34700638E030235
:101020002320770003C55700630805022320A7008B
:1010300083C56700638205022320B70003C67700DB
:1010400093878700630A06002320C70003C80700B0
:10105000E31008FA678000006780000013000000BA
:101060009307800523A4F1D21305F0FF67800000E9
:101070009307800523A4F1D21305F0FF67800000D9
:101080009307800523A4F1D21305F0FF67800000C9
:101090009307800523A4F1D21305F0FF67800000B9
:1010A0009307800523A4F1D21305F0FF67800000A9
:1010B0001305F0FF6780000013000000130000001C
:1010C0009307C00023A4F1D21305F0FF678000004E
:1010D000B707048023A0A700730050106F00000022
:1010E0009307800523A4F1D21305F0FF6780000069
:1010F0009307B00023A4F1D21305F0FF678000002E
:10110000B727000023A2F500130500006780000048
:101110009307800523A4F1D21305F0FF6780000038
:101120009307800523A4F1D21305F0FF6780000028
:10113000930780FA23A4F1D2130500006780000012
:10114000130510006780000013000000130000006A
:10115000930780FA23A4F1D21305F0FF6780000003
:101160001305F5FF1335150067800000130000001C
:101170009307600123A4F1D21305F0FF67800000FC
:101180009307F00123A4F1D21305F0FF678000005C
:10119000130500006780000013000000130000002A
:1011A0009307800523A4F1D21305F0FF67800000A8
:1011B0001305F0FF6780000013000000130000001B
:1011C0009307800523A4F1D21305F0FF6780000088
:1011D00013050000678000001300000013000000EA
:1011E000B727000023A2F500130500006780000068
:1011F0001305F0FF678000001300000013000000DB
:101200001305F0FF678000001300000013000000CA
:101210009307200023A4F1D21305F0FF678000009C
:101220009307800523A4F1D21305F0FF6780000027
:101230009307A00023A4F1D21305F0FF67800000FC
:10124000130101FF232021011389C1D08327090045
:10125000232481002322910023261100938405007A
:1012600013040600638A0702130604009385040032
:101270001745010013050540EF0080598320C10088
:101280001305040003248100832441000329010085
:101290001301010167800000B7C50100130630008B
:1012A00093850520174501001305C53CEF00404913
:1012B00093021000232059006FF01FFB1300000061
:1012C00023A8A1CE130500006780000013000000D2
:1012D000138701CF032307003305A3002320A700B2
:1012E000637C250097F202009382C2D16376550099
:1012F00013050300678000009307C0001303F0FF8D
:1013000023A4F1D21305030067800000130000003E
:10131000130101FF232291002326110093071008D7
:101320009384050063CC170D9307F00263D617036F
:10133000938008FD9302100563E412021733010045
:10134000130303509398200033876800832307001A
:10135000B385630067800500930E1001638AD80F80
:1013600093045005173701001307474BB70F0010C0
:1013700023A09F0083471700638E070423A0FF006C
:10138000834027006388000423A01F0083423700A6
:101390006382020423A05F0003434700630C03023F
:1013A00023A06F00834857006386080223A01F0113
:1013B000834367006380030223A07F008345770097
:1013C000638A05001307870023A0BF00834407003A
:1013D000E39004FA8320C10083244100130101013A
:1013E000678000008320C100130E800523A4C1D3B1
:1013F0008324410013010101678000009300F04045
:10140000E3C010F79302F03F63D61203938808C03D
:101410001303F000E36613F5173701001307C756EF
:10142000939328003385E300832505003386E50088
:1014300067000600130EC00AE38EC8F963461E0358
:10144000130F9009E388E8F9930F900AE39AF8F1F3
:10145000130F80FA23A4E1D36FF0DFF737250000E4
:1014600023A2A4006FF01FF7930E600DE39AD8EF4C
:1014700023A8A1CE6FF01FF61308F00123A401D317
:101480006FF05FF59306200023A4D1D26FF09FF494
:10149000370404802320A400730050106F00000064
:1014A0009304600123A491D26FF0DFF22320210185
:1014B0001389C1D0232481001304060003260900E8
:1014C00063060602130604000324810003290100B9
:1014D0008320C10093850400832441001745010047
:1014E00013054519130101016F008032B7C60100D1
:1014F0001306300093850620174501001305851754
:10150000EF00002413081000232009016FF09FFB57
:101510008327C5006388072083280501638408208A
:10152000032805000346950003274501834648012B
:10153000B3E2C600A304550013F306026302031EC0
:10154000B383E84093050001138F030063F4750033
:10155000130F0001638AE81C338EE700834E0E00F0
:10156000930F1700130610002300D801232AF5015A
:101570006370761AB386F70183C20600130327004F
:101580009305200023005800232A650063F2751894
:10159000338E6700834E0E0013063700930630002B
:1015A0002300D801232AC50063F47616B382C7004E
:1015B00003C3020093054700130E40002300680098
:1015C000232AB50063767E14B38EB70083C60E005F
:1015D00013065700930250002300D800232AC500A9
:1015E00063F872123383C70083450300930E6700CC
:1015F000130E60002300B800232AD501637A7E1001
:10160000B386D70183C20600130677001303700068
:1016100023005800232AC500637C730EB385C700DE
:1016200083CE050093068700130E80002300D801A7
:10163000232AD500637E7E0CB382D70003C3020049
:10164000130697009305900023006800232AC50025
:1016500063F0750CB38EC70083C60E009302A7001B
:10166000130EA0002300D800232A550063727E0ABF
:1016700033835700834503001306B700930EB00071
:101680002300B800232AC50063F47E08B386C70090
:1016900083C206001303C700130EC00023005800C6
:1016A000232A650063767E06B385670083CE050036
:1016B0001306D7009306D0002300D801232AC500C3
:1016C00063F87604B382C70003C302009305E70002
:1016D000130EE00023006800232AB500637A7E021F
:1016E000B38EB70083C60E001306F7009302F00016
:1016F0002300D800232AC50063FC7200B387C7000B
:1017000003C307001307070123006800232AE5002D
:1017100093050000638403009305FFFF3387F50101
:101720006384E800678000008348480023280500A0
:1017300013F5D80F2302A8006780000013000000F3
:10174000130101FE232A910083240500232C81002C
:101750002328210123263101232E11002382040096
:1017600023840400930770FC2384F400238804007E
:101770002322B50013040500138905009309060010
:10178000930600001386050037D512139305000059
:10179000EF608053B7028000637455029350F500E8
:1017A000130700F82386E40013F3F00F13557500B8
:1017B000238264009373F50F238074002386040052
:1017C0002386340123043401A30404009705000098
:1017D000938545D4232224018320C10123280400BA
:1017E00023260400232A0400232E0400232C0400B3
:1017F000232204022320B402032481018324410113
:10180000032901018329C10013010102678000003F
:10181000130101FF23260100638C0522630A0622BF
:10182000032505003386C5009307100303474501D0
:10183000232601008326C1009372F70F63E2D70AC3
:101840000323C10093031300232671000328C10062
:1018500063E807098328C100138E18002326C101FD
:10186000832EC10063EED707032FC100930F1F0023
:101870002326F1010327C10063E4E7068326C100A4
:1018800013831600232661008323C10063EA7704D3
:101890000328C1009308180023261101032EC1005C
:1018A00063E0C705832EC100138F1E002326E101CC
:1018B000832FC10063E6F7030327C10093061700D7
:1018C0002326D1000323C10063EC67008323C100FA
:1018D00013881300232601018328C100E3F217F7C0
:1018E00093F20202E38402F423260100032EC100D6
:1018F00063E2C70B832EC100138F1E002326E10174
:10190000832FC10063E8F7090327C100930617007E
:101910002326D1000323C10063EE67068323C100A1
:1019200013881300232601018328C10063E41707ED
:101930008322C100138E12002326C101832EC10011
:1019400063EAD705032FC100930F1F002326F1017F
:101950000327C10063E0E7048326C1001383160058
:10196000232661008323C10063E677020328C100B8
:1019700093081800232611018322C10063EC57004D
:10198000032EC100930E1E002326D101032FC10098
:10199000E3F2E7F783CF05002300F50123260100DA
:1019A0000327C10063E2E70A8326C1001383160000
:1019B000232661008323C10063E877080328C10060
:1019C00093081800232611018322C10063EE5706F5
:1019D000032EC100930E1E002326D101032FC10048
:1019E00063E4E707832FC10013871F002326E1006C
:1019F0008326C10063EAD7040323C10093031300C5
:101A0000232671000328C10063E007058328C10075
:101A10009382180023265100032EC10063E6C703FA
:101A2000832EC100138F1E002326E101832FC100E6
:101A300063ECF7010327C100930617002326D100AA
:101A40000323C100E3F267F693851500E390C5DE3A
:101A50001301010167800000130000001300000063
:101A60006388050E03C605006304060E8327050080
:101A7000130101FF9386150003C747019372F70F07
:101A8000A30751000343F100937303026396030A13
:101A900003C547019375F50FA307B1000348F10093
:101AA00093780802639A080803CE4701937EFE0FDD
:101AB000A307D101034FF100937F0F02639E0F062E
:101AC00003C747019372F70FA30751000343F100C7
:101AD000937303026392030603C547019375F50FE1
:101AE000A307B1000348F100937808026396080445
:101AF00003CE4701937EFE0FA307D101034FF100F0
:101B0000937F0F02639A0F0203C747019372F70F87
:101B1000A30751000343F10093730302639E030084
:101B200003C547019375F50FA307B1000348F10002
:101B300093780802E38208F4938616002380C70096
:101B400003C6F6FFE31A06F21301010167800000E5
:101B50006780000013000000130000001300000065
:101B6000630C0602638A050203270500970600003E
:101B70009386469A2326B500834747002328C5004D
:101B8000232A05002320D50293E2270023025700D1
:101B9000732340F16304030067800000B723000C47
:101BA00017460100130606AD83A503003305C540A3
:101BB0001338150093081000339E0801B36EBE0061
:101BC00023A0D30167800000130000001300000071
:101BD00083270500034795008326050183C247013B
:101BE00033E3E200A304650093F3F20F6398060069
:101BF00013D56300137515006780000013050000FE
:101C000067800000130000001300000013000000B4
:101C10009307050063800518630E06160327050069
:101C20000345950083464701B3E2A600A38457000D
:101C300013F31600630003169373360013050000B8
:101C4000638C0308130810006380030793082000C7
:101C50006386130303470700130510002380E50084
:101C600003A7070003CE9700834E470133EFCE0151
:101C7000A384E70193FF1E0063820F1283460700CF
:101C8000B382A500130515002380D20003A7070027
:101C900003C397008343470133E86300A38407012C
:101CA00093F81300638C080E034E07003387A500DA
:101CB000130515002300C70103A7070083CE970073
:101CC000034F4701B36FDF01A384F70193761F0031
:101CD0006386060C6306A60C83420700B383A50047
:101CE000130515002380530003A8070003CE9700B7
:101CF0003383A5000347480193080500B36EC7016D
:101D0000A384D701137F1700630A0F08834F0800CD
:101D100013051500B382A5002300F30183A3070078
:101D200083C6970003C343013368D300A38407012C
:101D3000137E130063040E0603C7030013852800F7
:101D4000B38EA5002380E20003AF070083CF970086
:101D500083424F01B3E3F201A384770093F61200AC
:101D6000638E060203430F001385380023806E0044
:101D700003A7070083C89700034E470133681E017D
:101D8000A3840701937E1E00638A0E00E316A6F467
:101D90006780000013050000678000006780000076
:101DA0006780000013000000130000001300000013
:101DB000F32740F163960702B726000C174701008E
:101DC0001307478B03A60600B302E54013B31200C6
:101DD0009303100033986300B368C80023A0160172
:101DE000370E0100930EFEFF638CD501032505001D
:101DF00093F5F500034F4500B36FBF002302F501D3
:101E000067800000130000001300000013000000B2
:101E1000638E05029307000C63EAC70203270500DF
:101E2000232EB5008342870013F3F203B363C3008C
:101E300093F5F30F2304B70003464700936616009B
:101E40002302D700732840F1630408006780000074
:101E5000B728000C974E0100938ECE8103AE080088
:101E60003305D541133F1500930F1000B397EF01D1
:101E700033E7C70123A0E8006780000013000000DB
:101E800063840502032705002320B50223260500ED
:101E9000834747002328050093E2270023025700C9
:101EA000732340F16304030067800000B723000C34
:101EB000973501009385057C83A603003305B54063
:101EC0001336150013081000B318C80033EED800FD
:101ED00023A0C3016780000013000000130000006E
:101EE00063800502032705002322B50283474700CC
:101EF00093E2870023025700732340F16304030039
:101F000067800000B723000C973501009385857624
:101F100083A603003305B5401336150013081000DF
:101F2000B318C80033EED80023A0C30167800000B7
:101F30006388051263060612832705008346950011
:101F400003C74701B362D700A30455001373070208
:101F500063080310930300011305060063F4C30034
:101F60001305000103C80500930810002380070132
:101F700063FAC80E03CE1500930E20002380C7011C
:101F800063F2CE0E03CF2500930F30002380E701CC
:101F900063FACF0C83C63500130740002380D700B7
:101FA0006372C70C83C2450013035000238057009F
:101FB000637AC30A83C35500130860002380770047
:101FC0006372C80A83C86500130E7000238017016E
:101FD000637ACE0883CE7500130F80002380D7016B
:101FE0006372CF0883CF8500930690002380F701AA
:101FF00063FAC60683C295001307A000238057002A
:102000006372C70603C3A5009303B0002380670073
:1020100063FAC30403C8B5009308C0002380070116
:1020200063F2C80403CEC500930ED0002380C7011D
:1020300063FACE0203CFD500930FE0002380E701BF
:1020400063F2CF0283C6E5009302F0002380D7003D
:1020500063FAC20083C5F5002380B70067800000E3
:10206000130500006780000013000000130000004B
:10207000832705000347950083C24701A304050099
:1020800033E5E2001375E5096780000013000000E6
:102090008327050003C58701678000001300000047
:1020A00003270500834795008342470133E3F2008D
:1020B000A304650013F5020667800000130000000A
:1020C000032705008347C70093E207042306570050
:1020D00067800000130000001300000013000000E0
:1020E000032705008347C70093F2F70B2306570029
:1020F00067800000000000000000000000000000F9
:10210000130101FA232E1104631405006F10806D72
:10211000232C8104131415002326310523244105A3
:10212000232C8103330AA040130C060093190701E6
:10213000330686002328210523225105232061052B
:10214000938A0500138B0600232A9104232E710322
:10215000232A91032328A1032326B103130E05008C
:102160001309070093D9090193060600930500009F
:10217000131A2A00338586403387A6409300E7FF71
:1021800093D210001383120093737300930705001A
:102190006384030A13081000638603099304200074
:1021A000638A930693083000638E1305930B4000F7
:1021B00063827305930C500063869303130D6000D4
:1021C000638AA301835D050093072500B38EB901DF
:1021D0002310D50103DF070093872700B38FE901A0
:1021E000239FF7FF03D7070093872700B380E900F9
:1021F000239F17FE83D2070093872700338359005C
:10220000239F67FE83D307009387270033887900D5
:10221000239F07FF83D4070093872700B388990083
:10222000239F17FF83DB070093872700B38C790177
:10223000239F97FF6386D70603DD070083DD270012
:1022400003DF470083DE670083D0870083D3A700C6
:1022500003D8C70003D7E700B382A901B38FB90140
:10226000B384E901B38BD90133831900B3887900B2
:10227000B38C0901338DE900239057002391F701B6
:1022800023929700239377012394670023951701E6
:10229000239697012397A70193870701E39ED7F819
:1022A00093841500B306454163069E0093850400A0
:1022B0006FF05FEC13030000130E0000330586403F
:1022C000B307A640938DE7FF13DF1D00930E1F0099
:1022D0009310230093F37E00B3875001130705008A
:1022E0006382030C130810006382030B9302200027
:1022F00063845308930F30006386F307930B400009
:102300006388730593085000638A1303930C60007D
:10231000638C9301031D0500130725009387470075
:10232000B3062D0323AED7FE831D07009387470016
:1023300013072700338F2D0323AEE7FF831E07000B
:102340009387470013072700B3802E0323AE17FEA1
:10235000831307009387470013072700338823035D
:1023600023AE07FF83120700938747001307270058
:10237000B38F220323AEF7FF831B07009387470029
:1023800013072700B3882B0323AE17FF831C070016
:102390009387470013072700338D2C0323AEA7FF35
:1023A0006308E606831D070083102700831F47008C
:1023B000031F6700831E8700831BA7000318C70045
:1023C0008316E700B3832D031307070193870702E2
:1023D000B382200323A077FEB3882F0323A257FEE6
:1023E000B30C2F0323A417FF338D2E0323A697FFCF
:1023F000B38D2B0323A8A7FFB300280323AAB7FF9D
:10240000B38F260323AC17FE23AEF7FFE31CE6F8D9
:1024100013071E0033039300330645416306BE00D5
:10242000130E07006FF09FE937FEFFFFB38B4A41A1
:10243000330F90403369C90193860B0013050000E8
:10244000130E0000130300001308000093183F0050
:10245000B3834601B3877640938EC7FF93D22E0095
:10246000938C120013FD7C0013870300630E0D286C
:10247000930D1000630CBD139300200063021D1028
:10248000930F30006308FD0D13064000630ECD0866
:10249000130F50006304ED0793076000630AFD0209
:1024A00013070E0003AE030013150501935E05012B
:1024B0003303C301634469006F1080311383AE009E
:1024C000931D030113D50D4113030000138743002F
:1024D00093000E00032E0700931F050113D60F0172
:1024E0003303C3016358693A930EA60093920E0119
:1024F00013D502411303000013074700930C0E008D
:10250000032E0700131D0501935D0D013303C30165
:10251000635869361383AD00131F030113550F4130
:10252000130300001307470093070E00032E070054
:1025300013150501935E05013303C3016358693226
:10254000938DAE0093900D0113D50041130300004D
:1025500013074700930F0E00032E07001316050103
:10256000135F06013303C3016358692E1303AF00E1
:102570009312030113D50241130300001307470010
:10258000930C0E00032E0700131D0501935D0D0132
:102590003303C3016358692A138FAD0093170F01EA
:1025A00013D507411303000013074700930E0E00D5
:1025B000032E070013150501935205013303C301D0
:1025C000635869261383A2009310030113D50041B9
:1025D00013030000130747006398E612130F180057
:1025E000B38613416382052D13080F006FF05FE679
:1025F000332EFE01832D4700B307CF01939E0701C1
:1026000093DC0E4113930C013306BD011307470001
:10261000935003016358C91283224700938EA00090
:1026200013950E019357054113060000939C070173
:102630003303560013DD0C0163586912130FAD000C
:10264000832E8700131E0F01935F0E4113030000BA
:1026500093970F01330DD30193DC07016358A9133E
:102660009380AC00832FC70013960001935D064151
:10267000130D0000139F0D01B30CFD0193570F01C3
:1026800063589913832D07019382A70013930201C6
:1026900013550341930C000093100501338FBC01C7
:1026A00013D600016358E91303254701930EA600D2
:1026B000139D0E01135E0D41130F000093120E01C6
:1026C0003303AF0093D0020163586912032E8701D0
:1026D0009387A000939C070193DF0C411303000034
:1026E000939E0F013303C30113DD0E01635869127A
:1026F000930DAD0013960D01135506411303000011
:102700001307C701E38CE6EC832F070013160501BE
:10271000135F0601330DF301E35CA9ED832D470040
:102720001305AF009312050193DC0241130D000065
:1027300013930C013306BD011307470093500301A7
:10274000E34CC9ECB3AFBF0183224700338FF001E4
:10275000131E0F0193570E41939C0701330356003C
:1027600013DD0C01E34C69ECB3AD5D00B300BD01BA
:10277000832E870013960001935F064193970F0104
:10278000330DD30193DC0701E34CA9ED33A5D2014E
:10279000B382AC00832FC70013930201935D034102
:1027A000139F0D01B30CFD0193570F01E34C99EDFD
:1027B00033AEFE01832D0701B38EC701139D0E01B9
:1027C00013550D4193100501338FBC0113D6000141
:1027D000E34CE9EDB3AFBF0103254701B307F601B1
:1027E000939C070113DE0C4193120E013303AF00DB
:1027F00093D00201E34C69ECB3ADAD00032E870129
:102800003386B001131F0601935F0F41939E0F01A2
:102810003303C30113DD0E01E34C69EC3325C5011D
:10282000B302AD009390020113D500416FF05FED4C
:10283000B3ACCE01338D9201931D0D0113D50D4123
:102840006FF05FD9B3A0CC01B38F1D0013960F01B9
:10285000135506416FF05FD5B3A7CF013305FF00D5
:10286000931E050113D50E416FF05FD1B3A2C701CE
:10287000B38C5E00139D0C0113550D416FF05FCDBD
:10288000B3A0CC01B38F1D0013960F011355064161
:102890006FF05FC933AFC001B307E60113950701BD
:1028A000135505416FF05FC593050000EF20503AC6
:1028B000B3028B0093850A00930F0000232AA10026
:1028C000B38362419387E3FF93DC1700138E1C00F0
:1028D000939E1F00137D7E00B306DC0113060B00E0
:1028E00093070000630E0D0C13031000630C6D0AB8
:1028F00013052000630CAD0893003000630C1D0627
:10290000930D4000630CBD0513075000630CED02EE
:1029100093086000630C1D01039F060003180B0061
:102920009386260013062B00B3070F03839306003C
:10293000831C06009386260013062600338E93031D
:10294000B387C701839E0600031D060093862600F9
:10295000130626003383AE03B38767008390060017
:10296000031506009386260013062600B38DA002E9
:10297000B387B701039706008318060093862600E5
:1029800013062600330F1703B387E70103980600E9
:10299000831306009386260013062600B30C7802E4
:1029A000B3879701039E0600831E060013062600C8
:1029B00093862600330DDE03B387A7016300560A12
:1029C0002326F1012328B100839F0600831506000A
:1029D000831D2600839E2600039D4600031E46009D
:1029E0003387BF0203936600831C660083988600CA
:1029F000831086000398A600831FA600039FC600CD
:102A00008315C6000395E600B38EBE038313E6006C
:102A1000B387E7001306060193860601B30DCD03C5
:102A2000338DD701330E93033303BD01B38C1802EA
:102A30003307C301B308F803B30097013308BF029B
:102A4000B38F1001330F7502B3850F01B387E50112
:102A5000E31C56F6832FC1008325010123A0F50056
:102A600093854500B38F9F00E39C75E503264101E4
:102A70009306000013050000130300001307000075
:102A800093050000939B2600B3827A019303030011
:102A900003A30200938EF4FF1315050133076700AB
:102AA00093F73E00935D0501E356E9441387AD00BB
:102AB0009318070113D5084113070000930810006D
:102AC0001388420063F0981E638C07126386170711
:102AD00093002000638A1702130F030003A3420030
:102AE000931F050193DB0F0133076700E354E94AA5
:102AF0009387AB0013950701135505411307000099
:102B00009388180013084800930D0300032308005E
:102B1000131D0501135E0D0133076700E352E946FB
:102B20001307AE00931F070113D50F4113070000D1
:102B30009388180013084800930B03000323080030
:102B40009312050193D3020133076700E352E93E74
:102B5000938DA300139D0D0113550D411307000024
:102B6000938818001308480063EC98086F008013DE
:102B70003323C301832E4800338F6000931F0F015E
:102B800093D20F4193970201B38DD301938818001C
:102B90001308480013D507016354B90B832F48006D
:102BA0001303A500131F030193500F41930D000061
:102BB00013970001B382FD01935B07016354590A27
:102BC000032388001385AB00131D050193570D41A6
:102BD00093020000139E070133876200935C0E018D
:102BE0006354E90A938BAC0093920B0193883800ED
:102BF00013D50241130700001308C80063F4980AB4
:102C0000032E0800931C050193D00C01B303C701E8
:102C1000E35079F6832E48001387A000931B070129
:102C200093D20B419303000093970201B38DD3011C
:102C3000938818001308480013D50701E340B9F73B
:102C4000332DDE01832F4800330EA501931C0E01A6
:102C500093D00C4113970001B382FD01935B0701F0
:102C6000E34059F6B3A3FE0103238800B38E7B0033
:102C7000939D0E0193D70D41139E07013387620088
:102C8000935C0E01E340E9F6B3A06F00338F1C00A4
:102C9000931F0F019388380013D50F411308C80004
:102CA000E3E098F693851500B3869600E3EC95DC97
:102CB00093050600EF20C07993860A0093030C0069
:102CC00013060000232CA100232E2101930D0B00DD
:102CD00013890600930000002328C100232AD10095
:102CE00083970300039D0D001385F4FF1306100066
:102CF000B387A703137375009386230033878D0072
:102D00006378961A630C030E630AC30C130E20003B
:102D10006308C30B930C300063069309130F400044
:102D20006304E307930F50006302F305930B600005
:102D300063007303839206008318070013062000C4
:102D4000938643003388120333078700B387070154
:102D500083950600831E070013061600938626003F
:102D6000338DD50333078700B387A701039506008A
:102D7000031307001306160093862600330E650220
:102D800033078700B387C701839C0600031F070032
:102D90001306160093862600B38FEC0333078700D3
:102DA000B387F701839B0600831207001306160002
:102DB00093862600B3885B0233078700B387170129
:102DC0000398060083150700130616009386260055
:102DD000B30EB80233078700B387D701039D0600FF
:102DE0000315070013061600938626003303AD0271
:102DF00033078700B3876700637C960A2326B101F7
:102E0000B30D8700839C0600031F0700839B0D0002
:102E1000839F26003385EC03B3828D0033888200C4
:102E2000839D0200039E4600031F0800B30888002C
:102E300083926600839E860003980800B38F7F0309
:102E4000338D88008395A600B30C8D00031D0D0003
:102E50000393C60033878C00839C0C008398E600A4
:102E6000831B0700330EBE03B387A700B38DF701A2
:102E7000130686009386060133078700B382E203B8
:102E80003385CD01338F0E03B30E55003388A50370
:102E9000B385EE01330D930333830501B38F7803BC
:102EA000B30CA301B387FC01E36C96F4832DC1003E
:102EB0002320F9009380100013094900938D2D0001
:102EC000E3E090E20329010183204101B383830001
:102ED00013061900B3864041E36A96DE832581011B
:102EE0000329C1019306000013050000130300002D
:102EF000130700001306000093982600B38B1A01F5
:102F00009307030003A30B00138EF4FF9312050134
:102F100033076700937D3E0013D502016352E97CBD
:102F20001307A500131D070113550D4113070000DA
:102F30009308100013884B0063F0981E638C0D12E9
:102F400063861D07930F2000638AFD03930C030023
:102F500003A34B009310050193D3000133076700CF
:102F6000E354E904938DA30093920D0113D502411C
:102F7000130700009388180013084800130F03007C
:102F80000323080013150501935E0501330767004D
:102F90006354E97C1387AE009310070113D50041F9
:102FA00013070000938818001308480093030300D8
:102FB00003230800931B050113DE0B013307670091
:102FC0006352E978130FAE0013150F011355054135
:102FD00013070000938818001308480063EC980852
:102FE0006F0080133323D301832D4800B38C6F000F
:102FF00093900C0193DB004193970B01B302BE0148
:10300000938818001308480013DF07016354590A16
:10301000832048001303AF00931C030193DF0C418E
:103020009302000013970F01B38B12009353070113
:103030006354790B03238800138FA30013150F012A
:1030400093570541930B0000939E070133876B0054
:1030500013DD0E016354E90A9303AD00939B030152
:103060009388380013D50B41130700001308C800DC
:1030700063F4980A832E0800131D0501935F0D0168
:10308000330ED701E350C9F7832D48001387AF00F3
:103090009313070193DB0341130E000093970B0179
:1030A000B302BE01938818001308480013DF07011C
:1030B000E34059F633A5BE0183204800B30EAF00AC
:1030C000139D0E01935F0D4113970F01B38B1200F7
:1030D00093530701E34079F733AE1D0003238800C3
:1030E000B38DC30193920D0193D70241939E0701C3
:1030F00033876B0013DD0E01E340E9F6B3AF6000E8
:10310000B30CFD0193900C019388380013D5004156
:103110001308C800E3E098F613061600B38696007D
:10312000E36C96DCEF20C03293050500938F0A0014
:10313000130F0C0093020000930D0B0013830F007C
:10314000130E000083170F0003950D00938EF4FFFC
:1031500093081000338DA70213F73E0013082F00C9
:1031600033868D00935C2D4093535D4093F0FC00BB
:1031700093FBF307B380700363FA98146302070AA2
:103180006306170793062000630AD7028317080017
:10319000031506009308200013084F00B38EA70202
:1031A0003306860013DD2E4093DC5E401377FD006E
:1031B00093F3FC07B30B7702B3807001831608000A
:1031C0008317060093881800130828003385F60239
:1031D00033068600935E2540135D554093FCFE0048
:1031E0001377FD07B383EC02B3807000831B0800E4
:1031F000831606009388180013082800B387DB02A3
:103200003306860013D5274093DE5740137DF50023
:1032100093FCFE0733079D03B380E00063F8980A30
:10322000B3038600831E0800031D0600839B030072
:10323000B3878300831628008393070033868700B3
:10324000031548003387AE03831C0600831E680005
:10325000938848001308880033068600B3867603F7
:10326000135D274093575740937BFD0013F7F707F3
:103270003305750293D3264093D6564013FDF300D1
:1032800093F3F607B38E9E0393575540935C254006
:1032900093FCFC0013F5F7073387EB0293D65E40EF
:1032A00093DB2E4093FEFB0093FBF607330D7D026C
:1032B000B380E000B383AC02B387A001B38C7E037C
:1032C00033857700B3009501E3EC98F423201300D5
:1032D000130E1E0013034300938D2D00E3649EE63E
:1032E00093821200330F8F00B38F4F41E3E692E4D5
:1032F00013070000130500001308000093000000EE
:1033000093060000931D27003384BA0113030800BD
:1033100003280400138EF4FF93180501B380000105
:10332000137A3E0013DB08016350193E1306AB000D
:103330009310060113D50041930000001303100001
:10334000930844006370931E630C0A1263066A06B6
:1033500093032000630A7A029307080003284400BD
:10336000931C050113D50C01B38000016358194467
:10337000930DA50013940D01135504419300000013
:103380001303130093884800130E080003A80800D5
:10339000131A0501135B0A01B38000016358193C3D
:1033A0001306AB009310060113D5004193000000F3
:1033B00013031300938848009303080003A8080030
:1033C0009317050193DC0701B3800001635819349A
:1033D000938FAC00939D0F0113D50D419300000016
:1033E0001303130093884800636C93086F008013E5
:1033F0003328880083A34800330B0A01931E0B0176
:1034000093D00E4193970001B30C76001303130081
:103410009388480013D507016354990B03AA480009
:103420001304A500131E0401935D0E41930C0000CC
:1034300013980D01B38E4C01135B08016354D90B33
:1034400003A888009303AB00939C030113D60C419F
:10345000930E000093170601B3800E0193D207016B
:103460006354190A938DA20013940D0113033300C2
:1034700013550441930000009388C8006374930AB5
:1034800003A40800131E0501135A0E0133868000A1
:10349000E350C9F683A34800930BAA00139D0B01C8
:1034A00093500D411306000093970001B30C760072
:1034B000130313009388480013D50701E34099F7DD
:1034C000B322740003AA4800330F5500931F0F0165
:1034D00093DD0F4113980D01B38E4C01135B08016E
:1034E000E340D9F7B3AB430103A88800330D7B0158
:1034F00093100D0113D6004193170601B3800E01FE
:1035000093D20701E34019F633250A01338FA20055
:10351000931F0F011303330013D50F419388C80085
:10352000E36093F69386160033079700E3EC96DC8E
:10353000EF10107213030000130E00009315130018
:10354000330ABC00035B0A00938EF4FF13071000DC
:10355000B30B3B4123107A0113FD7E0093072A0031
:103560006378971263000D0C6302ED0A13062000C6
:103570006304CD089303300063067D06930C40007E
:1035800063089D0513085000630A0D039302600051
:10359000630C5D0083502A001307200093074A0044
:1035A000338F30412311EA0183DF0700130717002F
:1035B00093872700B38D3F41239FB7FF03D40700B4
:1035C0001307170093872700B3083441239F17FF81
:1035D00003D907001307170093872700B30A39415F
:1035E000239F57FF83D607001307170093872700F1
:1035F000B3853641239FB7FE03DA07001307170090
:1036000093872700330B3A41239F67FF83DE070030
:103610009387270013071700B38B3E41239F77FF43
:103620006378970603DD070083D3270083DC470018
:1036300083D2670003D8870083D0A70003D6C700D2
:1036400083DDE700B30F3D41338F334133843C4189
:10365000B388324133093841B38A3041B30536412A
:10366000B3863D412390F7012391E7012392870020
:103670002393170123942701239557012396B7001D
:103680002397D7001307870093870701E36C97F808
:10369000130E1E0033039300E3629EEA03248105A8
:1036A0008320C10513150501832441050329010564
:1036B0008329C104032A8104832A4104032B0104C2
:1036C000832BC103032C8103832C4103032D0103AE
:1036D000832DC102135505411301010667800000C7
:1036E00033AF6700B30EE50113980E01135508417F
:1036F0006FF01F8433AD6300338EAD01931C0E0158
:1037000013D50C416FF08FBBB32E0301B30BDB015C
:10371000139D0B0113550D416FF05FC233A50301DB
:10372000B382AC00139F020113550F416FF05FCBC2
:10373000B3AE6B00B387D301139507011355054151
:103740006FF00FC2B3A76300B30DFE0093920D019B
:1037500013D502416FF01F88332D6F00B38FAE0178
:10376000939C0F0113D50C416FF0DF83B32E0E0134
:10377000B30BDB01139D0B0113550D416FF05FC3BC
:10378000B3AC6D00B3009E01139F000113550F41B0
:103790006FF00FBAB3226F00B3835B00939E0301F7
:1037A00013D50E416FF0CFB5B3AB6C00B387730187
:1037B000139E070113550E416FF0CFFBB3A2070113
:1037C000330F5500931F0F0113D50F416FF05FBBEF
:1037D000B322C701B38C5E00139D0C0113550D413C
:1037E0006FE0DFCE93050000EF10904693050500D3
:1037F00013050000EF10D0459305050013050000E8
:10380000EF1010459305050013050000EF1050441C
:103810008320C10513150501135505411301010648
:103820006780000013000000130000001300000078
:10383000130101FF23248100832685001304060061
:1038400013870500032645008325C50003250500D1
:1038500023261100EFE0DF8A930504000324810092
:103860008320C100130101016F10903E130000007E
:10387000130101FD23203103232681022324910219
:10388000232E4101232C51011307050093890600C3
:103890006314060013061000930700006304073842
:1038A00013881700B306080393882700938E370008
:1038B000938F4700138F570013836700138E770091
:1038C00013850700938787009393360063FAE30616
:1038D0003384180313050800131A34006372EA06D0
:1038E000B38ADE031385080093943A0063FAE40474
:1038F000B382FF0313850E00139832006372E8044D
:10390000B308EF0313850F00939E380063FAEE02AD
:10391000B30F630213050F00139F3F006372EF02A2
:10392000B306CE031305030013933600637AE30056
:10393000B383F70213050E00139E3300E362EEF625
:103940003307A5029385F5FF93F7C5FF138A470058
:10395000930A050093080A0013141700B3048A00A1
:10396000630E052A23222103232A610123287101E2
:1039700023268101232491012322A101370B010079
:10398000130F150013191500938F04009303000003
:1039900013081000338E9840930EFBFFB30B0F41BA
:1039A00013FC3B009306080093850F0063080C0E80
:1039B000930C1000630E9C09130D20006306AC05E8
:1039C000330606039312080113D30201B308FE0164
:1039D00093852F00130818001357F64193570701DA
:1039E000330BF600B37BDB013386FB40330CC300A3
:1039F000931C0C0113DD0C01B3026D002390AF0189
:103A000013F3F20F2390680033060603931808019E
:103A100093D70801330BBE001308180093852500C7
:103A20001357F641935B0701330C7601B37CDC013D
:103A300033867C41338DC70093120D0113D30201ED
:103A4000B308F300239F65FE93F7F80F2310FB00E4
:103A500033060603131B0801935B0B01330CBE00F6
:103A600093852500130818001357F641935C07014E
:103A7000330D9601B372DD01338692413383CB005F
:103A80009318030113DB0801B3077B01239F65FF34
:103A900093FBF70F23107C01630EE8113306060336
:103AA00093072800139D070113530D0113071800F6
:103AB000931C0701131C080193520C0193DB0C01AA
:103AC000B30CBE00135DF641135D0D013306A60174
:103AD0003376D601330DA6413307ED023386A201BA
:103AE000131D060113560D01B30256002390C500A5
:103AF00013FDF20F2390AC01138C0C0013860C0005
:103B000093820C00935CF74113DD0C013307A7018E
:103B1000B37CD701338DAC41B307FD023387AB01D2
:103B2000931C070113DD0C01B30B7D012391A5014B
:103B300013F7FB0F2311EC00130B380093180B0144
:103B400013DCF741935C0C01B387970133FDD70178
:103B5000B30B9D41338B6B0333077301131C0701B8
:103B6000935C0C0133836C00239295019377F30FE0
:103B70002312F60093D80801130848001356FB419E
:103B8000135D0601B30BAB0133FBDB013306AB4125
:103B90003387C800131C0701935C0C01B3881C0118
:103BA00013F3F80F23939501239362009385850007
:103BB000E316E8EF938313003308D500330FAF000B
:103BC000B38F2F01E31C75DC03294102032B410154
:103BD000832B0101032CC100832C8100032D4100A4
:103BE000B38684001388F6FF9375C8FF13844500DD
:103BF00023A689000324C10223A2490123A499001A
:103C000023A059018324810283290102032AC101CF
:103C1000832A81011301010367800000130400005F
:103C20006FF01FFC9384F5FF93F2C4FF938842006A
:103C300023222103232A61012328710123268101E4
:103C4000232491012322A101138A08009384620096
:103C5000930AF0FF130420001305F0FF6FF01FD24A
:103C6000130805006304054813132500B308A0409A
:103C7000338765001305000093050000930F0000D3
:103C8000930E000093983800B3066740B307D740FF
:103C90009382C7FF93D32200138E130093777E0085
:103CA000138E0600638A0728130F1000638AE71338
:103CB0009302200063805710930330006386770CD3
:103CC000130F4000638CE70993025000638257068C
:103CD0009303600063887702138E0F0083AF0600A2
:103CE00013150501135F0501B38EFE016356D63F20
:103CF000930EAF00139E0E0113550E41930E00005C
:103D0000138E4600138F0F00832F0E00131505012D
:103D100093520501B38EFE016356D63B938EA200EB
:103D200013950E0113550541930E0000130E4E001E
:103D300093820F00832F0E009317050193D3070181
:103D4000B38EFE016356D637938EA30093970E0170
:103D500013D50741930E0000130E4E0093830F00FE
:103D6000832F0E00131F050113550F01B38EFE01A3
:103D70006356D633930EA500139F0E0113550F41C2
:103D8000930E0000130E4E0093820F00832F0E003F
:103D90001315050193570501B38EFE016356D62F07
:103DA000938EA70013950E0113550541930E000045
:103DB000130E4E0093830F00832F0E0093170501FF
:103DC00093D20701B38EFE016356D62B938EA200C9
:103DD00093970E0113D50741930E0000130E4E006A
:103DE00093820F00832F0E00131F050113550F013F
:103DF000B38EFE016356D627930EA500139F0E01C6
:103E000013550F41930E0000130E4E006316C71397
:103E10009385150033871641E318B8E667800000E4
:103E2000B3AF7F00B382F701832F4E00139F0201CF
:103E300093570F41939207013385FE01130E4E00F5
:103E400093D702016358A61283234E009387A700DD
:103E5000139507019352054113050000139F0201BA
:103E6000B3027500935E0F0163585612938EAE0035
:103E7000832F8E0093920E0113DF02419302000004
:103E800093170F013385F20193DE07016358A612E1
:103E90008323CE00938EAE0013950E0193570541F8
:103EA00013050000139F07013305750093520F019E
:103EB0006358A6129382A200832F0E01139502016C
:103EC000135F05411305000093170F01B302F501BD
:103ED00093DE07016358561283234E01938EAE0082
:103EE00093920E0193D7024193020000139F0701A2
:103EF0003385720093570F016358A6129387A7006A
:103F000013950701832F8E01135F0541931E0F0147
:103F10001305000093D20E01B30EF5016358D613BA
:103F20001385A2009312050113D50241930E0000E0
:103F3000130ECE01E30EC7ED83230E00131505010A
:103F400093570501B38E7E00E35CD6ED938EA700F8
:103F5000832F4E0013950E0193570541930E0000D9
:103F6000939207013385FE01130E4E0093D7020191
:103F7000E34CA6ECB3A3F301338F770083234E0009
:103F8000931E0F0193D20E41139F0201B3027500DD
:103F9000935E0F01E34C56ECB3AF7F00B387FE0195
:103FA000832F8E0013950701135F054193170F01AF
:103FB0003385F20193DE0701E34CA6ECB3A3F301D2
:103FC000338F7E008323CE0093120F0193D70241DB
:103FD000139F07013305750093520F01E34CA6ECC4
:103FE000B3AF7F00B387F201832F0E01939E0701C9
:103FF00013DF0E4193170F01B302F50193DE0701A2
:10400000E34C56ECB3A3F301338F7E0083234E01C0
:1040100013150F0193570541139F07013385720054
:1040200093570F01E34CA6ECB3AF7F00B38EF701BB
:1040300093920E01832F8E0113DF0241931E0F0115
:1040400093D20E01B30EF501E34CD6EDB3A3F30109
:10405000338F720093170F0113D507416FF05FED97
:10406000B3A3F201B30775009392070113D5024180
:104070006FF09FD933AFF3013385E201931305014C
:1040800013D503416FF09FD5B3A3F201338F7700AF
:1040900093120F0113D502416FF09FD1B3A2F30128
:1040A000B30755009393070113D503416FF09FCDDC
:1040B00033AFF2013385E3019312050113D50241B9
:1040C0006FF09FC9B327FF01B383F200139F030171
:1040D00013550F416FF09FC5B327FE01B302FF00D8
:1040E0009393020113D503416FF09FC113050000A4
:1040F00067800000130000001300000013000000A0
:104100006306051A130101FF23268100B303A040B3
:104110001314150033088600930F0000930200006B
:1041200093932300B3088840330618411303E6FF36
:1041300013571300130E170093972F00937E7E00E2
:10414000B387F5001387080063820E0C130F10006D
:104150006382EE0B130620006384CE081303300045
:1041600063866E06130E40006388CE05130F500061
:10417000638AEE0313066000638CCE00839E080002
:1041800013872800938747003383DE0223AE67FE40
:10419000031E07009387470013072700330FDE0233
:1041A00023AEE7FF03160700938747001307270096
:1041B000B30ED60223AED7FF031307009387470041
:1041C00013072700330ED30223AEC7FF031F0700D8
:1041D00093874700130727003306DF0223AEC7FE8D
:1041E000831E070093874700130727003383DE02EF
:1041F00023AE67FE031E07009387470013072700BF
:10420000330FDE0223AEE7FF6304E80823249100A6
:1042100023222101232031018319070003192700DC
:1042200083144700031F6700831E8700031EA70037
:104230000313C7000316E700B389D9021307070168
:10424000938707023309D90223A037FFB384D4022E
:1042500023A227FF330FDF0223A497FEB38EDE02D3
:1042600023A6E7FF330EDE0223A8D7FF3303D302D2
:1042700023AAC7FF3306D60223AC67FE23AEC7FED0
:10428000E31CE8F88324810003294100832901000D
:1042900093821200B38FAF0033887840E31455E85F
:1042A0000324C10013010101678000006780000042
:1042B000630C05229316060193131500B302A04068
:1042C00093D6060133867500930F00009392220067
:1042D000B30576403307B6401303E7FF9357130047
:1042E0001388170093787800938705006384080A81
:1042F000130E10006386C809930E2000638AD80746
:10430000130F3000638EE805130740006382E80452
:10431000130350006386680213086000638A080173
:1043200083D8050093872500338E16012390C5019D
:1043300083DE070093872700338FD601239FE7FF93
:1043400003D70700938727003383E600239F67FE88
:1043500003D8070093872700B3880601239F17FF20
:1043600003DE070093872700B38EC601239FD7FF84
:1043700003DF0700938727003387E601239FE7FECB
:1043800003D307009387270033886600239F07FF26
:104390006306F614130101FF2326810003D40700EE
:1043A00003DF270083DE470003DE670003D38700B7
:1043B00083D8A70003D8C70003D7E700338486005B
:1043C000338FE601B38ED601338EC6013383660088
:1043D000B3881601338806013387E60023908700EF
:1043E0002391E7012392D7012393C7012394670008
:1043F00023951701239607012397E7009387070169
:10440000E31EF6F8938F1F00338655406302F50DC7
:10441000B3057640B307B6401384E7FF135F14007B
:10442000930E1F0013FE7E0093870500E3080EF62F
:1044300013031000630E6E069308200063021E072C
:104440001308300063060E0513074000630AEE02EE
:1044500013045000630E8E00130F60006318EE0902
:1044600003D3070093872700B3886600239F17FFB5
:1044700003D807009387270033870601239FE7FEB1
:1044800003D4070093872700338F8600239FE7FF1D
:1044900083DE070093872700338ED601239FC7FF53
:1044A00003D3070093872700B3886600239F17FF75
:1044B00003D807009387270033870601239FE7FE71
:1044C000E31EF6EC938F1F0033865540E312F5F59B
:1044D0000324C1001301010167800000938F1F00B6
:1044E00033865540E316F5DF6780000083DE050064
:1044F00093872500338ED6012390C5016FF05FF6B8
:10450000630A0520931E250013131500130101FDF6
:1045100093880500B38ED50133836600130E000027
:10452000B305D3409382E5FF93D3120013871300A2
:1045300093171E00937F7700B307F60013870600DA
:1045400013080000638E0F0C130F1000638CEF0B29
:1045500093052000638CBF0893023000638C5F06D4
:1045600093034000638C7F04130F5000638CEF03B0
:1045700093056000638CBF0003980700839F0600CB
:1045800093872700138726003308F80383920700D8
:10459000831307009387270013072700338F7202C6
:1045A0003308E80183950700831F070093872700DE
:1045B00013072700B382F5033308580083930700DD
:1045C000031F07009387270013072700B385E30322
:1045D0003308B800839F07008312070093872700E2
:1045E00013072700B3835F02330878008395070021
:1045F000031F07009387270013072700B38FE503E6
:104600003308F8018392070083130700130727007C
:1046100093872700B38572023308B8006300E30E66
:104620002326810223249102232221032320310304
:10463000232E4101232C5101232A610123287101DA
:104640002326810123249101839407008319070005
:10465000831C2700839A270003994700031C470007
:10466000B385340303946700831B6700839387003B
:10467000031B87008392A700031AA700839FC7002C
:104680008319C700039FE700B38A9A038314E700E6
:104690003308B8001307070193870701B30C890398
:1046A00033095801330C740333049901B38B63034A
:1046B000B3058401B3834203338B7501B3823F0397
:1046C000330A7B00B30F9F02B3095A003388F90104
:1046D000E31CE3F60324C10283248102032941027F
:1046E00083290102032AC101832A8101032B41018D
:1046F000832B0101032CC100832C810023A008011E
:1047000093884800330EAE00E39C1EE113010103C1
:1047100067800000678000001300000013000000A5
:1047200063000528130101FC93030600131615000E
:10473000232C9102232A210323283103232E8102D3
:104740009389060023264103232451032322610376
:1047500023207103232E8101232C9101232AA101FF
:104760002328B10113090500B38FC300930600008D
:10477000930400001394260033848500938209007B
:10478000130A00002326B10033887F401303E8FF9B
:10479000135513009305150013F7750013850300D7
:1047A0009385020093070000630E070C9308100026
:1047B000630C170B930A2000630C5709130B30008E
:1047C000630C6707930B4000630C7705130C5000D4
:1047D000630C8703930C6000630C970183970300BD
:1047E000039D020013852300B385C200B387A7038E
:1047F000831D0500039E050013052500B385C50034
:10480000B38ECD03B387D701031F050003980500BE
:1048100013052500B385C50033030F03B387670075
:10482000031705008398050013052500B385C5000F
:10483000B30A1703B3875701031B0500839B0500C9
:1048400013052500B385C500330C7B03B3878701AF
:10485000831C0500039D050013052500B385C500D5
:10486000B38DAC03B387B701031E0500839E05001B
:1048700013052500B385C500330FDE03B387E701B9
:104880006386AF0A3383C50003970500031805004C
:10489000831B0300031B25003308E802B308C30091
:1048A000338CC800839A0800831D4500031D0C004B
:1048B000B30CCC00031F6500B385CC00831E8500BC
:1048C000330B7B03839C0C00031EA500039C050097
:1048D0003387C5000313C500831B0700B305C7005A
:1048E0008318E50003970500B38D5D03B3870701C7
:1048F000B38A670113050501B385C500330FAF0304
:104900003388BA01338D9E03B30EE801B30C8E03D6
:10491000338EAE01330C730333039E01338BE802F5
:10492000B30B8301B3876B01E39EAFF42320F40044
:1049300013051A0013044400938222006306A900A1
:10494000130A05006FF05FE48325C100138414008F
:10495000B383C300B3862601B38FCF0063864401BF
:10496000930404006FF01FE10324C1038324810337
:104970000329410383290103032AC102832A8102F7
:10498000032B4102832B0102032CC101832C8101E3
:10499000032D4101832D01011301010467800000F3
:1049A00067800000130000001300000013000000E7
:1049B00063080520130101FE13181500232E810042
:1049C000232C9100232A2101232831012326410190
:1049D0002324510123226101930F05001384050054
:1049E00093840600930E0600B308060193020000AC
:1049F00093030000139E2200330EC40113830400AE
:104A0000130F0000B387D8411385E7FF93551500B6
:104A100013861500937936001305030013870E00E3
:104A200013090000638C0908930610006380D906FF
:104A3000130A20006386490303990E00831A0300BA
:104A400013872E0033050301330B590393552B4075
:104A500093575B4013F6F50093F9F70733093603D4
:104A6000031A070083160500130727003305050105
:104A7000B30ADA0213DB2A4093D55A401376FB00BF
:104A800093F7F507B309F60233093901031A070052
:104A9000831605001307270033050501B30ADA0260
:104AA00013DB2A4093D55A401376FB0093F7F507A2
:104AB000B309F602330939016386E80A330A0501AE
:104AC00083160700831A0500031B0A00B3070A01B7
:104AD00083152700039A0700338507010316470053
:104AE000B3895603831A05008316670013078700EE
:104AF00033050501B385650393D7294013DB59407E
:104B00009379FB0793F7F7003306460313DA254042
:104B100093D55540137BFA0013FAF507B386560375
:104B2000935A26401356564093F5FA00937AF607A7
:104B3000B387370393D9264093D6564013F6F9002E
:104B400093F9F607330B4B033309F900338A550306
:104B5000B3056901B30A3603B387450133895701A9
:104B6000E39EE8F423202E0113071F00130E4E00CE
:104B7000130323006386EF00130F07006FF09FE815
:104B8000138E1300B38E0E01B382F201B3880801B5
:104B90006386E30193030E006FF0DFE50324C10198
:104BA000832481010329410183290101032AC100D2
:104BB000832A8100032B410013010102678000005A
:104BC00067800000000000000000000000000000FE
:104BD0009307500063E4A704170701001307C7DE1B
:104BE00013152500B302E50003A30200B303E3009D
:104BF0006780030003A581D16780000003A501D26F
:104C00006780000003A5C1D16780000003A5C1CF64
:104C10006780000003A581CF6780000013050000B6
:104C20006780000013000000130000001300000064
:104C3000B347B50093F21700B7A6FFFF1383160022
:104C4000B303504033F6630093D515003347B600E5
:104C50001318070193580801135E1500B34E1E0187
:104C600013FF1E00B30FE041B3F26F0093D718009B
:104C7000B3C6F2009393060113D6030193552500A2
:104C800033C7C50013781700B308004133FE68002E
:104C9000935E1600334FDE01931F0F0193D20F0175
:104CA00093573500B3C6570093F316003306704090
:104CB000B375660013D7120033C8E50093180801D6
:104CC00013DE0801935E450033CFCE01937F1F00B2
:104CD000B302F041B3F7620093561E00B3C3D7008E
:104CE0001396030193550601135755003348B70037
:104CF00093781800330E1041B37E6E0013DF150059
:104D0000B3CFEE0193920F0193D602019357650042
:104D1000B3C3D70013F61300B305C04033F86500E2
:104D200013D71600B348E800139E0801935E0E01E6
:104D300013557500334FD501937F1F00B302F04127
:104D400033F3620093D61E00B347D3009393070159
:104D500013D503016780000013000000130000005A
:104D60009377F50FB3C6B70093F2160037A7FFFF8E
:104D700013031700B303504033F6630093D51500B7
:104D80003348B6009318080113DE080193DE1700BC
:104D900033CFCE01937F1F00B306F041B3F266001C
:104DA00013571E00B3C3E200139603019355060187
:104DB00013D82700B348B80013FE1800B30EC04143
:104DC00033FF6E0093DF1500B346FF019392060197
:104DD00013D7020193D3370033C6E300937516004F
:104DE0003308B040B3786800135E1700B3CEC80133
:104DF000139F0E01935F0F0193D64700B3C2F601D4
:104E000013F71200B303E040B3F5630013D61F009D
:104E100033C8C5009318080113DE080193DE57005C
:104E200033CFCE01937F1F00B306F041B3F266008B
:104E300013571E00B3C3E2009395030113D6050177
:104E400013D86700B348C80013FE1800B30EC04162
:104E500033FF6E00935F1600B346FF019392060185
:104E600013D7020193D77700B3C3E70093F513007C
:104E70003306B0403378660093581700334E18015C
:104E8000931E0E011355850013DF0E01B34FE5018C
:104E900093F61F00B302D04033F7620093571F0010
:104EA000B343F7009395030113D60501135815007A
:104EB000B348C80013FE1800B30EC04133FF6E00A4
:104EC000935F1600B346FF019392060113D70201C8
:104ED00093572500B3C3E70093F513003306B040A2
:104EE0003378660093581700334E1801931E0E0155
:104EF00013DF0E01935F3500B3C6EF0193F2160086
:104F000033075040B373670093571F00B3C5F300D6
:104F100013960501135806019358450033CE080136
:104F2000937E1E00330FD041B37F6F00935618005D
:104F3000B3C2DF0013970201935307019357550043
:104F4000B3C5770013F615003308C040B378680086
:104F500013DE1300B3CEC801139F0E01935F0F0140
:104F600093566500B3C2F60113F71200B303E04095
:104F7000B3F7630093D51F0033C6B70013180601BB
:104F80009358080113557500334E1501937E1E008A
:104F9000330FD04133736F0093DF1800B346F30132
:104FA0009392060113D502016780000013000000F0
:104FB0001377F50F3346B70093721600B7A7FFFFBC
:104FC00013831700B3035040B3F6630093D5150065
:104FD00033C8B6009318080113DE0801935E17006A
:104FE00033CFCE01937F1F003306F041B3726600CA
:104FF00093571E00B3C3F2009396030193D50601A5
:1050000013582700B348B80013FE1800B30EC04170
:1050100033FF6E0093DF15003346FF019312060144
:1050200093D7020193533700B3C6F30093F51600EC
:105030003308B040B378680013DE1700B3CEC80160
:10504000139F0E01935F0F0113564700B342F60101
:1050500093F71200B303F040B3F5630093D61F003B
:1050600033C8D5009318080113DE0801935E57007A
:1050700033CFCE01937F1F003306F041B372660039
:1050800093571E00B3C3F2009395030193D6050115
:1050900013586700B348D80013FE1800B30EC04180
:1050A00033FF6E0093DF16003346FF0193120601B3
:1050B00093D7020113577700B343F70093F513001A
:1050C000B306B04033F8660093D81700334E18018A
:1050D000931E050113DF0E0113160E01935F8F005F
:1050E00093520601B3C75F0013F71700B303E04004
:1050F000B3F5630093D6120033C8D50093180801A6
:1051000013DE080193DE1F0033CFCE0113761F009C
:10511000B302C040B3F7620013571E00B3C3E700E9
:105120009395030193D6050113D82F00B348D800F7
:1051300013FE1800B30EC04133FF6E0013D61600E5
:10514000B342CF009397020113D7070193D33F00D7
:10515000B3C5E30093F615003308D040B378680078
:10516000135E1700B3CEC801139F0E0193520F01B7
:1051700013D64F00B347560013F71700B303E040B0
:10518000B3F5630093D6120033C8D5009318080115
:1051900013DE080193DE5F0033CFCE0193721F0050
:1051A00033065040B377660013571E00B3C3E700C1
:1051B0009395030193D6050113D86F00B348D80027
:1051C00013FE1800B30EC04133FF6E0093D21600D9
:1051D00033465F009317060113D7070193DF7F0063
:1051E000B3C3EF0093F51300B306B04033F8660085
:1051F00093581700334E1801131F0E011355050164
:10520000937EF50F93520F0133C65E00937716001D
:105210003307F040B37F670093D31200B3C57F001C
:105220009396050113D8060193D81E0033CE0801CA
:10523000137F1E00B302E04133F66200935718005B
:105240003347F600931F070193D30F0193D52E0028
:10525000B3C6750013F81600B308004133FE6800AA
:1052600013DF1300B342EE011396020193570601B8
:1052700013D73E00B34FF70093F31F00B305704000
:1052800033F8650093D61700B348D800139E080181
:10529000135F0E0193D24E0033C6E20193771600DE
:1052A0003307F040B37F670093531F00B3C57F00FF
:1052B000139805019356080193D85E0033CED800A9
:1052C000137F1E00B302E04133F6620093D716004D
:1052D0003347F600931F070193D30F0193D56E0058
:1052E00033C8750093761800B308D04033FE6800C9
:1052F00013DF1300B342EE01139602019357060128
:1053000093DE7E0033C7FE00937F1700B303F041A6
:10531000B3F5630013D81700B3C6050193980601CF
:105320001355850013DE0801334FC50193721F002A
:1053300033065040B3776600935E1E0033C7D70133
:10534000931F070193D30F019355150033C87500C0
:1053500093761800B308D04033FE680013DF1300C3
:10536000B342EE011396020193570601935E2500A6
:1053700033C7FE00937F1700B303F041B3F563001A
:1053800013D81700B3C605019398060113DE080170
:10539000135F3500B342CF0113F61200B307C040CC
:1053A000B3FE670013571E00B3CFEE0093930F01B7
:1053B00093D5030113584500B346B80093F816007F
:1053C000330E1041337F6E0093D2150033465F00D9
:1053D0009317060193DE070113575500B34FD7010A
:1053E00093F31F00B305704033F8650093D61E0099
:1053F000B348D800139E0801135F0E019352650055
:1054000033C6E20193771600B30EF04033F76E0017
:10541000935F1F00B343F7019395030113D8050170
:1054200013557500B346050193F81600330E10416D
:1054300033736E00135F1800B342E3011396020149
:1054400013550601678000001300000013000000E0
:105450009377F50FB3C6B70093F2160037A7FFFF97
:1054600013031700B303504033F6630093D51500C0
:105470003348B6009318080113DE080193DE1700C5
:1054800033CFCE01937F1F00B306F041B3F2660025
:1054900013571E00B3C3E200139603019355060190
:1054A00013D82700B348B80013FE1800B30EC0414C
:1054B00033FF6E0093DF1500B346FF0193920601A0
:1054C00013D7020193D3370033C6E3009375160058
:1054D0003308B040B3786800135E1700B3CEC8013C
:1054E000139F0E01935F0F0193D64700B3C2F601DD
:1054F00013F71200B303E040B3F5630013D61F00A7
:1055000033C8C5009318080113DE080193DE570065
:1055100033CFCE01937F1F00B306F041B3F2660094
:1055200013571E00B3C3E2009395030113D6050180
:1055300013D86700B348C80013FE1800B30EC0416B
:1055400033FF6E00935F1600B346FF01939206018E
:1055500013D7020193D77700B3C3E70093F5130085
:105560003306B0403378660093581700334E180165
:1055700013150501935E0501931F0E0113DF8E00C5
:1055800093D20F01B3465F0013F71600B307E04054
:10559000B3F3670093D5120033C6B30013180601A6
:1055A00093580801135E1F0033451E01937E1500BA
:1055B000B30FD041B3F26F0093D6180033C7D200B7
:1055C0009317070193D3070193552F0033C6750036
:1055D00013781600B308004133FE680013D513009A
:1055E000B34EAE00939F0E0193D20F0193563F002E
:1055F00033C7560093771700B303F040B3F5630049
:1056000013D6120033C8C5009318080113DE080131
:1056100013554F00B34EC50193FF1E00B302F04176
:1056200033F7620093561E00B347D70093930701E8
:1056300093D5030113565F003348B60093781800E2
:10564000330E104133756E0093DE1500B34FD50154
:1056500093920F0113D7020193566F00B3C7E60070
:1056600093F31700B305704033F665001358170025
:10567000B3480601139E0801935E0E01135F7F007D
:105680003345DF01937F1500B302F04133F362002D
:1056900013D71E00B346E3009397060113D5070105
:1056A00067800000130000001300000013000000DA
:1056B00013050000678000000000000000000000EB
:1056C000F32700B023AAF1D0678000001300000088
:1056D000F32700B023A8F1D067800000130000007A
:1056E00003A501D183A741D13305F54067800000B0
:1056F000130101FF23261100EF30804697070100B8
:105700009387C76403A6070083A64700EF20D02431
:105710008320C10013010101678000001300000015
:10572000930710002300F5006780000013000000BD
:10573000230005006780000000000000000000005A
:10574000130101FE232C810003140500232E1100F8
:105750009357744093F01700638C00008320C101BD
:105760001375F4070324810113010102678000000F
:10577000135734409372F7009396420083D7850302
:10578000232A910023263101938405002328210137
:10579000B385D200137674009309050013870500C2
:1057A00063000608130510006314A606138607009D
:1057B00013858402EFE0CF8703D8C4039318050153
:1057C00013D90841631C080883D78403239EA402CD
:1057D00093850700EFF0CFD8930E0500137F04F0F8
:1057E0001375F907B36FE501239CD40313E40F0885
:1057F000239089008320C101032481018324410176
:10580000032901018329C1001301010267800000FF
:10581000131E040113550E01130904006FF05FFB02
:10582000130310026364B30013072002839624005D
:105830000396040083A5440103A58401EF105019C9
:1058400083D3E40313190501135909416398030035
:1058500083D78403239FA4026FF09FF783D7840329
:105860006FF01FF71300000013000000130000008A
:10587000130101FE232A910083140500232E110039
:10588000232C810093D77440232821012324410134
:105890002326310193F01700138905001304060035
:1058A00013FAF407639A000613D734409372F70093
:1058B00093964200B385D20013F674008357840395
:1058C00093090500138705006308061413051000EB
:1058D0006316A60E1386070013058402EFD05FF54A
:1058E0000358C4039318050113DA0841631408161A
:1058F00083578403231EA40293850700EFF04FC64D
:10590000137AFA0793FE04F0336FDA01231CA40222
:10591000936F0F082390F9018314090093D7744003
:1059200093F0170093FEF4076398000693D9344070
:1059300013F7F90093124700B305570013F67400EC
:105940008357840313870500630A060813051000B4
:10595000631EA6061386070013058402EFD05FEDD1
:105960000358C4039318050193D908416318080E1E
:1059700083578403231EA40293850700EFF04FBED4
:1059800093FEF90713FF04F0B3EFEE01231CA4020A
:1059900013E40F08231089008320C101032481012F
:1059A00083244101032901018329C1003305DA4120
:1059B000032A81001301010267800000139E040185
:1059C00013550E01138A04006FF01FF3139E040198
:1059D00013550E01938904006FF01FFA930610020D
:1059E00063E4B600130720028316240003160400A4
:1059F0008325440103258401EF10807D0353E403D4
:105A00009313050193D90341631A03048357840355
:105A1000231FA4026FF05FF6130310026364B30048
:105A20001307200283162400031604008325440173
:105A300003258401EF10C0798353E403131A050191
:105A4000135A0A416398030083578403231FA40257
:105A50006FF09FEA835784036FF01FEA8357840334
:105A60006FF09FF11300000013000000130000000E
:105A7000630A060003152500839525003305B5400C
:105A800067800000831705001397070193520701F1
:105A900013F307F093D38200336673002310C5001D
:105AA00083960500031525001398060193580801F5
:105AB00013FE06F093DE8800336FDE012390E501CC
:105AC000839525003305B540678000001300000072
:105AD00003970500839725002310E5002311F500A7
:105AE0006780000013000000130000001300000096
:105AF00083184500130101FC232C8102232251034A
:105B0000232E1102232A9102232821032326310365
:105B10002324410323206103232E7101232C8101BF
:105B2000232A91012328A1012326B1010324450240
:105B3000930A050013880500635A107F938B0500B4
:105B4000130300009305000013050000130E00006E
:105B500093FCF50F63CE0B406302047E93070400B1
:105B60006F00C00083A707006388070083A2470077
:105B700083932200E39873FF83240400130D000035
:105B80002320A401130604006386040883A60400EE
:105B900023A0C40013840400638E060603A9060034
:105BA00023A09600138406006306090683290900D2
:105BB0002320D90013040900638E090403AA0900F5
:105BC00023A029011384090063060A04032B0A0099
:105BD00023203A0113040A00630E0B02032C0B006E
:105BE00023204B0113040B0063060C02832E0C00D0
:105BF00023206C0113040C00130D0C00638C0E00A9
:105C000013840E00832404002320A401130604003F
:105C1000E39E04F66380073883AD4700039F0D00C1
:105C2000937F1F00638C0F0013579F4093701700E2
:105C3000330E1E0093120E0113DE020183A3070030
:105C4000638C030083A4030023A097008327040030
:105C500023A0F3002320740013051500131605017B
:105C60001355060163C80B00938B1B00139D0B019A
:105C7000935B0D4193851500939D050193D50D41CF
:105C8000E398B8EC93182500338F6840B30FEE010A
:105C900013970F01935407016348004D832A0400B2
:105CA0001309040083A90A0003AD4A0003A34900B5
:105CB00083A6090023A26A0023A2A90123A0DA0077
:105CC00023A0090063CE0B28832C4900839E2C005F
:105CD000638C7E010329090063000964832C490059
:105CE000839E2C00E3987EFF832D4400938504005F
:105CF00003950D00EFF0CFF503290900930405008B
:105D00006304090C832844009305050003950800EB
:105D1000EFF00FF4032B09009304050063060B0A50
:105D2000032F44009305050003150F00EFF04FF219
:105D3000832A0B009304050063880A08832F44001C
:105D40009305050003950F00EFF08FF003AA0A00FA
:105D500093040500630A0A0603274400930505001F
:105D600003150700EFF0CFEE032C0A0093040500A3
:105D7000630C0C0403284400930505000315080078
:105D8000EFF00FED032D0C0093040500630E0D02E0
:105D9000832044009305050003950000EFF04FEBCE
:105DA000832C0D009304050063800C0283224400C1
:105DB0009305050003950200EFF08FE903A90C009D
:105DC00093040500E31209F20329040003AD49001E
:105DD00083254900032E0900930E100023A2B90069
:105DE0002322A90123A0C90123203901930A10000D
:105DF000630404249306000013090000130B000041
:105E000093F37E00130B1B0093080400930700001C
:105E10006384030863D6D70F832804009307100018
:105E20006380080E638AF306130620006380C306AE
:105E3000130530006386A30413034000638C6302E0
:105E40009309500063823303930B600063887301EE
:105E500083A80800930720006384080A83A8080029
:105E600093871700638E080883A80800938717009C
:105E70006388080883A808009387170063820808CE
:105E800083A8080093871700638C080683A808007E
:105E9000938717006386080663D4D70783A8080092
:105EA00093871700938D0700638C080483A808006C
:105EB000938717006386080483A8080093872D0042
:105EC0006380080483A8080093873D00638A080262
:105ED00083A8080093874D006384080283A8080004
:105EE00093875D00638E080083A8080093876D0088
:105EF0006388080083A8080093877D00E39E08F864
:105F00001306040093850E00138408006352F00208
:105F10006398050A93020600032606009387F7FF9D
:105F20006386060223A0560093860200E342F0FE39
:105F30006358B00E6308040E6396070893020400CA
:105F40009385F5FF03240400E39E06FC13890200F9
:105F5000938602006FF09FFD03290900630E093A42
:105F6000032A4900034C0A00E3988CFF6FF0DFD747
:105F70006306043C930704006F00C00083A707007A
:105F8000E38C07BE03A7470083400700E3981CFE8D
:105F90006FF09FBE8326040013031300131903013F
:105FA00083A9460013530901038A1900137B1A00C1
:105FB000330C6E01931E0C0113DE0E016FF09FCAAD
:105FC000E30A04F48323460003254400839D030071
:105FD00003132500039E230093980D0113DF08018E
:105FE00013FA0DF0935F8F00336CFA012390830155
:105FF00003170500131D070113580D01937C07F0CB
:1060000093508800B3E91C0023103501E354C3F119
:10601000930204009385F5FF032404006FF05FF002
:10602000E31004DE23A00600630C5B0113040900E7
:10603000939E1E00E31004DC232000007300100078
:10604000832B090063820B0E83264900938504008D
:1060500003950600EFF0CFBF03A40B0093040500E7
:106060006304040C032B49009305050003150B0082
:10607000EFF00FBE832A04009304050063860A0A2A
:10608000032F49009305050003150F00EFF04FBCE7
:1060900003AA0A009304050063080A08832F490035
:1060A0009305050003950F00EFF08FBA032C0A004B
:1060B00093040500630A0C060327490093050500B5
:1060C00003150700EFF0CFB8032D0C009304050073
:1060D000630C0D040328490093050500031508000F
:1060E000EFF00FB7832C0D0093040500638E0C02B4
:1060F000832049009305050003950000EFF04FB59C
:1061000083A90C00930405006380090283224900DF
:106110009305050003950200EFF08FB383AB0900F0
:1061200093040500E3920BF28320C103032481034F
:10613000032901038329C102032A8102832A410220
:10614000032B0102832BC101032C8101832C41010C
:10615000032D0101832DC100138504008324410315
:106160001301010467800000130B1000E30604EC28
:1061700093090000130A0000130C000013787B0041
:10618000130C1C00930704001309000063040808A3
:106190006356690F83270400130910006380070EFC
:1061A000630A28079300200063001806930230005A
:1061B00063065804130E4000630CC8039303500099
:1061C00063027802130660006308C80083A7070013
:1061D000130920006384070A83A707001309190025
:1061E000638E070883A7070013091900638807084F
:1061F00083A70700130919006382070883A7070014
:1062000013091900638C070683A7070013091900F7
:10621000638607066354690783A7070013091900FB
:1062200013050900638C070483A7070013091900ED
:106230006386070483A7070013092500638007040A
:1062400083A7070013093500638A070283A70700A5
:10625000130945006384070283A70700130955004B
:10626000638E070083A70700130965006388070092
:1062700083A7070013097500E39E07F8930D040038
:10628000130D0B00138407006352200363140D04E5
:1062900093870D0083AD0D001309F9FF6386090292
:1062A00023A0F90093890700E34220FF6358A0056B
:1062B000630804046312090293070400130DFDFF31
:1062C00003240400E39E09FC138A07009389070056
:1062D0006FF09FFDE30E04FA8325440003A54D00F3
:1062E00013860A00EFF0CFD8E354A0FA9307040016
:1062F000130DFDFF032404006FF05FFAE31004E8C0
:1063000023A0090013041000630E8C00131B1B0054
:1063100013040A006FF09FE503290400E316099CAB
:106320006FF01FAB13040A006FF05F97930C00002F
:10633000938B0500930400006FF01F9683270000E5
:106340007300100013000000130000001300000091
:10635000930740013355F5023787FFFF23A005005F
:10636000930207081388050193870500938685002B
:10637000130F06001305E5FF93183500B3881501C8
:1063800023A21501931F2500239108002390580094
:10639000B38FF80193854800637018351383880024
:1063A000637CF333B783FFFF23A0D70023A6B70096
:1063B00023A4070093C5F3FF138606009306F0FF9E
:1063C0002392D8002393B800930608009305030096
:1063D000630E0506131E0F0193530E01B78EFFFFC8
:1063E000138E86001308000093C2FEFF63701E0721
:1063F000938E450063F6FE2F131708011353070110
:10640000334773001317370013737300137787072D
:1064100023A0C6003367670023A0D70013168700A8
:1064200023A2B6003303C7002390650023915500D3
:1064300013081800630E05291386060093060E0044
:10644000138E860093850E00E3641EFB83250600F1
:10645000638C050693085000B74F000033551503B1
:1064600013070020930610009383FFFF6F00800244
:1064700003A80500930F07102391D20093920F01F8
:106480009386160013D702016300080413860500E3
:106490009305080083224600E3ECA6FC1376077000
:1064A0003343DF0003A80500336E660013070710AF
:1064B000B37E7E00931807012391D20193861600C4
:1064C00013D70801E31408FC930F10001308000011
:1064D00013050000930200009303100013FF7F00D8
:1064E00093821200138707009306000063040F08CD
:1064F0006356F00F03A70700930610006300070E12
:10650000630ADF06930520006300BF061306300010
:106510006306CF0413034000630C6F02130E500098
:106520006302CF03930E60006308DF0103270700B7
:10653000930620006304070A0327070093861600CA
:10654000630E0708032707009386160063080708F1
:106550000327070093861600630207080327070036
:1065600093861600630C0706032707009386160020
:106570006306070663D4F607032707009386160011
:1065800093880600630C0704032707009386160010
:1065900063060704032707009386280063000704A7
:1065A0000327070093863800630A070203270700C2
:1065B0009386480063040702032707009386580068
:1065C000630E07000327070093866800630807002F
:1065D0000327070093867800E31E07F893850F00D2
:1065E0006352D0026394050483A807009386F6FFE4
:1065F000630A08022320F800138807009387080025
:10660000E342D0FE6356B008630A070863920602AD
:10661000938807009385F5FF93070700032707007A
:10662000E31A08FC138507006FF01FFDE30E07FA5D
:1066300003A347008328470003160300839E280016
:10664000031F2300131E0601135E0E01135E8E004E
:10665000137606F03366C6012310C300039E0800BC
:1066600013130E011353030113760EF0135E830010
:106670003363C60123906800E3D8EEF793880700E0
:106680009385F5FF93070700032707006FF05FF678
:1066900063060700930707006FF05FE423200800FC
:1066A00063827202939F1F006300050213070500B7
:1066B0001308000013050000930200009307070071
:1066C0006FF0DFE1678000002320000073001000FE
:1066D000138606006FF09FD7130600006FF05FCFA0
:1066E00013081800E30405D7138E0600938E0500E7
:1066F000930606006FF05FD4130000001300000043
:10670000032806009308880063F6E80403A7060040
:10671000130347006370F304232016018327050049
:1067200083920500039625002320F800232005010D
:106730002322E80083A306001385430023A0A600BC
:106740008325480013050800239055002391C500B8
:106750006780000013080000130508006780000030
:10676000930705000325050083A64700032645007F
:106770000327050023A2C7002322D50023A0E7009A
:1067800023200500678000001300000013000000B4
:1067900003A645008326450003A705002322C50064
:1067A00023A2D5002320E50023A0A50067800000D8
:1067B0000396250063420602631805006780000007
:1067C00003250500630C0502032345008313230002
:1067D000E398C3FE6780000063020502039705008B
:1067E0006F00C00003250500630C050083274500EA
:1067F00083C20700E398E2FE6780000013050000F3
:106800006780000013000000130000001300000068
:106810006300050A83270500930800002320150163
:10682000930605006386070803A7070023A0D70087
:106830001385070063000708832207002320F70061
:10684000130507006386020603A3020023A0E200EB
:1068500013850200630E03048323030023205300E7
:10686000130503006386030483A5030023A06300CC
:1068700013850300638E050203A8050023A075009D
:106880001385050063060802032608002320B800CC
:106890001305080093080800630C060013050600A2
:1068A000832705002320150193060500E39E07F6C4
:1068B00067800000678000001300000013000000E4
:1068C000130101FD232E31012328610123267101CB
:1068D000232481012320A1012326110223248102E4
:1068E0002322910223202103232C4101232A510139
:1068F0002322910193090500938B0500130B0600D9
:10690000130C1000130D10006384091A930C00007F
:1069100093040000930A000013777C00938C1C0002
:106920009387090013040000630407086356800F6F
:1069300083A70900130410006380070E630A87060B
:10694000930620006300D706930030006306170407
:1069500093024000630C5702130350006302670266
:10696000930360006308770083A7070013042000E7
:106970006384070A83A7070013041400638E0708C3
:1069800083A70700130414006388070883A7070080
:10699000130414006382070883A70700130414007C
:1069A000638C070683A70700130414006386070699
:1069B0006354840783A7070013041400130504001D
:1069C000638C070483A7070013041400638607047D
:1069D00083A70700130425006380070483A707002B
:1069E00013043500638A070283A7070013044500D8
:1069F0006384070283A7070013045500638E070012
:106A000083A70700130465006388070083A70700B6
:106A100013047500E39E07F813890900130A0C009C
:106A2000938907006352800263140A0493050900E6
:106A3000032909001304F4FF6386040223A0B400B1
:106A400093840500E34280FE63584005638809048F
:106A50006312040293850900130AFAFF83A909004F
:106A6000E39E04FC938A0500938405006FF09FFD6C
:106A7000E38E09FA83A549000325490013060B009C
:106A8000E7800B00E354A0FA93850900130AFAFF8C
:106A900083A909006FF05FFAE39009E823A00400DE
:106AA000638CAC0193890A00131C1C00E39009E677
:106AB00023200000730010008320C1020324810200
:106AC00083244102032901028329C101032A810190
:106AD000032B0101832BC100032C8100832C410077
:106AE000032D010013850A00832A410113010103CC
:106AF00067800000000000000000000000000000AF
:106B0000130101FF232021010329C50123261100C0
:106B1000232C0502232E0502630C09042324810083
:106B20002322910013040500930400009305100034
:106B300013050400EFE0DFFB83558403EFE04FA271
:106B4000231CA4029305F0FF13050400EFE05FFA95
:106B500083558403EFE0CFA0231CA40263840402C6
:106B600093841400E31499FC0324810083244100DE
:106B70008320C10003290100130500001301010156
:106B800067800000231DA40293071000E30EF9FCA8
:106B9000930410006FF09FF9000000000000000057
:106BA00000000000000000000000000000000000E5
:106BB0009308F5FF9307100063FC173193821500CB
:106BC000139302011357030193533700130370000B
:106BD000937677009305000017EE0000130E4E2801
:106BE000930E4000130F1000930FC00213F83300F0
:106BF0006384660863ECDE289382D6FF93970201D4
:106C00001318280093D30701B3060E0163667F2093
:106C100083A7060193061700139706019382950038
:106C20001357070163FA1207B306B60033E8F600FC
:106C300093733800639A032613881700B3830641C1
:106C400013B833006312082683A30700930580005E
:106C500023A0760083A7470023A2F600B385B600E1
:106C60002380F501935337009376770093850200D4
:106C700013F83300E39066F893172800B302FE0080
:106C80009306170083A702031397060193829500CA
:106C900013570701E3EA12F963F2A52013871500E1
:106CA000130E0700330FB540B33EE500930F1000FD
:106CB0006378E51EB308B6009307FFFF3303104166
:106CC00013B8670093733300631E080E639C0E0EA7
:106CD0006386031E238008009378230063820802E2
:106CE000B306E6002380060093023000138E2500D1
:106CF000639853003307C60123000700138E350045
:106D0000338F7F40937ECFFF938FCEFF13D32F001F
:106D1000B385750013081300B307B60093737800AA
:106D2000B386D7016384030693081000638A1305B2
:106D3000930220006382530413073000638AE30246
:106D4000930F40006382F30313035000638A6300D0
:106D5000930560006398B31623A00700938747004C
:106D600023A007009387470023A0070093874700CD
:106D700023A007009387470023A0070093874700BD
:106D800023A00700938747006386F60223A007002D
:106D900023A2070023A4070023A6070023A80700B7
:106DA00023AA070023AC070023AE0700938707023E
:106DB000E39EF6FCB385CE016382EE0F13871500C8
:106DC000B308B60023800800637AA70C330EE600F0
:106DD00023000E00138F25006372AF0CB30EE60183
:106DE00023800E0013883500637AA80AB3030601D6
:106DF000238003009386450063F2A60AB308D600F9
:106E0000238008009382550063FAA20833055600D8
:106E10002300050067800000130717009313070184
:106E20009382550083A706001388150013D703012A
:106E3000E3F412E783C30700B306B60093054000EE
:106E40002380760083C317003308060123007800EF
:106E500083C327002381760003C83700A38106017E
:106E6000E38ED5DF83C3470093058000238276003D
:106E700003C85700A382060183C3670023837600FB
:106E800083C77700A383F6006FF05FDD93132800BC
:106E9000B3067E0083A706026FF0DFD7678000008D
:106EA000930F0F006FF01FE183C3070013881500D5
:106EB00093058000238076006FF0DFF8138E0500C5
:106EC0006FF01FE423A00700938747006FF0DFE80F
:106ED0009305000013071000930806006FF09FEE63
:106EE000832705001308050003C70700630207286E
:106EF0009306C00213050000630AD7201305E002C1
:106F00006306A722636AE51C130F57FD937FDF0F0B
:106F100063860F0283A3450003A70500938717002C
:106F2000138313009306170023A2650023A0D50046
:106F3000130510002320F8006780000003A7050058
:106F4000138617009302170023A0550083C3170070
:106F5000638603266386D32083A68500138303FDFF
:106F60009378F30F130E9000938E1600637E1E012C
:106F70006384A31E23A4D501938727001305100063
:106F80002320F8006780000023A4D50103451600E4
:106F9000130616006302051E130FC0026304E517F3
:106FA000930FE0026308F503130705FD9372F70FD3
:106FB00093039000E3FC53FC83A60501930716009E
:106FC000130510001386160023A8C5002320F8001F
:106FD0006780000003A305019308130023A815018F
:106FE0006F004001938707FD13FFF70F930F900089
:106FF00063E2EF138347160013061600638A071A2D
:10700000130EC0026382C71593FEF70D13055004DB
:10701000E39AAEFC83A345019307160013053000E5
:107020009386130023AAD50003431600E30403F05C
:107030009308C0026308131503AEC500930E53FDF9
:1070400013FFDE0F13051E0023A6A50093072600DD
:1070500013051000E3100FEE834F26009307260060
:1070600013056000E3880FEC63841F1383A285017E
:1070700013870FFD9373F70F93861200130390008D
:1070800023ACD500637A7300930736001305100014
:107090002320F800678000001306900083CE1700BD
:1070A000138E07009308C002138F0EFD93871700FD
:1070B0001375FF0F63840E0E63861E0FE370A6FE2A
:1070C00083AF450093072E001305100093821F0025
:1070D00023A255006FF01FE6930307FD93F8F30F0B
:1070E00013069000E36816E303AE0500138617004D
:1070F000930E1E0023A0D50103C51700630E0506DD
:10710000E310D5EA930706001305400093871700A4
:107110006FF05FE203A74501930716001305100007
:107120009302170023AA55006FF0DFE083A2050049
:10713000138617001383120023A0650083C717006E
:1071400063880706E392D7EC930706001305500007
:10715000938717006FF01FDE23A4D5016FF09FE91E
:107160009307060013052000938717006FF09FDC3C
:10717000130500006FF01FDC9307060013054000A5
:107180006FF05FDB13053000938717006FF09FDA15
:1071900013056000938717006FF0DFD913057000A7
:1071A0006FF05FD913057000938717006FF09FD8B9
:1071B00093070600130550006FF0DFD79307060012
:1071C000130520006FF01FD713000000130000000C
:1071D000130101F8232C8106232A91062328210775
:1071E0002326310723244107232251072320610747
:1071F000232E7105232E11061384050083C5050077
:10720000232681002328010223280100232A0102CA
:10721000232A0100232C0102232C0100232E01022A
:10722000232E010023200104232001022322010434
:107230002322010223240104232401022326010422
:1072400023260102130B0500930B0600138A060088
:10725000930A070093840700130901039309C100EF
:10726000638C05569305090013850900EFF05FC78D
:10727000930705009392270013830205B3032300AD
:107280008326C10003A703FC9305090003C606007B
:107290001308170023A003FD13850900630A0608DD
:1072A000EFF01FC493080500139E2800930E0E05EF
:1072B000338F2E008327C100832F0FFC9305090015
:1072C00083C2070013831F0023206FFC138509006E
:1072D00063800206EFF0DFC09303050013972300DD
:1072E00093060705338626008328C100032806FC81
:1072F0009305090003CE0800930E18002320D6FD45
:107300001385090063060E02EFF09FBD13152500DB
:1073100093050505338F25008327C100832F0FFCBC
:1073200083C2070013831F0023206FFCE39C02F23B
:1073300023268100330B64016378641993001000E5
:1073400063921A44034804009348F4FF330E1B0170
:10735000930EC00213757E006306D801B345780111
:107360002300B4009307140063FA67156302050C49
:10737000130F10006302E50B930F20006304F5095F
:10738000930230006306550613034000630865044A
:1073900093005000630A150293036000630C7500AC
:1073A00003C707006306D701B34677012380D700E0
:1073B0009387170003C607006306D601B349760119
:1073C000238037019387170003C807006306D8019D
:1073D000B3487801238017019387170003CE070075
:1073E0006306DE0133457E012380A70093871700E3
:1073F00083C507006386D50133CF75012380E7017C
:107400009387170083CF07006386DF01B3C27F0134
:10741000238057009387170003C307006306D30137
:10742000B3407301238017009387170063F867093F
:1074300083C307006386D30133C773012380E7004A
:1074400003C61700938617006306D601B349760179
:10745000A380370183C716006386D70133C877013D
:10746000A380060183C826006386D80133CE780145
:107470002381C60103C536006306D501B3457501F6
:10748000A381B60003CF46006306DF01B34F7F013F
:107490002382F60183C256006386D20133C3720190
:1074A000A382660083C066006386D001B3C3700107
:1074B0002383760093877600E3EC67F7834B040021
:1074C0009309C100638A0B2A9305090013850900FB
:1074D000EFF01FA1930E050013972E00130607056A
:1074E000330826008326C100832808FC9305090081
:1074F00003CE0600138F18002320E8FD1385090032
:10750000630A0E08EFF0DF9D930F050093922F00A2
:1075100013830205B3032300832BC10083A703FC5D
:107520009305090083CE0B001387170023A0E3FC0B
:107530001385090063800E06EFF09F9A130605007D
:107540001318260093080805338E28008326C100EF
:10755000032F0EFC9305090083CF060093021F0042
:1075600023205EFC1385090063860F02EFF05F970E
:107570001315250093050505338325008327C100D6
:10758000832303FC83CB0700938E13002320D3FDBA
:10759000E39C0BF2232681006372641993091000A7
:1075A000639C3A21834A04001348F4FFB3080B019B
:1075B000130EC00213FF78006386CA01B3C64A01E6
:1075C0002300D40013041400637A641563020F0CC3
:1075D000930F10006302FF0B9302200063045F0807
:1075E000130530006306AF06930540006308BF042F
:1075F00013035000630A6F0293036000630C7F0063
:10760000834704006386C701B3CB4701230074019D
:1076100013041400834E04006386CE01B3C94E01E7
:107620002300340113041400834004006386C00166
:1076300033C640012300C4001304140003470400B0
:107640006306C701B34A4701230054011304140021
:10765000034804006306C801B3484801230014012D
:1076600013041400034F04006306CF01B3464F0117
:107670002300D40013041400834F04006386CF0159
:10768000B3C24F012300540013041400637864094B
:10769000034504006306C501B34545012300B4005A
:1076A00003431400930314006306C301B34743016B
:1076B000A300F40003C413006306C401B34B4401E8
:1076C000A380730183CE23006386CE01B3C94E012C
:1076D0002381330183C033006386C00133C6400178
:1076E000A381C30003C743006306C701B34A470130
:1076F0002382530103C853006306C801B3484801FD
:10770000A382130103CF63006306CF01B3464F0189
:107710002383D30013847300E36C64F7130A01011D
:10772000130B090003250A0093850400130A4A007D
:10773000EFD01F889305050003250B00130B4B00AA
:10774000EFD01F8793040500E31E2AFD8320C107A5
:107750000324810783244107032901078329C106E4
:10776000032A8106832A4106032B0106832BC105C8
:10777000130101086780000023268100E36464E3AD
:107780006FF0DFF9930604009309C00283C306007B
:1077900033C77301638433012380E600B386560147
:1077A000E3E666FF034604009309C100E31E06D02A
:1077B00023268100E37464F79300C00203460400AB
:1077C00033474601630416002300E40033045401E8
:1077D000E36664FF6FF09FF4330BA400E36064B7CB
:1077E0006FF0DFF30000000000000000130800004D
:1077F00063C6051263DC0600B337C000B306D04091
:107800001348F8FFB386F6403306C04093080600DD
:107810001307050013830500639A060E63F4C5166B
:10782000B70701006364F622B707000193068001E1
:107830006374F60093060001B7570180335ED600EB
:107840009387C7EDB387C70183C70700130E0002F4
:10785000B387D700B306FE40630CFE003393D50018
:10786000B357F500B318D60033E367003317D500DC
:1078700013D608013355C3029396080193D6060127
:10788000935707013373C302B385A6021313030191
:10789000B3E7670063FCB700B387F8001303F5FF95
:1078A00063E4170163E6B74013050300B387B740ED
:1078B000B3D5C7021317070113570701B3F7C70260
:1078C000B386B602939707013367F700637ED7004C
:1078D0003387E8009387F5FF636617019385E5FF1B
:1078E0006364D70093850700131505013365B50060
:1078F00093050000630A0800B337A000B305B04049
:10790000B385F5403305A0406780000063F4D502DD
:1079100093050000130500006FF0DFFDB337A000F2
:10792000B305B040B385F5403305A0401308F0FF20
:107930006FF05FECB707010063E8F61EB7070001C0
:107940009308800163F4F60093080001B7570180A3
:1079500033D716019387C7EDB387E70003C7070046
:107960009307000233071701B388E7406396E71CCB
:1079700063E4B6303335C5001335150093050000B8
:107980006FF05FF7630C060CB7070100637CF62C01
:10799000133306101333130013133300B35666006A
:1079A000B75701809387C7EDB387D70083C6070019
:1079B00093070002B3866600B38ED7406394D70C5A
:1079C000B386C5401353060113160601135606016C
:1079D0009305100033D5660293570701B3F666028C
:1079E000330EC50293960601B3E7D70063FCC701C7
:1079F000B387F8009306F5FF63E4170163E4C72B30
:107A000013850600B387C741B3D667021317070172
:107A100013570701B3F767023386C602939707012E
:107A20003367F700637EC7003387E8009387F6FF6C
:107A3000636617019386E6FF6364C70093860700B9
:107A4000131505013365D5006FF0DFEA9336061094
:107A500093B61600939636006FF01FDEB75701807D
:107A6000930600009387C7EDB387D70083C607004E
:107A70001303000093070002B3866600B38ED7405D
:107A8000E380D7F4B318D60133DED50013D3080151
:107A9000B3576E021396080113560601B356D5006C
:107AA0003317D501B395D501B3E6B60093D50601DA
:107AB000337E6E023305F602131E0E01B3E5C501D7
:107AC00063FEA500B385B800138EF7FF63E4151DB0
:107AD00063F2A51C9387E7FFB3851501B385A54025
:107AE00033D565029396060193D60601B3F5650278
:107AF000330EA60293950501B3E6B60063FEC601F8
:107B0000B386D8009305F5FF63EE161763FCC6171E
:107B10001305E5FFB386160193950701B386C641A9
:107B2000B3E5A5006FF01FEB93B8061093B81800EB
:107B3000939838006FF09FE1B35EE600B3961601AC
:107B4000B3EEDE0033D3E50013DF0E01B357E303DA
:107B5000139E0E01B3951501135E0E013357E50018
:107B60003367B70093560701331616013373E303E7
:107B7000B305FE0213130301B3E6660063FEB6000D
:107B8000B386DE001383F7FF63EAD61163F8B610FD
:107B90009387E7FFB386D601B386B640B3D5E60335
:107BA0001317070113570701B3F6E6033303BE02A9
:107BB000939606013367D700637E67003387EE0034
:107BC0009386F5FF6364D70D6372670C9385E5FFB9
:107BD0003307D70193970701370F0100B3E7B700C9
:107BE0009306FFFFB3F5D70013DE0701B376D60087
:107BF00013560601B38ED50233076740B306DE0283
:107C000013D30E01B385C502B385D500B305B30008
:107C1000330ECE0263F4D500330EEE0193D6050188
:107C2000B386C601636AD7026308D70013850700CD
:107C3000930500006FF01FCCB70601009386F6FF96
:107C400033F7D50013170701B3FEDE003315150116
:107C50003307D701E37CE5FC1385F7FF93050000AC
:107C60006FF05FC9B7070001637AF6049356060107
:107C7000130300016FF0DFD293050000130510001D
:107C80006FF05FC7138505006FF01FE9938506004D
:107C90006FF05FF493070E006FF05FE4930703004B
:107CA0006FF09FEF1305E5FFB38717016FF09FD5C6
:107CB0001305E5FFB38717016FF05FBF9356860189
:107CC000130380016FF0DFCD130806009308050051
:107CD000138705006390060E63FEC512B707010007
:107CE000636EF61EB7070001930680016374F60009
:107CF00093060001B75701803353D6009387C7ED31
:107D0000B387670083C7070013030002B387D70058
:107D1000B306F340630CF3003397D500B357F50077
:107D20003318D60033E7E700B318D500135608011F
:107D30003355C7029316080193D6060193D708015D
:107D40003377C702B385A60213170701B3E7E7002D
:107D500063FCB700B307F8001307F5FF63E40701FE
:107D600063E0B73E13050700B387B74033D7C702B8
:107D70009398080193D80801B3F7C702B386E602C7
:107D800093970701B3E8F80063FED800B308180121
:107D90009307F7FF63E608011307E7FF63E4D800E2
:107DA00013870700131505013365E50093050000EF
:107DB0006780000063F8D5009305000013050000FC
:107DC00067800000B707010063E8F61EB7070001EF
:107DD0001308800163F4F60013080001B75701800F
:107DE00033D706019387C7EDB387E70003C70700C2
:107DF00093070002330707013388E7406396E71CC7
:107E000063E4B6303335C500133515009305000023
:107E100067800000630C060CB7070100637CF62C3A
:107E2000133706101337170013173700B356E60041
:107E3000B75701809387C7EDB387D70083C7070083
:107E400093060002B387E700B38EF6406394F60C06
:107E5000B387C54093560601131606011356060153
:107E60009305100033D5D70213D70801B3F7D70213
:107E70003303C50293970701B367F70063FC6700FC
:107E8000B307F8001307F5FF63E4070163E4672A0B
:107E900013050700B387674033D7D70293980801CB
:107EA00093D80801B3F7D7023306C70293970701A7
:107EB000B3E8F80063FEC800B30818019307F7FFA2
:107EC00063E608011307E7FF63E4C80013870700B0
:107ED000131505013365E500678000009336061031
:107EE00093B61600939636006FF0DFE0B757018027
:107EF000930600009387C7EDB387D70083C70700B9
:107F00001307000093060002B387E700B38EF64024
:107F1000E380F6F43318D60133D3F5009356080105
:107F2000335ED30213160801B395D501135606012B
:107F3000B357F500B3E7B70013D70701B318D5015E
:107F40003373D302B305C60313130301336767000A
:107F5000637EB7003307E8001305FEFF6364071D67
:107F60006372B71C130EEEFF330707013307B740E8
:107F70003355D7029397070193D707013377D70279
:107F80003303A60213170701B3E7E70063FE670098
:107F9000B307F8001307F5FF63EE071763FC6716D6
:107FA0001305E5FFB387070193150E01B3876740FB
:107FB000B3E5A5006FF01FEB13B8061013381800D7
:107FC000131838006FF09FE1335EE600B3960601A8
:107FD000336EDE00B3D8E500935E0E01B3D7D8034D
:107FE00013130E01B3950501135303013357E50035
:107FF0003367B7009356070133160601B3F8D80369
:10800000B305F30293980801B3E6160163FEB600C8
:10801000B306DE009388F7FF63EAC61163F8B61073
:108020009387E7FFB386C601B386B640B3D5D603C0
:108030001317070113570701B3F6D603B308B302AA
:10804000939606013367D700637E17013307EE006E
:108050009386F5FF6364C70D6372170D9385E5FF83
:108060003307C70193970701B70E0100B3E7B700C5
:108070009386FEFFB3F5D70013D30701B376D6007E
:1080800013560601338ED50233071741B306D302C8
:1080900093580E01B385C502B385D500B385B800EA
:1080A0003303C30263F4D5003303D30193D6050130
:1080B000B3866600636AD7026308D700138507009A
:1080C0009305000067800000B70601009386F6FF65
:1080D00033F7D50013170701337EDE003315050192
:1080E0003307C701E37CE5FC1385F7FF9305000028
:1080F00067800000B7070001637AF6049356060113
:10810000130700016FF0DFD2930500001305100084
:1081100067800000130507006FF01FE993850600D4
:108120006FF05FF4130E05006FF05FE493870800B3
:108130006FF09FEF1305E5FFB38707016FF09FD541
:108140001305E5FFB38707016FF01FC29356860141
:10815000130780016FF0DFCD130101FD232E3101E4
:1081600093D9450123248102232291022320210354
:10817000232C4101232671019394C500232611026B
:10818000232A5101232861012324810193F9F97FD6
:1081900013040500930B06001389060093D4C40052
:1081A00013DAF501638A09189307F07F6388F908E9
:1081B000939434009357D501B3E7970037078000B5
:1081C000B3EAE700131B3500938919C0930400003C
:1081D000130C0000935749011314C90093F7F77F5C
:1081E0001354C4001359F901638207081307F07F81
:1081F000638AE7181314340013D7DB013367870051
:10820000938717C0370480003364870093983B003E
:10821000B389F940130600001307F000B3462A01A2
:1082200063649724B7570180939424009387C7E928
:10823000B384F40003A7040067000700B3EAA400B6
:10824000639E0A1C935749011314C90093F7F77FE3
:10825000130B0000930480009309F07F130C20009F
:108260001354C4001359F901E39207F8B368740179
:108270006382081C630A044A13050400EF00901A85
:1082800093070500930655FF1307D001938887FFD6
:108290003307D7403314140133D7EB00336487001E
:1082A000B3981B01B38737019389373F130600004A
:1082B0006FF09FF63307F74013068003635AE64ECC
:1082C0009307000013060000130700008320C1027B
:1082D0000324810293974701B3E7C7009396F60101
:1082E000B3E7D70083244102032901028329C10196
:1082F000032A8101832A4101032B0101832BC10041
:10830000032C810013050700938507001301010367
:10831000678000009307F07F13060000130700003A
:108320006FF0DFFA930600009307F07F370608002E
:10833000130700006FF09FF9B3EAA400638C0A10E2
:108340006388044013850400EF00D00D1307050077
:10835000930655FF9307D001130B87FFB387D740D0
:10836000B3946401B357F400B3EA9700331B64017C
:108370009309D0C0B389E94093040000130C0000B6
:108380006FF05FE5B368740193891980639C080AF4
:1083900093E4240013040000130620006FF0DFE7CD
:1083A00013090A0013840A0093080B0093072000A6
:1083B0006308FC4E93073000E306FCF693071000B9
:1083C00093060900E30EFCEE9387F93F6356F02A0B
:1083D00013F778006316074A13177400635A0700EF
:1083E000B70700FF9387F7FF3374F40093870940C2
:1083F0001307E07FE340F7F293D838001317D40156
:1084000013169400336717011356C60093F7F77FCE
:108410006FF0DFEB130C06006FF05FF9938A040036
:10842000130B05009304C0009309F07F130C300078
:108430006FF05FDA93E414001304000013061000D9
:108440006FF09FDD93E4340093880B001306300037
:108450006FF09FDC130B00009304400093090000B1
:10846000130C10006FF01FD76364542B63808A2AAB
:1084700013030B009389F9FF93870A00130B000085
:10848000131784001355070133D4A70213D68801AC
:108490003366E60013180601135808019395880007
:1084A00013570301B3F7A702B30888029397070194
:1084B000B367F70063FA1701B307F6001307F4FF79
:1084C00063F0C72E13040700B3871741B3D8A70280
:1084D0001317030113570701B3F7A702B30F1803CC
:1084E000939707013367F700637AF7013307E600D4
:1084F0009387F8FF637EC72893880700131404014D
:10850000B7020100336414011383F2FFB3786400EF
:10851000935E040113DE050133F36500330F13038B
:108520003307F741B3081E0393570F01B38F6E0251
:10853000B388F801B3871701B38ECE0363F4F70154
:10854000B38E5E00B70F0100938FFFFF93D8070132
:10855000B3F7F70193970701337FFF01B388D80181
:10856000B387E701636E1717630A1717B307FB405A
:1085700033071741333BFB00330767416300E62EA7
:10858000B358A70293DE07013377A702330F18030E
:108590001317070133E7EE00637EE7013307E600B8
:1085A000938EF8FF636AC72E6378E72F9388E8FFFE
:1085B0003307C7003307E741B35EA702939707016C
:1085C00093D707013377A7023308D803131707019E
:1085D000B3E7E70063FE0701B307F6001387FEFF6A
:1085E00063E8C72A63F6072B938EEEFFB387C700B5
:1085F00093980801B3E8D8011395080113DF080127
:1086000013550501B30E6502B38707413305AE026A
:1086100013D70E0133036F02330565003307A7003C
:10862000330EEE036376670037050100330EAE00AC
:10863000370801001308F8FF1355070133770701C6
:1086400013170701B3FE0E013305C5013307D70128
:1086500063F2A712B307F6001383F8FF138807002D
:1086600063E4C71C63E8A7246386A7269308030076
:1086700093E818006FF05FD513071000E39C07C262
:108680009389E941B3973801B337F000B319340146
:10869000B3E73701B3D8E800B3E8F80093F7780000
:1086A0003354E4006380070293F7F8001307400097
:1086B000638AE70093874800B3B8170133041401B5
:1086C0009388070093158400930710001306000099
:1086D00013070000E3CC05BE6F004013E378FBE80E
:1086E000B30EBB0033BF6E01B30FCF003307F701EA
:1086F000138B0E00930FF4FF6374E6086362171583
:10870000638EE81213840F006FF05FE6E3621BD7FD
:1087100013571B001393FA0193D71A003363E30036
:10872000131BFB016FF0DFD513850B00EF00804FAB
:10873000930655011307C00193070502E356D7B40A
:10874000130585FF930800003394AB006FF09FB5CD
:10875000EF00404D930655019307C0011307050232
:10876000E3DAD7BE930785FFB31AF400130B0000BA
:108770006FF01FC0E39EA7EEE30807C46FF09FED04
:10878000E312E6F8E30C0FF613840F006FF01FDE20
:10879000E374F7D79388E8FF3307C7006FF01FD65D
:1087A000E3F217D31304E4FFB387C7006FF0DFD100
:1087B0001306F001E356E6EC130610FEB307F6408D
:1087C00013060002B357F4006308C7009389E94316
:1087D000B3193401B3E83801B3381001B3E8F80035
:1087E00013F77800130600006308070293F7F800F8
:1087F0001307400013040000638AE70093874800D2
:10880000B3B817013334100193880700131694008E
:108810001317D4011356C60093D8380033E7E80085
:10882000930700006FF09FAA93080300E312A8E4E7
:10883000E30CB7B893E818006FF01FB9E3F4FEEC4F
:10884000B38ED50133BFBE00330FCF001304E4FF56
:10885000138B0E003307E7016FF05FD1130720C0C1
:108860009387F93F9308F0FFE3C8E9E013874800D6
:10887000B338170133041401930807006FF0DFB514
:1088800013F7F80013064000E308C7B46FF01FFEAB
:10889000930E07006FF0DFD593880E006FF09FD125
:1088A000930609009307F07F1306000013070000EA
:1088B0006FF0DFA1139315003338B3003308C800FD
:1088C000338807019388E8FF93050300E302A8F6C5
:1088D0006FF01FDAE3E0E5FE93080300E31CB7F452
:1088E0006FF09FAE93D84501B70710009387F7FF4D
:1088F00013D7460193F8F87F130EF07F33F3B700D8
:1089000013080500930E0500B3F7D70093D5F501C2
:10891000130F06001375F77F93D6F6016388C80519
:108920006304C503639A08063368030163100506F0
:1089300033E6C700630C06086312080A130510002B
:10894000638206086780000033E6C70063140608E8
:108950006396080033630301E30203FE6380D506D8
:10896000639205061305100067800000336303015E
:1089700063120306E31615FFB3E7C700639C070401
:10898000E390D5FE1305000067800000E30808FAB5
:10899000E398D5FC6F008002E30405FCE392D5FC6C
:1089A000E34015FD63CCA800E3EC67FA6318F3001D
:1089B000E368DFFB13050000E3F6EEF91305100092
:1089C000E39205F81305F0FF67800000E31A08F84A
:1089D000678000001305E0FF67800000E386D5FC98
:1089E0006FF01FF893D84501B70710009387F7FF82
:1089F00013D7460193F8F87F1303F07F33FEB700D7
:108A000013080500930E0500B3F7D70093D5F501C1
:108A1000130F06001375F77F93D6F601638A680477
:108A2000630465026398080633680E01631E050837
:108A300033E6C7006304060A6316080A130510002C
:108A4000638006086780000033E6C7001305200036
:108A5000E31A06FE63960800336E0E01E3000EFE75
:108A6000638CD504639E0504130510006780000025
:108A7000336E0E0163100E06E31615FFB3E7C70051
:108A800013052000E39007FCE39ED5FC13050000CE
:108A900067800000E30805FCE396D5FCE34415FD80
:108AA00063CCA800E3E0C7FD6318FE00E36CDFFBC6
:108AB00013050000E3F8EEF913051000E39405F840
:108AC0001305F0FF67800000E30A08F6E39CD5F881
:108AD0006FF09FFE1305200067800000E31408F884
:108AE00067800000E380D5FC6FF0DFF793D7450186
:108AF000370610001307F6FF93F7F77F1308E03FE0
:108B0000930605003377B7001305000093D5F501F0
:108B10006354F80063840500678000009305E0411A
:108B20001305F0FFE3CAF5FE93053043B385F54026
:108B30001305F0013367C700634CB5009387D7BEB8
:108B40003317F70033D5B6003365A7006780000000
:108B5000130530413305F5403355A7006780000009
:108B6000130101FF232481002326110013040500B3
:108B7000630C0504EF00000B9307E041B387A740A7
:108B80001307A00093F7F77F6344A7061307B0000D
:108B90003307A740130555013357E4003314A400ED
:108BA0008320C100130504001317C70003248100AC
:108BB0001357C70093974701B3E7E7009385070072
:108BC00013010101678000008320C1001305040028
:108BD00093070000032481001307000093974701C7
:108BE000B3E7E700938507001301010167800000E8
:108BF000130555FF3317A400130400008320C100A0
:108C0000130504001317C700032481001357C7007E
:108C100093974701B3E7E70093850700130101012C
:108C200067800000B7070100637AF502133705106B
:108C30001337170013173700B75701803355E50076
:108C40009387C7EDB387A70003C50700930600020B
:108C5000B386E6403385A64067800000B707000171
:108C60006374F50213070001B75701803355E5001F
:108C70009387C7EDB387A70003C5070093060001DC
:108C80003385A6406780000013078001B757018035
:108C90003355E5009387C7EDB387A70003C50700E9
:108CA000930680003385A640678000009305050089
:108CB0009306000013060000130500006F0010402B
:108CC000130101FF930500002324810023261100D6
:108CD00013040500EF00104883A741D26384070006
:108CE000E780070013050400EF808FBE1305000026
:108CF0006780000037560180B7D500803755018066
:108D00001306466A938585761305056B6F0040351B
:108D1000130101FF832545002324810023229100B4
:108D200023261100138401519304050063848500F8
:108D3000EF40902383A58400930784066386F500A3
:108D400013850400EF40502283A5C4001304040DD2
:108D5000638E8500032481008320C10013850400F5
:108D600083244100130101016F4010208320C100C2
:108D70000324810083244100130101016780000066
:108D80001305000067800000130101FE232C810001
:108D9000B797008013840151938747CF232E11008A
:108DA000232A910023282101232631012324410174
:108DB00023A2F1D213068000930740009305000020
:108DC0001305C4052326F4002320040023220400F5
:108DD000232404002322040623280400232A040059
:108DE000232C0400EF001017B7070100379A00800A
:108DF000B799008037990080B7940080130A8A29B8
:108E00009389C92F130949389384C43F93879700E6
:108E100013068000930500001305440C232044032F
:108E2000232234032324240323269402232AF40632
:108E3000232E840023240406232604062328040664
:108E40002326040C232C0406232E040623200408C6
:108E5000EF005010B707020013078406938727011D
:108E60001305C4121306800093050000232444094F
:108E70002326340923282409232A9408232EF40CBA
:108E80002322E4082328040C232A040C232C040C9A
:108E9000232A04122320040E2322040E2324040E6A
:108EA000EF00500B9307040D2328440F232A340F9F
:108EB000232C240F232E940E8320C1012326F40E8D
:108EC0000324810183244101032901018329C10075
:108ED000032A8100130101026780000083A741D2A9
:108EE000130101FE23263101232E1100232C8100C2
:108EF000232A910023282101930905006388070E86
:108F0000375901801309496A9304F0FF8327490008
:108F1000032489009387F7FF63D807006F000008D8
:108F200013048406638C97060317C4009387F7FF26
:108F3000E31807FEB707FFFF938717002326F40007
:108F400023220406232004002324040023220400F7
:108F500023280400232A0400232C04001306800085
:108F6000930500001305C405EF00C07E232804020A
:108F7000232A040223220404232404048320C1019D
:108F80001305040003248101832441010329010105
:108F90008329C10013010102678000000324090036
:108FA00063060400130904006FF05FF69305C01A0E
:108FB00013850900EF00907113040500630C05028E
:108FC0001305C50093074000232004002322F4006A
:108FD0002324A4001306001A93050000EF008077F5
:108FE00023208900130904006FF05FF2EFF0DFD94E
:108FF0006FF01FF1232009009307C00023A0F900A0
:109000006FF0DFF783274503638407006780000064
:1090100003A741D2B7970080938707D1232AF5028F
:10902000E31607FE6FF05FD66780000067800000E0
:1090300037560180B79500801306466A9385C5CEE2
:10904000130500006F00C00137560180B7950080FE
:109050001306466A938505D8130500006F0040008B
:10906000130101FD23202103232E3101232C410173
:10907000232A51012328610123267101232611028D
:109080002324810223229102130B0500938B0500F8
:10909000930A0600130A0000930910001309F0FF59
:1090A00083A44A0003A48A009384F4FF63C80402E3
:1090B0008357C40063FEF9008317E400930504009E
:1090C00013050B0063862701E7800B00336AAA00B3
:1090D0009384F4FF13048406E39C24FD83AA0A000E
:1090E000E3900AFC8320C10203248102832441020D
:1090F000032901028329C101832A4101032B0101B4
:10910000832BC10013050A00032A81011301010307
:1091100067800000130101FC2324C1022326D10231
:109120002328E102232AF102232C0103232E110319
:10913000138605008325850093068102232E1100E6
:109140002326D100EF1080548320C10113010104B4
:109150006780000003A301D0130101FC2324C10296
:109160002326D1022322B1022328E102232AF1027D
:10917000232C0103232E1103832583009306410230
:109180001306050013050300232E11002326D1002A
:10919000EF10C04F8320C10113010104678000005C
:1091A000032685006F40907183A701D093050500C9
:1091B00003A68700138507006F405070130101FC60
:1091C000232C81021304050013850500232A910234
:1091D000232E110293840500EF008065B7570180AC
:1091E0009387C7FD2324F102930710002326F10281
:1091F000032744039307010293061500232AF10075
:1092000093072000232091022322A102232ED100C4
:10921000232CF10083258400630007068397C50093
:10922000139727016342070203A74506B7E6FFFF2E
:109230009386F6FF37260000B3E7C7003377D700E1
:109240002396F50023A2E506130641011305040049
:10925000EF40D0158320C10303248103133515008B
:109260003305A0401375B500832441031305F5FFB2
:109270001301010467800000130504002326B100D8
:10928000EFF05FD88325C1006FF05FF9930505000B
:1092900003A501D06FF09FF2130101FF2324810089
:1092A000138405008395E50023261100EF00002EAE
:1092B00063400502832704058320C100B387A7000C
:1092C0002328F404032481001301010167800000B6
:1092D0008357C40037F7FFFF1307F7FFB3F7E70023
:1092E0008320C1002316F40003248100130101012F
:1092F0006780000013050000678000008397C500A9
:10930000130101FE232C8100232A9100232821012F
:1093100023263101232E110013F7071013840500B3
:1093200093040500130906009389060063100704DF
:1093300037F7FFFF1307F7FFB3F7E7008315E400E4
:109340002316F400032481018320C10193860900C0
:10935000130609008329C1000329010113850400B4
:1093600083244101130101026F00C0288395E500A9
:109370009306200013060000EF00C01A8317C400F4
:109380006FF01FFB130101FF2324810013840500EC
:109390008395E50023261100EF00C0189307F0FF26
:1093A0006308F5028357C400371700008320C1000B
:1093B000B3E7E7009397070193D707412328A40455
:1093C0002316F400032481001301010167800000CB
:1093D0008357C40037F7FFFF1307F7FFB3F7E70022
:1093E0009397070193D707418320C1002316F40008
:1093F0000324810013010101678000008395E500CB
:109400006F004000130101FF2324810023229100FB
:1094100013040500138505002326110023A401D29F
:10942000EF701FC99307F0FF630CF5008320C100A4
:10943000032481008324410013010101678000009F
:1094400083A781D2E38407FE8320C1002320F40098
:10945000032481008324410013010101678000007F
:1094600083A701D0638EA70A83254504130101FE5B
:10947000232A9100232E110093040500638C050418
:109480002328210123263101232C81001309000008
:1094900093090008B387250103A40700630E0400A5
:1094A000930504000324040013850400EF00C07139
:1094B000E31804FE83A5440413094900E31C39FDA5
:1094C00013850400EF00407003248101032901018A
:1094D0008329C10083A584036386050013850400E6
:1094E000EF00806E83A5C404638605001385040025
:1094F000EF00806D83A74403638C07008320C101C4
:1095000013850400832441011301010267800700D1
:109510008320C101832441011301010267800000FF
:1095200067800000130101FF1387050023248100D9
:1095300023229100930506001304050013860600FC
:10954000130507002326110023A401D2EF705FC486
:109550009307F0FF630CF5008320C1000324810012
:1095600083244100130101016780000083A781D299
:10957000E38407FE8320C1002320F400032481003C
:10958000832441001301010167800000130101FFE2
:1095900013870500232481002322910093050600F0
:1095A0001304050013860600130507002326110087
:1095B00023A401D2EF70DFC19307F0FF630CF50025
:1095C0008320C10003248100832441001301010191
:1095D0006780000083A781D2E38407FE8320C10057
:1095E0002320F4000324810083244100130101019E
:1095F00067800000130101FF138705002324810009
:10960000232291009305060013040500138606002B
:10961000130507002326110023A401D2EF705FC2B7
:109620009307F0FF630CF5008320C1000324810041
:1096300083244100130101016780000083A781D2C8
:10964000E38407FE8320C1002320F400032481006B
:10965000832441001301010167800000130101FF11
:1096600023248100B7570180375401802320210132
:1096700093870767130704672326110023229100AD
:109680003389E7406382E7021359294013040467D2
:1096900093040000832704009384140013044400FF
:1096A000E7800700E3E824FF37540180B7570180C3
:1096B00093870767130704673389E74013592940E5
:1096C0006380E70213040467930400008327040007
:1096D0009384140013044400E7800700E3E824FFA8
:1096E0008320C10003248100832441000329010059
:1096F0001301010167800000130101FF2324810091
:10970000B7570180375401809387076713040467B4
:109710003304F44023229100232611009354244063
:10972000638004021304C4FF3304F400832704009D
:109730009384F4FF1304C4FFE7800700E39804FE5A
:109740008320C1000324810083244100130101010F
:10975000678000001303F00013070500637EC30257
:109760009377F7006390070A63920508937606FFE4
:109770001376F600B386E6002320B7002322B70055
:109780002324B7002326B70013070701E366D7FE9B
:109790006314060067800000B306C340939626005A
:1097A00097020000B38656006780C6002307B70003
:1097B000A306B7002306B700A305B7002305B7002B
:1097C000A304B7002304B700A303B7002303B70023
:1097D000A302B7002302B700A301B7002301B7001B
:1097E000A300B7002300B7006780000093F5F50FD2
:1097F00093968500B3E5D50093960501B3E5D500B2
:109800006FF0DFF69396270097020000B3865600AC
:1098100093820000E78006FA93800200938707FF97
:109820003307F7403306F600E378C3F66FF0DFF353
:109830009377350013070500639C0704B7867F7F85
:109840009386F6F79305F0FF0326070013074700FA
:10985000B377D600B387D700B3E7C700B3E7D70025
:10986000E384B7FE8346C7FFB307A74063840604BB
:109870008346D7FF638C06020345E7FF3335A0001C
:109880003305F5001305E5FF67800000E38806FA5D
:10989000834707001307170093763700E39807FE06
:1098A0003307A7401305F7FF678000001385D7FF34
:1098B000678000001385C7FF6780000083A7C1D2BF
:1098C000638C070403A747001308F0016340E8080E
:1098D0001318270063060502338307012324C308F6
:1098E00083A88718130610003316E600B3E8C800F3
:1098F00023A417192324D310930620006306D5024E
:109900001307170023A2E700B387070123A4B700BA
:1099100013050000678000001388816423A601D32B
:10992000938781646FF01FFA83A6C7181307170087
:1099300023A2E700B3E6C60023A6D718B387070122
:1099400023A4B70013050000678000001305F0FF93
:1099500067800000130101FD232C41012320210316
:1099600003A9C1D2232611026308090A232E31015B
:10997000232A510123286101232671012324810216
:109980002322910223248101130B0500938B0500F0
:109990009309F0FF930A1000832449001384F4FF15
:1099A000634E040493942400B304990063900B085D
:1099B0008327490083A644009387F7FF638C870AB7
:1099C00023A20400638606028327891833978A003E
:1099D000032C4900B377F70063960706E78006007B
:1099E0000327490083A7C1D263108709639E270715
:1099F0001304F4FF9384C4FFE31A34FB03248102AD
:109A0000832441028329C101832A4101032B0101DF
:109A1000832BC100032C81008320C1020329010292
:109A2000032A8101130101036780000083A744100A
:109A3000E38077F91304F4FF9384C4FFE31834FF41
:109A40006FF0DFFB8327C91883A544083377F7003D
:109A50006316070213050B00E78006000327490081
:109A600083A7C1D2E30487F9E38A07F813890700C3
:109A70006FF09FF2232289006FF0DFF41385050059
:109A8000E78006006FF0DFF5130101FE23263101A8
:109A9000B7590180232C8100232A9100232821011A
:109AA00023244101232E1100138A05001309050008
:109AB0009389097DEF00103D03A78900B7170000C7
:109AC0009387F7FE832447003717000093F4C4FF01
:109AD0003384F400330444411354C4001304F4FFEA
:109AE0001314C400634EE40093050000130509003D
:109AF000EF40505683A78900B38797006308F502AB
:109B000013050900EF0050388320C10103248101AF
:109B100083244101032901018329C100032A810013
:109B2000130500001301010267800000B3058040A7
:109B300013050900EF4010529307F0FF630AF50484
:109B4000B77701809387878803A7070083A68900DA
:109B5000B384844093E4140033078740130509005D
:109B600023A2960023A0E700EF0010328320C1015A
:109B70000324810183244101032901018329C100B8
:109B8000032A810013051000130101026780000001
:109B90009305000013050900EF40D04B03A789008F
:109BA0009306F000B307E540E3DCF6F483A641D06A
:109BB00093E717002322F7003305D540B7760180DD
:109BC00023A4A6886FF0DFF363820518130101FF59
:109BD00023248100232291001384050093040500AF
:109BE00023261100EF00102A0325C4FF130784FF6A
:109BF000B75501809377E5FF3306F7009385057D20
:109C00008326460003A8850093F6C6FF6302C81AA0
:109C10002322D600137515003308D6006310050AF9
:109C2000032384FF0328480037550180330767402A
:109C3000832887001305857DB38767001378180094
:109C40006382A8140323C70023A6680023241301FA
:109C50006306081A93E617002322D7002320F60094
:109C60009306F01F63ECF60693F687FF9386860053
:109C700003A54500B386D50003A6060013D85700F8
:109C800093071000B3970701B3E7A700138586FF7A
:109C90002326A7002324C70023A2F50023A0E60063
:109CA0002326E600032481008320C10013850400DD
:109CB00083244100130101016F00101D032548009A
:109CC000137515006306050893E61700232ED4FECE
:109CD0002320F6009306F01FE3F8F6F893D69700DA
:109CE000130640006360D61293D66700138596036F
:109CF00013868603131535003385A50083260500DA
:109D0000130585FF6318D5006F00401583A68600F4
:109D10006308D50003A646001376C6FFE3E8C7FE36
:109D200003A5C6002326A7002324D700032481000F
:109D30002324E5008320C10013850400832441000F
:109D400023A6E600130101016F00101467800000D4
:109D500037550180B387D7001305857D832686009C
:109D6000638CA60C0328C60013E517003306F70022
:109D700023A606012324D8002322A7002320F600CF
:109D80006FF01FEE631C0812832586000326C600B1
:109D9000B386F60093E7160023A6C5002324B60079
:109DA0002322F7003307D7002320D7006FF09FEF5F
:109DB00013751500B386D70063100502032584FFD1
:109DC0003307A7408327C70003268700B386A60072
:109DD0002326F60023A4C70013E6160083A781D02C
:109DE0002322C70023A4E500E3EEF6EA83A581D38E
:109DF00013850400EFF05FC96FF0DFEAB387D70087
:109E00006FF0DFF5130640016370D60213064005BC
:109E10006364D60693D6C7001385F6061386E60656
:109E2000131535006FF05FED1385C6051386B60573
:109E3000131535006FF05FEC23AAE50023A8E500B9
:109E400093E617002326A7002324A7002322D70088
:109E50003307F7002320F7006FF0DFE403A8450085
:109E60001356264093071000B397C700B3E70701C6
:109E700023A2F5006FF01FEB13064015636CD600AC
:109E800093D6F700138586071386760713153500DA
:109E90006FF09FE613064055636CD60093D62701FA
:109EA0001385D6071386C607131535006FF0DFE458
:109EB0001305803F1306E0076FF01FE493E61700D9
:109EC0002322D7002320F6006FF0DFDD130101FD10
:109ED000232E310123261102232481022322910201
:109EE000232021039387B500130760019309050020
:109EF0006362F7089307000163E4B720EF008078FE
:109F000093078001930520009304000137590180D5
:109F10001309097DB307F90003A44700138787FFDE
:109F20006302E434832744008326C40003268400AC
:109F300093F7C7FFB307F40003A747002326D60013
:109F400023A4C600136717001385090023A2E700A6
:109F5000EF008073130584008320C1020324810273
:109F600083244102032901028329C1011301010352
:109F70006780000093F487FF63C4071863E2B41896
:109F8000EF0040709307701F63F8973E93D79400DB
:109F90006380071813074000636EF73293D764009D
:109FA00093859703138887031396350037590180EB
:109FB0001309097D3306C90003244600130686FFF2
:109FC000630886021305F0006F0040018326C40079
:109FD00063560728630ED6001384060083274400C7
:109FE00093F7C7FF33879740E352E5FE93050800D8
:109FF0000324090193088900630E14258327440074
:10A000009306F00093F7C7FF3387974063CCE6369B
:10A01000232A190123281901635007341307F01F5D
:10A02000032549006368F72413F787FF13078700A8
:10A030003307E9008326070013D657009307100063
:10A04000B397C7003365F500930787FF2326F40015
:10A050002324D4002322A9002320870023A68600DE
:10A0600093D72540130610003316F600636AC50A1D
:10A07000B377A600639407021316160093F5C5FF85
:10A08000B377A60093854500639A07001316160060
:10A09000B377A60093854500E38A07FE1308F00016
:10A0A0001393350033036900130503008327C500AC
:10A0B000138E05006302F52403A7470013840700ED
:10A0C00083A7C7001377C7FFB30697406342D8241E
:10A0D000E3C206FE3307E40083264700032684001C
:10A0E0001385090093E616002322D7002326F600E5
:10A0F00023A4C700EF004059130584006FF0DFE58B
:10A100009307C00023A0F900130500006FF0DFE4FF
:10A1100013060020930500041308F0036FF01FE9F5
:10A1200003248900232861018327440013FBC7FF10
:10A1300063689B0033079B409307F00063CAE70CFA
:10A1400023229101232A510103A741D083AA81D35D
:10A15000232C4101232671019307F0FF330A640188
:10A16000B38A54016306F73CB71700009387F700E2
:10A17000B38AFA00B7F7FFFFB3FAFA0093850A0033
:10A1800013850900EF40006D9307F0FF930B050066
:10A19000630AF54423248101636E4523138C817D7A
:10A1A00083250C00B385BA002320BC00138705006B
:10A1B0006316AA2A931745016392072A832B890005
:10A1C000B3075B0193E7170023A2FB0083A641D3EB
:10A1D00063F4B60023AAB1D283A601D363F4B60018
:10A1E00023A8B1D2032C810013840B0093F7C7FF7F
:10A1F0003387974063EA97389307F00063D6E738D0
:10A20000032A8101832A4101832BC100832C410051
:10A2100093E714002322F400B3049400232499004C
:10A22000136717001385090023A2E400EF00C0455F
:10A230008320C1021305840003248102032B010142
:10A2400083244102032901028329C101130101036F
:10A2500067800000032549006FF09FE0032684001B
:10A260006FF05FCD03A4C70093852500E38287D8F4
:10A270006FF05FCB13D797009306400063F2E614AC
:10A280009306400163E4E6321306C7059306B7055B
:10A29000131636003306C90003270600130686FF8F
:10A2A0006318E6006F004029032787006308E60073
:10A2B0008326470093F6C6FFE3E8D7FE0326C700D0
:10A2C0002326C4002324E4002324860023268700B9
:10A2D0006FF01FD9130740016378F710130740058B
:10A2E0006364F72E93D7C4009385F7061388E706B7
:10A2F000139635006FF09FCB130E1E0093773E0030
:10A3000013058500638007108327C5006FF09FDA6F
:10A310000326840093E514002322B4002326F600CC
:10A3200023A4C700B3049400232A9900232899008A
:10A3300093E7160023A6140123A4140123A2F4001A
:10A340003307E400138509002320D700EF00C03352
:10A35000130584006FF05FC0B307F40003A7470044
:10A36000138509001367170023A2E700EF00C0312F
:10A37000130584006FF05FBE93D53400938784008B
:10A380006FF0DFB893E614002322D400B3049400E6
:10A39000232A9900232899009366170023A6140105
:10A3A00023A4140123A2D400B307F40013850900E9
:10A3B00023A0E700EF00402D130584006FF0DFB904
:10A3C00013D7670013069703930687031316360007
:10A3D0006FF05FEC630C240703248900032C8100D9
:10A3E000832744006FF09FE09385C7051388B70566
:10A3F000139635006FF09FBB832783009385F5FF8D
:10A40000639E672693F73500130383FFE39607FEE9
:10A41000032749009347F6FFB3F7E7002322F9002B
:10A4200013161600E3EEC7CEE30C06CE3377F60024
:10A43000631A0700131616003377F600130E4E004A
:10A44000E30A07FE93050E006FF09FC5138C817D14
:10A4500003270C003387EA002320EC0083A641D0B9
:10A460009307F0FF6386F618B3874B41B387E70085
:10A470002320FC0093FC7B00638C0C0CB38B9B4172
:10A48000B717000093878700938B8B00B3859741A4
:10A49000B38A5B01B38555419395450113DA4501B4
:10A4A00093050A0013850900EF40C03A9307F0FFB7
:10A4B0006300F51833057541B30A450103270C0005
:10A4C0002324790193E71A00B305EA002320BC0096
:10A4D00023A2FB00E30C24CF9306F00063F0660B8D
:10A4E0000327440093074BFF93F787FF1377170069
:10A4F0003367F7002322E400130650003307F4000B
:10A500002322C7002324C70063E6F60083A74B007D
:10A510006FF0DFCB9305840013850900EFF0CFEADD
:10A52000832B890083250C0083A74B006FF01FCA83
:10A53000938A0A016FF09FC493D6264093071000B8
:10A54000B397D7003365F5002322A9006FF05FD7DA
:10A55000B3855B01B305B0409395450113DA45011E
:10A5600093050A0013850900EF40C02E9307F0FF02
:10A57000E312F5F4130A00006FF05FF4032C81007E
:10A580009307100023A2FB0013850900EF00C00F02
:10A5900013050000032A8101832A4101032B0101D5
:10A5A000832BC100832C41006FF01F9B9306400555
:10A5B00063E4E60413D7C7001306F7069306E7061D
:10A5C000131636006FF01FCD130740156364F704B0
:10A5D00093D7F40093858707138877071396350080
:10A5E0006FF0DF9C03248900832744006FF01FC0B5
:10A5F00023A271D16FF01FE89306401563E4E604CF
:10A6000013D7F7001306870793067707131636004C
:10A610006FF05FC8130740556364F70493D72401B4
:10A620009385D7071388C707139635006FF01F98D7
:10A63000938C8CFFB38A9A01B38A7A41130A000083
:10A640006FF0DFE79306405563E4E60213D7270176
:10A650001306D7079306C707131636006FF09FC37C
:10A660001306803F9305F0071308E0076FF01F946F
:10A670001306803F9306E0076FF0DFC18327490090
:10A680006FF01FDA6780000067800000130101EDA2
:10A690002326111223229112232A511123267111EC
:10A6A000938A0500930406002324D100930B050030
:10A6B000EF40401983270500138507002322F1028C
:10A6C000EFF00F972320A10263880B0083A74B03B1
:10A6D000639407006F1040738397CA001397270194
:10A6E0006346070203A74A0637260000B7E6FFFFC6
:10A6F000B3E7C7009386F6FF9397070193D7074107
:10A700003377D7002396FA0023A2EA0613F78700CF
:10A710006302072E03A70A01630E072C93F7A70114
:10A720001307A000638AE72EB75701802328611121
:10A7300023248111130B010B93870702375C0180DF
:10A7400023248112232C4111232EB10F2320211306
:10A75000232E3111232291112320A111232E6107D1
:10A760002322010823200108232A0100232C0100B1
:10A77000232E010013040B002324010223280102CD
:10A78000232201002326F100130A0001130C4C19A7
:10A7900023207101938D040083C70D00638C071E75
:10A7A00093840D00130750026386E72A83C71400C1
:10A7B00093841400E39A07FE3389B441638CB41D7B
:10A7C00003274108832701082320B4013307270109
:10A7D00093871700232224012322E1082320F10874
:10A7E0001307700013048400634EF726032741000B
:10A7F00083C70400330727012322E100638C071875
:10A8000093841400A30F01049309F0FF930B00003D
:10A81000130900009306800503CD0400938D1400F6
:10A8200093070DFE63E6F6040327C1009397270004
:10A83000B387E70083A7070067800700930B00003A
:10A8400093070DFD1306900003CD0D0013972B0009
:10A85000B30B7701939B1B00B38B770193070DFD1F
:10A86000938D1D00E372F6FE93070DFEE3FEF6FAEC
:10A8700063020D122304A109A30F010413071000A2
:10A8800093041000930C8108130F09009309000032
:10A8900023280100930F000093724F0803294108F9
:10A8A00063960200B387EB40E342F0448347F1052F
:10A8B000638A0702832701089306F1052320D40049
:10A8C0001309190093061000938717002322D40060
:10A8D000232221092320F108930670001304840029
:10A8E00063C0F61A638A0F028327010893060106E4
:10A8F0002320D40013092900930620009387170012
:10A900002322D400232221092320F108930670007A
:10A9100013048400E3CEF64E93070008E38AF2089E
:10A92000B3899940E34E301993770F1063940774FD
:10A930008327010833099900232094019387170086
:10A9400023229400232221092320F108930670007A
:10A9500063CCF62013048400137F4F0063060F00BE
:10A96000B384EB40E342904E13830B0063D4EB00BF
:10A970001303070083274100B38767002322F100F8
:10A98000E31A092283C70D002320010813040B00DA
:10A99000E39807E083274108832B010063840700C5
:10A9A0006F10407583D7CA00032481120329011256
:10A9B00093F707048329C111032A8111032B011185
:10A9C000032C8110832C4110032D0110832DC10F06
:10A9D000638407006F10901D8320C112032541007E
:10A9E00083244112832A4111832BC11013010113C7
:10A9F0006780000093850A0013850B00EF309019E3
:10AA0000630405006F10901A8397CA001307A00013
:10AA100093F7A701E39AE7D08397EA00E3C607D04C
:10AA2000832681008320C1121386040093850A00C7
:10AA300083244112832A411113850B00832BC110FB
:10AA4000130101136F1010381369090193840D006D
:10AA50006FF09FDC3389B441E394B4D783C704001B
:10AA60006FF0DFD9032501001306C10793850A00A3
:10AA7000EF105054E31805F213040B006FF01FD7CA
:10AA8000032501001306C10793850A00232EE10266
:10AA9000232CE103232A51022326F103EF109051C6
:10AAA000E31205F0032941080327C103032F8103A3
:10AAB00083224103832FC10213040B006FF09FE236
:10AAC00083270108B7560180938606BD2320D40052
:10AAD0001309190093061000938717002322D4004E
:10AAE000232221092320F108930670001304840017
:10AAF00063D4F6006F108010630406006F10804569
:10AB00008326410193771F00B3E7D700E38607E46C
:10AB100083274102832601022320F40083270108B2
:10AB2000B38526012322D400938717002322B1087E
:10AB30002320F1089306700063D4F6006F10806440
:10AB40001304840083264101938717002320940176
:10AB50003389B6002322D400232221092320F108BF
:10AB600093067000E3D8F6DE032501001306C10743
:10AB700093850A002326E1022328E101EF10904388
:10AB8000E31205E203294108032F01010327C10253
:10AB900013040B006FF05FDC93778900E39C076080
:10ABA000832781009387770093F787FF03A7070028
:10ABB00093878700232CE10003A7C7FF2324F1001C
:10ABC000232EE100832CC10103A781CA83268101C2
:10ABD00083A7C1CA93941C0093D414001385060064
:10ABE000938504001306070093860700EF908060AA
:10ABF000630405006F1000048326810103A781CA46
:10AC000083A7C1CA138506009385040013060700B5
:10AC100093860700EFD01FDD6344A0006F10800112
:10AC20000327810193850C0013060000130507001C
:10AC300093060000EFD01FDB635405006F10404304
:10AC40008346F1059307700463D4A7016F10804118
:10AC5000B75C0180938C0CFE23280100137FF9F769
:10AC6000130730009304300093090000638406004A
:10AC700013071700937F2F00E3800FC213072700ED
:10AC8000930F20006FF05FC1832681009377090145
:10AC900003A70600938646002324D100639207127F
:10ACA0009376090493070700E390064E634E07105E
:10ACB0008346F10563C40904137FF9F7631E070295
:10ACC00013071000639E0920E314073C93741900D6
:10ACD000930C0B006382040493070003A307F10A9B
:10ACE000930CF10A1387040063CC3403232801007A
:10ACF000E39006F86FF01FF813090F001307900098
:10AD0000E364F76C93870703A307F10A130F0900A5
:10AD100093041000930CF10A13870400E3D834FD68
:10AD200013870900232801006FF09FFC832781000F
:10AD300083AB0700938747002324F100E3D80BD0AF
:10AD4000B30B70411369490093840D006FF0DFACC1
:10AD500003CD0D009307A002938D1D006314FD0029
:10AD60006F10807D93070DFD930590001307000081
:10AD70001306900093090000E3E4F5AA03CD0D004B
:10AD800093192700B389E900939919003387F900D3
:10AD900093070DFD938D1D00E372F6FE93090700E6
:10ADA000E35007A89309F0FF6FF09FA78327810066
:10ADB0001369090103A70700938747002324F100C3
:10ADC00093070700E35607EEB307E0409306D0026F
:10ADD000130710006F00000A1369090893840D001F
:10ADE0006FF09FA31369090493840D006FF0DFA235
:10ADF00003278100A30F0104930410008327070099
:10AE0000130747002324E1002304F108130710006F
:10AE1000930C81086FF05FA79307B002A30FF104B2
:10AE200093840D006FF05F9F1369190093840D00E8
:10AE30006FF09F9E8347F105E39A07C093070002D6
:10AE4000A30FF10493840D006FF01F9D1369890017
:10AE500093840D006FF05F9C032781001369090143
:10AE600083270700130747002324E100130710007E
:10AE700093060000A30FD10463C80900137FF9F7FC
:10AE8000E38207E413090F0013061000E308C7E686
:10AE9000130620006306C706930C0B0013F7770018
:10AEA00013070703A38FECFE93D7370013860C001C
:10AEB000938CFCFFE39407FE9377190063840706E5
:10AEC000930700036300F7061306E6FFA38FFCFE5B
:10AED000B304CB40130F0900930C06006FF0DFE3BF
:10AEE000930710006314F7006F10C03F9307200012
:10AEF00013090F006304F7006F100021930700008F
:10AF000003268102930C0B0013F7F7003307E600CA
:10AF10000347070093D74700938CFCFF2380EC0086
:10AF2000E39407FEB3049B41130F09006FF0DFDECB
:10AF300003278100136909018327070013074700CE
:10AF40002324E100130700006FF09FF283268100A5
:10AF50001377090183A70600938646002324D100B6
:10AF6000E31607F013770904E30207F0939707014C
:10AF700093D70701130710006FF09FEF832781001D
:10AF8000A30F010483AC070013884700E3800C3251
:10AF90002324010163D409006F10400713860900C0
:10AFA0009305000013850C00EF30806C03288100AE
:10AFB000631405006F10803AB30495418346F10590
:10AFC00013C7F4FF1357F74123240101232801007D
:10AFD00033F7E400130F090093090000E39A06C851
:10AFE0006FF05FC98326810037870000130707834E
:10AFF0002310E106138746002324E1003757018020
:10B00000130747002324E10283A7060013692900E0
:10B0100013072000130D80076FF09FE58326810042
:10B020001377090183A70600938646002324D100E5
:10B03000E31A07F013770904E30607F09397070173
:10B0400093D70701130700006FF09FE29377090180
:10B05000E3840714832781000327410083A70700A7
:10B0600023A0E70083278100938747002324F10072
:10B070006FF08FF29307500663DAA73583268101BC
:10B080008327C1011306000013850600938507007E
:10B0900093060000232AE1022326E103EF80C00E7D
:10B0A000032FC102032741036316056683270108A6
:10B0B000B7560180938606BD2320D40013091900DA
:10B0C00093061000938717002322D400232221091E
:10B0D0002320F1089306700013048400E3C0F64CAB
:10B0E0008327410683264101E3D8D70883274102FD
:10B0F0008326010213048400232CF4FE8327010815
:10B100003309D900232ED4FE938717002322210967
:10B110002320F10893067000E3CCF60E832741014B
:10B120009384F7FFE35A9082930600018327010876
:10B1300063C496006F10003DB75601809386461990
:10B140002326E102032D01001307040093090001E7
:10B1500013840400930C70002328E10193840600FB
:10B160006F00C000130404FFE3D6894A13090901E4
:10B1700093871700232097002322370123222109D8
:10B180002320F10813078700E3DEFCFC1306C10748
:10B1900093850A0013050D00EF10C061E3140580CC
:10B1A000032941088327010813070B006FF09FFB59
:10B1B000B387EB406356F0F69306000103260108BF
:10B1C00063C4F6006F10C01DB75601809386461900
:10B1D000232A91029305090093080001130907002F
:10B1E000930F7000130704002326E1031384070064
:10B1F000938406006F00C000130404FF63DA880420
:10B2000093850501130616002320970023221701BA
:10B210002322B1082320C10813078700E3DECFFCF7
:10B22000032501001306C10793850A00EF1080581B
:10B23000631A05F693080001130404FF83254108EF
:10B240000326010813070B00930F7000E3CA88FA66
:10B2500093860400032FC102832441039307040053
:10B260001304070013070900138905003309F900C7
:10B27000130616002322F4002320D40023222109E0
:10B280002320C108930770001304840063DAC7E821
:10B29000032501001306C10793850A00232AE10252
:10B2A0002326E103EF100051631E05EE0329410838
:10B2B00003274103032FC10213040B006FF04FE675
:10B2C000B75601808327010893864619635A3A09C5
:10B2D0009306090093087000130907002326E10371
:10B2E000130704001384090093090C006F00C000C9
:10B2F000130404FF63588A0493860601938717009A
:10B3000023208701232247012322D1082320F1088B
:10B3100013078700E3DEF8FC032501001306C107CD
:10B3200093850A00EF100049631E05E6130404FF2D
:10B33000832641088327010813070B009308700038
:10B34000E34C8AFA032FC102138609009309040013
:10B35000130407001307090013890600930606006B
:10B3600033093901938717002320D40023223401A5
:10B37000232221092320F10893067000130484007E
:10B3800063D4F6DA032501001306C10793850A008A
:10B39000232AE1022326E103EF10C041631405E0F4
:10B3A0000329410803274103032FC10213040B00A3
:10B3B0006FF08FD7032501001306C10793850A009C
:10B3C000EF10403F630005DC6FF0CFDD8324010800
:10B3D00083264101930710002320940113091900CB
:10B3E000938414009309840063DAD74A930710000A
:10B3F0002322F400232221092320910893077000BF
:10B4000063CC97748327010283264102938414003E
:10B410003309F90023A2F90023A0D900232221092E
:10B4200023209108930770009389890063C297765F
:10B430008327C1018326810113060000938507003D
:10B440008327410113850600930600002326E102AD
:10B450002328E1011384F7FFEF701053032F01013C
:10B460000327C10263040548938C1C0093841400D5
:10B470003309890023A0990123A2890023222109ED
:10B48000232091089307700093898900E3C29714E1
:10B49000832601039307C106938414003389260190
:10B4A00023A0F90023A2D9002322210923209108F7
:10B4B000930770001384890063D097CA03250100A5
:10B4C0001306C10793850A002326E1022328E10120
:10B4D000EF10402E631805CC032941080327C10251
:10B4E000032F010113040B006FF00FC79306000137
:10B4F00003260108E3D6F668B756018093864618FE
:10B50000232E9102930509009308000113090700F7
:10B5100093037000130704002326F103232A51022A
:10B52000232CE10313840700938406006F00C000FE
:10B53000130404FF63DA88049385050113061600DB
:10B5400023209700232217012322B1082320C108BA
:10B5500013078700E3DEC3FC032501001306C107C0
:10B5600093850A00EF100025631E05C293080001B1
:10B57000130404FF832541080326010813070B0069
:10B5800093037000E3CA88FA93860400832FC102F4
:10B5900083224103032F81038324C1039307040003
:10B5A0001304070013070900138905003309F90084
:10B5B000130616002322F4002320D400232221099D
:10B5C0002320C108930770001304840063D0C7AE22
:10B5D000032501001306C10793850A00232EE1020B
:10B5E000232CE103232A51022326F103EF10801CB0
:10B5F000631A05BA032941080327C103032F8103F6
:10B6000083224103832FC10213040B006FF00FAAA2
:10B61000032501001306C10793850A00232CE102CC
:10B62000232AE10323265102EF10C018631C05B63C
:10B630000329410803278103032F41038322C10209
:10B6400013040B006FF04FAD930600018327010830
:10B65000E3D29654B756018093864618138D0400A2
:10B6600093090001930C70002328E10093840600E5
:10B670006F00C000130D0DFF63D6A9051309090162
:10B6800093871700232094002322340123222109C9
:10B690002320F10813048400E3DEFCFC03250100F1
:10B6A0001306C10793850A00EF10C010631C05AE96
:10B6B000130D0DFF032941088327010813040B0014
:10B6C000E3CEA9FB032701019386040093040D0038
:10B6D00033099900938717002320D4002322940074
:10B6E000232221092320F1089306700063DEF6A6C9
:10B6F000032501001306C10793850A002328E100F2
:10B70000EF10400B631005AA03294108032701012C
:10B710006FF08FA5032641066354C0BA8327410109
:10B72000832601019389070063C8F62C6356300312
:10B7300083270108330939012320940193871700D7
:10B7400023223401232221092320F10893067000CB
:10B7500013048400E3CEF61A93C7F9FF93D7F74199
:10B76000B3F9F90083270101B389374163403037CA
:10B77000832641068327410163D6F62883274102A9
:10B780000326010213048400232CF4FE83270108FE
:10B790003309C900232EC4FE9387170023222109F1
:10B7A0002320F10813067000E342F630832741019D
:10B7B00003260101B386D740B389C74063D436015D
:10B7C00093890600635A3003832701010326010889
:10B7D00033093901B38CFC001306160023209401B1
:10B7E00023223401232221092320C108930770005A
:10B7F00013048400E3C0C73213C6F9FF1356F641A1
:10B80000B3F7C900B384F6406358909493060001DF
:10B8100083270108E3D8964EB756018093864619D0
:10B820002326E102032D0100130704009309000100
:10B8300013840400930C70002328E1019384060014
:10B840006F00C000130404FF63D6895C130909016B
:10B8500093871700232097002322370123222109F1
:10B860002320F10813078700E3DEFCFC1306C10761
:10B8700093850A0013050D00EF00D0736314059241
:10B88000032941088327010813070B006FF09FFB72
:10B8900093040000930C0B006FF00FC893761F0009
:10B8A000E39606B42322F4002322210923209108E1
:10B8B00093077000E3DE97BC032501001306C10760
:10B8C00093850A002326E1022328E101EF00906E10
:10B8D000631A058C03294108832401080327C10248
:10B8E000032F010193090B006FF09FBA83264101DA
:10B8F00093071000E3DED7B893071001E3DED73ECD
:10B90000B75601809386461993870900930C00016E
:10B9100093090700130D7000130709002328E101A4
:10B92000138906006F00C000130404FF63DA8C70F3
:10B93000130707019384140023A0270123A2970172
:10B940002322E1082320910893878700E35E9DFC72
:10B95000032501001306C10793850A00EF009065D7
:10B96000630405006FF00F84032741088324010856
:10B9700093070B006FF05FFB93771F006394070042
:10B980006FE09FFD6FF08FF6131707011357074104
:10B99000930707006FF00FC3937F0904638C0FEACE
:10B9A000832781000327410083A707002390E70036
:10B9B0006FF04FEB03278100130501048327070075
:10B9C0009304470003A707002320E10403A74700CF
:10B9D0002322E10403A787002324E10483A7C700EF
:10B9E0002326F104EF80101A232CA100232EB1008E
:10B9F000232491006FF00F9D93890600E34A30D312
:10BA00006FF09FD593771F00E38207DA6FF01FD79F
:10BA1000032501001306C10793850A002326E102CE
:10BA20002328E101EF001059630405006FE09FF740
:10BA3000032941080327C102032F010113040B004E
:10BA40006FF0CFEDB7570180938707FF2324F102F2
:10BA5000832681001377090183A706009386460099
:10BA60002324D100631A0700137709046306070033
:10BA70009397070193D707019376190013072000C6
:10BA8000638806BE638607BE930600032300D106C3
:10BA9000A300A107136929006FF08FBDB75701807C
:10BAA000938747002324F1026FF09FFA9307600009
:10BAB0009384090063E83769B75C01801387040049
:10BAC00023240101938C8C016FE01FDC930600019D
:10BAD00083270108E3DC3625B7560180930507006C
:10BAE00093864619130704001306090013840900FE
:10BAF000130D0001930470002326E103138906004F
:10BB0000938905006F00C000130404FF635A8D562B
:10BB10001306060193871700232027012322A7017C
:10BB20002322C1082320F10813078700E3DEF4FC79
:10BB3000032501001306C10793850A00EF00904713
:10BB4000630405006FE01FE6032641088327010810
:10BB500013070B006FF05FFB032501001306C107FD
:10BB600093850A002326E1022328E101EF00904497
:10BB7000630405006FE01FE30329410883240108E3
:10BB80000327C102032F010193090B006FF09F8768
:10BB9000032501001306C10793850A002326E1024D
:10BBA0002328E101EF001041630405006FE09FDFEF
:10BBB00003294108832401080327C102032F01013F
:10BBC00093090B006FF0DF86930C0B001306A000A7
:10BBD0001305900033F7C702938CFCFF9385070091
:10BBE000130707032380EC00B3D7C702E364B5FE55
:10BBF000B3049B41130F09006FF00F92032501005E
:10BC00001306C10793850A002326E1022328E101D8
:10BC1000EF00503A630405006FE0DFD803264106C9
:10BC2000032941080327C102032F010113040B005C
:10BC30006FE09FEC032881018327C10113060800F0
:10BC4000130508009386070093850700EF80805A4C
:10BC5000E31205021377FDFD9307F0FF2326E102AF
:10BC6000136F09106388F96E930770046302F76815
:10BC70008327C101930200009384070063C0074E2D
:10BC80009307600613870900930630006310FD4E8A
:10BC90000326810113088106930741061305060058
:10BCA000930505000325010093084107138604004E
:10BCB000232A5102232AE1012328E100EF308020CA
:10BCC0000327010193076006032F410183224103EB
:10BCD000930C05003308E500631CFD0083C60C00CF
:10BCE000930700036380F656832741063308F80064
:10BCF0008327810193850400130600001385070044
:10BD000093060000232A5102232A01012328E1017E
:10BD1000EF708047032F0101032841018322410373
:10BD2000630605428327410763FE0701930600036C
:10BD300013871700232AE1062380D70083274107B2
:10BD4000E3E807FF032741062328E100B387974173
:10BD5000232AF1008327C102130770046384E714C8
:10BD6000930760066312FD180327010193771900FA
:10BD7000B3E737016356E07E639C077283240101B9
:10BD8000130D600613870400638802509307D002E6
:10BD9000A30FF104930900006FE09FED032501005C
:10BDA0001306C10793850A002326E1022328E10137
:10BDB000EF005020630405006FE0DFBE0329410857
:10BDC0000327C102032F010113040B006FF04FB1D1
:10BDD000032501001306C10793850A002326E1020B
:10BDE0002328E101EF00101D630405006FE09FBBF5
:10BDF0000329410883240108032F01010327C102FD
:10BE000093090B006FF0CFE813850B00EFD08F9FE5
:10BE10006FE09F8C93860400032F010193040400BC
:10BE2000130407000327C102330999009387170001
:10BE30002320D4006FE0DFB063CC07688324C10106
:10BE40009302000093091000032781019307410624
:10BE5000930841071305070093050500032501001A
:10BE60001308810613870900930620001386040037
:10BE7000232A51002328E101EF30C00493771900F1
:10BE8000032F010183224101930C050063900750A9
:10BE9000832741062328F10083274107B387A74062
:10BEA000232AF100032701019307D0FF634CF70217
:10BEB00063CAE9028327410103270101634CF7505C
:10BEC000937F19008327010163960F5C13C7F7FF67
:10BED0001357F74133F7E70093840700130D7006FB
:10BEE0006FF09FEA130DEDFF032701012306A10761
:10BEF0009307B0029308F7FF2322110763CC08329F
:10BF0000A306F1069307900063C0172D93870803DB
:10BF100013070003A307F106930740002307E10678
:10BF20002328F10203274101832601039307100010
:10BF3000B304D70063D2E748832701022328010016
:10BF4000B384F40013C7F4FF1357F74133F7E40049
:10BF50006FF09FE3832741028326010213048400CC
:10BF6000232CF4FE83270108B3852601232ED4FE5B
:10BF7000938717002322B1082320F108930670004D
:10BF800063C2F620634406006FE0DFBB930600FF48
:10BF9000B304C0406356D660B756018093864619F5
:10BFA0002328E1009309000113070400130970001E
:10BFB000130D0F00138406006F00C000938404FF6C
:10BFC00063D4994493850501938717002320870044
:10BFD000232237012322B1082320F1081307870009
:10BFE000E35EF9FC032501001306C10793850A00EF
:10BFF000EF00407C630405006FE0DF9A8325410871
:10C000008327010813070B006FF05FFB13850C00FB
:10C01000EFD01F828346F1051347F5FF1357F74111
:10C0200023280100930405003377E500130F09006E
:10C0300093090000638406006FE09FC36FE09FC315
:10C04000032F010193060900130907001387090054
:10C0500093890700330989009384140023A0D90031
:10C060006FF08FC1B75C0180938C4CFE6FE0DFBE38
:10C070009307D002A30FF1049306D0026FE09FBC98
:10C08000032FC10293850900930609009309040058
:10C09000130906001304070013870500330939014B
:10C0A000938717002320D40023223401232221095F
:10C0B0002320F108930670001304840063DAF6EA83
:10C0C000032501001306C10793850A00232AE10214
:10C0D0002326E103EF00006E630405006FE09F8CF0
:10C0E0000329410803274103032FC10213040B0056
:10C0F0006FF00FE81306C10793850A0013850B0044
:10C10000EF00406B6FE01F8A930700006FE0DFD8FD
:10C11000032501001306C10793850A00232AE102C3
:10C120002326E103EF000069630405006FE09F87A9
:10C130000329410803274103032FC10213040B0005
:10C140006FF08FE1930460006FF01F978327410623
:10C150002328F100930708006FF05FBFB704008049
:10C16000B3C4F4009302D0026FF09FB10327C10261
:10C1700093075004E31AF7CC1387190093062000A5
:10C180006FF01FB1032501001306C10793850A0054
:10C190002326E1022328E101EF00C06163040500CA
:10C1A0006FE05F800326410683254108832701084D
:10C1B0000327C102032F010113040B00634406008F
:10C1C0006FE05F986FF09FDC1305B10793060500E1
:10C1D0001306A0001308300633E7C8029387060051
:10C1E000938508009386F6FF13070703A38FE7FEE6
:10C1F000B3C8C802E342B8FE938808031387E7FF79
:10C20000A38F16FF6378A7389306E106034607005D
:10C210001307170093861600A38FC6FEE318A7FE28
:10C220001307010FB307F7409387F7F82328F102AC
:10C230006FF05FCF93071000B388E7409307D002F9
:10C240006FF01FCC83268101938504001306000044
:10C250001385060093060000232C5102232A0103B4
:10C26000232AE1002328E101EF601072032F01016E
:10C270000327410103284103832281036314052618
:10C28000832741063308F8002328F100B3079841BB
:10C29000232AF1006FF05FAD8346F105930900009A
:10C2A000638406006FE0DF9C6FE0DF9C03250100E4
:10C2B0001306C10793850A00232AE1022326E1031E
:10C2C000EF00404F630405006FE0CFED8326410689
:10C2D0000329410803274103032FC10213040B0064
:10C2E0006FF0CFCC13090F00930700006FE09FA100
:10C2F0008327C101E38209B49384070093020000FD
:10C30000E3D407B4B7040080B3C4F4009302D002AE
:10C310006FF09FB3032501001306C10793850A0040
:10C320002326E1022328E101EF00C0486304050051
:10C330006FE04FE783264106832741010329410827
:10C340000327C102032F010113040B00B386D7405A
:10C350006FF08FCA930960006FF09F918346F105DB
:10C36000232801001387090093840900130F090093
:10C3700093090000638406006FE09F8F6FE09F8F3A
:10C38000B7560180938646186FF04FA233083501E7
:10C390006FF01F96B7560180938646186FF04FB323
:10C3A000B7560180938646196FE05FEC9307F0FF64
:10C3B0002322F1006FE04FE2937719002328F10068
:10C3C000E39C07B613C7F4FF1357F74133F7E400B4
:10C3D0006FF09F9B8327410103270102B384E7008D
:10C3E000832701016348F000832701013388F4406B
:10C3F0009304180013C7F4FF1357F74133F7E40011
:10C40000130D70066FF05F98930604001304070085
:10C4100003270101130F0D00B385950093871700C3
:10C420002320D400232294002322B1082320F108E2
:10C430009306700063C4F6006FE08FF003250100DF
:10C440001306C10793850A002326E1022328E10190
:10C45000EF004036630405006FE0CFD48325410828
:10C46000832701080327C102032F010113040B00D6
:10C470006FE04FED8327C10163C2070A8346F105D0
:10C480009307700463C6A709B75C0180938C8CFE88
:10C490006FE08FFC03270102130D7006B384E700E1
:10C4A00013C7F4FF1357F74133F7E4006FF0DF8D44
:10C4B000832701023388E900130D6006B304F800F6
:10C4C00013C7F4FF1357F74133F7E4006FF0DF8B26
:10C4D000B7040080B3C4F4009302D00293091000A3
:10C4E0006FF09F9693071000B387E7402322F10671
:10C4F0003308F8006FF0CFFFB756018093864619D6
:10C500006FF05FB5B7560180938646196FF0DF91E3
:10C51000B75C0180938CCCFE6FE00FF49307D002E0
:10C52000A30FF1049306D0026FF09FF5B756018078
:10C53000938646196FF09FB68327810083A9070071
:10C540009387470063C809002324F10093840D00FA
:10C550006FE08FAC9309F0FF2324F1006FF01FFF11
:10C56000639A070013071000130D60069304100070
:10C570006FF09F8183270102130D60061388170057
:10C58000B304380113C7F4FF1357F74133F7E4003E
:10C590006FF08FFF930720002328F1026FF09F9820
:10C5A000B7560180938646196FF01FE79307050081
:10C5B00003A501D0930606001386050093850700A6
:10C5C0006FE0CF8C130101B88397C50003D7E50056
:10C5D000232C814613840500B70501009385D5FF00
:10C5E000032E44060323C4018328440213170701C2
:10C5F000B3F7B700B3E7E70013080040232AF100C0
:10C600009305810093070107232A91462328214798
:10C61000232E1146130905002326C1072322610298
:10C62000232611032324F100232CF10023280101E8
:10C63000232E010123200102EFE04F859304050022
:10C64000635C05028357410193F707046388070081
:10C650008357C40093E707042316F4008320C147DF
:10C66000032481470329014713850400832441479C
:10C67000130101486780000093058100130509003C
:10C68000EF108044E30005FC9304F0FF6FF09FFB84
:10C6900083A74506130101FD23286101232611020A
:10C6A00013972701130B06006358070E8327860094
:10C6B00023202103232E3101232A51012326710136
:10C6C00013890500832B060093090500930AF0FFE8
:10C6D0006388070A2324810223229102232C41012B
:10C6E0002324810103AC4B0003A40B00135A2C003C
:10C6F00063060A06930400006F00C00013044400A0
:10C70000630C9A04832504001306090013850900AD
:10C71000EF10906B93841400E31255FF0324810201
:10C7200083244102032901028329C101032A8101D3
:10C73000832A4101832BC100032C81001305F0FFE4
:10C740008320C10223240B0023220B00032B0101B1
:10C75000130101036780000083278B00137CCCFF4B
:10C76000B38787412324FB00938B8B00E39C07F660
:10C770000324810283244102032A8101032C8100C6
:10C78000032901028329C101832A4101832BC100AE
:10C79000130500006FF0DFFAEF1040418320C10263
:10C7A00023240B0023220B00032B0101130101039F
:10C7B0006780000003278600630407006FF05FEDC9
:10C7C000232206001305000067800000130101F218
:10C7D0002326310D232C810B2326B10B232E110C84
:10C7E0002320A10093890500930D0600138C0600F9
:10C7F0006306050083274503E38E07588397C90026
:10C80000139727016346070203A74906372600004E
:10C81000B7E6FFFFB3E7C7009386F6FF93970701DC
:10C8200093D707413377D7002396F90023A2E9066F
:10C8300013F787006308071203A7090163040712AF
:10C8400093F7A7011307A000638EE712B757018083
:10C850002328210D232E710B130901069387471AF4
:10C86000B75B0180232C810C232A910C2324410DDA
:10C870002322510D2320610D232A910B2328A10B84
:10C8800023262103232A010223280102130709007A
:10C8900023260100232201002328F10013040001B4
:10C8A000938B8B3183C70D006386071093840D0033
:10C8B000930650026386D72E83C714009384140016
:10C8C000E39A07FE338AB4416386B40F832641039B
:10C8D000832701032320B701B306DA0093871700EB
:10C8E00023224701232AD1022328F10213067000D4
:10C8F000130787006350F602E382062E032501002A
:10C900001306C10293850900EFF09FD86318050A4A
:10C91000130709008326410083C70400B38646013C
:10C920002322D1006388070893871400A303010220
:10C930009306F0FF93040000930C0000130580059C
:10C9400003C60700938D1700930706FE6368F50E74
:10C950008325010193972700B387B70083A70700BA
:10C96000678007000325010093850900EF109022DE
:10C97000E31E054C8397C9001307A00093F7A70196
:10C98000E396E7EC8397E900E3C207EC0325010097
:10C990008320C10D93060C0013860D00032C810B20
:10C9A000832DC10A938509008329C10C1301010E4F
:10C9B0006F00D04E83274103E39C074283D7C90011
:10C9C0000324810D8324410D93F707040329010DEE
:10C9D000032A810C832A410C032B010C832BC10BEE
:10C9E000832C410B032D010BE39207468320C10DDD
:10C9F000032541008329C10C032C810B832DC10A1F
:10CA00001301010E6780000093040000930706FDE8
:10CA10001308900003C60D0093952400B38595007C
:10CA200093951500B384B700930706FD938D1D0001
:10CA3000E372F8FE930706FEE37CF5F0E30C06F6DE
:10CA4000230CC102A3030102130A1000130B1000F0
:10CA5000930A810393060000130F000003260103CD
:10CA600093FF4C088327410393051600138E05009E
:10CA700063960F00338D4441E340A0038345710268
:10CA8000638A050213067102938717002320C700EB
:10CA9000130610002322C700232AF1022328C10312
:10CAA000130670006342C67913060E001307870051
:10CAB000130E1E0063000F061306810293872700E2
:10CAC0002320C700130620002322C700232AF102D7
:10CAD0002328C103130670006358C67BE386071042
:10CAE000032501001306C10293850900232AD10002
:10CAF0002324F101EFF0DFB9E31205EC0326010373
:10CB00008327410383264101832F810013070900F6
:10CB1000130E1600930500086382BF54338D6641DF
:10CB20006348A063B307FB0023205701232267015A
:10CB3000232AF1022328C1039306700063D4C6514F
:10CB400063880706032501001306C10293850900C7
:10CB5000EFF01FB4E31405E6832741031307090030
:10CB600013F34C0063060300338B4441634E6005AE
:10CB700063D4440193040A0003274100330797005C
:10CB80002322E100639E07662328010213070900A0
:10CB90006FF05FD193EC0C0193870D006FF05FDABB
:10CBA000338AB441E394B4D383C704006FF09FD7B2
:10CBB0002328010213F34C006300037C338B4441B0
:10CBC000635C607B130709009306000103260103E1
:10CBD000E3D86625375E0180130E8E30130D0001F9
:10CBE000930A70006F0080019305260013078700E9
:10CBF00013860600130B0BFF635C6D05938707011B
:10CC0000930616002320C7012322A701232AF1023D
:10CC10002328D102E3DADAFC638A07420325010004
:10CC20001306C102938509002324C101EFF05FA61A
:10CC3000E31605D803260103130B0BFF83274103DB
:10CC4000032E81001307090093051600E3486DFBCE
:10CC5000B38767012320C70123226701232AF1023A
:10CC60002328B10213077000E354B7F063860770FE
:10CC7000032501001306C10293850900EFF05FA1AF
:10CC8000E31E05D2832741036FF09FEE93F70C015B
:10CC900003260C00130C4C00639A071093F50C0448
:10CCA00093070600E3920500634006040345710202
:10CCB00063C8060493FCFCF763140604E39A0616A3
:10CCC000130A0000130B0000930A09006304050017
:10CCD000130A1A0013FF2C00E3020FD8130A2A00CC
:10CCE000130F20006FF09FD79307D002A303F10228
:10CCF000B307C04063C4060093FCFCF71305D002E1
:10CD0000130690006364F6749387070393F7F70F95
:10CD1000A30FF104138A06006344D000130A100025
:10CD2000130B1000930AF105E31405FA6FF09FFA54
:10CD300083240C00130C4C00E3D004E6B3049040B1
:10CD400093EC4C0093870D006FF09FBF03C60D005E
:10CD50009307A00293881D00E300F610930706FDD9
:10CD6000930690009305000013089000E3E4F60A90
:10CD700003C6080093962500B386B6009396160066
:10CD8000B385D700930706FD93881800E372F8FE79
:10CD90009386050063C00574938D08006FF0DFBAB9
:10CDA00003260C0093EC0C01130C4C0093070600B7
:10CDB0006FF09FEF93EC0C0893870D006FF05FB856
:10CDC0009307B002A303F10293870D006FF05FB7E2
:10CDD00093EC1C0093870D006FF09FB683477102A0
:10CDE000E39C07DA93070002A303F10293870D0087
:10CDF0006FF01FB583270C00A3030102130C4C0036
:10CE0000230CF102130A1000130B1000930A810384
:10CE10006FF05FC483270C0013EB0C01130C4C0064
:10CE2000A303010213061000930C0B00130500006E
:10CE3000E3C806EC937CFBF7639207566392067493
:10CE4000631E065E137B1B0063020B6493070003E3
:10CE5000A30FF104130A0B00930AF1056FF09FE78B
:10CE600083270C0013EB0C01130C4C00A3030102ED
:10CE700013060000930C0B00E3DE06FA930A090088
:10CE800013F6770013060603A38FCAFE93D7370065
:10CE900093850A00938AFAFFE39407FE93F71C0038
:10CEA000638A0716930700036306F6169385E5FF6A
:10CEB000A38FFAFE330BB940138A060063C666617E
:10CEC000938A05006FF01FE113F60C0183270C0015
:10CED000130C4C00631A060013F60C0463060600DC
:10CEE0009397070193D70701138B0C006FF01FF87E
:10CEF00093F70C016390070213F30C04630C030017
:10CF000083270C0083264100130C4C002390D7008C
:10CF10006FF05F9983270C0083264100130C4C00AF
:10CF200023A0D7006FF01F9893EC0C0493870D009B
:10CF30006FF01FA113F60C0183270C00130C4C009B
:10CF4000631A060013F60C046306060093970701A4
:10CF500093D70701138B0C006FF09FEC832A0C0012
:10CF6000A3030102130C4C00638A0A6263CA0656CB
:10CF7000138606009305000013850A00232AE100AA
:10CF80002324D100EF10C06E8326810003274101C6
:10CF9000138B060063040500330B55418347710270
:10CFA000134AFBFF135AFA41337A4B0193060000F0
:10CFB000130F0000E39E07D06FF05FAA37860000D2
:10CFC000130606832314C102375601801306460058
:10CFD00083270C0093EC2C00130C4C002326C1007B
:10CFE000A3030102138B0C0013062000E3D406E414
:10CFF000930A09008325C10013F6F700938AFAFF0C
:10D000003386C5000346060093D747002380CA0035
:10D01000E39207FE330B5941138A0600E3DC66CB2B
:10D02000130A0B006FF01FCB130710002328E10237
:10D0300093070B002320510723226107232A610352
:10D0400013070900130787006FF09FB193051000C5
:10D0500013060000130709006FF0DFB9338D444158
:10D06000E35EA0AB9305000163D8A55DB7550180D1
:10D07000938585312324B100130E0001130F700036
:10D080006F00800113052600130787001386050033
:10D09000130D0DFF6352AE0703258100938707012F
:10D0A000930516002320A7002322C701232AF1029B
:10D0B0002328B102E358BFFC638007160325010053
:10D0C0001306C10293850900232AD100EFF04FDC3B
:10D0D000E316058E03260103130E0001130D0DFF49
:10D0E0008327410383264101130709001305160016
:10D0F000130F7000E342AEFB03268100B387A70144
:10D100002322A7012320C700232AF1022328A102FA
:10D11000130670006352A6386388074A032501008E
:10D120001306C102938509002324D100EFF04FD6E6
:10D13000E316058883268100032601038327410324
:10D14000338D664113070900130E1600E35CA09DA2
:10D150006354A44723247101930E70006F00800173
:10D16000130E26001307870013860500130D0DFF0D
:10D17000635AA405938707019305160023207701BE
:10D1800023228700232AF1022328B102E3DABEFC1E
:10D1900063800706032501001306C1029385090079
:10D1A000EFF00FCFE31C058003260103130D0DFFE5
:10D1B0008327410313070900130E1600930E700016
:10D1C000E34AA4FB83268100B387A7012322A7019A
:10D1D0002320D700232AF1022328C10393067000DD
:10D1E00063C8C61D13078700130E1E006FF09F93C0
:10D1F000130E100013060000130709006FF01FF74D
:10D20000032501001306C10293850900EFF04FC802
:10D21000E30C05966FF08FFA13051000130600005B
:10D22000130709006FF0DFE663820704032501009E
:10D230001306C10293850900232CD100232AF10192
:10D240002324E101EFF0CFC4631A05F6032601039E
:10D250008327410383268101832F4101032F81000E
:10D2600013070900130E16006FF0DF8463060F2406
:10D27000930781022320F106930720002322F10661
:10D28000130E10001307090013060E001307870082
:10D29000130E1E006FF01F88130500016354A5379D
:10D2A000375E0180130E8E30930E000193027000E2
:10D2B0006F00C001130526001307870013860500C1
:10D2C000130D0DFF63DCAE0793051600938707016E
:10D2D0002320C7012322D701232AF1022328B102E8
:10D2E000E3DAB2FC63820708032501001306C102DA
:10D2F00093850900232EC101232CD100232AF1019B
:10D300002324E101EFF0CFB8631A05EA03260103F5
:10D31000930E0001130D0DFF83274103032EC1015E
:10D3200083268101832F4101032F81001307090008
:10D330001305160093027000E3C8AEF9B387A70186
:10D340002320C7012322A701232AF1022328A102B7
:10D35000130670006342A60A13078700130E150018
:10D36000130605006FF08FF113060000130510007F
:10D37000130709006FF0DFF463D4440193040A003B
:10D3800083274100B38797002322F1006FF0CFFF7E
:10D3900013F3FCF7936C2300130620009305100091
:10D3A000630EB62C93052000E31AB6AC6FF05FC491
:10D3B000E38C07C6032501001306C102938509000B
:10D3C000EFF00FAD631C05DE032E0103832741033D
:10D3D00013070900130E1E006FF0CFF4232801027B
:10D3E000130709006FF00FD3130E1000130600008F
:10D3F000130709006FF00FF263820716032501007F
:10D400001306C10293850900232CD100232AF101C0
:10D410002324E101EFF0CFA7631205DA032601030D
:10D420008327410383268101832F4101032F81003C
:10D4300013070900130E16006FF04FE4130A0000E3
:10D44000130B0000930A09006FF0DF88930A0900AC
:10D450009305A000930E900033F6B702938AFAFF6B
:10D46000138E0700130606032380CA00B3D7B70242
:10D47000E3E4CEFF330B5941138A0600E3D86685F7
:10D48000130A0B00E31605846FF0DF84130A000013
:10D49000930A09006FF01F8413078700130E15000D
:10D4A000130605006FF08FE71316060113560641A9
:10D4B000930706006FF04FFF13060000130E1000D5
:10D4C000130709006FF00FE5130A0B00938A05009C
:10D4D0006FF05F809306F0FF938D08006FF0CFC66A
:10D4E00013850A002324E100EFC08FB403278100D5
:10D4F000130B05006FF09FAAB7570180938707FFB2
:10D500002326F10093F50C0183270C00130C4C002B
:10D51000639A050093F50C04638605009397070151
:10D5200093D7070193F51C00E38C05AAE38A07AAA9
:10D53000930500032304B102A304C102A303010263
:10D54000E3D806E493EC2C006FF09FAAB757018054
:10D55000938747002326F1006FF0DFFA034771023B
:10D5600063000708930771022320F1069307100058
:10D570002322F106130E1000130709006FF0CFD21B
:10D5800093051000E310B6E21305000093070003B3
:10D590006FF00FF8EFB01FA76FF04FA69307600072
:10D5A000138B060063EAD70237580180130A0B0079
:10D5B000930A88016FF00FCAB756018093868631AF
:10D5C0002324D1006FF01FC0130E100013060000BB
:10D5D000130709006FF08FD4130B60006FF0DFFCAE
:10D5E00013060000130E1000130709006FF08FCC14
:10D5F000032501001306C10293850900EFF04F894E
:10D600006FF0CFBB375E018013850500130E8E309F
:10D610006FF0DFD2938D0800930600006FF0CFB259
:10D62000375E018093051600130E8E306FF04FE2C7
:10D63000930700036FF0CFED375601801306863154
:10D6400013050E002324C1006FF01FAB9307F0FFFA
:10D650002322F1006FF08FB983260C00130C4C00CD
:10D6600063C80600938D080093870D006FF04FADDF
:10D670009306F0FF938D08006FF01FFF1305000065
:10D680006FF00FE89307050003A501D0930606008D
:10D6900013860500938507006FF04F93130101B8BF
:10D6A0008397C50003D7E500232C8146138405002A
:10D6B000B70501009385D5FF032E44060323C4015B
:10D6C0008328440213170701B3F7B700B3E7E70055
:10D6D00013080040232AF1009305810093070107F6
:10D6E000232A914623282147232E1146130905009A
:10D6F0002326C10723226102232611032324F100DC
:10D70000232CF10023280101232E010123200102F3
:10D71000EFF0CF8B93040500635C05028357410152
:10D7200093F70704638807008357C40093E707044F
:10D730002316F4008320C1470324814703290147AE
:10D7400013850400832441471301014867800000CA
:10D750009305810013050900EF000037E30005FC85
:10D760009304F0FF6FF09FFB130101FF23261100CC
:10D7700023202101638805022324810023229100B4
:10D780001384050093040500630605008327450301
:10D79000638C070C8317C400639207020324810083
:10D7A000832441008320C1001309000013050900F0
:10D7B00003290100130101016780000093050400A3
:10D7C00013850400EF00800B8327C40213090500B2
:10D7D000638A07008325C40113850400E7800700DE
:10D7E000634405068357C40093F70708639607064A
:10D7F00083250403638C0500930704046386F50006
:10D8000013850400EFC04FBC232804028325440481
:10D810006388050013850400EFC00FBB23220404B6
:10D82000EFB09F8023160400EFB05F808320C1001B
:10D83000032481008324410013050900032901000A
:10D8400013010101678000008357C4001309F0FF32
:10D8500093F70708E38E07F8832504011385040076
:10D86000EFC08FB66FF0DFF8EFB0CFF96FF09FF237
:10D870009305050003A501D06FF01FEF0397C500C6
:10D88000130101FE232C810023263101232E1100D8
:10D8900093778700138405009309050063900712AE
:10D8A000B71700009387078083A64500B367F7008A
:10D8B0002396F5006352D018032884026304080EEF
:10D8C000232A91009316370183A4090023A009009D
:10D8D0008325C40163CE06161306000093061000CC
:10D8E00013850900E70008009307F0FF1306050001
:10D8F0006304F51A8317C400032884028325C40136
:10D9000093F74700638E070003274400832704032F
:10D910003306E640638607008327C4033306F640D8
:10D920009306000013850900E70008009307F0FF45
:10D930006314F51283A609009307D0010317C400EE
:10D9400063EAD716B707402093871700B3D7D700ED
:10D9500093F717006380071603260401B7F7FFFF4C
:10D960009387F77FB377F7002316F4002322040090
:10D970002320C4009317370163D407006382061085
:10D980008325040323A099006384051093070404EE
:10D990006386F50013850900EFC00FA383244101BE
:10D9A00023280402130500008320C1010324810100
:10D9B0008329C1001301010267800000232821018F
:10D9C00003A9050163020908232A910083A4050025
:10D9D0001377370023A02501B38424419307000067
:10D9E0006314070083A745012324F40063489000D3
:10D9F0006F0040053309A900635690048327440251
:10DA00008325C401938604001306090013850900C9
:10DA1000E7800700B384A440E34EA0FC0317C400D2
:10DA20000329010113670704832441012316E4003D
:10DA30001305F0FF6FF05FF783A6C503E34ED0E652
:10DA40006FF05FF683244101032901016FF09FF518
:10DA5000032604056FF0DFEA0317C40083260401E0
:10DA6000B7F7FFFF9387F77FB377F7002316F4002C
:10DA7000232204002320D40093173701E3D207F0B8
:10DA8000832504032328A40423A09900E39005F030
:10DA9000832441016FF01FF183A70900E38C07E4A1
:10DAA0001307D001638CE700130760016388E70068
:10DAB0000317C400136707046FF01FF723A0990032
:10DAC000832441016FF01FEE130101FE232C81001E
:10DAD000232E110013040500630605008327450368
:10DAE000638A07028397C500639C07008320C101F6
:10DAF0000324810113050000130101026780000067
:10DB000013050400032481018320C10113010102D4
:10DB10006FF0DFD62326B100EFB0CFCE8325C10052
:10DB20006FF05FFC630005069305050003A501D0B7
:10DB30006306050083274503638C07008397C500B0
:10DB40006396070013050000678000006FF01FD385
:10DB5000130101FE2326B1002324A100232E11006E
:10DB6000EFB04FCA8325C100032581008397C5000C
:10DB7000639807028320C10113050000130101020D
:10DB80006780000037560180B7E500803755018077
:10DB90001306466A938585AC1305056B6FB04FCCB1
:10DBA0008320C101130101026FF05FCD832786003E
:10DBB0006384072C8396C500130101FD2324810291
:10DBC000232C4101232861012326110293F78600AB
:10DBD000130B0600130A050013840500638E070863
:10DBE00083A70501638A07082322910223202103CA
:10DBF000232E3101232A510193F7260083240B00A1
:10DC00006384070A832744028325C401B70A00807E
:10DC10009309000013090000938A0AC013860900C3
:10DC200013050A00630209049306090063F42A013C
:10DC300093860A00E78007006350A04683278B0085
:10DC4000B389A9003309A940B387A7402324FB0067
:10DC50006386071A832744028325C40113860900BB
:10DC600013050A00E31209FC83A9040003A9440078
:10DC7000938484006FF09FFA9305040013050A0053
:10DC8000EF004071631C051C8316C400232291021F
:10DC900023202103232E3101232A510193F726004B
:10DCA00083240B00E39007F62326710123248101CE
:10DCB00093F716006396071C83270400032784004C
:10DCC000B70A008023229101930B00009309000002
:10DCD000938AFAFF13850700130C0700638209106B
:10DCE00013F6062063080628930C070063E6E93262
:10DCF00013F70648630A0708032644018325040135
:10DD0000131716003307C7003389B740135CF701B8
:10DD1000330CEC0093071900135C1C40B3873701E8
:10DD200013060C006376FC00138C070013860700B3
:10DD300093F60640638E06309305060013050A002D
:10DD4000EFC0CF98930C0500630C053483250401C4
:10DD500013060900EF0090468357C40093F7F7B706
:10DD600093E707082316F40033852C01B3072C41F1
:10DD700023289401232A84012320A400138C090062
:10DD80002324F400938C090013860C0093850B0068
:10DD9000EF00103203278400832704001389090051
:10DDA00033078741B38797012324E4002320F4003D
:10DDB0009309000083278B00B38B2B01B387274186
:10DDC0002324FB00638607028327040003278400C3
:10DDD0008316C40013850700130C0700E39209F0B3
:10DDE00083AB040083A94400938484006FF09FEE0A
:10DDF000832BC100032C8100832C41008320C102AE
:10DE00000324810283244102032901028329C101E1
:10DE1000832A4101032A8101032B0101130500001C
:10DE200013010103678000009305040013050A0035
:10DE3000EFF09FC9630E050A8317C400832BC1004E
:10DE4000032C810083244102032901028329C1019B
:10DE5000832A410193E707042316F4008320C102BB
:10DE600003248102032A8101032B01011305F0FF22
:10DE700013010103678000001305000067800000A4
:10DE8000930A000013050000130C00009309000022
:10DE900063820908630A050893870A00938B0900C7
:10DEA00063F43701938B07000325040083270401E3
:10DEB000032984008326440163F6A7003309D900AF
:10DEC0006344790963C0DB16832744028325C401B8
:10DED00013060C0013050A00E7800700130905006C
:10DEE000E35CA0F4B38A2A4113051000E38E0AF222
:10DEF00083278B00330C2C01B3892941B387274139
:10DF00002324FB00E39607F8832BC100032C810038
:10DF10006FF0DFEE83A944009387040093848400AC
:10DF2000E38A09FE03AC0700138609009305A000ED
:10DF300013050C00EF00C073630A051413051500E8
:10DF4000B30A85416FF05FF593050C0013060900D5
:10DF5000EF001016832704009305040013050A0040
:10DF6000B38727012320F400EFF01FB6E30C05F67A
:10DF70006FF09FEC8326040163E2F604032644015C
:10DF800063EEC9029387090063F43A0193870A009C
:10DF9000B3E6C702032744028325C40113860B009E
:10DFA00013050A00B386D740E700070013090500F0
:10DFB000635AA004B38929416FF0DFDF130907001A
:10DFC00063F4E900138909001385070013060900AB
:10DFD00093850B00EF00D00D0327840083270400F6
:10DFE00033072741B38727012324E4002320F400CB
:10DFF000E31207FC9305040013050A00EFF0DFAC01
:10E00000E30A05FA8317C400832BC100032C8100A7
:10E01000832C41006FF01FE3138C0900938C0900DF
:10E020006FF09FD613860B0093050C00EF0050088D
:10E03000032784008327040013890B0033077741EB
:10E04000B38777012324E4002320F4006FF09FE9D5
:10E0500013050A00EF30806F930C0500E31605D01E
:10E060008325040113050A00EFB01FB68317C4000F
:10E070001307C000832BC100032C8100832C4100B7
:10E080002320EA0093F7F7F76FF0DFDB938719009F
:10E09000938A07006FF09FE08317C4006FF09FDA48
:10E0A0001307C0008317C400832BC100032C810019
:10E0B000832C41002320EA006FF0DFD8130101FE1A
:10E0C000232C8100232E1100130405006306050094
:10E0D0008327450363800706832786009387F7FF1E
:10E0E0002324F60063DC07000327860163CAE702E6
:10E0F00093F7F50F1307A0006384E7028327060058
:10E1000013F5F50F138717002320E6002380B700CF
:10E110008320C101032481011301010267800000F3
:10E1200013050400032481018320C10113010102AE
:10E130006F00000C2326C1002324B100EFA09FEC48
:10E140000326C100832581006FF01FF9130101FE32
:10E15000232A210103A901D0232C9100232E110091
:10E1600093040500630609008327490363880706B3
:10E1700083A785009387F7FF23A4F50063DC0700DE
:10E1800003A7850163CCE70293F7F40F1307A00000
:10E190006386E70283A7050013F5F40F13871700C2
:10E1A00023A0E500238097008320C10183248101FF
:10E1B0000329410113010102678000008320C1018E
:10E1C0001386050013050900938504000329410106
:10E1D00083248101130101026F00800113050900EE
:10E1E0002326B100EFA01FE28325C1006FF05FF886
:10E1F000130101FE232C8100232A910023282101F1
:10E20000232E110013090500938405001304060052
:10E21000630605008327450363800716832784016F
:10E220000317C4002324F400937787006380070852
:10E2300083270401638C07062326310193162701E7
:10E2400093F9F40F93F4F40F63D80608032704003E
:10E2500083264401B307F74063D8D70A8326840096
:10E26000130617002320C4009386F6FF2324D4004E
:10E270002300370103274401938717006302F70C3B
:10E280008357C40093F71700639A070C8329C100D2
:10E290008320C101032481010329010113850400A6
:10E2A00083244101130101026780000093050400EB
:10E2B00013050900EF00000E631E05080317C400D4
:10E2C00023263101832704019316270193F9F40FC4
:10E2D00093F4F40FE3CC06F68326440637E6FFFFFB
:10E2E000B72500003367B7001306F6FFB3F6C60084
:10E2F0002316E400032704002322D40683264401C6
:10E30000B307F740E3CCD7F49305040013050900E5
:10E31000EFF08FFB631E05020327040083268400B1
:10E3200093071000130617009386F6FF2320C400FE
:10E330002324D4002300370103274401E312F7F418
:10E340009305040013050900EFF00FF8E30005F44E
:10E350008329C1009304F0FF6FF09FF39307A0009F
:10E36000E396F4F29305040013050900EFF0CFF5EE
:10E37000E30E05F06FF0DFFDEFA0DFC86FF01FEADE
:10E380009307050003A501D01386050093850700B8
:10E390006FF01FE683A701D0130101FF2324810042
:10E3A0002322910023261100930405001384050005
:10E3B0006386070003A74703630C070E8317C40097
:10E3C00013F78700630A070603270401630607089B
:10E3D00093F6170063880602832644012324040071
:10E3E00013050000B306D040232CD400630A0702B3
:10E3F0008320C10003248100832441001301010113
:10E400006780000093F6270013060000639406005F
:10E41000032644012324C40013050000E31A07FC6B
:10E4200013F70708E30607FC93E707042316F40035
:10E430001305F0FF6FF0DFFB13F707016300070818
:10E4400013F74700631C07020327040193E78700C3
:10E450002316F400E31E07F693F6072813060020A0
:10E46000E388C6F69305040013850400EF30901886
:10E470008317C400032704016FF09FF5832504036D
:10E48000638E0500130704046388E5001385040008
:10E49000EFB08FF38317C40023280402032704017D
:10E4A00093F7B7FD232204002320E4006FF01FFA46
:10E4B00013850700EFA01FB56FF05FF01307900002
:10E4C00023A0E40093E707042316F4001305F0FFEC
:10E4D0006FF01FF2130101FE232C8100232A91000B
:10E4E00023282101232E1100130905009384050020
:10E4F00013040600EF00002C93071000631CF500C6
:10E500009387F4FF1307E00F6366F700230691007B
:10E510006F0040029306C405138604009305C100F2
:10E5200013050900EF30007D9307F0FF6304F50841
:10E53000630C0502832784008345C1009387F7FF9E
:10E540002324F40063DA07000327840163CCE70285
:10E550009307A0006388F502832704001387170040
:10E560002320E4002380B7008320C101032481011C
:10E5700003290101138504008324410113010102D1
:10E58000678000001306040013050900EFF05FC662
:10E590009307F0FFE31AF5FC1305F0FF8320C10198
:10E5A0000324810183244101032901011301010294
:10E5B000678000008357C4001305F0FF93E707044A
:10E5C0002316F4006FF09FFD8317C60013972701F1
:10E5D0006340070203274606B7260000B3E7D700CB
:10E5E000B72600003367D7002316F6002322E6067D
:10E5F0006FF05FEE130101FE232C810003A401D014
:10E60000232E110013860500930505006306040000
:10E6100083274403638007048317C60013972701E9
:10E620006340070203274606B7260000B3E7D7007A
:10E63000B72600003367D7002316F6002322E6062C
:10E6400013050400032481018320C1011301010289
:10E650006FF05FE82324A100130504002326C10006
:10E66000EFA05F9A0326C100832581006FF0DFFAD7
:10E670009377350093F6F50F638A07029307F6FF49
:10E68000630E06021306F0FF6F00800113051500EC
:10E6900013773500630E07009387F7FF6380C70287
:10E6A00003470500E314D7FE6780000093070600C8
:10E6B000130730006368F700639007061305000036
:10E6C0006780000093F5F50F13978500B305B70039
:10E6D00013970501B708FFFE37888080B385E500F2
:10E6E0009388F8EF13080808130330006F00000147
:10E6F0009387C7FF13054500E370F3FC032705006C
:10E7000033C7E500330617011347F7FF3377E600F9
:10E7100033770701E30E07FCB307F5006F00C00075
:10E7200013051500E38CA7F803470500E31AD7FE8D
:10E7300067800000130101FF2326110023229100AE
:10E74000630E0602B75501809385C5321305060096
:10E750002324810013040600EF008040B754018099
:10E760006312050203248100138584328320C100D3
:10E77000832441001301010167800000B754018028
:10E780006FF09FFE9385843213050400EF00403D37
:10E79000E30A05FCB75501809385C5B11305040054
:10E7A000EF00003CE30005FC03248100130500009A
:10E7B0006FF0DFFB03C501C567800000130101FF97
:10E7C0002326110023229100638E05022324810059
:10E7D00013840500B75501809385C53213050400E5
:10E7E000EF000038B7540180631205020324810052
:10E7F000138584328320C100832441001301010169
:10E8000067800000B75401806FF09FFE93858432CB
:10E8100013050400EF00C034E30A05FCB75501807E
:10E820009385C5B113050400EF008033E30005FCB8
:10E8300003248100130500006FF0DFFB1305050FB3
:10E8400067800000138581C167800000138581C146
:10E8500067800000130101FF23248100232291001F
:10E8600013040500138505002326110023A401D2FB
:10E87000EF201FA69307F0FF630CF5008320C10073
:10E8800003248100832441001301010167800000FB
:10E8900083A781D2E38407FE8320C1002320F400F4
:10E8A00003248100832441001301010167800000DB
:10E8B00063F6A5023387C5006372E502B307C5009E
:10E8C000630606048346F7FF9387F7FF1307F7FFF6
:10E8D0002380D700E318F5FE678000009307F0005F
:10E8E00063E8C702930705009306F6FF6302060C70
:10E8F00093861600B386D70003C7050093871700D9
:10E9000093851500A38FE7FEE398D7FE678000008C
:10E91000B367B50093F7370063960708930806FFBF
:10E9200093F808FF93880801B306150113870500C3
:10E9300093070500032807001307070193870701C2
:10E9400023A807FF032847FF23AA07FF032887FF01
:10E9500023AC07FF0328C7FF23AE07FFE39CD7FCC8
:10E960001378C600B38515011377F6006304080415
:10E970001308C7FF1378C8FF13084800B3870601C0
:10E980001387050083280700938646001307470076
:10E9900023AE16FFE398F6FE13763600B385050125
:10E9A0006FF09FF49306F6FF930705006FF05FF496
:10E9B00067800000130607006FF01FF3B3C7A500C0
:10E9C00093F73700B308C500639407069307300038
:10E9D00063F0C7069377350013070500639A0706AF
:10E9E00013F6C8FFB306E6409307000263CED708CC
:10E9F00093860500930707006378C70203A8060003
:10EA0000938747009386460023AE07FFE3E8C7FEDF
:10EA10009307F6FFB387E74093F7C7FF9387470055
:10EA20003307F700B385F5006368170167800000BE
:10EA3000130705006378150583C705001307170042
:10EA400093851500A30FF7FEE398E8FE67800000AA
:10EA500083C605001307170093773700A30FD7FE6F
:10EA600093851500E38E07F683C60500130717008C
:10EA700093773700A30FD7FE93851500E39A07FC21
:10EA80006FF01FF667800000130101FF232681004D
:10EA90001304000283A3050083A2450083AF850011
:10EAA00003AFC50083AE050103AE450103A3850195
:10EAB00003A8C50183A6050213074702B307E64072
:10EAC000232E77FC232057FE2322F7FF2324E7FF82
:10EAD0002326D7FF2328C7FF232A67FE232C07FFFF
:10EAE000232ED7FE93854502E346F4FA938605006C
:10EAF000930707006378C70203A8060093874700BF
:10EB00009386460023AE07FFE3E8C7FE9307F6FFB0
:10EB1000B387E74093F7C7FF938747003307F700B2
:10EB2000B385F500636817010324C10013010101D7
:10EB30006780000083C70500130717009385150041
:10EB4000A30FF7FEE382E8FE83C705001307170053
:10EB500093851500A30FF7FEE39EE8FC6FF0DFFC42
:10EB60003367B5009303F0FF137737006310071086
:10EB7000B7877F7F9387F7F70326050083A60500F5
:10EB8000B372F6003363F600B382F200B3E26200C0
:10EB9000639272106316D6080326450083A64500CB
:10EBA000B372F6003363F600B382F200B3E26200A0
:10EBB000639E720C6316D6060326850083A6850025
:10EBC000B372F6003363F600B382F200B3E2620080
:10EBD0006398720C6316D6040326C50083A6C5008D
:10EBE000B372F6003363F600B382F200B3E2620060
:10EBF0006392720C6316D6020326050183A60501F3
:10EC0000B372F6003363F600B382F200B3E262003F
:10EC1000639C720A1305450193854501E30ED6F402
:10EC20001317060193970601631EF7001357060199
:10EC300093D706013305F7409375F50F63900502EE
:10EC4000678000001357070193D707013305F7408A
:10EC50009375F50F63940500678000001377F70F35
:10EC600093F7F70F3305F740678000000346050070
:10EC700083C6050013051500938515006314D6009F
:10EC8000E31606FE3305D6406780000013054500F5
:10EC900093854500E31CD6FC130500006780000047
:10ECA0001305850093858500E312D6FC130500004B
:10ECB000678000001305C5009385C500E318D6FAE8
:10ECC0001305000067800000130505019385050109
:10ECD000E31ED6F81305000067800000130101FE53
:10ECE000232A91008327050183A40501232E110007
:10ECF00063C0971C9384F4FF13932400232C81009A
:10ED0000138445012326310123244101B309640002
:10ED1000130A450183A7090033036A000327030090
:10ED20002328210123225101938717003359F70229
:10ED3000930A0500636AF70A370501009308040087
:10ED400013080A00930E0000930600001305F5FF58
:10ED500003A70800032E0800130848003376A70015
:10ED600013570701B377AE00135E0E019388480076
:10ED700033062603330727033306D601B37EA600E6
:10ED8000B387D74113560601B387D70093D60741FF
:10ED9000B3F7A7003307C7003376A700B386C64092
:10EDA000B386C60113960601B3E7C700232EF8FE0B
:10EDB000935E070193D60641E3FC19F9832703000C
:10EDC000639407021303C3FF63686A006F00800146
:10EDD0009384F4FF63786A00832703001303C3FF5F
:10EDE000E38807FE23A89A0013850A00EF20401C41
:10EDF000634C05083705010093050A00130700005E
:10EE00001305F5FF83A6050003260400938545003E
:10EE1000B3F7A6003378A600B3870741B387E700AE
:10EE200013D707411356060193D606013307C7408F
:10EE30003307D70093160701B3F7A700B3E7D7004E
:10EE40001304440023AEF5FE13570741E3FC89FA8F
:10EE500093972400B307FA0003A70700631407027F
:10EE60009387C7FF6368FA006F0080019384F4FF03
:10EE70006378FA0003A707009387C7FFE30807FE3C
:10EE800023A89A0013091900032481018320C101DA
:10EE90008329C100032A8100832A41008324410180
:10EEA0001305090003290101130101026780000015
:10EEB0008320C101832441011305000013010102D5
:10EEC0006780000003238503130101F4232C810ACA
:10EED000232A910A2328210B2322510B2326B1092F
:10EEE000232E110A2326310B232EE100232AF100C1
:10EEF000232811012326B1022324C1001304050095
:10EF0000938D050093040600938A060013090800F8
:10EF1000630203020327C503930710009305030050
:10EF2000B397E7002322E3002324F300EF10006CE3
:10EF3000232C0402938904009306000063DC040080
:10EF40009394140093D714002324F10093890700AD
:10EF5000930610003707F07F2320D900B3F6E900AD
:10EF60006388E6608324810013850D00130600008A
:10EF700093850400930600002320B103232291020D
:10EF8000EF408020631A0504032741019307100016
:10EF90002320F7000327010163080700B75701800A
:10EFA000938717BD2320F700B7590180938909BDC6
:10EFB0008320C10B0324810B8324410B0329010B04
:10EFC000832A410A832DC108138509008329C10AB8
:10EFD0001301010C678000001386040013078107EA
:10EFE0009306C10793850D00130504002324410BEC
:10EFF0002320610B232E7109232C8109232A9109D7
:10F000002328A10913D94901EF20403E93040500AC
:10F010006312095A832B81070329C1079307000252
:10F0200033892B0113072943E3D0E7329307000408
:10F03000B387E74013052941B397F90033D5AD00F5
:10F0400033E5A700EF90DFB1B70710FE930610007D
:10F0500013070500B387B7001309F9FF2324D10470
:10F0600003A601CB83A641CB1305070093850700B8
:10F07000EF40D00703A681CB83A6C1CBEF40801918
:10F0800003A601CC83A641CCEF309003130A050000
:10F090001305090093890500EF50402303A681CC96
:10F0A00083A6C1CCEF400017130605009386050028
:10F0B00013050A0093850900EF309000130B05003B
:10F0C00093890500EF504018130A05009385090045
:10F0D00013050B001306000093060000EF909F90AD
:10F0E0006350050213050A00EF50401E13060B0083
:10F0F00093860900EF4040093335A000330AAA4047
:10F1000033892B4193076001130BF9FFE3E8471D97
:10F110003757018093173A001307873DB387E700FD
:10F1200003A6070083A647000325010283254102A9
:10F13000EF905F8BE35A051E130AFAFF232E01029C
:10F14000232C0100634C0B4863540A4A8327810136
:10F1500023244103B3874741232CF100B3074041E7
:10F16000232CF10293079000130A000063EC574927
:10F1700093075000E3D0571F938ACAFF93073000CC
:10F1800013090000E388FA62E3D0575F9307400059
:10F19000E390FA52930710002328F1020326C101DD
:10F1A000E352C0602326C104130C060093067001CD
:10F1B000130710009307400063C4C6006F10802F30
:10F1C00093971700938647019305070013071700CD
:10F1D000E378D6FE232EB40213050400EF10C035E9
:10F1E00093090500631405006F10002B232CA40263
:10F1F0009307E00063E6874F6304094E832681028C
:10F20000E35AD05E93F7F600375701801307873D26
:10F210009397370093DC4640B387E70093F60C01E1
:10F2200003A8070003A74700E3880652B7570180E9
:10F2300003A6874E83A6C74E0325010283254102FC
:10F240002328E10423200105EF801FF10328010496
:10F250000327010593FCFC0013030500138D050033
:10F2600013093000638C0C04B75B018023208104F8
:10F27000938B8B4C130409009305070013090300BB
:10F2800093F71C00638E070003A60B0083A64B00B8
:10F290001305080013041400EF30D077130805009D
:10F2A00093DC1C40938B8B00E39C0CFC1303090044
:10F2B00013090400032401041387050093060700C3
:10F2C000130608001305030093050D00EF80DFE827
:10F2D00013070500938705008326C1036388060290
:10F2E00003A601CA83A641CA130507009385070038
:10F2F0002328E1042320F104EF90CFEE83270104BB
:10F3000003270105635405006F1000011305090070
:10F310002320F1062320E104EF40507B0327010462
:10F320008327010613060700938607002328E104BC
:10F330002320F104EF30106E03A681CD83A6C1CD4A
:10F34000EF300058B706C0FC8327010403270105EE
:10F35000930C0500B38BB600630E0C32832681023A
:10F36000232081072324D106130507009385070076
:10F370002328E1042320F104EF40106D83270106C8
:10F3800037560180130905009386F7FF93963600E0
:10F390009307863DB386D70003A846002326F106CF
:10F3A00083A70600232E010523229107232CF104B5
:10F3B000EF40D071032701058327010413060500E0
:10F3C000938605001305070093850700EF40005260
:10F3D00003270103138D1900130309032320A1053B
:10F3E000930C05001373F30FE304075A03A581CEB2
:10F3F000032681058326C1052320B10483A5C1CE40
:10F4000023286104EF805FD50326410693860B0015
:10F41000EF40C04D832801040323010513860C002F
:10F42000938608002380690013090500938B05006B
:10F43000EF904FCB832801046354A0006F005078F5
:10F4400083A701CA03A841CA232C41052328F1043C
:10F45000232A010503A841CD83A701CD23226107FB
:10F46000232681072320F10493070000032C0106C3
:10F4700023220105138B070023205107138A08005C
:10F480006F000009130B1B0063448B016F00507861
:10F4900003260104832641041305090093850B000C
:10F4A000EF30505703260104832641041309050059
:10F4B000938B050013850C0093050A00EF309055DF
:10F4C000938C0500930A0500EF401058130A0500BD
:10F4D000EF40D05F130605009386050013850A00F0
:10F4E00093850C00EF40804093070A031306090040
:10F4F00093860B002300FD00130D1D00930C0500E7
:10F50000138A0500EF900FCE635405006F00506B17
:10F51000032501058325410513860C0093060A0087
:10F52000EF40C03C1306090093860B00EF908FCB91
:10F53000E35A05F483278106930B0D00138C170003
:10F54000130690036F008000E386796583C6FBFF96
:10F55000138D0B00938BFBFFE388C6FE938616008A
:10F5600093F6F60F2380DB00930D0C006F00004D27
:10F5700083264101372700009397C9001307F770CE
:10F5800093D7C70023A0E600B3E7B7016380070A5B
:10F5900083270101B759018093890934E38A07A0C1
:10F5A000B757018093873734032701012320F700E1
:10F5B0006FF01FA083274102B706F03F832B81071E
:10F5C0009397C70093D7C70003270102B3E7D7007B
:10F5D000130919C0232401046FF09FA8930710009A
:10F5E000B3872741232CF100130B0000E3400AB638
:10F5F00023244103232C010293079000330B4B017A
:10F60000E3F857B79307100013091000930A00009E
:10F610002328F102130CF0FF232E0100232E0402F5
:10F6200023268105930500006FF01FBB832701018E
:10F63000B759018093894933E38C0796B757018006
:10F640009387C7336FF05FF6130509002320F10697
:10F650002320E104EF40904703270104832701069C
:10F6600013060700938607002328E1042320F104F2
:10F67000EF30503A03A681CD83A6C1CDEF304024B0
:10F680008327010403270105B706C0FC930C05007E
:10F69000B38BB60003A601CE83A641CE13050700A7
:10F6A00093850700EF40802413860C0093860B009F
:10F6B000130D050013890500EF90CFA2E342A04E81
:10F6C000B7070080B3C7770113860C0013050D0040
:10F6D0009386070093050900EF90CFB063480506B5
:10F6E0008327C10763CE0718832681021307E00032
:10F6F0006348D71883278102375701801307873D56
:10F7000093973700B387E70003AA070083AA47004F
:10F710008327C10163D807046346800563180C0280
:10F7200003A601CE83A641CE13050A0093850A00E5
:10F73000EF30502E130605009386050003250102C5
:10F7400083254102EF900FAAE34CA044138D0900DA
:10F7500023200102130900008327C10193CDF7FF85
:10F760006F004069938719002320F104032B0102E5
:10F770000329410213060A0093860A0013050B00B1
:10F7800093050900EF805F9DEF40102C130D0500DD
:10F79000EF40D03313060A0093860A00EF3090271B
:10F7A000130605009386050013050B009305090059
:10F7B000EF40C01393070D032380F90013061000D8
:10F7C000832B01041307050093860500E30CCC0C82
:10F7D00083A701CD03A841CD930D10002324F10090
:10F7E000232601016F00000613060A0093860A0013
:10F7F00013050B0093050900EF801F96EF40D024FE
:10F80000130D0500EF40902C13060A0093860A00A2
:10F81000EF3050209386050013060500930509007C
:10F8200013050B00EF40800C938B1B0093070D0317
:10F83000938D1D00A38FFBFE130705009386050023
:10F84000E302BC0703268100938506008326C100DE
:10F8500013050700EF30101C13060000930600008C
:10F86000130B050013890500EF301012E31E05F697
:10F8700083278102138D0B00938D17006F00001CEE
:10F880000327010363160726832B8103832C810141
:10F89000232801021309000063820C0263506003F5
:10F8A00093870C0063449B6703278101B38CFC4062
:10F8B000330BFB403307F740232CE1008327810300
:10F8C000638207028327010363840700E39C0B061E
:10F8D000032681039385040013050400EF10403FC5
:10F8E000930405009305100013050400EF100010A9
:10F8F0002320A102631C0A509307100063DC5755B4
:10F90000B387670193F7F7016380071E13070002AF
:10F910003307F7409306400063D4E6581307C0014D
:10F92000B307F74003278101B38CFC00330BFB00C6
:10F930003307F700232CE100832781016340F01493
:10F94000635C60018325010213060B0013050400AC
:10F95000EF10004D2320A1028327C103639C0712EF
:10F960006354804583270103639007268327810220
:10F97000938D1700832A0102130A10006F00000202
:10F9800093850400930600001306A00013050400ED
:10F99000EF00104893040500130A1A0093850A002B
:10F9A00013850400EFF08FB3930B0503B387490170
:10F9B000A38F77FFE3468AFD130A10006344805546
:10F9C000338A4901930A000093850400130610004E
:10F9D00013050400EF10C0448325010293040500C1
:10F9E000EF10005D635EA04E930690036F008000F1
:10F9F000638A495F8347FAFF130D0A00130AFAFF6F
:10FA0000E388D7FE938717002300FA0083250102BD
:10FA100013050400EF00903D63020902638A0A00A7
:10FA200063882A0193850A0013050400EF00103C47
:10FA30009305090013050400EF00503B9385040073
:10FA400013050400EF00903A8327410123000D00C5
:10FA500023A0B701832701016384070023A0A70126
:10FA6000032A810A032B010A832BC109032C810974
:10FA7000832C4109032D01096FF08FD39385040076
:10FA80001386070013050400EF1080399304050066
:10FA90006FF01FEB8325010213850400EF10405126
:10FAA000E35005EC83278102938504009306000050
:10FAB0001306A00013050400138BF7FFEF00503569
:10FAC0008327010393040500639E070C032CC104E4
:10FAD000E35A8015832D81026FF0DFE99307100050
:10FAE000232EF1026FF0CFE59307C0016FF09FE383
:10FAF000130710006354574D83278103930BFCFFBA
:10FB000063CA7741B38B774183278101B38C8741E7
:10FB1000E3500C0E9305100013050400EF00106D68
:10FB2000130905006FF05FD7232E0102232C01007B
:10FB3000E34020AD93071000B3872741232CF10049
:10FB4000130B00006FF0DFAAB387E7403395FD0089
:10FB50006FF04FCF9307300013091000638CFA4405
:10FB600063C657E393072000E38CFA14232E0402A4
:10FB70009305000013050400EF00101C9309050015
:10FB8000E30C0510930710002328F1029307F0FF00
:10FB9000232CA4022326F104130CF0FF232E0100D2
:10FBA0006FF01FB493050900930600001306A00030
:10FBB00013050400EF00D025032CC1041309050030
:10FBC000E356800923246103635C900193050900D7
:10FBD00013860C0013050400EF10802413090500A0
:10FBE000130B0900631E0A508327C102138DF9FF0E
:10FBF000938C0900232C31018329010293F717000C
:10FC0000330D8D012324F100232EB10193850900CA
:10FC100013850400EFF08F8C130C05009305090089
:10FC200013850400EF10C038130A050013060B00FB
:10FC30009385090013050400EF10003D0327C5005C
:10FC4000930B0C03930D0500631C07089305050037
:10FC500013850400EF10C0351307050093850D00D0
:10FC600013050400930D0700EF005018B3E65D0183
:10FC7000639A060E83278100638A077463420A76BB
:10FC800023807C01138A1C0063049D679385040014
:10FC9000930600001306A00013050400EF005017A0
:10FCA00093040500930600001306A00093050900C5
:10FCB00013050400630E6909EF00901593050B000E
:10FCC00013090500930600001306A00013050400A5
:10FCD000EF001014130B0500930C0A006FF01FF3D4
:10FCE000930505001305040083298101832DC101BB
:10FCF000EF00D00F634A0A0013F71D00336A5A0160
:10FD000033674701631E070693850400130610003E
:10FD100013050400EF10C0108325010293040500B1
:10FD2000EF1000296358A02413079003638CEB2481
:10FD3000930B1C0383278102930A0900138D1C0077
:10FD400023807C01938D170013090B006FF01FCCEB
:10FD5000EF00100C13090500130B0500930C0A00AB
:10FD60006FF0DFEA63440A7283278100336A5A0125
:10FD700033EA4701630C0A70E354B0F1832981012F
:10FD8000130790036380EB200327810293871B00F6
:10FD9000930A0900138D1C00930D17002380FC00AB
:10FDA00013090B006FF09FC693072000E3DC57BBDD
:10FDB000138D0900E3120C9A8325010293060000BB
:10FDC0001306500013050400EF009004930505008E
:10FDD0002320A10213850400EF10801DE35EA0968E
:10FDE000930710032380F90083278102138D1900E4
:10FDF000938D17008325010213050400938D1D00C8
:10FE0000EF00C07EE31609C26FF05FC393050500E3
:10FE100013060A0013050400EF00906B930710000F
:10FE20002320A10263DE5711130A000003270102F9
:10FE3000832707019387370093972700B307F700BD
:10FE400003A54700EF00102593070002B387A740E2
:10FE50006FF01FAB8327C1026390070483278100E3
:10FE60009397C700639A07028326810093070000D7
:10FE700013D746011377F77F630C070083278101AF
:10FE8000130B1B0093871700232CF100930710001E
:10FE9000631C0A54138A0700930710006FF05FA6D3
:10FEA000E30CD7A81307C003B307F7406FF09FA771
:10FEB00093071000930A50002328F1028327C10101
:10FEC00003278102B387E700138C17002326F10470
:10FED00013060C00634C80AD130610006FF00FADDD
:10FEE0006316050093F71B00E39007B09306000329
:10FEF0008347FAFF130D0A00130AFAFFE38AD7FEBD
:10FF00006FF0DFB0130A0C006FF09FAB93070B008C
:10FF10006FF09F998327810303278101232C7103AD
:10FF2000B387FB40330AFA00B3078701930C07003D
:10FF3000330B8B01232CF100930B00006FF09FBD5E
:10FF40008327C102E39207EE832781009397C700BE
:10FF5000E39C07EC6FF05FF103230102032D4102E4
:10FF6000130920006FF00FB0930A2000232801022C
:10FF70006FF0CFA2E31005DC13F71B00E31607DADE
:10FF80006FF05FDB930790032380FC0083278102DF
:10FF9000930A0900138A1C00938D170013090B00A4
:10FFA0006FF09FA493071000130C1000232EF10094
:10FFB0006FF0CFE6232801026FF05FF00327810482
:10FFC000630407300327810193873743330BFB001A
:10FFD000B307F700832B8103930C0700232CF10058
:10FFE0006FF05FB3930710032380F900938D1D001A
:10FFF0006FF0DFA18327810263880730B30BF040E5
:02000004800179
:1000000093F7FB00375701801307873D939737001D
:10001000B387E70003A6070083A647000325010274
:100020008325410293DB4B40EF30C01E138D05004A
:1000300063880B4213092000B75C018023208104F0
:10004000938C8C4C13040900130705001306000061
:100050001309050093F61B006380060203A60C003B
:1000600083A64C001305070013041400EF30801A18
:10007000130705001306100093DB1B40938C8C00C4
:10008000E39A0BFC1305090093870500130904008C
:1000900003240104631206A41307050093070D004F
:1000A0006FF08FA393850600130607001305070062
:1000B000EF2010018327810213060A0093860A00AD
:1000C000938D1700130B050013890500138C0D0089
:1000D000EF805F816346A0C613050B0093050900FE
:1000E00013060A0093860A00EF30000A6316050023
:1000F000137D1D0063160DC4138D0B006FF01F944C
:100100008325490013050400EF000043130A05008E
:1001100063000536032609019305C9001305C500D0
:100120001306260013162600EFE05F891306100061
:1001300093050A0013050400EF00904E130B050011
:100140006FF09FAA9305090013860B0013050400A6
:10015000EF0010381386040093050500130905000D
:1001600013050400EF009013930705009385040026
:100170001305040093840700EF00404783278103A1
:10018000B3877741232CF102638E07F46FF04FF4AD
:10019000032681058326C105032541062328B104D2
:1001A00093850B0023286102EF30C006032301036F
:1001B0008327010693061000238069002324A104ED
:1001C0008328010513890500B38BF900638CD726BA
:1001D00083A701CD03A841CD232891042328F10250
:1001E000232A01032320810613850C009385080030
:1001F0000326010383264103130D1D00EF30800108
:100200001384050093040500EF400004930C0500DF
:10021000EF40C00B1306050093860500138504000C
:1002200093050400938C0C03EF30406CA30F9DFFEB
:10023000E390ABFD8324010503240106930C050024
:100240009388050003A681CE83A6C1CE0325810431
:100250009305090023281103EF20806683280103FA
:1002600013860C0093860800EF80CFF7634C0518C7
:100270000326810403A581CE83A5C1CE9306090080
:10028000EF30C0668328010313860C0093860800B4
:10029000EF804FE5634CA0108327C10763C607DEDC
:1002A000032781029307E00063C0E7DE8327810212
:1002B0000327C10693973700B307F70003AA070087
:1002C00083AA47006FF08FCA032781078326810125
:1002D00093076003B387E740330BFB00B387F60057
:1002E000832B8103938C0600232CF1006FF09F82F7
:1002F00083278102930A090083298101938D1700C6
:1003000013090B006FF04FEC032701028327410212
:10031000130920006FE05FFC63080CB2032DC104D9
:100320006350A0BD938507008327810283A641CD3A
:1003300003A601CD9387F7FF130507002324F106D9
:10034000EF20506D13070500130519002328E10461
:100350002320B104EF3090770327010583270104A0
:100360001306070093860700EF20D06A03A681CD0D
:1003700083A6C1CDEF20C054B706C0FC832701047B
:1003800003270105930C0500B38BB6002320A107BA
:100390006FE09FFD93061003130C1C006FF08F9C01
:1003A00023200102130900006FF09FA3130600032E
:1003B00083C7FBFF138D0B00938BFBFFE38AC7FE04
:1003C00083278106938D17006FF04FE71307900383
:1003D00083298101E388EBBAE34C40956FF09F9548
:1003E000832981016FF01F95138A07006FF01FA406
:1003F000938C0700B3878701330B8B01232CF1000B
:100400006FF04FF183278106138C17006FF04F9325
:10041000032A8105032B4106032CC106832A01060A
:100420006FF00FAC9307200063C85701832D810242
:10043000032CC1046FF00FD4032CC10423246103E7
:100440006FF01F97832B01046FF0DFDF930720000D
:10045000E3C457FF032CC104232461036FF0CFF6DC
:100460001307050093870500130920006FE0DFE6FE
:10047000B756018037550180938646341306000035
:100480009305F02E13058535EF10D049832981019E
:10049000E34CB0876FF01F8AB75601803755018053
:1004A00093864634130600009305F01A130585352C
:1004B000EF105047232E0402930500006FE0DFD1B8
:1004C000232801026FE09FCD83A7C1C0678007008A
:1004D00063800502630206046388060483470600FE
:1004E00023A0F500034506003335A0006780000017
:1004F000130101FF9305C10063040602638A06022B
:100500008347060023A0F500034506003335A0000D
:1005100013010101678000001305000067800000DF
:10052000130500006FF0DFFE1305E0FF6780000099
:100530001305E0FF6FF0DFFD83274504130101FF82
:100540002324810023229100232611001304050097
:1005500093840500638C070213972400B387E70098
:1005600003A50700630405040327050023A0E70093
:1005700023280500232605008320C10003248100D1
:10058000832441001301010167800000130610025B
:1005900093054000EF10903F2322A4049307050029
:1005A000E31C05FA130500006FF01FFD2320210155
:1005B0001309100033199900130659001316260069
:1005C0009305100013050400EF10503C630A05006A
:1005D0002324250123229500032901006FF05FF9F0
:1005E00003290100130500006FF01FF96380050265
:1005F00003A745008327450413172700B387E700A7
:1006000003A7070023A0E50023A0B7006780000030
:10061000130101FE232A910083A405013703010081
:10062000232C81002328210123263101232E1100B0
:1006300013890500930905001384060013884501FA
:10064000930800001303F3FF8327080013084800F2
:100650009388180033F767003307C70293D6070162
:10066000B386C602B307870013D70701B3F7670045
:10067000B386E60013970601B307F700232EF8FEB2
:1006800013D40601E3C298FC6302040283278900A5
:1006900063DEF4029387440093972700B307F900C1
:1006A00023A2870093841400232899008320C1018A
:1006B00003248101832441018329C100130509001A
:1006C000032901011301010267800000832549000D
:1006D000138509002324410193851500EFF0DFE520
:1006E000130A0500630E0504032609019305C900DA
:1006F0001305C5001306260013162600EFE00FAC05
:100700000327490083A7490413172700B387E7008D
:1007100003A707002320E90023A0270193874400B3
:1007200013090A0093972700B307F900032A8100F1
:100730009384140023A28700232899006FF01FF7E9
:10074000B756018037550180938646341306000062
:100750009305A00B13050539EF10D01C130101FE02
:10076000232C8100232A91002328210123263101F3
:100770002324410193890600930790009386860005
:10078000232E1100B3C6F6021309050013840500D9
:10079000130A06009304070063DA370D930710006D
:1007A000930500009397170093851500E3CCD7FEBF
:1007B00013050900EFF05FD893050500630C050AE7
:1007C000930710002328F500232A95009307900033
:1007D00063D8470923225101930A940093840A00A5
:1007E0003304440183C604001306A0001305090066
:1007F000938606FDEFF0DFE1938414009305050076
:10080000E39284FE13048AFF33848A00832A410022
:1008100063563A03B3894941B3093401834604005E
:100820001306A00013050900938606FDEFF05FDEB6
:100830001304140093050500E31234FF8320C10163
:100840000324810183244101032901018329C1007B
:10085000032A81001385050013010102678000004F
:100860001304A400130A90006FF09FFA9305000090
:100870006FF01FF4B75601803755018093864634D8
:10088000130600009305300D13050539232251018D
:10089000EF1050099307050037070100130500000A
:1008A00063F6E7009397070113050001370700017E
:1008B00063F6E7001305850093978700370700105C
:1008C00063F6E7001305450093974700370700409C
:1008D00063EAE70093C7F7FF93D7F7013305F50005
:1008E000678000009397270063CA070013971700DB
:1008F000634A070013050002678000001305250006
:10090000678000001305350067800000832705001D
:100910001307050093F677006384060293F6170029
:1009200013050000639E060493F627006388060AF9
:1009300093D717002320F7001305100067800000ED
:100940009396070193D6060113050000638E0606F1
:1009500093F6F70F6380060693F6F70063820604AA
:1009600093F637006384060293F61700639C060033
:1009700093D71700130515006396070013050002AF
:10098000678000002320F7006780000093D72700CE
:1009900093F6170013052500E39606FE6FF05FFD42
:1009A00093D7470093F6370013054500E39E06FAF8
:1009B0006FF0DFFD93D7870093F6F70013058500EE
:1009C000E39006FA6FF0DFFD93D7070193F6F70F78
:1009D00013050001E39206F86FF0DFFD93D72700BF
:1009E0002320F700130520006780000083274504BB
:1009F000130101FF232481002322910023261100EB
:100A00001304050093840500638C070203A54700C7
:100A1000630205060327050023A2E7008320C10027
:100A20000324810093071000232A95002326050044
:100A30002328F50083244100130101016780000091
:100A40001306100293054000EF1040742322A40403
:100A500093070500E31C05FAB7560180375501805E
:100A60009386463413060000930550141305053988
:100A7000EF10406B1306C00193051000130504002E
:100A8000EF10C070E30A05FC930710002322F50065
:100A9000930720002324F5006FF05FF8130101FE97
:100AA000232821012326310103A9050183290601F9
:100AB000232A910023244101232E1100232C81009D
:100AC000138A050093040600634C3901138709005B
:100AD0009384050093090900130A0600130907000F
:100AE00083A7840083A5440033842901B3A787002A
:100AF000B385F500EFF05FA4630E051A13034501FB
:100B000093182400B30813019307030063781301BB
:100B100023A0070093874700E3EC17FF13084A015F
:100B2000131E2900938E440193952900330EC801AA
:100B3000B385BE006376C81393875401130F40003A
:100B400063F0F516B70601009386F6FF6F0080018B
:100B500093DF0F0163980F08130848001303430045
:100B60006370C811832F0800B3F3DF00E38203FE34
:100B700093020300938F0E009304000083A70F00DD
:100B800003A602009382420033F7D70033077702AF
:100B900093D707013379D60013560601938F4F0080
:100BA000B387770233072701330797009354070170
:100BB0003377D700B387C700B38797001396070131
:100BC0003367E60023AEE2FE93D40701E3E8BFFA01
:100BD000B307E30123A09700832F080093DF0F01E1
:100BE000E38C0FF6032703009302030013860E0025
:100BF00093040700930300008327060093D90401A0
:100C00003377D700B3F7D700B387F70383A4420045
:100C1000938242001306460033F9D400B38777006D
:100C2000B38737019393070133E7E30023AEE2FE76
:100C30000357E6FF93D707013307F703330727016D
:100C40003307F70093530701E368B6FAB307E301EC
:100C500023A0E7001308480013034300E364C8F12E
:100C6000634880006F0080011304F4FF63080400F0
:100C700083A7C8FF9388C8FFE38807FE8320C101CC
:100C800023288500032481018324410103290101D4
:100C90008329C100032A810013010102678000003B
:100CA000B38795409387B7FE93F7C7FF138F47002D
:100CB0006FF05FE9B756018037550180938646345F
:100CC000130600009305201613050539EF10804523
:100CD000130101FE232C8100232821012326310149
:100CE000232E1100937736001304060093090500A4
:100CF00013890500639C070A13542440630A040601
:100D0000232A910083A409046386040C93771400BA
:100D10006390070213541440630A040403A50400FB
:100D2000630605069304050093771400E38407FE29
:100D3000138604009305090013850900EFF01FD600
:100D4000630009020327490083A7490413172700FA
:100D5000B387E70003A707002320E90023A02701AA
:100D60001354144013090500E31A04FA83244101C3
:100D70008320C101032481018329C10013050900D7
:100D8000032901011301010267800000138604009A
:100D90009385040013850900EFF05FD023A0A40021
:100DA00023200500930405006FF01FF89387F7FFD9
:100DB000375701801307873C93972700B307F70045
:100DC00003A6070093060000EFF09F8413090500B7
:100DD0006FF09FF29305100013850900EFF0CFF537
:100DE000930405006300050293071027232AF500EA
:100DF000930710002328F50023A0A9042320050051
:100E00006FF0DFF0B7560180375501809386463486
:100E1000130600009305501413050539EF108030B8
:100E2000130101FE2322510183AA050183A7850036
:100E30002326310193595640B38A5901232C81004E
:100E4000232A91002328210123244101232E11006C
:100E500013891A00938405001304060083A5450036
:100E6000130A050063D8270193971700938515008F
:100E7000E3CC27FF13050A00EFF00FEC630C05101D
:100E8000130845016354300393895900939929004D
:100E900033073501930708009387470023AE07FE09
:100EA000E39CE7FE9389C9FE3308380183A8040157
:100EB000938744011376F40193982800B3881701AF
:100EC0006304060A93050002B385C54013030800B6
:100ED0009306000003A7070013034300938747000E
:100EE0003317C7003367D700232EE3FE83A6C7FF5F
:100EF000B3D6B600E3E017FF938754011307400011
:100F000063EAF800B38798409387B7FE93F7C7FF6B
:100F1000138747003308E8002320D80063940600B5
:100F200013890A0003A7440083274A048320C101D0
:100F300013172700B387E70003A70700232825011D
:100F40000324810123A0E40023A0970003290101C9
:100F5000832441018329C100032A8100832A41009F
:100F6000130101026780000003A707009387470071
:100F700013084800232EE8FEE3F417FB03A707003D
:100F80009387470013084800232EE8FEE3EE17FD81
:100F90006FF01FF9B75601803755018093864634AC
:100FA000130600009305E01D13050539EF108017A7
:100FB0000327050183A70501130805003305F74042
:100FC0006312F7049397270013084801938545019E
:100FD0003307F800B387F5006F0080006374E80200
:100FE0000326C7FF83A6C7FF1307C7FF9387C7FF63
:100FF000E306D6FE130510006376D6001305F0FF56
:10100000678000006780000003A7050183270601B1
:10101000130101FF232481002322910023261100C4
:10102000232021011384050093040600B306F74032
:10103000631EF71893962700138645011387440112
:10104000B307D6003307D7006F008000637CF61823
:1010500083A5C7FF8326C7FF9387C7FF1307C7FF73
:10106000E386D5FE1309100063EAD50093870400D8
:1010700013090000930404001384070083A54400AF
:10108000EFF08FCB6306051A83A8040183220401C5
:10109000938F440113932800130844019392220074
:1010A00093054501370E01002326250133836F0088
:1010B000B3025800138F0500938E0F0093060000B3
:1010C000130EFEFF03A70E0003260800130F4F00A8
:1010D000B377C701B373C601B3877740B387D7002F
:1010E000135707011356060193D607413307C7402C
:1010F0003307D70093160701B3F7C701B3E7D7004B
:1011000013084800232EFFFE938E4E00935607418E
:10111000E36A58FA13075401338482401304B4FE7F
:10112000B3B2E20013CF120013542400130740009F
:101130006384020AB38FEF003388E500B70E010025
:10114000130E080013860F00938EFEFF63F46F0CDE
:1011500083270600130E4E001306460033F7D7010F
:101160003307D70093D50701135707413307B7005B
:10117000B387D700B3F7D70193160701B3E7D700BA
:10118000232EFEFE93560741E36466FC1303F3FF30
:101190003303F3411373C3FF33076800639A0700F7
:1011A0008327C7FF9388F8FF1307C7FFE38A07FE6B
:1011B0008320C100032481002328150183244100DA
:1011C00003290100130101016780000013091000C9
:1011D000E3DE06E86FF09FEA1307140013172700F9
:1011E0006FF05FF593050000EFF00FB563000506A3
:1011F0008320C10003248100930710002328F500F9
:10120000232A050083244100032901001301010161
:10121000678000001307000063160F003387E500A6
:101220006FF0DFF7131724003387E5006FF01FF727
:10123000B756018037550180938646341306000067
:101240009305502413050539EF00D06DB756018082
:1012500037550180938646341306000093057023AA
:1012600013050539EF00106CB707F07FB3F5B70031
:10127000B707C0FCB385F500930700006356B000C4
:101280001385070067800000B305B04093D5454142
:101290009307300163CCB700B7070800B3D5B74058
:1012A0009307000013850700678000009385C5FE43
:1012B0001307E001930710006346B700B7070080EB
:1012C000B3D7B700930500001385070067800000BF
:1012D000130101FE232A910083240501232C8100A0
:1012E0001304450193942400B3049400232821019E
:1012F00003A9C4FF2326310123244101130509005A
:1013000093890500232E1100EFF0CFD813070002B8
:10131000B307A74023A0F9009307A000138AC4FFD6
:1013200063DCA708130655FF6370440583A784FF99
:10133000630C0604B306C74033D7D7003319C9007E
:101340003369E900938584FF3707F03F3367E9008D
:10135000B397C700637EB40203A644FFB356D6001A
:10136000B3E7D7006F00C0029307B000630CF5002D
:101370003319C9003707F03F3367E90093070000CE
:101380006F000001930700003707F03F3367E90063
:101390008320C10103248101832441010329010128
:1013A0008329C100032A81001385070093050700E4
:1013B00013010102678000009306B000B386A640C7
:1013C000B707F03F3357D9003367F70093070000A2
:1013D0006376440183A784FFB3D7D7001305550173
:1013E0003319A900B367F9006FF09FFA130101FDEB
:1013F000232A5101938A05009305100023229102AC
:10140000232E3101232C41012326110223248102A2
:101410002320210393040600138A06009309070082
:10142000EFF08F91630205103707100013D94401C4
:101430009307F7FF1379F97F13040500B3F79700BB
:1014400063040900B3E7E7002326F10063920A066C
:101450001305C100EFF08FCB0327C10093041000E8
:1014600023289400232AE40093070502630809084F
:101470001309D9BC3309F9009304500323202A012E
:101480003385F44023A0A9008320C1021305040082
:101490000324810283244102032901028329C1011B
:1014A000032A8101832A410113010103678000009F
:1014B0001305810023245101EFF04FC50327C1001C
:1014C00093070500630E05040326810093060002BE
:1014D000B386A640B316D7003357A700B3E6C600BD
:1014E0002326E100B334E00093841400232AD400BF
:1014F000232CE40023289400E31C09F6139724000E
:101500003307E400032507019387E7BC2320FA0093
:10151000EFF04FB8939454003385A4406FF09FF6DA
:10152000832681006FF01FFCB7560180375501807C
:1015300093864634130600009305F03013050539F1
:10154000EF00503E130101FD232021031389050004
:101550009305810023261102232481022322910274
:10156000232E310193090500EFF09FD69304050067
:1015700013840500130509009305C100EFF05FD542
:101580000327090183A709018326C100B387E74028
:1015900003278100939757003307D740B387E700AD
:1015A00013070500635EF0029397470133848700B9
:1015B00093860500138504009305040013060700B5
:1015C000EF609FB98320C10203248102832441027A
:1015D000032901028329C10113010103678000006F
:1015E00093974701B385F5406FF09FFC130101FF0E
:1015F0002320210123261100930770011309050000
:1016000063DAA70483A701CA83A541CA2324810002
:101610002322910003A401CD83A441CD13850700AB
:101620001306040093860400EF10D03E1309F9FF5F
:1016300093070500E31409FE032481008320C10001
:1016400083244100032901001385070013010101D0
:101650006780000037570180131935001307873C56
:1016600033072701832707018320C1008325470112
:1016700003290100138507001301010167800000A1
:10168000832606019385F5FF93D555409385150074
:10169000930746019396260093952500B386D700BD
:1016A000B305B50063F8D7021307050003A80700C8
:1016B0009387470013074700232E07FFE3E8D7FE71
:1016C000B387C6409387B7FE93F7C7FF938747005A
:1016D0003305F5006378B50013054500232E05FE9C
:1016E000E36CB5FE678000000327050113D6554063
:1016F000930645016352C70213172700B387E6001C
:1017000063F2F60403A7C7FF9387C7FFE30A07FE48
:10171000130510006780000093172600B387F600BA
:10172000E350E6FE93F5F501E38C05FC03A6070004
:10173000130510003357B6003317B700E302E6FC79
:10174000678000001305000067800000130101FDA1
:101750002322910223261102930406006388051EAA
:10176000232481022320210313840500232E310129
:10177000232A5101232C410113090500EF809FF01A
:101780000327C4FF9387B40093066001930A84FF84
:101790009379C7FF63F2F61013FA87FF63C207104D
:1017A00063609A1063D24913B757018023248101E3
:1017B000138C077D03268C00B3863A0183A746006D
:1017C0006308D61C13F6E7FF3386C60003264600DF
:1017D00013761600631A061493F7C7FF3386F900D1
:1017E0006358460D13771700631C07022326710107
:1017F000832B84FF23286101B38B7A4103A74B001D
:101800001377C7FFB387E700338B3701635C4B3334
:10181000338BE90063584B29032B0101832BC10053
:101820009385040013050900EF804FEA9304050037
:10183000630805408327C4FF130785FF93F7E7FF7D
:10184000B387FA006386E7241386C9FF9307400233
:1018500063E4C72E13073001636AC72093070500AE
:10186000130704008326070023A0D7008326470020
:1018700023A2D7000327870023A4E70093050400D1
:1018800013050900EF804FB413050900EF80DFDF77
:10189000032C81006F00C006130A0001E3749AF064
:1018A0009307C0002320F900930400006F00400557
:1018B00083A7C60003A78600032C810093090600B6
:1018C0002326F70023A4E70083A74A00B3864941F3
:1018D0001306F00093F7170033873A016362D608C6
:1018E000B3E7370123A2FA008327470093E71700E5
:1018F0002322F70013050900EF801FD99304040089
:10190000032481028320C102032901028329C1012A
:10191000032A8101832A41011385040083244102A3
:10192000130101036780000013771700E31A07EE25
:1019300023267101832B84FF23286101B38B7A4115
:1019400003A74B001377C7FF6FF09FEC8320C10202
:101950008324410293050600130101036F800FD712
:10196000B3E7470123A2FA00B3854A0193E61600C4
:1019700023A2D5008327470093858500130509001E
:1019800093E717002322F700EF800FA46FF09FF674
:1019900093F7C7FFB386370113060A0163D0C62643
:1019A00013771700E31E07E623267101832B84FFBC
:1019B00023286101B38B7A4103A74B001377C7FF3C
:1019C000B387E700338B3701E344CBE483A7CB0035
:1019D00003A78B001386C9FF930640022326F70056
:1019E00023A4E70093848B0063E4C6281307300127
:1019F000938704006372C702032704009307B001B2
:101A000023A4EB000327440023A6EB0063EAC726C8
:101A10001304840093870B010327040023A0E7002D
:101A20000327440023A2E7000327840023A4E70040
:101A300033874B01330B4B412324EC0093671B008E
:101A40002322F70083A74B001305090093F7170023
:101A5000B3E7470123A2FB00EF801FC3032B010163
:101A6000832BC100032C81006FF09FE983260400C3
:101A70001307B0012320D500832644002322D5007C
:101A8000636EC71413078400930785006FF09FDD12
:101A90008327C5FF032C810093F7C7FFB389F900A3
:101AA0006FF09FE283A7CB0003A78B001386C9FFCB
:101AB000930640022326F70023A4E70093848B00BB
:101AC00063E6C6101307300193870400637CC702E6
:101AD000032704009307B00123A4EB00032744006D
:101AE00023A6EB0063F8C7148327840023A8FB0018
:101AF0008327C40023AAFB00630CD60A1304040145
:101B000093878B010327040023A0E70003274400E9
:101B100023A2E7000327840023A4E70093090B0016
:101B2000938A0B00032B0101832BC100032C81003E
:101B3000138404006FF05FD993050400EFC05FD7F2
:101B40006FF0DFD383A7C60003A786001386C9FF03
:101B5000930640022326F70023A4E70003A78B0087
:101B600083A7CB0093848B002326F70023A4E700F0
:101B700063EEC6041307300193870400E374C7F8CB
:101B8000032704009307B00123A4EB0003274400BC
:101B900023A6EB0063F0C70A0327840093074002E3
:101BA00023A8EB000327C40023AAEB00E318F6F4F4
:101BB0000327040193870B021304840123ACEB0079
:101BC0000327C4FF23AEEB006FF0DFF3930504009F
:101BD00013850400EFC0DFCD6FF05FF403278400AE
:101BE0002324E5000327C4002326E5006304F6064A
:101BF00013070401930705016FF0DFC6B38A4A019A
:101C0000B386464123245C0193E7160023A2FA0021
:101C10008327C4FF130509009304040093F71700FA
:101C2000B3E74701232EF4FEEF801FA6032C8100AB
:101C30006FF01FCD1304840093870B016FF09FECAE
:101C400013050900EF805FA493040000032C8100BA
:101C50006FF01FCB832604011307840193078501CE
:101C60002328D50083264401232AD5006FF09FBF87
:101C70009305040013850400EFC09FC36FF05FDB82
:101C80008327840023A8FB008327C40023AAFB002A
:101C90006308D6001304040193878B016FF0DFD72C
:101CA0000327040193870B021304840123ACEB0088
:101CB0000327C4FF23AEEB006FF01FD683A781C0BC
:101CC00067800700638405029307F00F63E8C7008D
:101CD0002380C50013051000678000009307A0084B
:101CE0002320F5001305F0FF6780000013050000B6
:101CF00067800000130101FE232C8100232A91003C
:101D0000232E110083A781C01304050093840600CD
:101D100063820502E78007009307F0FF6306F50280
:101D20008320C101032481018324410113010102A5
:101D3000678000001306000093054100E78007005C
:101D40009307F0FFE31EF5FC23A004009307A0080F
:101D50008320C1012320F400032481018324410155
:101D60001301010267800000130101FE232C810092
:101D7000232A9100232E110083A401D083A781C0C0
:101D800013040600630A0502138605009306040087
:101D90009305050013850400E78007009307F0FF13
:101DA000630AF5028320C1010324810183244101D8
:101DB00013010102678000009306060093054100AD
:101DC0001306000013850400E78007009307F0FF67
:101DD000E31AF5FC232004008320C10103248101C0
:101DE0009307A00823A0F4008324410113010102FA
:101DF000678000008397C500130101F8232C81063A
:101E0000232E110613F7270013840500630407022D
:101E10009387350423A0F50023A8F500930710004D
:101E200023AAF5008320C1070324810713010108B9
:101E3000678000008395E500232A91062328210767
:101E400023263107232441079304050063C60508B0
:101E500013068100EF000021634E05068327C100B1
:101E600037F90000B71900003379F900B7E7FFFF31
:101E70003309F90013391900130A004093890980C6
:101E800093050A0013850400EF804F848317C40074
:101E90006308050693E707082320A4002328A4006D
:101EA0002316F400232A44016310090AB3E737011B
:101EB0008320C1072316F4000324810783244107EC
:101EC000032901078329C106032A8106130101089A
:101ED000678000008317C40093F707081309000008
:101EE000638E0704130A000493050A001385040097
:101EF000EF70DFFD8317C40093090000E31C05F8B1
:101F000013F70720631E070493F7C7FF93E7270023
:101F1000130734042316F4009307100083244107A9
:101F2000032901078329C106032A81062320E4002F
:101F30002328E400232AF4006FF0DFEE130A0040A8
:101F4000930900006FF0DFF38315E40013850400AC
:101F5000EF008017631005028317C4006FF01FF5B0
:101F600083244107032901078329C106032A810627
:101F70006FF05FEB8357C40093F7C7FF93E7170039
:101F80009397070193D707416FF05FF2130101F9AF
:101F900023248106138405008395E50023229106FE
:101FA0002320210723261106930406001389060027
:101FB00063CA050413068100EF00C00A63440504E8
:101FC0000327C100B7F700008320C106B3F7E7007D
:101FD00037E7FFFFB387E7000324810693B71700B5
:101FE0002320F9001307004023A0E4003715000068
:101FF0008324410603290106130505801301010707
:10200000678000008357C40093F7070863880702BE
:102010008320C10603248106930700002320F900D2
:102020001307000423A0E4000329010683244106CA
:102030001305000013010107678000008320C1061B
:10204000032481062320F9001307004023A0E400A5
:10205000032901068324410613050000130101072B
:1020600067800000130101FF13870500232481000E
:1020700023229100130405009305060013050700B1
:102080002326110023A401D2EFF08E879307F0FFDF
:10209000630CF5008320C1000324810083244100E8
:1020A000130101016780000083A781D2E38407FE4A
:1020B0008320C1002320F4000324810083244100F5
:1020C0001301010167800000130101FF2324810037
:1020D0002322910013040500138505002326110017
:1020E00023A401D2EFF0CE879307F0FF630CF50035
:1020F0008320C100032481008324410013010101D6
:102100006780000083A781D2E38407FE8320C1009B
:102110002320F400032481008324410013010101E2
:102120006780000003A701D0130101FF9387060019
:1021300013080600232611008328C7009306050014
:10214000138705001386070063000802B757018054
:102150009387475FB75501809385456013850800D5
:10216000EF00C014EF00C019375801809307C8B1C1
:102170001308C8B16FF01FFE130101FF930606009C
:102180001306000023261100EFF0DFF9B3B7C502F4
:10219000130101FF2326110023248100B385C5020A
:1021A0006390070AEF709FD2130405006300050ACD
:1021B0000326C5FF130740021376C6FF1306C6FFAA
:1021C0006368C704930630019307050063F2C602F3
:1021D00023200500232205009307B00163F8C704FC
:1021E000232405002326050093070501630CE6065A
:1021F00023A0070023A2070023A407008320C10017
:10220000130504000324810013010101678000000D
:1022100093050000EF700FD48320C1001305040064
:1022200003248100130101016780000093078500EA
:1022300023A0070023A2070023A407006FF01FFCC0
:10224000EF00800B9307C0002320F500130400006B
:102250008320C10013050400032481001301010140
:10226000678000002328050093078501232A0500C5
:102270006FF01FF8130101FC1303C1022326D102E2
:1022800093060300232E11002328E102232AF102E2
:10229000232C0103232E110323266100EFA00FD36B
:1022A0008320C1011301010467800000130E0500A3
:1022B000130101FC03A501D0130381022324C102F1
:1022C0002326D102138605009306030093050E0012
:1022D000232E11002328E102232AF102232C0103DB
:1022E000232E110323266100EFA04FCE8320C101CE
:1022F000130101046780000003A501D0678000007E
:10230000130101FF1305600023261100EF00802A4E
:1023100013051000EFE0DEDB8327851163860700DD
:102320001305000067800000130101FF93050008FA
:10233000232481002326110013040500EF701FB928
:10234000232CA4106304050293070508232005002D
:1023500013054500E31CF5FE130500008320C100B2
:102360000324810013010101678000001305F0FFC1
:102370006FF0DFFE130101FE232A9100232E1100CE
:102380009307F0019304050063ECB70283278511DE
:10239000232C810013840500638C0702131424008E
:1023A000B38787000324810103A5070023A0C7008A
:1023B0008320C101832441011301010267800000D1
:1023C000930760012320F5001305F0FF6FF05FFE17
:1023D000930500082326C100EF705FAF23ACA41063
:1023E0000326C1009307050013070500930605089F
:1023F000630A05002320070013074700E31CD7FEEC
:102400006FF0DFF9032481011305F0FF6FF05FFA2D
:10241000130101FF23229100232611009307F001ED
:102420009304050063E0B70A832785112324810004
:10243000138405006384070413972500B387E7001E
:1024400003A70700630C070293061000630CD70074
:102450009306F0FF6308D70423A007001385050047
:10246000E700070003248100130500008320C1005A
:1024700083244100130101016780000013850400DB
:10248000EF00C04313060400032481008320C10031
:102490009305050013850400832441001301010105
:1024A0006F00803B032481008320C10093076001FB
:1024B0002320F500832441001305100013010101BE
:1024C00067800000930760012320F5001305F0FFEB
:1024D0006FF0DFF99307F00163EAB70C83278511EA
:1024E000130101FF232481002322910023261100E0
:1024F0001384050093040500638007081317240064
:10250000B387E70003A70700630C07029306F0FFF9
:102510006300D706930610006300D7041305040078
:1025200023A00700E7000700130500008320C10077
:10253000032481008324410013010101678000000E
:102540008320C1000324810083244100130510006F
:1025500013010101678000008320C1000324810072
:10256000832441001305300013010101678000003E
:10257000130520006FF09FFB93050008EF701F9577
:1025800023ACA41093070500630E05001307050094
:10259000930605082320070013074700E31CD7FE16
:1025A0006FF0DFF51305F0FF6FF05FF81305F0FF34
:1025B00067800000130101FF2322910023261100F0
:1025C0009307F00183A401D063EEA70883A78411C9
:1025D00023248100130405006382070413172500D8
:1025E000B387E70003A70700630A070293061000FA
:1025F000630AD7009306F0FF6306D70423A0070001
:10260000E700070003248100130500008320C100B8
:102610008324410013010101678000001385040039
:10262000EF00C02913060400032481008320C100A9
:102630009305050013850400832441001301010163
:102640006F008021032481008320C1009307600173
:1026500023A0F4001305100083244100130101019D
:10266000678000009307600123A0F4001305F0FFCA
:102670006FF0DFF9130101FF232021012326110050
:102680009307F00103A901D063E2A704232481008A
:10269000130405000325891123229100938405006A
:1026A000630E050213142400B307850003A5070079
:1026B0000324810023A09700832441008320C100CC
:1026C00003290100130101016780000093076001E5
:1026D0002320F9001305F0FF6FF05FFE930500085B
:1026E00013050900EF708FFE232CA9109307050036
:1026F00013070508630A050023A007009387470016
:10270000E31CF7FE6FF01FFA0324810083244100CD
:102710001305F0FF6FF09FFA130101FF23248100DE
:1027200003A401D02326110083278411638C0700A2
:10273000130500008320C10003248100130101015F
:10274000678000009305000813050400EF700FF880
:10275000232CA410630C0500930705082320050013
:1027600013054500E31CF5FE6FF09FFC1305F0FF19
:102770006FF05FFC130101FF23229100232611005B
:102780009307F00183A401D063E4A70C83A784110D
:102790002324810013040500638207081317240013
:1027A000B387E70003A70700630C07029306F0FF57
:1027B0006300D706930610006300D70413050400D6
:1027C00023A00700E7000700032481001305000091
:1027D0008320C100832441001301010167800000B0
:1027E000032481008320C1008324410013051000CD
:1027F0001301010167800000032481008320C100D0
:10280000832441001305300013010101678000009B
:1028100003248100130520006FF09FFB930500083F
:1028200013850400EF708FEA23ACA4109307050012
:10283000630E050013070500930605082320070013
:1028400013074700E39CE6FE6FF05FF50324810069
:102850001305F0FF6FF0DFF7130101FF1387050089
:102860002324810023229100130405009305060010
:10287000130507002326110023A401D2EFE05E8F89
:102880009307F0FF630CF5008320C100032481004F
:1028900083244100130101016780000083A781D2D6
:1028A000E38407FE8320C1002320F4000324810079
:1028B0008324410013010101678000006FE05E88FE
:1028C000B7071000130101FE938EF7FF33F8BE0027
:1028D000B3F7DE0013D346012328210113D94501A4
:1028E00093973700232C81001318380013D4F50177
:1028F0001357D5019358D6011379F97F1373F37FDA
:10290000232E1100232A91002326310193D6F601AC
:10291000B3E8F8003367070193153500131F36003D
:10292000B30769406304D41E6352F016630603289C
:102930009306F07F6306D9429306800313061000C6
:1029400063CEF602B7068000B3E8D8009306F00124
:1029500063CEF65293060002B386F6403396D80053
:102960003355FF00B316DF003366A600B336D00040
:10297000B3D8F8003366D600330717413386C54015
:10298000B3B5C50093040600B309B7409397890017
:1029900063DA0732B70780009387F7FFB3F9F900CE
:1029A0006388092C13850900EF60CFA7930785FF83
:1029B000930600023387F64033D7E400B399F90059
:1029C00033673701B394F40063C8274BB3872741BB
:1029D00093871700B386F6403396D400B3D9F4003A
:1029E0003336C00033663601B316D700B3E4C600F1
:1029F000B359F7001309000093F7740063800702CE
:102A000093F7F40013074000638AE70093874400BC
:102A100033B69700B389C900938407009397890060
:102A200063DA076E930719001307F07F130E040093
:102A30006386E72A370780FF1307F7FF33F7E900BC
:102A400093F7F77F1318D70113D6340013179700A5
:102A50003368C8001357C7008320C10103248101D4
:102A600093974701B3E7E7001317FE01B3E7E700C9
:102A700083244101032901018329C10013050800B2
:102A8000938507001301010267800000638C07141F
:102A9000B30723416312093C3365B7006304054C57
:102AA0001385F7FF630205601308F07F63860757FD
:102AB000930780031306100063CCA7029307050059
:102AC0001306F001634CF656130500023305F5407A
:102AD0003316A70033D8F5003395A50033660601F9
:102AE0003335A0003357F7003366A600B388E840BB
:102AF0003306CF403337CF0093040600B389E84054
:102B000013090300138406006FF05FE86350F01EA2
:102B100063100314B3E6E801638C06269386F7FF7F
:102B2000638006481306F07F638CC72293078003F7
:102B30009309100063CCD702938706009306F00137
:102B400063C0F64A93060002B386F640B399D800F4
:102B50003356FF00B316DF00B3E9C900B336D00027
:102B6000B3D8F800B3E9D90033071701B385B9002A
:102B7000B3B9350193840500B389E90093978900BF
:102B800063D20714130919009307F07F630CF93619
:102B9000B70780FF9387F7FF13F61400B3F7F90028
:102BA00013D714003367C7001396F701B364E60028
:102BB00093D917006FF05FE4B3E6E801638A061C5F
:102BC0009386F7FF638006401306F07F638AC71879
:102BD0009307800313061000E3C2D7DA9387060039
:102BE0006FF0DFD6130819001378E87F631C082202
:102BF0003363B70033E8E80163100938630E034616
:102C000063060840B389E54133B535013306174102
:102C10003306A64013158600635E0550B305BF401A
:102C20003387E840333FBF003307E741131687007F
:102C300093840500635E0652B70780FF9387F7FF12
:102C40003377F700138E0600930710006FF09FDFB5
:102C50009306F07F6306D910930680039309100052
:102C6000E3C6F6F0B7068000B3E8D8006FF01FEDBA
:102C700013850400EF501FFB930785019306F001B5
:102C8000E3D8F6D2130785FF3397E40063C6272302
:102C9000338927419307190063D6F648130919FEB3
:102CA00093060002B3542701638CD70093060004F7
:102CB000B387F6403317F7003337E000B3E4E4009E
:102CC0001309000093F77400E39C07D293070900EF
:102CD00013D63400138709006F00000C9307F07FB0
:102CE00013070000130800006FF01FD7638A070C5A
:102CF000B30723416302091E9306F07F6308D332B2
:102D0000930680039309100063CEF602B706800095
:102D10003367D7009306F00163C8F63C93060002C0
:102D2000B386F640B319D70033D6F500B396D50075
:102D3000B3E9C900B336D0003357F700B3E9D9007F
:102D4000B388E8003387E901B339370193040700FA
:102D5000B3891901130903006FF05FE263100802E1
:102D600013163500135636001318D7013368C80000
:102D7000135737003367070163060718130E000067
:102D80009307F07F37070800130800006FF0DFCCCF
:102D900013163500135636001318D7019306F07F2B
:102DA0003368C80013573700E386D7FC1317C700F2
:102DB0001357C70093F7F77F130E04006FF0DFC9B6
:102DC0009306190013F8E67F63180814B366B7007A
:102DD000631C092863820630B3E6E8016388062293
:102DE000B387E501B3B5B700330717013307B70061
:102DF00013D8370093178700130E040063DE0734DF
:102E0000B70780FF9387F7FF3377F7009317D70152
:102E10001357370033E807013377D70193071000C2
:102E20006FF09FC33388E541B3B70501B30917417C
:102E3000B389F940939789009304080063C607108B
:102E400033683801E31E08B4130E00009307000036
:102E5000130700006FF05FC01305F07F630EA31A25
:102E60001305800313061000E344F5C837068000FD
:102E70003367C7006FF0DFC4B70980FF9389F9FF9C
:102E80003309F940B37937016FF01FB7938607FE16
:102E900013060002B3D6D800638AC70013060004E5
:102EA000B307F640B397F800336FFF003336E00105
:102EB0003366D6006FF09FACB70680FF9386F6FFAF
:102EC000B307F9403377D7001318D70133683801B7
:102ED000135737006FF09FEDB366B7006386061E89
:102EE0009386F7FF638E060A1305F07F6380A714AD
:102EF0009307800393091000E3C6D7E49387060085
:102F00006FF05FE1130E04009307F07F13070000DA
:102F1000130800006FF05FB49307F07FE384F6FEC0
:102F2000338FE501B335BF00B3071701B387B7008F
:102F30001396F701135F1F00B364E60193D91700DE
:102F4000138906006FF05FAB3306BF40B387E840DC
:102F50003337CF0093040600B389E740138406009B
:102F60006FF01FA4131636001356360013840600A4
:102F7000138708006FF05FE2E31203DE6306081CAC
:102F800013D73800131636009398D801336717010A
:102F9000135636003367C700138406006FF0DFDD79
:102FA000338FE501B3081701B335BF00B389B8000B
:102FB0009397890093040F0063D4070E1309200030
:102FC0006FF01FBD338FE541B3081741B3B5E5017D
:102FD00093040F00B389B840130910006FF01F9BD2
:102FE000938607FE13060002B3D6D800638AC70093
:102FF00013060004B307F640B397F800336FFF00E1
:10300000B339E001B3E9D9006FF05FB613163500AC
:10301000935936006FF05FEB1316360013563600E7
:1030200013840600138708006FF01FD413163600B0
:1030300013563600138708006FF01FD3138507FE61
:10304000130600023355A700638AC7001306000465
:10305000B307F640B317F700B3E5F5003336B00019
:103060003366A6006FF0DFA8E38206FC33EFE801C9
:10307000E3160FD06FF0DFCEE30808DC131836003C
:103080009397D8011358380013D738003368F800E5
:103090003377D701138E0600930700006FF0DF9B94
:1030A000930710006FF0DFC2B305BF40B388E8405C
:1030B0003337BF0093840500B389E84013840600CA
:1030C000130910006FF09F8C13163600135636004C
:1030D000138708006FF05FCC131636009359360043
:1030E000138708006FF05FDE938607FE1306000269
:1030F000B356D700638AC70013060004B307F6402F
:10310000B317F700B3E5F500B339B000B3E9D90060
:103110006FF05FC313D634009307090013870900CB
:103120006FF09FC793060002B386F64013060000B7
:103130006FF05F8B33E8C900E30808D093D93900FA
:10314000130706006FF05FD8130E00009307F07F9F
:10315000370708006FF05F909317D70113573700B8
:1031600033E807013377D701930700006FF0DF8E54
:103170001318D70193D535003368B80013573700BB
:10318000138406006FF09FC213D74501B7071000E4
:103190009387F7FF13D846011377F77F1303F07F68
:1031A00033FEB70093080500B3F7D70093D5F501B8
:1031B0001378F87F93D6F60113051000630C6700AF
:1031C00063086800631407016306FE02678000005D
:1031D00067800000E31CE8FEB367FE00B3E7C700AA
:1031E000B3E71701E39407FEB385D5403335B0004C
:1031F00067800000E39CC8FC638AD500E31807FCE5
:10320000336E1E013335C0016780000013050000D6
:1032100067800000130101FD93D74501232481023B
:103220002322910223202103232E3101232A51013D
:103230009394C50023261102232C41012328610108
:10324000232671012324810193F7F77F13040500DE
:10325000930A06009389060093D4C40013D9F5019C
:10326000638407421307F07F6386E70A939634006E
:103270001357D5013367D700B7068000B364D70072
:10328000131A3500138C17C0130B0000930B0000AA
:1032900093D749011397C90093F7F77F138F0A005B
:1032A0001354C70093D9F9016380070A1307F07F0D
:1032B000638EE7141317340093D5DA01B3E5E50004
:1032C000938717C03707800033E4E500139F3A0067
:1032D000B3888701130300001307A00013851800AB
:1032E000634C670BB3453901930720001388050031
:1032F00063C66715130BFBFF1307100063606717A6
:10330000630AF33C93040400130A0F00930B0300B9
:103310006F00C00933EAA40063180A3C93D749013F
:103320001397C90093F7F77F93040000130B8000F5
:10333000130CF07F930B2000138F0A001354C70067
:1033400093D9F901E39407F6B36754016382073C0C
:103350006300044A13050400EF50DF8C9308050056
:10336000130755FF9307D001138F88FFB387E740FA
:10337000B3D7FA003317E40133E4E700339FEA01DF
:10338000B3081C419388D8C01307A00013030000A2
:1033900013851800E35867F593050900930720008B
:1033A000638AFB3293073000638CFB48930710005D
:1033B00013880500639AFB469307000093060000FC
:1033C000130700008320C102032481029397470161
:1033D000B3E7D7009316F801B3E7D700832441027F
:1033E000032901028329C101032A8101832A4101A2
:1033F000032B0101832BC100032C8100130507005F
:1034000093850700130101036780000033675401AF
:103410009308FC7F630A07303717000033483901EF
:1034200013070780136B3B009306A0009305080069
:103430003305EC0063C06639130330001306100037
:103440003316660113770653E31A07F493770624BD
:103450006394073C137686086312062EB70F0100AB
:10346000938EFFFFB377DA0193560A01B37EDF0133
:10347000135E0F013387D7033383D60393550701B8
:103480003306FE0233066600B385C500338FC603DC
:1034900063F46500330FFF01B70301001386F3FFE8
:1034A00033F3C500935F04013377C7003374C4005E
:1034B00013130301B38287023303E30093D505019D
:1034C0003387860213D60201B387FF02B387E70072
:1034D0003306F600B387F6036374E600B38777001C
:1034E000370901009309F9FF3377360193D30401BB
:1034F000B3F63401B3F2320113170701B384DE02CD
:1035000033075700135606013306F600B385E5006E
:10351000B302DE0293D70401B38ED303B382D20188
:10352000B3875700330E7E0263F4D701330E2E01AA
:10353000B7090100938EF9FFB3F2D70193D70701C2
:10354000B387C701B3FED401939202013309D402B9
:10355000B382D20133848302135E0901B386DF0292
:10356000B3868600330EDE00B38E7F0263748E0056
:10357000B38E3E01B70F0100938FFFFFB376FE01BC
:10358000939606013379F901B385E501B3862601E7
:103590003386C60033B7E5003307E600338F5500A6
:1035A000B307F700B335BF00B385B700B336D60015
:1035B0003336C700B3E6C60033B7E700135E0E012B
:1035C000B3B7F500B386C6013367F70093179F00C2
:1035D0003307D700B3E767003307D701B337F000ED
:1035E00013567F011317970093D67501B3E7C700F1
:1035F0009395950033EAB70093177700B364D7002B
:1036000063D0070213571A0093771A009396F401B8
:10361000B367F70033EAD70093D41400930805008A
:103620001386F83F6356C01293777A0063800702CF
:103630009377FA0013074000638AE70013074A00F4
:10364000B3374701B384F400130A0700939774005B
:1036500063DA0700B70700FF9387F7FFB3F4F400BE
:10366000138608409307E07F63C4C71C93573A0052
:103670001397D401939694003367F70093D6C6004E
:103680009377F67F6FF01FD433EAA40063080A062D
:10369000638E041213850400EF50CFD81306050083
:1036A000930655FF1307D001930786FF3307D740D2
:1036B0003357E400B396F400B364D700331AF40030
:1036C0009307D0C0338CC740130B0000930B00004E
:1036D0006FF01FBC138805009307F07F930600006E
:1036E000130700006FF01FCE130A0500130BC00074
:1036F000130CF07F930B30006FF09FB99304000020
:10370000130B4000130C0000930B10006FF05FB818
:10371000136B1B0093080C0013040000130F000030
:10372000130310006FF05FBB136B2B00130400003A
:10373000130F0000130320006FF01FBA930404005E
:10374000130A0F00930B0300938509006FF01FC548
:1037500013071000631006109388E84133161A010E
:103760003336C000B3981401B357EA00336616012C
:103770003366F60093777600B3D5E40063800702E2
:103780009377F60013074000638AE700930746002B
:1037900033B6C700B385C5001386070013958500AF
:1037A000930710009306000013070000E34C05C0C8
:1037B0006F00C0101307F0006310EB121308000035
:1037C000B7060800130700006FF0DFBFEF508FC58A
:1037D000930655019307C00113060502E3D4D7EC05
:1037E000130585FF130A0000B314A4006FF05FED0A
:1037F00013850A00EF500FC3130755019307C0014B
:1038000093080502E3D0E7B6130585FF130F000008
:103810003394AA006FF0DFB6130800009307F07F1F
:10382000B70608006FF01FBA930805006FF05FDF5E
:103830009307F07F93060000130700006FF09FB816
:10384000130800009307F07FB70608001307000075
:103850006FF05FB73307C74093078003E3CEE7B449
:103860009307F001E3DAE7EE930710FEB387C74052
:1038700093060002B3D7F4006308D7009388E843A7
:10388000B3981401336A1A01333640013366F600E7
:103890001377760093060000630807029377F6001B
:1038A0001307400093050000638AE7009307460072
:1038B00033B6C700B335C000138607009396950052
:1038C0001397D50193D6C600135636003367E6002A
:1038D000930700006FF01FAF93040400138A0A00DF
:1038E000930B3000938509006FF05FABB7071000B2
:1038F0009387F7FF130101FEB3F8B70033F8D70041
:1039000093D7460193983800232C81002326310158
:1039100013D4F50193D945011357D5011318380075
:103920009355D601232E1100232A9100232821012B
:1039300013FFF77F1303F07F3367170193F9F97FC4
:10394000130E04009318350093D6F601B3E5050174
:10395000931E3600630C6F2093C61600B387E941AF
:103960006302D416E35AF000630A0F246384693CAF
:10397000930680031305100063CEF602B70680009D
:10398000B3E5D5009306F00163C4F64E930600023A
:10399000B386F6403395D50033D6FE00B396DE00ED
:1039A0003365C500B336D000B3D7F5003365D50015
:1039B0003307F7403385A84033B6A80093040500C9
:1039C0003309C7409317890063D80734B7078000CD
:1039D0009387F7FF3379F9006306092E1305090071
:1039E000EF504FA4930785FF930600023387F640FC
:1039F00033D7E4003319F90033672701B394F40097
:103A000063C4373FB387374193871700B386F640C7
:103A10003396D40033D9F4003336C0003366C9007E
:103A2000B316D700B3E4C6003359F700930900007A
:103A300093F774006380070293F7F40013074000C4
:103A4000638AE7009387440033B597003309A900E0
:103A5000938407009317890063D0076C938719003C
:103A60001307F07F6386E724370780FF1307F7FF0C
:103A70003377E90093F7F77F1318D70113D5340094
:103A8000131797003368A8001357C700137E14005C
:103A90008320C1010324810193974701B3E7E70025
:103AA0001317FE01B3E7E700832441010329010155
:103AB0008329C10013050800938507001301010243
:103AC000678000006352F07063160F1CB3E6D501E7
:103AD000638E06269386F7FF63880646638C672409
:103AE000930780031309100063CCD7029387060065
:103AF0009306F00163CAF64893060002B386F640C7
:103B00003399D50033D6FE00B396DE003369C90081
:103B1000B336D000B3D7F5003369D9003307F700C7
:103B20003306190133392601930406003309E900ED
:103B30009317890063D2071E938919009307F07FBA
:103B40006388F916B70780FF9387F7FF13F5140012
:103B5000B377F90013D714003367A7001395F70163
:103B6000B364E50013D917006FF09FEC33E8D5017B
:103B70001383198063080806630AD4066304030EDE
:103B8000638E09261315360013553500138406007D
:103B9000138705001318D7013368A800135737009F
:103BA0003367070163060710130E00009307F07FC9
:103BB00037070800130800006FF09FEDB3E6D5014A
:103BC000638606189386F7FF6382063A6384671656
:103BD0009307800313051000E3CED7DC938706001C
:103BE0006FF05FDA93C61600E31AD4F8630803187F
:103BF0006390092C9307F07FB3661701638806482A
:103C00009386F7FF638206341305F07F6382A72A49
:103C1000930780031309100063CAD7029307F001CA
:103C200063C6D74C93070002B387D7403319F70018
:103C300033D6D800B397F8003369C900B337F00022
:103C4000B356D7003369F900B385D5003307D901DE
:103C500033392701930407003309B90093090F0092
:103C60006FF01FED9387190093F7E77F63940714B4
:103C700033E8D501B36717016394092A638E0738C7
:103C80006310083C131535001359350093070000E5
:103C90006F0040116380690A9306800313091000C6
:103CA000E3C0F6E8B7068000B3E5D5006FF05FE447
:103CB000137E14009307F07F130700001308000021
:103CC0006FF01FDD13850400EF40DFF593078501DA
:103CD0009306F001E3DAF6D0130785FF3397E4008B
:103CE00063CE371BB38937419387190063DEF642F1
:103CF000938919FE93060002B3543701638CD700F1
:103D000093060004B387F6403317F7003337E0001B
:103D1000B3E4E4009309000093F77400E39E07D036
:103D20009387090013D53400130709006F00800240
:103D3000E31C08E6131535001318D7011355350099
:103D40003368A800135737006FF09FE5131535004F
:103D5000135535001318D7019306F07F3368A80078
:103D600013573700E38ED7E21317C7001357C70066
:103D700093F7F77F137E14006FF09FD1938619009D
:103D800093F7E67F639E0712B3671701639A0924CE
:103D900063860730B3E7D501639A07301315350002
:103DA000135935001318D70133682801135737000A
:103DB0006FF09FFB3388D841B3B708013309B74090
:103DC0003309F940931789009304080063C207126E
:103DD00033682801E31208C0130E000093070000A7
:103DE000130700006FF0DFCA370980FF1309F9FFDE
:103DF000B389F940337927016FF09FC39307F07FB0
:103E000033651701630405101388F7FF6302081E6A
:103E10001305F07FE388A7D6930780031384060079
:103E20001305100063CA07039307F00163C4071961
:103E300093070002B38707413315F700B3D6080193
:103E4000B397F8003365D500B337F0003358070156
:103E50003365F500B38505413385AE4033B7AE0019
:103E6000930405003389E54093090F006FF09FB577
:103E7000938607FE13060002B3D6D500638AC700F7
:103E800013060004B307F640B397F500B3EEFE0047
:103E90003335D0013365D5006FF0DFB1B70680FF51
:103EA0009386F6FFB387F9403377D7006FF09FEF23
:103EB0001315360013553500138705006FF09FCD9D
:103EC0009307F07FE386F6DEB38ED80133B61E018A
:103ED000B307B700B387C7001395F70193DE1E0041
:103EE000B364D50113D91700938906006FF05FB44E
:103EF00033861E41B387E54033B7CE0093040600F6
:103F00003389E740138406006FF01FAD13163600A7
:103F10001355360013840600138705006FF09FE3E6
:103F2000E39807E06306082213D73500131636001E
:103F30009395D5013367B700135636003367C70032
:103F4000138406006FF01FC6B38ED801B305B70007
:103F500033B61E013389C5009317890093840E0080
:103F600063D8070A930920006FF0DFBDB38ED841F4
:103F7000B305B74033B6D80193840E003389C540EA
:103F8000930910006FF01FA4938607FE130600022A
:103F9000B3D6D500638AC70013060004B307F64002
:103FA000B397F500B3EEFE003339D0013369D90081
:103FB0006FF01FB7930708FE93060002B357F70090
:103FC000630AD80093060004B38606413317D7006E
:103FD000B3E8E800333510013365F5006FF0DFE733
:103FE000E38807ECB3EED501E3900EBC6FF09FD4ED
:103FF00033861E41B385E54033B7CE0093040600F7
:104000003389E54013840600930910006FF09F9BED
:10401000930710006FF01FD1E30008DC1316360081
:10402000935736001398D501139795003368F8001D
:104030001357C700138E0600930700006FF05FA5AB
:104040003389D841B3B728013306B7403306F64069
:104050009317860063D2070E33861E413387E540EF
:10406000B3BECE003307D7419317870093040600F1
:1040700063DE0712B70780FF9387F7FF3377F700F8
:1040800013840600930710006FF01F9F131636006D
:1040900013553600138705006FF0DFCB131636007B
:1040A00013593600138705006FF0DFCFB386D801B0
:1040B000B307B70033B61601B387C700139787005D
:1040C00013D83600635E0708370780FF1307F7FF32
:1040D000B3F7E7001397D701939797003368070169
:1040E00013D7C700930710006FF09F9A938706FEBF
:1040F00013060002B357F700638AC60013060004D4
:10410000B306D6403317D700B3E8E80033391001BF
:104110003369F9006FF09FB313D53400938709001A
:10412000130709006FF01FC393060002B386F64021
:10413000130600006FF09F8E3368C900E30E08C8B5
:104140001359390093070000130706006FF09FC54D
:10415000130E00009307F07F370708006FF05F939E
:104160001397D701939797003368070113D7C700B8
:10417000930700006FF0DF91E38607AE33083F41FD
:1041800093070800E38E09C69307800363CA0701FB
:10419000B70780003367F700138406006FF0DFC8AD
:1041A00013840600130510006FF01FCB1318D701FE
:1041B000135636003368C8001357370093070000C2
:1041C000138406006FF05FBAE38A07BAB3063F4173
:1041D00063960900938706006FF01FA29307800380
:1041E00013091000E3C4D7A6B70780003367F700B0
:1041F0006FF0DFA213D74501B70710009387F7FFD1
:104200001347F7FF13D84601B3F5B700B3F7D7004C
:10421000931657011378F87F638006021307F07F27
:10422000130500006304E80067800000B3E7C700DF
:104230003335F00067800000B3E5A50013051000DA
:10424000E38E05FC6780000093D74501B706100098
:104250001387F6FF93F7F77F1306E03F3377B70036
:1042600093D5F501635EF6001306D041635EF60058
:10427000370500801305F5FF3385A5006780000032
:104280001305000067800000130630433306F64034
:104290001308F0013367D7006350C802930630411A
:1042A000B387F6403357F7003305E040E39C05FC45
:1042B00013050700678000009387D7BE3317F70008
:1042C0003355C5003367A7006FF01FFE130101FFD0
:1042D000232611002324810023229100630A050470
:1042E0001357F541B344A700B384E4409307050096
:1042F0001385040013D4F701EF40DF929307E041E8
:10430000B387A7401307A00093F7F77F6340A70682
:104310001307B0003307A74033D7E4001305550156
:104320001317C700B394A4001357C7006F004001D0
:10433000130400009307000013070000930400001B
:10434000939747011314F401B3E7E7008320C100FA
:10435000B3E78700032481001385040093850700D9
:10436000832441001301010167800000130555FFFC
:104370003397A4001317C7001357C7009304000016
:104380006FF01FFC8325C5008327850003280500E7
:104390008326450013960501130101FE13971500AE
:1043A000135606012324F1002326B100232CF1002B
:1043B000232001012322D10023280101232AD10037
:1043C000232EC1001357170193D5F501930801015E
:1043D0009307C1011315360003A6C7FF9387C7FFD4
:1043E0009356D601B3E6A60023A2D700E394F8FEC5
:1043F000930617001318380013961601232801019D
:104400001356260163020604B7C6FFFF93860640D3
:104410003307D7009306E07F63D4E6109307F07F5D
:104420001306000093060000939747019395F5014A
:10443000B3E7C700B3E7B70013850600938507000D
:1044400013010102678000000326410183288101D6
:104450000325C101B3661601B3E6A600B3E6060163
:1044600063140704638206149306500013060000C9
:1044700093D736009316D601B3E6F60013169600CE
:104480009377F77F1356C600939747019395F501ED
:10449000B3E7C700B3E7B7001385060093850700AD
:1044A00013010102678000006384061293D7C801DC
:1044B00013154500B3E7A700B7068000B3F6D70091
:1044C0006382061C370780FF9356C6019398480005
:1044D0001307F7FF33F6E700B3E61601B70740000E
:1044E0003366F60093F686FF9307000013D7360075
:1044F0009316D601131696001356C60093974701DC
:104500009395F501B3E7C700B3E6E600B3E7B7005C
:1045100013850600938507001301010267800000E0
:10452000635CE00C83274101032581010326C1015F
:1045300093964700B3E6060193D7C70113184500C9
:10454000131646001355C501B336D000B3E7070173
:104550003366A600B3E6F60093F7760063800702A1
:1045600093F7F60013054000638AA700938746007F
:10457000B3B6D7003306D60093860700B70780008E
:10458000B377F600E38607EE130717009307F07F73
:10459000E306F7E8B70780FF9387F7FF3376F60067
:1045A0009377F77F6FF09FF49307000013060000E6
:1045B000939747019395F501B3E7C700B3E7B700B9
:1045C0001385060093850700130101026780000030
:1045D0009307F07F13060000939747019395F50129
:1045E000B3E7C700B3E7B70013850600938507005C
:1045F00013010102678000009306C0FC634CD708DA
:104600009306D003B386E6400327C10113DE56406C
:10461000B70E0800B3EEEE0013152E00232ED101C5
:1046200093F6F6013388A8001386080013070000EC
:10463000032306001306460033676700E31AC8FE2B
:10464000130630003306C641639A060403280800A7
:10465000938616009387470023AE07FF634ED6006C
:104660003388A70003280800938616009387470025
:1046700023AE07FFE356D6FE93074000B387C7413A
:104680006F004008930500009307F07F370608008D
:104690006FF09FD9130700006FF01FDD13080502AC
:1046A00033082800032808FF130F0002330FDF40F0
:1046B0003318E80133670701630E06081318260054
:1046C000B30FF8003386A800032506000323460035
:1046D000938747003355D5003313E30133656500F5
:1046E00023AEA7FE13064600E390FFFE93074000AB
:1046F000B387C7411306080233062600B3DEDE0087
:104700002328D6FF93064000B386F64093962600F2
:104710009397270013068000B388F80063EAC60069
:1047200023A0080023A20800938686FF93888800B0
:104730009307400063E4F60023A0080083270101EB
:104740003337E00003264101B366F700130700008A
:104750006FF09FE093071000130800006FF09FF9BF
:10476000696C6C6567616C20696E737472756374D3
:10477000696F6E20657863657074696F6E2068611B
:104780006E646C657220656E74657265640A00659E
:1047900063616C6C20657863657074696F6E206806
:1047A000616E646C657220656E74657265640A0082
:1047B00065627265616B20657863657074696F6EA0
:1047C0002068616E646C657220656E7465726564E4
:1047D0000A00756E6B6E6F776E2065786365707416
:1047E000696F6E2068616E646C657220656E7465B9
:1047F0007265640A006E6F20657863657074696F16
:104800006E2068616E646C657220696E7374616C91
:104810006C65640A00000000556E696D706C656D12
:10482000656E7465642073797374656D2063616C63
:104830006C2063616C6C6564210A0000A8CBFEFFEC
:10484000A8CBFEFF24CBFEFF24CBFEFF24CBFEFF34
:1048500024CBFEFF24CBFEFF24CBFEFFA8CBFEFF24
:1048600098CBFEFF24CBFEFF24CBFEFF24CBFEFF24
:1048700024CBFEFF98CBFEFF98CBFEFF70CCFEFF53
:1048800024CBFEFF24CBFEFF24CBFEFF24CBFEFF78
:1048900024CBFEFF24CBFEFF24CBFEFF24CBFEFF68
:1048A00024CBFEFF24CBFEFF24CBFEFF24CBFEFF58
:1048B00024CBFEFF24CBFEFFA8CBFEFF20CCFEFFC7
:1048C00024CBFEFF24CBFEFF24CBFEFF24CBFEFF38
:1048D00024CBFEFF24CBFEFF24CBFEFF24CBFEFF28
:1048E00024CBFEFF24CBFEFF24CBFEFF24CBFEFF18
:1048F00054CCFEFF24CBFEFF24CBFEFF24CBFEFFD7
:1049000024CBFEFF24CBFEFF24CBFEFF24CBFEFFF7
:1049100024CBFEFF24CBFEFF24CBFEFF24CBFEFFE7
:1049200024CBFEFF24CBFEFF24CBFEFF24CBFEFFD7
:1049300024CBFEFF24CBFEFF24CBFEFF24CBFEFFC7
:1049400024CBFEFF24CBFEFF24CBFEFF24CBFEFFB7
:1049500024CBFEFF24CBFEFF24CBFEFF24CBFEFFA7
:1049600024CBFEFF24CBFEFF24CBFEFF24CBFEFF97
:1049700024CBFEFF24CBFEFF24CBFEFF24CBFEFF87
:1049800064CCFEFF50CAFEFFF4CAFEFF00CBFEFF60
:10499000DCC9FEFFDCC9FEFFDCC9FEFFDCC9FEFF8F
:1049A000DCC9FEFFDCC9FEFF60CAFEFFDCC9FEFFFA
:1049B000DCC9FEFFDCC9FEFFDCC9FEFFD8CAFEFF72
:1049C00060CAFEFF5802FFFF3802FFFF4002FFFFF0
:1049D0004802FFFF5002FFFF3002FFFF366B2070DE
:1049E0006572666F726D616E63652072756E2070A0
:1049F0006172616D657465727320666F7220636F9A
:104A000072656D61726B2E00366B2076616C696425
:104A10006174696F6E2072756E20706172616D6570
:104A20007465727320666F7220636F72656D617258
:104A30006B2E000050726F66696C652067656E654D
:104A4000726174696F6E2072756E20706172616D33
:104A5000657465727320666F7220636F72656D6135
:104A6000726B2E00324B20706572666F726D616ED4
:104A700063652072756E20706172616D6574657218
:104A80007320666F7220636F72656D61726B2E00AA
:104A9000324B2076616C69646174696F6E20727547
:104AA0006E20706172616D657465727320666F72DD
:104AB00020636F72656D61726B2E00005B25755D02
:104AC0004552524F5221206C6973742063726320E7
:104AD000307825303478202D2073686F756C642011
:104AE0006265203078253034780A00005B25755DDA
:104AF0004552524F5221206D617472697820637261
:104B00006320307825303478202D2073686F756CE1
:104B100064206265203078253034780A0000000077
:104B20005B25755D4552524F522120737461746547
:104B30002063726320307825303478202D2073680C
:104B40006F756C64206265203078253034780A00F7
:104B5000436F72654D61726B2053697A6520202026
:104B6000203A20256C750A00546F74616C207469BA
:104B7000636B732020202020203A20256C750A00CA
:104B8000546F74616C2074696D652028736563735C
:104B9000293A2025660A0000497465726174696FBC
:104BA0006E732F5365632020203A2025660A00008B
:104BB000497465726174696F6E7320202020202013
:104BC000203A20256C750A0047434331332E312E9D
:104BD00030000000436F6D70696C657220766572FD
:104BE00073696F6E203A2025730A00002020200090
:104BF000436F6D70696C657220666C61677320200D
:104C0000203A2025730A00004252414D0000000066
:104C10004D656D6F7279206C6F636174696F6E2082
:104C2000203A2025730A000073656564637263206F
:104C30002020202020202020203A203078253034C9
:104C4000780A00005B25645D6372636C697374208D
:104C50002020202020203A203078253034780A0087
:104C60005B25645D6372636D6174726978202020D6
:104C700020203A203078253034780A005B25645DA6
:104C800063726373746174652020202020203A20B1
:104C90003078253034780A005B25645D6372636682
:104CA000696E616C2020202020203A203078253049
:104CB00034780A00436F7272656374206F70657296
:104CC0006174696F6E2076616C6964617465642ECD
:104CD0002053656520524541444D452E6D64206644
:104CE0006F722072756E20616E64207265706F72D3
:104CF00074696E672072756C65732E00436F726500
:104D00004D61726B20312E30203A202566202F20F5
:104D10002573202573000000202F2025730000003C
:104D200043616E6E6F742076616C69646174652096
:104D30006F7065726174696F6E20666F722074683F
:104D400065736520736565642076616C7565732C89
:104D500020706C6561736520636F6D706172652092
:104D60007769746820726573756C7473206F6E2038
:104D700061206B6E6F776E20706C6174666F726D00
:104D80002E0000004572726F727320646574656353
:104D900074656400537461746963000048656170F0
:104DA00000000000537461636B00000054302E3328
:104DB000652D3146000000002D542E542B2B5471CC
:104DC000000000003154332E3465347A00000000B6
:104DD00033342E30652D545E00000000352E353002
:104DE00030652B33000000002D2E313233652D321B
:104DF000000000002D3837652B38333200000000EA
:104E00002B302E36652D31320000000033352E3523
:104E100034343030000000002E313233343530303D
:104E2000000000002D3131302E37303000000000FE
:104E30002B302E3634343030000000003530313223
:104E40000000000031323334000000002D383734C8
:104E5000000000002B313232000000003C4E018087
:104E6000444E01804C4E0180544E01800C4E018016
:104E7000184E0180244E0180304E0180DC4D0180AF
:104E8000E84D0180F44D0180004E0180AC4D018061
:104E9000B84D0180C44D0180D04D018068840080F0
:104EA00014830080C082008014840080C08200804F
:104EB00024830080C08200801484008014830080DA
:104EC000148300802483008014840080A0830080E9
:104ED000A0830080A0830080248300800001020260
:104EE0000303030304040404040404040505050582
:104EF000050505050505050505050505060606065E
:104F00000606060606060606060606060606060641
:104F1000060606060606060606060606070707072D
:104F20000707070707070707070707070707070711
:104F30000707070707070707070707070707070701
:104F400007070707070707070707070707070707F1
:104F500007070707070707070707070708080808DD
:104F600008080808080808080808080808080808C1
:104F700008080808080808080808080808080808B1
:104F800008080808080808080808080808080808A1
:104F90000808080808080808080808080808080891
:104FA0000808080808080808080808080808080881
:104FB0000808080808080808080808080808080871
:104FC0000808080808080808080808080808080861
:104FD0000808080808080808080808080A00000067
:104FE000494E4600696E66004E414E006E616E008D
:104FF000303132333435363738394142434445460F
:1050000000000000303132333435363738396162D0
:105010006364656600000000286E756C6C290000F2
:1050200034AE008070A8008070A8008028AE008098
:1050300070A8008070A8008070A8008070A8008010
:1050400070A8008070A800802CAD008018AE008091
:1050500070A8008044AD008050AD008070A8008032
:10506000D8AD00803CA800803CA800803CA800800F
:105070003CA800803CA800803CA800803CA80080A0
:105080003CA800803CA8008070A8008070A8008028
:1050900070A8008070A8008070A8008070A80080B0
:1050A00070A8008070A8008070A8008070A80080A0
:1050B000ACAD008098AB008070A8008098AB0080F9
:1050C00070A8008070A8008070A8008070A8008080
:1050D0004CAE008070A8008070A8008030AF0080C7
:1050E00070A8008070A8008070A8008070A8008060
:1050F00070A8008058AE008070A8008070A8008062
:1051000044BA008070A8008070A8008070A8008059
:1051100070A8008070A8008070A8008070A800802F
:1051200070A8008070A8008070A80080F0AD00809A
:1051300088AC008098AB008098AB008098AB008072
:10514000E4AD008088AC008070A8008070A800806A
:1051500048AA008070A800804CB000801CB000807D
:10516000E4AF008048AA008070A800807CAF008077
:1051700070A800804CAF008070A8008070A80080EC
:105180009CBA0080202020202020202020202020C9
:10519000202020203030303030303030303030304F
:1051A00030303030DCCD00803CCA00803CCA00800A
:1051B000D0CD00803CCA00803CCA00803CCA008040
:1051C0003CCA00803CCA00803CCA008030CD0080D0
:1051D000C0CD00803CCA008040CD00804CCD008016
:1051E0003CCA0080B4CD008008CA008008CA008094
:1051F00008CA008008CA008008CA008008CA008067
:1052000008CA008008CA008008CA00803CCA008022
:105210003CCA00803CCA00803CCA00803CCA008076
:105220003CCA00803CCA00803CCA00803CCA008066
:105230003CCA0080A0CD00803CCA00803CCA0080EF
:105240003CCA00803CCA00803CCA00803CCA008046
:105250003CCA00803CCA00803CCA00803CCA008036
:1052600060CE00803CCA00803CCA00803CCA0080FE
:105270003CCA00803CCA008014CE00803CCA00803A
:105280003CCA0080F8D400803CCA00803CCA008040
:105290003CCA00803CCA00803CCA00803CCA0080F6
:1052A0003CCA00803CCA00803CCA00803CCA0080E6
:1052B000F4CD00808CCC00803CCA00803CCA0080C9
:1052C0003CCA008028CF00808CCC00803CCA008083
:1052D0003CCA008094CB00803CCA0080F0CE0080A5
:1052E000C8CE0080BCCF008094CB00803CCA008038
:1052F0005CCF00803CCA008034CF00803CCA008074
:105300003CCA00804CD50080202020202020202076
:10531000202020202020202030303030303030300D
:10532000303030303030303043000000504F53497F
:1053300058000000496E66696E69747900000000CB
:105340004E614E0042616C6C6F63207375636365E0
:1053500065646564000000002E2E2F2E2E2F2E2E49
:105360002F2E2E2F2E2E2F2E2E2F7372632F6E6523
:10537000776C69622F6E65776C69622F6C69626306
:105380002F7374646C69622F64746F612E63000004
:105390002E2E2F2E2E2F2E2E2F2E2E2F2E2E2F2E28
:1053A0002E2F7372632F6E65776C69622F6E65772F
:1053B0006C69622F6C6962632F7374646C69622F0D
:1053C0006D707265632E6300050000001900000017
:1053D0007D00000000000000000000000000F03F21
:1053E00000000000000024400000000000005940C0
:1053F0000000000000408F40000000000088C34013
:1054000000000000006AF8400000000080842E4187
:1054100000000000D01263410000000084D79741D3
:105420000000000065CDCD41000000205FA00242D9
:10543000000000E876483742000000A2941A6D424E
:10544000000040E59C30A2420000901EC4BCD64241
:1054500000003426F56B0C430080E03779C34143EC
:1054600000A0D8855734764300C84E676DC1AB4362
:10547000003D9160E458E143408CB5781DAF154480
:1054800050EFE2D6E41A4B4492D54D06CFF080445B
:10549000F64AE1C7022DB544B49DD9794378EA4470
:1054A000BC89D897B2D29C3C33A7A8D523F64939FA
:1054B0003DA7F444FD0FA5329D978CCF08BA5B251C
:1054C000436FAC642806C80A0080E03779C34143C3
:1054D000176E05B5B5B89346F5F93FE9034F384D5A
:1054E000321D30F94877825A3CBF737FDD4F157506
:1054F00000202020202020202020282828282820A4
:10550000202020202020202020202020202020209B
:105510002088101010101010101010101010101003
:1055200010040404040404040404041010101010F3
:1055300010104141414141410101010101010101BD
:10554000010101010101010101010101101010100F
:10555000101042424242424202020202020202028F
:1055600002020202020202020202020210101010E3
:10557000200000000000000000000000000000000B
:10558000000000000000000000000000000000001B
:10559000000000000000000000000000000000000B
:1055A00000000000000000000000000000000000FB
:1055B00000000000000000000000000000000000EB
:1055C00000000000000000000000000000000000DB
:1055D00000000000000000000000000000000000CB
:1055E00000000000000000000000000000000000BB
:1055F000000000002C2066756E6374696F6E3A209F
:1056000000000000617373657274696F6E2022255B
:105610007322206661696C65643A2066696C652056
:10562000222573222C206C696E6520256425732544
:03563000730A00FA
:105634001000000000000000037A5200017C010108
:105644001B0D020010000000180000009C21FFFF49
:10565400DC04000000000000100000002C0000002A
:0C5664006426FFFF90040000000000001E
:10567000000000100000000000000000000000001A
:10568000000000000000000000000000000000001A
:105690000000000000000000944D01809C4D01803E
:1056A000A44D01800000000003000000C0650180DF
:1056B00000000000C06501802866018090660180BE
:1056C00000000000000000000000000000000000DA
:1056D00000000000000000000000000000000000CA
:1056E00000000000000000000000000000000000BA
:1056F00000000000000000000000000000000000AA
:105700000000000000000000000000000000000099
:105710000000000000000000000000000000000089
:105720000000000000000000000000000000000079
:105730000000000000000000000000000000000069
:105740000000000000000000010000000000000058
:105750000E33CDAB34126DE6ECDE05000B0000001D
:105760000000000000000000000000000000000039
:105770000000000000000000000000000000000029
:105780000000000000000000000000000000000019
:105790000000000000000000000000000000000009
:1057A00000000000000000000000000000000000F9
:1057B00000000000000000000000000000000000E9
:1057C00000000000000000000000000000000000D9
:1057D0000000000000000000D0570180D057018079
:1057E000D8570180D8570180E0570180E0570180E9
:1057F000E8570180E8570180F0570180F057018099
:10580000F8570180F8570180005801800058018046
:1058100008580180085801801058018010580180F4
:1058200018580180185801802058018020580180A4
:105830002858018028580180305801803058018054
:105840003858018038580180405801804058018004
:1058500048580180485801805058018050580180B4
:105860005858018058580180605801806058018064
:105870006858018068580180705801807058018014
:1058800078580180785801808058018080580180C4
:105890008858018088580180905801809058018074
:1058A0009858018098580180A0580180A058018024
:1058B000A8580180A8580180B0580180B0580180D4
:1058C000B8580180B8580180C0580180C058018084
:1058D000C8580180C8580180D0580180D058018034
:1058E000D8580180D8580180E0580180E0580180E4
:1058F000E8580180E8580180F0580180F058018094
:10590000F8580180F8580180005901800059018041
:1059100008590180085901801059018010590180EF
:10592000185901801859018020590180205901809F
:10593000285901802859018030590180305901804F
:1059400038590180385901804059018040590180FF
:1059500048590180485901805059018050590180AF
:10596000585901805859018060590180605901805F
:10597000685901806859018070590180705901800F
:1059800078590180785901808059018080590180BF
:10599000885901808859018090590180905901806F
:1059A0009859018098590180A0590180A05901801F
:1059B000A8590180A8590180B0590180B0590180CF
:1059C000B8590180B8590180C0590180C05901807F
:1059D000C8590180C8590180D0590180D05901802F
:1059E000D8590180D8590180E0590180E0590180DF
:1059F000E8590180E8590180F0590180F05901808F
:105A0000F8590180F8590180005A0180005A01803C
:105A1000085A0180085A0180105A0180105A0180EA
:105A2000185A0180185A0180205A0180205A01809A
:105A3000285A0180285A0180305A0180305A01804A
:105A4000385A0180385A0180405A0180405A0180FA
:105A5000485A0180485A0180505A0180505A0180AA
:105A6000585A0180585A0180605A0180605A01805A
:105A7000685A0180685A0180705A0180705A01800A
:105A8000785A0180785A0180805A0180805A0180BA
:105A9000885A0180885A0180905A0180905A01806A
:105AA000985A0180985A0180A05A0180A05A01801A
:105AB000A85A0180A85A0180B05A0180B05A0180CA
:105AC000B85A0180B85A0180C05A0180C05A01807A
:105AD000C85A0180C85A0180D05A0180D05A01802A
:105AE000D85A0180D85A0180E05A0180E05A0180DA
:105AF000E85A0180E85A0180F05A0180F05A01808A
:105B0000F85A0180F85A0180005B0180005B018037
:105B1000085B0180085B0180105B0180105B0180E5
:105B2000185B0180185B0180205B0180205B018095
:105B3000285B0180285B0180305B0180305B018045
:105B4000385B0180385B0180405B0180405B0180F5
:105B5000485B0180485B0180505B0180505B0180A5
:105B6000585B0180585B0180605B0180605B018055
:105B7000685B0180685B0180705B0180705B018005
:105B8000785B0180785B0180805B0180805B0180B5
:105B9000885B0180885B0180905B0180905B018065
:105BA000985B0180985B0180A05B0180A05B018015
:105BB000A85B0180A85B0180B05B0180B05B0180C5
:105BC000B85B0180B85B0180C05B0180C05B018075
:105BD000C85B0180C85B018043000000000000003A
:105BE00000000000000000000000000000000000B5
:105BF0000000000000000000430000000000000062
:105C00000000000000000000000000000000000094
:105C10000000000000000000430000000000000041
:105C20000000000000000000000000000000000074
:105C30000000000000000000430000000000000021
:105C40000000000000000000000000000000000054
:105C50000000000000000000430000000000000001
:105C60000000000000000000000000000000000034
:105C700000000000000000004300000000000000E1
:105C80000000000000000000000000000000000014
:105C900000000000000000004300000000000000C1
:105CA00000000000000000000000000000000000F4
:105CB0000000000000000000C41C0180D00401802E
:105CC00000000000F0540180804D01801C4B0180D9
:105CD0001C4B01801C4B01801C4B01801C4B018024
:105CE0001C4B01801C4B01801C4B01801C4B018014
:105CF000FFFFFFFFFFFFFFFFFFFFFFFFFFFF0000B2
:105D00000100415343494900000000000000000029
:105D10000000000000000000000000000000000083
:105D2000000041534349490000000000000000000A
:105D30000000000000000000000000000000000063
:045D4000000000005F
:105D48000000000080842E41000000000000F03FA9
:105D5800FFFFFFFFFFFFEF7F000000000000F83F9C
:105D680061436F63A787D23FB3C8608B288AC63F59
:105D7800FB799F501344D33F0000000000002440EB
:105D88000000000000001C4000000000000014405B
:105D9800000000000000E03FB06801800100000042
:105DA8000300000066000000B0560180FFFFFFFFFF
:045DB80000000200E5
:0400000580000080F7
:00000001FF
