:0200000480007A
:100000006F00804A6F00C02A6F0000496F00C0482F
:100010006F0080486F0040486F0000486F00C04785
:100020006F0080476F0040476F0000476F00C04679
:100030006F0080466F0040466F0000466F00C0456D
:100040006F0080456F0040456F0000456F00C04461
:100050006F0080446F0040446F0000446F00C04355
:100060006F0080436F0040436F0000436F00C04249
:100070006F0080426F0040426F0000426F000053EB
:10008000974101009381019717010300130181F744
:1000900017050000130505F713651500731055309B
:1000A000138581F4138681253306A640930500004D
:1000B000EF50D068176500001305C5E2EF40404ED1
:1000C000EF50505813050000930500001306000080
:0C00D000EF0000016F40004E6780000050
:1000E000130101812326117E2324817E2322917E08
:1000F0002320217F232E317D93060000130101FD73
:10010000130600009305000013050020EF30406146
:10011000630A05161304050017150100130585F47D
:10012000EF508059732920B0F32900B097150100D2
:10013000938505FF1306010013050400EF30407E90
:10014000F32420B0B3842441F32200B0171501003A
:10015000130545F233893241EF5000561307090069
:100160009386040013060900938504001715010007
:10017000130545F1EF50402F371600001306068097
:10018000971501009385C57913050100EF5090186C
:1001900093090500631E050217150100130505F6F6
:1001A000EF50805113050400EF4040441301010358
:1001B0008320C17E138509000324817E8324417E30
:1001C0000329017E8329C17D1301017F678000001F
:1001D00017150100130505EEEF50004EB71700008C
:1001E00013830780130401003309230097140100CF
:1001F000938444F00316240083150400138504003F
:1002000013040402EF504026031664FE831544FED7
:1002100013850400EF5040250316A4FE831584FEC9
:1002200013850400EF5040240316E4FE8315C4FE3A
:1002300013850400EF504023031624FF831504FFA9
:1002400013850400EF504022031664FF831544FF1A
:1002500013850400EF5040210316A4FF831584FF8B
:1002600013850400EF5040200316E4FF8315C4FFFC
:1002700013850400EF50401FE31E24F7930910007C
:100280006FF0DFF217150100130585DCEF50C04257
:10029000930910006FF09FF10000000000000000C3
:1002A0001305000067800000130000001300000029
:1002B0001305000067800000130000001300000019
:1002C0001305000067800000130000001300000009
:1002D00013050000678000001300000013000000F9
:1002E00013050000678000001300000013000000E9
:1002F00013050000678000001300000013000000D9
:1003000013050000678000001300000013000000C8
:1003100013050000678000001300000013000000B8
:1003200013050000678000001300000013000000A8
:100330001305000067800000130000001300000098
:100340001305000067800000130000001300000088
:100350001305000067800000130000001300000078
:100360001305000067800000130000001300000068
:100370001305000067800000130000001300000058
:100380001305000067800000130000001300000048
:100390001305000067800000130000001300000038
:1003A0001305000067800000130000001300000028
:1003B0001305000067800000130000001300000018
:1003C0001305000067800000130000001300000008
:1003D00013050000678000001300000013000000F8
:1003E00013050000678000001300000013000000E8
:1003F00013050000678000001300000013000000D8
:1004000013050000678000001300000013000000C7
:1004100013050000678000001300000013000000B7
:1004200013050000678000001300000013000000A7
:100430001305000067800000130000001300000097
:100440001305000067800000130000001300000087
:100450001305000067800000130000001300000077
:100460001305000067800000130000001300000067
:100470001305000067800000130000001300000057
:100480001305000067800000130000001300000047
:100490001305000067800000171501001305559E25
:1004A000EF5080216FF05FFF130101FC232011004A
:1004B0002322A1002324B1002326C1002328D10038
:1004C000232AE100232CF100232E01012320110314
:1004D0002322510223246102232671022328C1030F
:1004E000232AD103232CE103232EF103F32220340A
:1004F00013032000638862021303B0006388620064
:1005000013033000638862006F00C002EF00403EBA
:100510006F0040031715010013054592EF50C019F5
:100520006F004002171501001305458CEF50C018ED
:100530006F0040011715010013056592EF50C017B9
:100540006F004002F32210340383020013053000D1
:100550003373A3006314A3009382220093822200CA
:10056000739012348320010003254100832581000C
:100570000326C1008326010103274101832781014E
:100580000328C1018328010283224102032381023F
:100590008323C102032E0103832E4103032F810312
:1005A000832FC10313010104730020307300203036
:1005B0003305A04023AEA1F41305F0FF67800000CF
:1005C000971701009387078E13085005370700100F
:1005D0002320070183C61700638006062320D70067
:1005E00083C22700638A02042320570003C3370015
:1005F000630403042320670083C34700638E030260
:100600002320770003C55700630805022320A700B5
:1006100083C56700638205022320B70003C6770005
:1006200093878700630A06002320C70003C80700DA
:10063000E31008FA678000006780000013000000E4
:100640009307800523AEF1F41305F0FF67800000E7
:100650009307800523AEF1F41305F0FF67800000D7
:100660009307800523AEF1F41305F0FF67800000C7
:100670009307800523AEF1F41305F0FF67800000B7
:100680009307800523AEF1F41305F0FF67800000A7
:100690001305F0FF67800000130000001300000046
:1006A0009307C00023AEF1F41305F0FF678000004C
:1006B000B707048023A0A700730050106F0000004C
:1006C0009307800523AEF1F41305F0FF6780000067
:1006D0009307B00023AEF1F41305F0FF678000002C
:1006E000B727000023A2F500130500006780000073
:1006F0009307800523AEF1F41305F0FF6780000037
:100700009307800523AEF1F41305F0FF6780000026
:10071000930780FA23AEF1F4130500006780000010
:100720001305100067800000130000001300000094
:10073000930780FA23AEF1F41305F0FF6780000001
:100740001305F5FF13351500678000001300000046
:100750009307600123AEF1F41305F0FF67800000FA
:100760009307F00123AEF1F41305F0FF678000005A
:100770001305000067800000130000001300000054
:100780009307800523AEF1F41305F0FF67800000A6
:100790001305F0FF67800000130000001300000045
:1007A0009307800523AEF1F41305F0FF6780000086
:1007B0001305000067800000130000001300000014
:1007C000B727000023A2F500130500006780000092
:1007D0001305F0FF67800000130000001300000005
:1007E0001305F0FF678000001300000013000000F5
:1007F0009307200023AEF1F41305F0FF678000009B
:100800009307800523AEF1F41305F0FF6780000025
:100810009307A00023AEF1F41305F0FF67800000FA
:10082000130101FF23202101138981F4832709008B
:1008300023248100232291002326110093840500A4
:1008400013040600638A070213060400938504005C
:10085000173501001305059AEF0080598320C10068
:1008600013050400032481008324410003290100AF
:100870001301010167800000B7C5010013063000B5
:1008800093850520173501001305C596EF004049F3
:1008900093021000232059006FF01FFB130000008B
:1008A00023ACA1F2130500006780000013000000D4
:1008B000138781F3032307003305A3002320A70038
:1008C000637C250097F202009382C2736376550021
:1008D00013050300678000009307C0001303F0FFB7
:1008E00023AEF1F41305030067800000130000003D
:1008F000130101FF23229100232611009307100802
:100900009384050063CC170D9307F00263D6170399
:10091000938008FD9302100563E41202170301009F
:100920001303835A939820003387680083230700BA
:10093000B385630067800500930E1001638AD80FAA
:1009400093045005170701001307C755B70F001090
:1009500023A09F0083471700638E070423A0FF0096
:10096000834027006388000423A01F0083423700D0
:100970006382020423A05F0003434700630C030269
:1009800023A06F00834857006386080223A01F013D
:10099000834367006380030223A07F0083457700C1
:1009A000638A05001307870023A0BF008344070064
:1009B000E39004FA8320C100832441001301010164
:1009C000678000008320C100130E800523AEC1F5AF
:1009D0008324410013010101678000009300F0406F
:1009E000E3C010F79302F03F63D61203938808C068
:1009F0001303F000E36613F51707010013074761BF
:100A0000939328003385E300832505003386E500B2
:100A100067000600130EC00AE38EC8F963461E0382
:100A2000130F9009E388E8F9930F900AE39AF8F11D
:100A3000130F80FA23AEE1F56FF0DFF737250000E2
:100A400023A2A4006FF01FF7930E600DE39AD8EF76
:100A500023ACA1F26FF01FF61308F00123AE01F5ED
:100A60006FF05FF59306200023AED1F46FF09FF492
:100A7000370404802320A400730050106F0000008E
:100A80009304600123AE91F46FF0DFF22320210183
:100A9000138981F42324810013040600032609002E
:100AA00063060602130604000324810003290100E3
:100AB0008320C10093850400832441001725010091
:100AC00013054573130101016F008032B7C60100A1
:100AD0001306300093850620172501001305857144
:100AE000EF00002413081000232009016FF09FFB82
:100AF0008327C500638807208328050163840820B5
:100B00000328050003469500032745018346480155
:100B1000B3E2C600A304550013F306026302031EEA
:100B2000B383E84093050001138F030063F475005D
:100B3000130F0001638AE81C338EE700834E0E001A
:100B4000930F1700130610002300D801232AF50184
:100B50006370761AB386F70183C206001303270079
:100B60009305200023005800232A650063F27518BE
:100B7000338E6700834E0E00130637009306300055
:100B80002300D801232AC50063F47616B382C70078
:100B900003C3020093054700130E400023006800C2
:100BA000232AB50063767E14B38EB70083C60E0089
:100BB00013065700930250002300D800232AC500D3
:100BC00063F872123383C70083450300930E6700F6
:100BD000130E60002300B800232AD501637A7E102B
:100BE000B386D70183C20600130677001303700093
:100BF00023005800232AC500637C730EB385C70009
:100C000083CE050093068700130E80002300D801D1
:100C1000232AD500637E7E0CB382D70003C3020073
:100C2000130697009305900023006800232AC5004F
:100C300063F0750CB38EC70083C60E009302A70045
:100C4000130EA0002300D800232A550063727E0AE9
:100C500033835700834503001306B700930EB0009B
:100C60002300B800232AC50063F47E08B386C700BA
:100C700083C206001303C700130EC00023005800F0
:100C8000232A650063767E06B385670083CE050060
:100C90001306D7009306D0002300D801232AC500ED
:100CA00063F87604B382C70003C302009305E7002C
:100CB000130EE00023006800232AB500637A7E0249
:100CC000B38EB70083C60E001306F7009302F00040
:100CD0002300D800232AC50063FC7200B387C70035
:100CE00003C307001307070123006800232AE50058
:100CF00093050000638403009305FFFF3387F5012C
:100D00006384E800678000008348480023280500CA
:100D100013F5D80F2302A80067800000130000001D
:100D2000130101FE232A910083240500232C810056
:100D30002328210123263101232E110023820400C0
:100D400023840400930770FC2384F40023880400A8
:100D50002322B5001304050013890500930906003A
:100D6000930600001386050037D512139305000083
:100D7000EF30003AB7028000637455029350F500DB
:100D8000130700F82386E40013F3F00F13557500E2
:100D9000238264009373F50F23807400238604007C
:100DA0002386340123043401A304040097050000C2
:100DB000938545D4232224018320C10123280400E4
:100DC00023260400232A0400232E0400232C0400DD
:100DD000232204022320B40203248101832441013D
:100DE000032901018329C10013010102678000006A
:100DF000130101FF23260100638C0522630A0622EA
:100E0000032505003386C5009307100303474501FA
:100E1000232601008326C1009372F70F63E2D70AED
:100E20000323C10093031300232671000328C1008C
:100E300063E807098328C100138E18002326C10127
:100E4000832EC10063EED707032FC100930F1F004D
:100E50002326F1010327C10063E4E7068326C100CE
:100E600013831600232661008323C10063EA7704FD
:100E70000328C1009308180023261101032EC10086
:100E800063E0C705832EC100138F1E002326E101F6
:100E9000832FC10063E6F7030327C1009306170001
:100EA0002326D1000323C10063EC67008323C10024
:100EB00013881300232601018328C100E3F217F7EA
:100EC00093F20202E38402F423260100032EC10000
:100ED00063E2C70B832EC100138F1E002326E1019E
:100EE000832FC10063E8F7090327C10093061700A9
:100EF0002326D1000323C10063EE67068323C100CC
:100F000013881300232601018328C10063E4170717
:100F10008322C100138E12002326C101832EC1003B
:100F200063EAD705032FC100930F1F002326F101A9
:100F30000327C10063E0E7048326C1001383160082
:100F4000232661008323C10063E677020328C100E2
:100F500093081800232611018322C10063EC570077
:100F6000032EC100930E1E002326D101032FC100C2
:100F7000E3F2E7F783CF05002300F5012326010004
:100F80000327C10063E2E70A8326C100138316002A
:100F9000232661008323C10063E877080328C1008A
:100FA00093081800232611018322C10063EE57061F
:100FB000032EC100930E1E002326D101032FC10072
:100FC00063E4E707832FC10013871F002326E10096
:100FD0008326C10063EAD7040323C10093031300EF
:100FE000232671000328C10063E007058328C100A0
:100FF0009382180023265100032EC10063E6C70325
:10100000832EC100138F1E002326E101832FC10010
:1010100063ECF7010327C100930617002326D100D4
:101020000323C100E3F267F693851500E390C5DE64
:10103000130101016780000013000000130000008D
:101040006388050E03C605006304060E83270500AA
:10105000130101FF9386150003C747019372F70F31
:10106000A30751000343F100937303026396030A3D
:1010700003C547019375F50FA307B1000348F100BD
:1010800093780802639A080803CE4701937EFE0F07
:10109000A307D101034FF100937F0F02639E0F0658
:1010A00003C747019372F70FA30751000343F100F1
:1010B000937303026392030603C547019375F50F0B
:1010C000A307B1000348F10093780802639608046F
:1010D00003CE4701937EFE0FA307D101034FF1001A
:1010E000937F0F02639A0F0203C747019372F70FB2
:1010F000A30751000343F10093730302639E0300AF
:1011000003C547019375F50FA307B1000348F1002C
:1011100093780802E38208F4938616002380C700C0
:1011200003C6F6FFE31A06F213010101678000000F
:10113000678000001300000013000000130000008F
:10114000630C0602638A0502032705009706000068
:101150009386469A2326B500834747002328C50077
:10116000232A05002320D50293E2270023025700FB
:10117000732340F16304030067800000B723000C71
:10118000172601001306060783A503003305C54093
:101190001338150093081000339E0801B36EBE008B
:1011A00023A0D3016780000013000000130000009B
:1011B00083270500034795008326050183C2470165
:1011C00033E3E200A304650093F3F20F6398060093
:1011D00013D5630013751500678000001305000028
:1011E00067800000130000001300000013000000DF
:1011F0009307050063800518630E06160327050094
:101200000345950083464701B3E2A600A384570037
:1012100013F31600630003169373360013050000E2
:10122000638C0308130810006380030793082000F1
:101230006386130303470700130510002380E500AE
:1012400003A7070003CE9700834E470133EFCE017B
:10125000A384E70193FF1E0063820F1283460700F9
:10126000B382A500130515002380D20003A7070051
:1012700003C397008343470133E86300A384070156
:1012800093F81300638C080E034E07003387A50004
:10129000130515002300C70103A7070083CE97009D
:1012A000034F4701B36FDF01A384F70193761F005B
:1012B0006386060C6306A60C83420700B383A50071
:1012C000130515002380530003A8070003CE9700E1
:1012D0003383A5000347480193080500B36EC70197
:1012E000A384D701137F1700630A0F08834F0800F8
:1012F00013051500B382A5002300F30183A30700A3
:1013000083C6970003C343013368D300A384070156
:10131000137E130063040E0603C703001385280021
:10132000B38EA5002380E20003AF070083CF9700B0
:1013300083424F01B3E3F201A384770093F61200D6
:10134000638E060203430F001385380023806E006E
:1013500003A7070083C89700034E470133681E01A7
:10136000A3840701937E1E00638A0E00E316A6F491
:1013700067800000130500006780000067800000A0
:10138000678000001300000013000000130000003D
:10139000F32740F163960702B726000C17270100D8
:1013A000130747E503A60600B302E54013B3120096
:1013B0009303100033986300B368C80023A016019C
:1013C000370E0100930EFEFF638CD5010325050047
:1013D00093F5F500034F4500B36FBF002302F501FD
:1013E00067800000130000001300000013000000DD
:1013F000638E05029307000C63EAC702032705000A
:10140000232EB5008342870013F3F203B363C300B6
:1014100093F5F30F2304B7000346470093661600C5
:101420002302D700732840F163040800678000009E
:10143000B728000C972E0100938ECEDB03AE080078
:101440003305D541133F1500930F1000B397EF01FB
:1014500033E7C70123A0E800678000001300000005
:1014600063840502032705002320B5022326050017
:10147000834747002328050093E2270023025700F3
:10148000732340F16304030067800000B723000C5E
:1014900097250100938505D683A603003305B54043
:1014A0001336150013081000B318C80033EED80027
:1014B00023A0C30167800000130000001300000098
:1014C00063800502032705002322B50283474700F6
:1014D00093E2870023025700732340F16304030063
:1014E00067800000B723000C97250100938585D005
:1014F00083A603003305B54013361500130810000A
:10150000B318C80033EED80023A0C30167800000E1
:10151000638805126306061283270500834695003B
:1015200003C74701B362D700A30455001373070232
:1015300063080310930300011305060063F4C3005E
:101540001305000103C8050093081000238007015C
:1015500063FAC80E03CE1500930E20002380C70146
:1015600063F2CE0E03CF2500930F30002380E701F6
:1015700063FACF0C83C63500130740002380D700E1
:101580006372C70C83C245001303500023805700C9
:10159000637AC30A83C35500130860002380770071
:1015A0006372C80A83C86500130E70002380170198
:1015B000637ACE0883CE7500130F80002380D70195
:1015C0006372CF0883CF8500930690002380F701D4
:1015D00063FAC60683C295001307A0002380570054
:1015E0006372C70603C3A5009303B000238067009E
:1015F00063FAC30403C8B5009308C0002380070141
:1016000063F2C80403CEC500930ED0002380C70147
:1016100063FACE0203CFD500930FE0002380E701E9
:1016200063F2CF0283C6E5009302F0002380D70067
:1016300063FAC20083C5F5002380B700678000000D
:101640001305000067800000130000001300000075
:10165000832705000347950083C24701A3040500C3
:1016600033E5E2001375E509678000001300000010
:101670008327050003C58701678000001300000071
:1016800003270500834795008342470133E3F200B7
:10169000A304650013F50206678000001300000034
:1016A000032705008347C70093E20704230657007A
:1016B000678000001300000013000000130000000A
:1016C000032705008347C70093F2F70B2306570053
:1016D0006780000000000000000000000000000023
:1016E000130101B003A806009387060083A64600F5
:1016F000232E114E37030100B7800000232C814EAA
:10170000232A914E9382F0FF930407009303F3FF83
:101710001307100013040104232C814D2326B14D1F
:101720002320A1042328214F2326314F2324414F76
:101730002322514F2320614F232E714D232A914D97
:101740002328A14D2322B1042324E1042326C1042C
:101750002328F104232A0105232CD104232E01047C
:1017600023200106930D00001305100023225102CF
:10177000374C000023207100232A81026F00400FA4
:10178000B3055901139625009308064893090104EF
:10179000338A3801032B8AB9930B1000032E4AB900
:1017A00063147B016F00D07E832C0ABA63D0CC33E4
:1017B00013891C0023202ABB9303F001E3CEA3521C
:1017C000832D8AB8330B9B03032FCAB8832E0AB824
:1017D000931735003387A70083200AB9832B4AB8B3
:1017E000131327008329410383A28000B38CBC0319
:1017F000931A2B0033865E01930A150083AFC00055
:101800001308034893080104B305180113848000EA
:10181000930603013385EC0323A0C5B823A6E5B9DD
:1018200023A885B8338AD900330EBE03131D2500C3
:101830003389AB0123A225B923A4C5B923225A00B9
:101840002324FA0123AE05B823A005BA1385FAFFB5
:1018500093163500B389A600139A2900130D0A4880
:1018600093030104330E7D00832DCEB913850A0046
:10187000930AF5FF13993A00E3840DF0330D5901F3
:10188000931D2D00938E0D48130F0104B38FEE01AD
:1018900003AA4FB99307400003A40FB803AD8FB854
:1018A00083A9C400630EFA6663C84723130B2000A4
:1018B000E3006A3793003000E31E1A0883A88FB94B
:1018C000131A2D00930B1000B38348039392280042
:1018D00033075400373F0000338B7900831C2B0003
:1018E00063047D016F1000073709010033065700BC
:1018F00013880900130AAFAA374D00001305F9FF3A
:10190000031E040003132400B3064E03B305430370
:10191000B38DA60193D7FD402310F400B380A50139
:1019200093DFF0402311F401831307008312270093
:10193000338B4303B38B4203330FAB01935EFF4002
:101940002310D7013389AB01135EF9402311C7017E
:101950000313060083162600B3054303B38D460325
:10196000B387A50193D0F74023101600B38FAD01C4
:1019700093D3FF4023117600035B270083DB29000C
:101980008352070083DE090013190B01139F0B011B
:10199000336E59003363DF01FB156E18835D280039
:1019A0008357080093960301B3F0A000939F0D01A5
:1019B000B3E3160033EBFF00FB9B6319FB92752129
:1019C0007B997529035F0400939E020113DE0E418B
:1019D00013531E40B3056F402310B700835D2400EE
:1019E00093D7124193894900B386FD402311D70054
:1019F00083502400835F0400130888009393000140
:101A000033EBF301FB1B5B2093520941338E9203AE
:101A1000131909011353094113DF0B01231074013A
:101A20002311E401835E07001306460013074700F5
:101A30009388F8FFB3059303B30DAE0193D7FD4030
:101A40009396070193D00601B38FD001231EF6FFB2
:101A50008353E7FF13044400338BA501935BFB40E2
:101A600093920B0113DE02013389C341231F26FF2A
:101A70000353C7FF035FE7FFB30E1340B305EE0147
:101A8000231ED7FF231FB7FEE39C08E6E3900ADC82
:101A90008320C14F0324814F8324414F0329014FE9
:101AA0008329C14E032A814E832A414E032B014EC6
:101AB000832BC14D032C814D832C414D032D014DB2
:101AC000832DC14C130101506780000013051000E5
:101AD000232EAAB86FF09FDA13065000631CCA6663
:101AE00083AD8FB9B38BAD0313972D003308E4009A
:101AF000B308E8003383E800232EB101B30FE300FD
:101B0000139A2B00338E4901831E0E00B3034E013E
:101B1000031B2E002328D10183900300839C230004
:101B2000E356B0F79302100063045D006F10407538
:101B3000938B0E00B70E0100B72700009383FEFFC2
:101B4000938D0900138A090023223101232A010001
:101B5000138D9799374F00002320710223245103DE
:101B600023269102831A0400831424003385AA03D8
:101B70003386A403B306E50113DEF6402310C40147
:101B8000B305E60113D7F5402311E40083120800E2
:101B900003192800B387A203B30EA903B383E70197
:101BA00093DAF34023105801B384EE0113D5F440C7
:101BB0002311A80003960800039E2800B306A6037D
:101BC000B305AE033387E6019352F74023905800E4
:101BD0003389E5019357F9402391F800831E0300F0
:101BE00083132300B38AAE03B384A3033385EA01CE
:101BF0001356F5402310C300338EE4019356FE4084
:101C00002311D30083950F0003972F00B382A50300
:101C10003309A703B387E20193DAF74023905F010A
:101C2000B30EE90193D4FE4023919F008353280013
:101C300003D52D00035E080003D60D009395030124
:101C4000931605018317240033E7C501B3E2C600EC
:101C5000FB1E57188323410003D9280003D6080030
:101C600003D5230083D5030093160901131E050134
:101C700033E7C600B362BE007B1657180359230032
:101C800003D529008353030083D509009316090166
:101C9000131E050133E77600B362BE00FB1657182A
:101CA00003592A000325010283550A009394040175
:101CB000B3FAAA009313090133E79A0033EEB30095
:101CC000FB12C719FB9A5E2013D90A01FB9E5E28FE
:101CD000FB14D62093D504017B16D62893960A01CF
:101CE0002324B10013D506419393040193160601F2
:101CF0001356064193D203412328C1008313810068
:101D00000356040013170901135E074193950E0152
:101D1000B38A9A00B304560113D70541B38A7002FF
:101D200093D50641232CB10093DE0E41832581001B
:101D3000939707012326D10193DE070133892E01F2
:101D4000B307B900B386CB03B385EA012311F400CE
:101D500093D7F54023109400B386E60113D9F640DB
:101D6000B30AF900B384AB02B3865E019395060112
:101D700033895002B384E40193D7F440B30AE901F4
:101D800093D6FA403389D700B3072601939A070107
:101D900083278101B304EB0293D60A01B3E5D50092
:101DA0008326C1003389FC02B384E40193DAF44052
:101DB0003309E9019354F940B38A9A003309504139
:101DC000832A010193140901B306DB0233895C0302
:101DD000B386E60193DAF6403309E9019356F940F8
:101DE000B38ADA0013990A0193560901B3EAD400C1
:101DF000FB94552913D904012310980023112801BD
:101E0000FB965521338EC00393D506012390DF0046
:101E10002391BF00B3837B02B30AEE0193D4FA404F
:101E20003385A0023389E3019356F940338ED40001
:101E3000B38ECE0193930E01B3825B02B305E5012D
:101E400093DAF54083250101B384E20113D5F44010
:101E50003389AA0033062601931606010326C10022
:101E60003387EC0213DE0601B3EEC301B307FB02B6
:101E7000B303E70193D2F340B30ABB023387E70110
:101E80009354F7403385924013190501B386CC0271
:101E9000338EEA019357FE40B383E60193D2F340B9
:101EA000B3855740939A050113D70A01B364E9003B
:101EB0007B959E20135905012390A80023912801AA
:101EC000FB9E9E2883264101832741008322C10176
:101ED00013D60E01138E1600938387002310D301AF
:101EE0002311C300232AC1012322710013044400DB
:101EF000130848009388480013034300938F4F0052
:101F0000938D4D009389C900130A0A01E39CC2C551
:101F1000832A81028324C102E39A0A926FF05FB799
:101F200003A68FB983A6440013181D003307A80128
:101F300093102600931B2D00931C3D009315270042
:101F400063900664930E1000E31CDD49330814000F
:101F500033051800B70C0100B3051500138E0900F6
:101F600013830900B74B0000938DFCFF831E040010
:101F7000031F2400139BDE009310DF003309DB41B5
:101F8000B38FE041330A7901B3867F019353FA405E
:101F900013DDF640231074002311A40183120800FE
:101FA000831828001397D2009397D800B30C57409A
:101FB000B38E1741338F7C01338B7E019350FF40EA
:101FC0001359FB402310180023112801831F05001B
:101FD000031A25009396DF009313DA00338DF64140
:101FE000B3824341B3087D01B387720113D7F84030
:101FF00093DCF7402310E50023119501839E050033
:10200000039F2500139BDE009310DF003309DB41A3
:10201000B38FE041330A7901B3837F019356FA40CD
:1020200013DDF3402390D5002391A50183582800A8
:1020300083D729008352080083DC09001397080125
:10204000939E0701336B570033EF9E01FB10EB1992
:1020500003592500035A23008353050083580300C6
:10206000931F090193170A01B3E27F00B3EC170134
:10207000FB9E9219035B2E00035F0E00131D0D01E2
:10208000B3F6B60113190B013367DD00336AE901BA
:10209000FB13471983582400835F040093970801BA
:1020A000B3ECF701FB92DC29FB9EDC2113DB0E0174
:1020B0002310D401231164017B9F7020FB907028B2
:1020C0007B9DEE2993560D012310A5012311D50008
:1020D000035924000357040093894900131A090186
:1020E00013038300130ECE00B363EA00FB98E321D1
:1020F000939F02019397000193DC0F0193DE00018F
:1021000093D2020113DB070113DF0801231014012E
:102110002311E401B380DC01338D624123101800E8
:102120002311A801B386DC41338962012390D500D5
:10213000239125011306F6FF1304440013084800F9
:102140001305450093854500E31206E263900AF00B
:102150006FF01F94B30C590113952C001308054818
:10216000931D2A00930801043307180113850D00FD
:10217000032B87B903A90400EF20804663140500F0
:102180006F1040546350602913061000E316CB66AD
:10219000635A402783254102938BCDFF93DF2B00A9
:1021A00013FE1F0033CF4503130604001308050078
:1021B000B38CAD009306040063160E04831704006D
:1021C00083122400832E0100130845009306440067
:1021D000B388E7033387E203338388019353F340E3
:1021E000939D030193D00D01B3FBD001B30F870181
:1021F00013DEFF4093150E01B3E7BB002320F5006B
:102200006302980983920600839846008393260010
:102210003387E203039366008325010013088800D7
:1022200093868600B38DE803B300870193DEF04008
:10223000939B0E0193DF0B01B3F2BF00338EE303D8
:10224000B3878D0193D8F7409393080113D7030107
:10225000B37DB7003303E303B3008E0193DEF04098
:10226000939B0E01B3EF7201232CF8FFB30583019A
:1022700093D2F540139E0201B3E7CD01232EF8FE61
:10228000E31298F98358050003532500130F10003B
:1022900023101401231164006306EA17930600005B
:1022A0009305000013084500B30C6A4193F31C002A
:1022B000130E0800930E0B0093070000638E0304B7
:1022C0009387060063C42601B3872641139727002E
:1022D000B38DE90083D02D0083DE0D00832B080031
:1022E000939F0001B3E2DF017B9E5B18035F240034
:1022F000835C040093130F0133E79301FB1DC72197
:1023000093D00D012310B40123111400930E1B0070
:10231000130E48006308DA0BB387D70063C42701A4
:10232000B3872741939B2700B38F790183D22F0076
:1023300083DC0F00032F0E009393020133E7930118
:10234000FB1DEF1883502400835B0400939F000162
:10235000B3E27F01FB9CB22113DF0C012310940137
:102360002311E401B387D70093034E00938E1E0020
:1023700063C42701B3872741139E2700B38DC9018A
:1023800003D72D0083D00D0083AB0300931F0701FB
:10239000B3E21F00FB9C5B18035F2400035E040094
:1023A000931D0F0133E7CD01FB10972193DB000153
:1023B0002310140023117401938E1E00138E43000A
:1023C000E31CDAF59385150013064600B386A601D3
:1023D000630ABA02130406002310160123116600D3
:1023E0006FF09FEC8328C100138B0D0093871700BB
:1023F00013044400B385A501E31CFB42938A080043
:1024000093040700EF20801E63920AC46FF04FE828
:1024100083A58FB9930B1000B7400000939C250053
:10242000B307940163127D6F031D0400831C240015
:10243000931BED00139FEC003385AB4133099F41A3
:10244000B30E15003307190013D6FE409356F7401C
:102450002310C4002311D400039E07000398270013
:102460009318EE001313E800B38FC841B30D034176
:10247000B3831F00338A1D0093D2F340135BFA40ED
:10248000239057002391670103DD290083DC0900B5
:10249000931B0D0133EF9B017B100F500359240058
:1024A00083DE27000356040003D507001317090134
:1024B00093960E01336EC70033E8A600FB180E5941
:1024C0007B13003893DF0801231014012311F4015A
:1024D000935D0301239067002391B7019385F5FF76
:1024E000130444009387470093894900E39E05F253
:1024F000639E0AB46FF0CFD9171C0100032C4C3D2A
:1025000083240C00130670019305100083A6C400F9
:102510001705010013054543EF20106483230C00C9
:10252000930510001306000283A6C30017050100DF
:1025300013050543EF205062832D0C000324814FC7
:102540008320C14F83A5CD008324414F0329014F30
:102550008329C14E032A814E832A414E032B014E0B
:10256000832BC14D032C814D832C414D032D014DF7
:10257000832DC14C1305A000130101506F20D03EE4
:1025800093021000E3145D063308140033051800AD
:10259000B70C0100B3061500138E09001383090060
:1025A000B74B0000938EFCFF031F0400831524002B
:1025B000931FDF00139BD5003389EF41B30DBB4060
:1025C000330D7901B3807D01135AFD4093D3F04060
:1025D000231044012311740083120800831828007B
:1025E0001397D2009397D800B30C5740338F1741FD
:1025F000B3857C01B30F7F0113DBF54013D9FF4096
:102600002310680123112801831D0500031D2500E7
:102610009390DD00131ADD00B383B041B302AA41E9
:10262000B3887301B387720113D7F84093DCF74086
:102630002310E50023119501039F0600839F2600C8
:10264000131BDF009395DF003309EB41B38DF54198
:10265000330D7901B3807D01135AFD4093D8F040CA
:1026600023904601239116018353280083D7290024
:102670008352080083DC090013970301139F0701AD
:10268000B36F5700336B9F017B996F1983552500FA
:10269000835D2300035D05008350030093930501D0
:1026A00093970D01B3E2A301B3EC17007B9F92193E
:1026B000835F2E00035B0E00337ADA0193980801E2
:1026C00093950F0133671A01B3ED65017B1DB719AF
:1026D000835024008353040093970001B3EC7700E8
:1026E000FB92EC297B9FEC21935F0F012310E40107
:1026F0002311F4017B1BA9217B19A9297B1A6F29BE
:1027000093580A0123104501231115018355240014
:102710000357040093894900939D05011303830027
:10272000130ECE0033EDED00FB106D2193930201EB
:102730009317090193DC0301935F090193D202010E
:1027400013DF070113DB00012310140023116401C0
:102750003389FC41338AE201231028012311480107
:10276000B388FC01B385E241239016012391B600A2
:102770001306F6FF13044400130848001305450030
:1027800093864600E31206E263920A8C6FF04FB024
:10279000032F8AB8032BCAB893102E00938BC0FF67
:1027A000B30E6F0393D72B0003270AB89382170049
:1027B00093FF720083274AB833081700939C2E00BA
:1027C00063840F0C1303100063826F0A93082000C8
:1027D00063821F09930530006382BF061306400021
:1027E0006382CF041304500063828F02930660005B
:1027F000E39CDF6A03DE070013074700231EC7FFC1
:1028000003DD2700B3879701231FA7FF83D30700AA
:1028100013074700231E77FE83DD2700B387970148
:10282000231FB7FF03DF070013074700231EE7FF3F
:1028300003DB2700B3879701231F67FF83D00700BF
:1028400013074700231E17FE83DB2700B38797017A
:10285000231F77FF83DE070013074700231ED7FFE0
:1028600083D22700B3879701231F57FE83DF07001A
:1028700013074700231EF7FF03D32700B3879701F1
:10288000231F67FE6306E80A83D80700B385970114
:1028900013070702231017FF03D42700338695017F
:1028A000B3069601231187FE03DA0500B38996016A
:1028B000338D9901231247FF03DE2500B3039D01E9
:1028C000B38D93012313C7FF035F0600B3879D01F8
:1028D0002314E7FF035B2600231567FF83D0060060
:1028E000231617FE83DB2600231777FF83DE0900FC
:1028F0002318D7FF83D22900231957FE835F0D00C9
:10290000231AF7FF03532D00231B67FE83D8030010
:10291000231C17FF83D52300231DB7FE03D60D000C
:10292000231EC7FE03D42D00231F87FEE31EE8F4F9
:10293000B30A590113992A0013080948930C01049A
:10294000B30798011307100023AEE7B8930A0500F8
:102950006FE0DFEFB70E0100131D3D003306570097
:10296000138809001309AFAA37450000138EFEFF34
:102970008316040003132400B38F2603B30D23032F
:10298000B385AF0093D7F5402310F400B380AD00BA
:1029900093D3F0402311740083120700031B270018
:1029A000B38B2203330F2B03B38EAB0093D6FE40C1
:1029B0002310D7003303AF00935FF3402311F701D7
:1029C000831D060083152600B3872D03B3802503DE
:1029D000B383A70013DBF34023106601B382A0008A
:1029E00093DBF24023117601035F270083DE290089
:1029F0008356070003D30900931D0F01939F0E0117
:102A0000B3E5DD00B3E76F00FB90F51883532800B2
:102A100083520800337BCB01939B0B01139F03016F
:102A2000B36E7B01B3665F007B93DE18FB9D602075
:102A3000FB9F60288355040093970D0193D00741B5
:102A400093D31040B382754023105700035B2400DA
:102A500093DB1D41B3894901330F7B412311E7010A
:102A6000835E2400835604003308A80113930E01EB
:102A7000B365D300FB9DB52193D70F41B380970376
:102A8000939F0F0193D30F4193D20D012311540053
:102A90002310B401035B0700130646001307470029
:102AA0009388F8FFB38B9303338FA000935EFF40AE
:102AB00093960E0113D30601B3056301231EB6FEE0
:102AC000835DE7FF13044400B387AB0093D0F74066
:102AD000939F000193D30F01B3827D40231F56FEC5
:102AE000035BC7FF835BE7FF330F6B40B38E73015C
:102AF000231EE7FF231FD7FFE39C08E663840A0039
:102B00006FE0DFD46FE0DFF8131D2D00031F04001A
:102B1000031524001319EF001317E500B30EE94164
:102B20003306A740B3861E00330E160013D8F640B6
:102B30009358FE402310040123111401039307004E
:102B4000839F2700931DE3009393EF00338A6D402A
:102B5000B382F341330B1A00B38C1200935BFB403A
:102B600013DFFC40239077012391E70103D529006F
:102B700003D9090013170501B36E27017B900E508E
:102B80000356240083D62700035E040003D8070001
:102B90009318060113930601B3EFC801B36D030147
:102BA000FB93BF597B1A003893D2030123107400A2
:102BB00023115400135B0A012390470123916701FD
:102BC0009385F5FF1304440093874700B389A90157
:102BD000E39E05F263840A006FE05FC76FE05FEB7E
:102BE00033031400B308130037070100B38718003C
:102BF000138F0900938E0900B74D0000130EF7FFE5
:102C0000031D0400831024009313DD00939FD00064
:102C1000B382A341338B1F403389B201330ABB0116
:102C20001358F9401355FA40231004012311A4004E
:102C3000031D0300831023009316DD001397D000BB
:102C4000B383A641B30F1740B382B301338BBF01E7
:102C500013D9F240135AFB402310230123114301DF
:102C60000398080003952800131DD8009310D50081
:102C7000B3060D413387A040B383B601B30FB7014C
:102C800093D2F34013DBFF40239058002391680157
:102C900003990700039A27001318D9001315DA00C7
:102CA000330D2841B3004541B306BD013387B00160
:102CB00093DFF6401358F7402390F7012391070163
:102CC0008353230083D22900035B030003D9090047
:102CD000139A030113950201336D6A01B360250154
:102CE000FB131D1883D6280003D72E0003DB080032
:102CF00003DA0E0013990601931207013365690187
:102D000033ED4201FB10A51903572F00035B0F00A1
:102D1000B3FFCF0113180801131A0701B3E60F011F
:102D200033696A017B952619035D240083520400F0
:102D300013170D01336B5700FB1F1B28FB101B20C3
:102D400013D8000123101400231104017B9AA3203F
:102D5000FB96A3287B9940299353090123902801CE
:102D60002391780003552400035D0400B3897901A1
:102D700093120501B38E9E01330FBF0033E7A2010A
:102D80007B1B472193900F01139A060113D906016B
:102D900013D8000193DF0F0193560A0193530B01DF
:102DA000231064012311740033052801338DDF40A3
:102DB0002310A3002311A30133072841B382DF00AE
:102DC0002390E700239157001306F6FF13044400F5
:102DD000130343009388480093874700E31206E2F9
:102DE00063840A006FE09FA66FE09FCA330314005C
:102DF000B3081300B7030100B3871800138F09004D
:102E0000938E0900374E00001385F3FF0319040069
:102E1000031B2400931DD900931FDB00338A2D412F
:102E2000338D6F41B306CA013308CD0193D0F6400C
:102E30001357F8402311E4002310140083130300F8
:102E4000831223001399D300139BD200B30D794052
:102E5000B30F5B40338ACD01338DCF019356FA40D7
:102E60001358FD402310D300231103018390080061
:102E7000839328009392D0001397D3003389124094
:102E8000330B7740B30DC901B30FCB0113DAFD400B
:102E900013DDFF40239048012391A8010398070008
:102EA000839027009316D8009393D000B3820641F5
:102EB000338713403389C201330BC701935DF94057
:102EC000935FFB402390B7012391F701035D23003B
:102ED00003D82900035A030083D0090093160D017B
:102EE00093120801B3E3460133E712007B9DE31818
:102EF00003D9280003D82E0003DB080003DA0E00F4
:102F00009310090193160801B3E36001B3E246018F
:102F10007B99531803572F0003580F00B3FDAD00E2
:102F2000939F0F01131B070133EAFD01B3600B01EF
:102F3000FB161A18835324008352040013970301CD
:102F400033685700FB1D2829FB1F282113D90F01C7
:102F50002310F401231124017B1BDD207B1DDD28C0
:102F60007B9A6F2993500A012390480123911800FE
:102F70008356240083530400B38979019392060198
:102F8000B38E9E01330FBF0033E772007B186721B9
:102F900013590D01939F0D01131D0D0113DB0F013B
:102FA00093DD0D0193500D01135A08012310040104
:102FB00023114401B3062B41B3831D002310D3001A
:102FC0002311730033072B01B3821D402390E700C8
:102FD000239157001306F6FF130444001303430024
:102FE0009388480093874700E31206E263840A004F
:102FF0006FE0DF856FE0DFA9B30B6D03B7860000DC
:103000009380F6FFB7030100931F2B00338EAD00B2
:10301000930500009307000023241100374F0000A0
:10302000938CF3FF9302450093880A0013870400F2
:10303000635E40BBB30AAE409384CAFF832E810017
:1030400013D32400937D1300B3CA4E031308050065
:103050001303040063940D04831604000316240074
:10306000130845003303F401B3805603B30356033A
:10307000B384E00193DDF440939E0D0193D60E01DD
:10308000B3F096013386E3019353F6409394030122
:10309000B3ED90002320B501630AC807831603002F
:1030A00083102300B30EF301B384560303960E007E
:1030B00083932E003383FE0113088800B38D5003E1
:1030C000B38EE40193D6FE40B3F496013306560363
:1030D000B380ED0193DDF040939E0D01B3E6D40182
:1030E000232CD8FEB3835303B304E60113D6F44074
:1030F000B3709601B38DE30193DEFD4093960E010C
:10310000B3E3D000232E78FEE31AC8F983540500F8
:10311000835A250013081000231094002311540132
:103120001306040063040AAD938E050093030400A4
:103130009300000023261101930D0B00130B1000C8
:10314000B3086A4113F818001383020093060000C5
:10315000630E080493860E0063C42E01B3862E41CD
:10316000139B26003383690103582300035B03008C
:1031700083A8020013130801336863017B9B0819BD
:10318000835826000353060013980801B3686800AB
:103190007B9B682113530B012310660123116600EA
:1031A000130B200013834200630C6A0B232271006F
:1031B000B386D60163C42601B386264193932600C5
:1031C00033887900835828000358080083230300BC
:1031D0009398080133E80801FB9803190358260067
:1031E0008353060013180801B36378007B981321FA
:1031F000935808012310060123111601B386D60146
:103200001303430093031B0063C42601B3862641C6
:10321000139B26003388690183582800035808004F
:10322000032B03009398080133E80801FB180B19DE
:1032300003582600035B060013180801336B68016E
:103240007B181B2193580801231006012311160136
:10325000138B130013034300E31C6AF5832341001F
:1032600093801000B383F301B38E7E01630C1A9632
:103270001386030023909300239153016FF01FECFA
:1032800093171D00338FA70113192D0013153D004F
:10329000131D4D00232231012324A10323263101D4
:1032A000138D090023243101B7090100B72600005E
:1032B00093152F001386F9FF232C21012320A1024F
:1032C0002326B102232A0100938D9699B74B000063
:1032D0002328C102232C5103232E910283140400BE
:1032E000831A24003387B403338ABA03330E770179
:1032F0009353FE4023107400B30E7A0193D2FE4024
:1033000023115400031F080083172800B306BF03CE
:103310003389B703338576019355F5402310B80000
:10332000B309790113D6F9402311C800839408002A
:10333000839A28003387B403338ABA03330E7701A4
:103340009353FE4023907800B30E7A0193D2FE404F
:1033500023915800031F0300831723008322410099
:10336000B306BF033389B703338576019355F54020
:103370002310B300B309790113D6F9402311C30018
:1033800083940F00839A2F003387B403338ABA03E0
:10339000330E77011359FE4023902F01B3037A01B6
:1033A00013D5F3402391AF00835E280003DF220092
:1033B0008356080083D9020093970E0193150F01DD
:1033C0000317240033E6D700B3E43501FB1A96183F
:1033D00003DA280083532D0083DE0800035E0D000E
:1033E00093120A01139F0301B3E6D201B369CF011F
:1033F000FB9736190326810083552300035A0300E7
:103400008354260083530600939E0501139E0401F6
:10341000B3E24E01336F7E00FB95E2198326C100B3
:10342000032601031315050183D9260083D4060062
:103430003379C900139A0901B363A900B36E9A00E6
:103440007B9ED3197B9ACA2193590A017B9FCA2973
:103450007B99B720935A0901FB97B7289315090167
:1034600093D30541832501019396090193940A01A1
:1034700093DE064113160F0193D40441131707017D
:103480001355064193560F413386BE02135F070161
:1034900083550400B3093F0193120A01B38A59010D
:1034A000330A2A013389450123115401832A01017A
:1034B00033871402330676012310240113DE024100
:1034C000135AF6409392070193D2024193D70741D2
:1034D000330977011357F9403306EA00B3095E0355
:1034E000330ACF0013190A0133871302B389790114
:1034F00013D6F940330A77011357FA403306E60032
:10350000338AC50013170A01B3096503135607016F
:103510003369C900338A9203B389790113D7F9401B
:10352000330A7A019359FA4033073701330AE040EE
:103530003386660393190A013387970333067601AE
:103540001356F640330A77011357FA403306E60064
:10355000131A060113570A0133E6E900FB19C928BB
:1035600013DA090123103801231148017B17C92000
:10357000B38E1E02135907012390EF0023912F01F0
:10358000B384540333867E019359F640330E1E02F2
:10359000338A74011357FA40B38EE900330FDF0109
:1035A00013190F01B3835303B30A7E0193D4FA4076
:1035B000B3876703338673019359F640338E340122
:1035C000B385C501139A050113570A01B36EE900CB
:1035D000B3869603338677019359F64033059503F6
:1035E000338E76019355FE40338AB94013170A0192
:1035F000B3826203330F75011359FF40B383720125
:1036000093DAF340B304594113950401935207012F
:10361000336F55007B99EE219357090123902801C0
:103620002391F800FB9EEE29832A410103254100E6
:10363000032E81000327C100832681018325C10257
:1036400083228102832901020329C10193D30E0140
:1036500093841A003306D500330ABE00330F570097
:103660002310D30123117300232A91002322C100C8
:10367000232441012326E1011304440013084800D8
:103680009388480013034300938F4F00330D3D018F
:10369000E31699C4832A81038324C10363840A0047
:1036A0006FE0CF9A6FE0CFBE83D9070013074700C2
:1036B000231E37FF03DA2700B3879701231F47FF35
:1036C0006FF04F9317040100032484208329040022
:1036D000130670019305100083A6C90017F50000BA
:1036E0001305452AEF105047032A040093051000E4
:1036F000130690018326CA0017F500001305052A5A
:10370000EF109045032D04001305A0008325CD0084
:10371000EF10902563840A006FE04F936FE04FB77E
:10372000130101FE232C810093073500232E110085
:103730001304050013952700638006066302060440
:1037400083A0060063EEA00223A0A60013050600D6
:103750008320C101232085000324810197020100F9
:1037600083A2C216170301000323C3162322B50048
:103770002326550023246500130101026780000001
:1037800023A0A600130500008320C10103248101AA
:1037900013010102678000002326B100EF0050648E
:1037A0008325C100E31605FA130500006FF0DFFD65
:1037B000130101FE232C810023263101232E110049
:1037C00013040500938906006384C50283268400E0
:1037D00013070400032481018320C101130506009F
:1037E000138609008329C100130101026FD05FEF26
:1037F000232A9100938405006382050603250500B2
:103800002328210113152500EF00905D1309050001
:103810006308050A83268400130704001386090041
:1038200093850400EFD0DFEB032604009305090025
:103830001385040013162600EF20007E0324810167
:10384000832441018320C1018329C100130509009C
:1038500003290101130101026F005059970901006A
:1038600083A9090783A009001306700193051000BE
:1038700083A6C00017F5000013050514EF10D02D26
:1038800083A30900930510001306100183A6C3004B
:1038900017F500001305C513EF10102C83A50900C0
:1038A000832441011305A00083A5C50003248101E1
:1038B0008320C1018329C100130101026F10D00AC6
:1038C000170401000324C4008327040013067001B9
:1038D0009305100083A6C70017F500001305851097
:1038E000EF10902783220400930510001306800137
:1038F00083A6C20017F5000013054510EF10D02570
:103900000323040083244101032901018325C3000B
:103910001305A0006FF09FF91300000013000000D2
:10392000130101FF23248100232611001304050045
:103930006382C502832684001307040003248100E8
:103940008320C100130506001306100013010101B6
:103950006FD01FD923229100938405006380050650
:10396000032505002320210113152500EF005047F2
:10397000130905006304050A832684001307040065
:103980009385040013061000EFD09FD50326040092
:10399000930509001385040013162600EF20C06765
:1039A00003248100832441008320C1001305090002
:1039B00003290100130101016F0050439704010026
:1039C00083A404F183A00400130670019305100082
:1039D00083A6C00017F50000130505FEEF10D017F1
:1039E00083A30400930510001306100183A6C300EF
:1039F00017F500001305C5FDEF10101683A5040090
:103A0000832441001305A00083A5C5000324810081
:103A10008320C100130101016F100075170401001C
:103A2000032404EB832704001306700193051000A0
:103A300083A6C70017F500001305C5FAEF10D011D3
:103A400083220400930510001306800183A6C200A0
:103A500017F50000130585FAEF101010032304007A
:103A600083244100032901008325C3001305A0001E
:103A70006FF0DFF9130000001300000013000000D6
:103A80006780000013000000130000001300000016
:103A900093771500930630001307500013081000A9
:103AA000639407189307050013D6F701B302F600D5
:103AB00093D7124013D3F70193F51700B303F30024
:103AC0006394050893D7134093D8F70193FE17002A
:103AD000338EF800639A0E0693571E4013DFF701EA
:103AE00013F61700B30FFF006310060693D71F40AD
:103AF00093D2F70193F317003383F2006396030424
:103B00009357134093D5F70113FE1700B388F500C0
:103B1000631C0E0293D7184093DEF70193FF170042
:103B2000338FFE0063920F0293571F4013D6F701A5
:103B300013F31700B302F6006318030093D7124083
:103B400093F31700E38203F6B3E5D7026392050609
:103B5000B3C7D702B3E8D702639C0804B3C7D70240
:103B600033EED70263160E04B3C7D702B3EED70203
:103B700063900E04B3C7D70233EFD702631A0F0264
:103B8000B3C7D702B3EFD70263940F02B3C7D7020C
:103B900033E6D702631E0600B3C7D702B3E2D702EB
:103BA00063980200B3C7D70233E3D702E30203FAF4
:103BB000B3E3E70263920306B3C7E702B3E5E702A4
:103BC000639C0504B3C7E702B3E8E7026396080401
:103BD000B3C7E70233EEE70263100E04B3C7E70290
:103BE000B3EEE702639A0E02B3C7E70233EFE702D0
:103BF00063140F02B3C7E702B3EFE702639E0F003F
:103C0000B3C7E70233E6E70263180600B3C7E7026B
:103C1000B3E2E702E38202FA635CF80013051500E1
:103C200093771500E38007E8930705006FF0DFF155
:103C3000678000001308000063C6051263DC0600FD
:103C4000B337C000B306D0401348F8FFB386F64040
:103C50003306C040930806001307050013830500D0
:103C6000639A060E63F4C516B70701006364F62273
:103C7000B7070001930680016374F6009306000104
:103C8000B7370180335ED600938747A1B387C7015A
:103C900083C70700130E0002B387D700B306FE40A8
:103CA000630CFE003393D500B357F500B318D6006C
:103CB00033E367003317D50013D608013355C30229
:103CC0009396080193D60601935707013373C302F5
:103CD000B385A60213130301B3E7670063FCB700C3
:103CE000B387F8001303F5FF63E4170163E6B740F9
:103CF00013050300B387B740B3D5C70213170701F5
:103D000013570701B3F7C702B386B60293970701AB
:103D10003367F700637ED7003387E8009387F5FFAA
:103D2000636617019385E5FF6364D70093850700F9
:103D3000131505013365B50093050000630A0800FB
:103D4000B337A000B305B040B385F5403305A040BC
:103D50006780000063F4D50293050000130500009E
:103D60006FF0DFFDB337A000B305B040B385F54079
:103D70003305A0401308F0FF6FF05FECB7070100B8
:103D800063E8F61EB70700019308800163F4F600AC
:103D900093080001B737018033D71601938747A1F5
:103DA000B387E70003C70700930700023307170133
:103DB000B388E7406396E71C63E4B6303335C5004B
:103DC00013351500930500006FF05FF7630C060CC8
:103DD000B7070100637CF62C13330610133313006E
:103DE00013133300B3566600B7370180938747A19A
:103DF000B387D70083C6070093070002B386660027
:103E0000B38ED7406394D70CB386C54013530601D5
:103E100013160601135606019305100033D56602EA
:103E200093570701B3F66602330EC5029396060157
:103E3000B3E7D70063FCC701B387F8009306F5FF2B
:103E400063E4170163E4C72B13850600B387C741FA
:103E5000B3D667021317070113570701B3F76702B9
:103E60003386C602939707013367F700637EC70066
:103E70003387E8009387F6FF636617019386E6FFB2
:103E80006364C70093860700131505013365D500E9
:103E90006FF0DFEA9336061093B61600939636005D
:103EA0006FF01FDEB737018093060000938747A1AC
:103EB000B387D70083C607001303000093070002EF
:103EC000B3866600B38ED740E380D7F4B318D6012B
:103ED00033DED50013D30801B3576E0213960801E1
:103EE00013560601B356D5003317D501B395D50146
:103EF000B3E6B60093D50601337E6E023305F602B3
:103F0000131E0E01B3E5C50163FEA500B385B8001D
:103F1000138EF7FF63E4151D63F2A51C9387E7FF7B
:103F2000B3851501B385A54033D565029396060187
:103F300093D60601B3F56502330EA60293950501EB
:103F4000B3E6B60063FEC601B386D8009305F5FF5D
:103F500063EE161763FCC6171305E5FFB38616015B
:103F600093950701B386C641B3E5A5006FF01FEB3B
:103F700093B8061093B81800939838006FF09FE13B
:103F8000B35EE600B3961601B3EEDE0033D3E50070
:103F900013DF0E01B357E303139E0E01B395150112
:103FA000135E0E013357E5003367B70093560701E0
:103FB000331616013373E303B305FE021313030133
:103FC000B3E6660063FEB600B386DE001383F7FF38
:103FD00063EAD61163F8B6109387E7FFB386D6017C
:103FE000B386B640B3D5E60313170701135707018D
:103FF000B3F6E6033303BE02939606013367D70098
:10400000637E67003387EE009386F5FF6364D70D08
:104010006372670C9385E5FF3307D7019397070118
:10402000370F0100B3E7B7009306FFFFB3F5D700E2
:1040300013DE0701B376D60013560601B38ED50200
:1040400033076740B306DE0213D30E01B385C50202
:10405000B385D500B305B300330ECE0263F4D500AB
:10406000330EEE0193D60501B386C601636AD7020B
:104070006308D70013850700930500006FF01FCC7D
:10408000B70601009386F6FF33F7D5001317070133
:10409000B3FEDE00331515013307D701E37CE5FCE1
:1040A0001385F7FF930500006FF05FC9B7070001A4
:1040B000637AF60493560601130300016FF0DFD212
:1040C00093050000130510006FF05FC7138505000E
:1040D0006FF01FE9938506006FF05FF493070E0001
:1040E0006FF05FE4930703006FF09FEF1305E5FFA8
:1040F000B38717016FF09FD51305E5FFB38717014D
:104100006FF05FBF93568601130380016FF0DFCD20
:104110001308060093080500138705006390060E38
:1041200063FEC512B7070100636EF61EB7070001F4
:10413000930680016374F60093060001B73701808F
:104140003353D600938747A1B387670083C707001F
:1041500013030002B387D700B306F340630CF300E8
:104160003397D500B357F5003318D60033E7E7008F
:10417000B318D500135608013355C702931608012A
:1041800093D6060193D708013377C702B385A602F9
:1041900013170701B3E7E70063FCB700B307F800A4
:1041A0001307F5FF63E4070163E0B73E130507005B
:1041B000B387B74033D7C7029398080193D8080153
:1041C000B3F7C702B386E60293970701B3E8F80096
:1041D00063FED800B30818019307F7FF63E60801F0
:1041E0001307E7FF63E4D8001387070013150501E1
:1041F0003365E500930500006780000063F8D50093
:10420000930500001305000067800000B707010058
:1042100063E8F61EB70700011308800163F4F60097
:1042200013080001B737018033D70601938747A1F0
:10423000B387E70003C707009307000233070701AE
:104240003388E7406396E71C63E4B6303335C50036
:10425000133515009305000067800000630C060C01
:10426000B7070100637CF62C1337061013371700CD
:1042700013173700B356E600B7370180938747A17D
:10428000B387D70083C7070093060002B387E70010
:10429000B38EF6406394F60CB387C540935606017F
:1042A00013160601135606019305100033D5D702E5
:1042B00013D70801B3F7D7023303C5029397070159
:1042C000B367F70063FC6700B307F8001307F5FF57
:1042D00063E4070163E4672A13050700B3876740B7
:1042E00033D7D7029398080193D80801B3F7D702C0
:1042F0003306C70293970701B3E8F80063FEC800CE
:10430000B30818019307F7FF63E608011307E7FFF7
:1043100063E4C80013870700131505013365E50042
:10432000678000009336061093B616009396360009
:104330006FF0DFE0B737018093060000938747A155
:10434000B387D70083C70700130700009306000256
:10435000B387E700B38EF640E380F6F43318D60156
:1043600033D3F50093560801335ED30213160801C8
:10437000B395D50113560601B357F500B3E7B7005F
:1043800013D70701B318D5013373D302B305C6039E
:104390001313030133676700637EB7003307E80038
:1043A0001305FEFF6364071D6372B71C130EEEFF57
:1043B000330707013307B7403355D70293970701F7
:1043C00093D707013377D7023303A60213170701E8
:1043D000B3E7E70063FE6700B307F8001307F5FFD4
:1043E00063EE071763FC67161305E5FFB387070144
:1043F00093150E01B3876740B3E5A5006FF01FEB7F
:1044000013B8061013381800131838006FF09FE126
:10441000335EE600B3960601336EDE00B3D8E500E6
:10442000935E0E01B3D7D80313130E01B3950501A4
:10443000135303013357E5003367B7009356070161
:1044400033160601B3F8D803B305F30293980801B5
:10445000B3E6160163FEB600B306DE009388F7FFED
:1044600063EAC61163F8B6109387E7FFB386C60107
:10447000B386B640B3D5D603131707011357070108
:10448000B3F6D603B308B302939606013367D70099
:10449000637E17013307EE009386F5FF6364C70D53
:1044A0006372170D9385E5FF3307C70193970701E3
:1044B000B70E0100B3E7B7009386FEFFB3F5D70050
:1044C00013D30701B376D60013560601338ED502F7
:1044D00033071741B306D30293580E01B385C502C3
:1044E000B385D500B385B8003303C30263F4D500A8
:1044F0003303D30193D60501B3866600636AD702FE
:104500006308D7001385070093050000678000004B
:10451000B70601009386F6FF33F7D500131707019E
:10452000337EDE00331505013307C701E37CE5FC6C
:104530001385F7FF9305000067800000B7070001AF
:10454000637AF60493560601130700016FF0DFD279
:104550009305000013051000678000001305070095
:104560006FF01FE9938506006FF05FF4130E0500EE
:104570006FF05FE4938708006FF09FEF1305E5FF8E
:10458000B38707016FF09FD51305E5FFB3870701D8
:104590006FF01FC293568601130780016FF0DFCDC5
:1045A00093050500930600001306000013050000A4
:1045B0006F109049130101FF93050000232481002F
:1045C0002326110013040500EF10905183A781F5F5
:1045D00063840700E780070013050400EFC04F8DD8
:1045E0009305050003A541F46F0000019305050044
:1045F00003A541F46F109075130101FD232E3101C5
:104600002326110223248102232291022320210345
:104610009387B50013076001930905006360F708ED
:104620009307000163E0B720EF0000789307800153
:10463000930520009304000113898182B307F900D8
:1046400003A44700138787FF6300E43483274400F3
:104650008326C4000326840093F7C7FFB307F40042
:1046600003A747002326D60023A4C600136717001C
:104670001385090023A2E700EF00407313058400AF
:104680008320C10203248102832441020329010201
:104690008329C101130101036780000093F487FFA0
:1046A00063C2071863E0B418EF0000709307701F2F
:1046B00063F6973E93D79400638E07161307400066
:1046C000636CF73293D7640093859703138887034D
:1046D00013963500138981823306C90003244600EE
:1046E000130686FF630886021305F0006F00400181
:1046F0008326C40063560728630ED6001384060081
:104700008327440093F7C7FF33879740E352E5FEC2
:10471000930508000324090193088900630E1425FA
:10472000832744009306F00093F7C7FF3387974031
:1047300063CCE636232A1901232819016350073474
:104740001307F01F032549006368F72413F787FF59
:10475000130787003307E9008326070013D65700A5
:1047600093071000B397C7003365F500930787FFE1
:104770002326F4002324D4002322A9002320870029
:1047800023A6860093D72540130610003316F600A3
:10479000636AC50AB377A60063940702131616006E
:1047A00093F5C5FFB377A60093854500639A07008C
:1047B00013161600B377A60093854500E38A07FE1B
:1047C0001308F00013933500330369001305030049
:1047D0008327C500138E05006302F52403A7470055
:1047E0001384070083A7C7001377C7FFB30697405A
:1047F0006342D824E3C206FE3307E4008326470061
:10480000032684001385090093E616002322D700AF
:104810002326F60023A4C700EF00405913058400A7
:104820006FF01FE69307C00023A0F90013050000F6
:104830006FF01FE513060020930500041308F00332
:104840006FF05FE903248900232861018327440076
:1048500013FBC7FF63689B0033079B409307F0007F
:1048600063CAE70C23229101232A510103A7C1F354
:1048700083AA41F5232C4101232671019307F0FF00
:10488000330A6401B38A54016306F73CB71700008A
:104890009387F700B38AFA00B7F7FFFFB3FAFA007D
:1048A00093850A0013850900EF10804D9307F0FFF0
:1048B000930B0500630AF54423248101636E4523AD
:1048C000138C81F683250C00B385BA002320BC002D
:1048D000138705006316AA2A931745016392072AD6
:1048E000832B8900B3075B0193E7170023A2FB002A
:1048F00083A601F563F4B60023A8B1F483A6C1F43E
:1049000063F4B60023A6B1F4032C810013840B00DA
:1049100093F7C7FF3387974063EA97389307F00010
:1049200063D6E738032A8101832A4101832BC10022
:10493000832C410093E714002322F400B304940075
:1049400023249900136717001385090023A2E400AC
:10495000EF00C0458320C1021305840003248102B7
:10496000032B010183244102032901028329C10190
:104970001301010367800000032549006FF09FE0E9
:10498000032684006FF09FCD03A4C7009385250004
:10499000E38287D86FF09FCB13D797009306400030
:1049A00063F2E6149306400163E4E6321306C7059A
:1049B0009306B705131636003306C9000327060011
:1049C000130686FF6318E6006F004029032787005F
:1049D0006308E6008326470093F6C6FFE3E8D7FEA8
:1049E0000326C7002326C4002324E40023248600D2
:1049F000232687006FF01FD9130740016378F71053
:104A0000130740056364F72E93D7C4009385F70618
:104A10001388E706139635006FF0DFCB130E1E00E8
:104A200093773E0013058500638007108327C50038
:104A30006FF09FDA0326840093E514002322B4006C
:104A40002326F60023A4C700B3049400232A990068
:104A50002328990093E7160023A6140123A4140128
:104A600023A2F4003307E400138509002320D700B4
:104A7000EF00C033130584006FF09FC0B307F4004C
:104A800003A74700138509001367170023A2E70057
:104A9000EF00C031130584006FF09FBE93D5340042
:104AA000938784006FF05FB993E614002322D4004B
:104AB000B3049400232A99002328990093661700D1
:104AC00023A6140123A4140123A2D400B307F400E5
:104AD0001385090023A0E700EF00402D1305840093
:104AE0006FF01FBA13D76700130697039306870367
:104AF000131636006FF05FEC630C24070324890063
:104B0000032C8100832744006FF09FE09385C70545
:104B10001388B705139635006FF0DFBB832783003A
:104B20009385F5FF639E672693F73500130383FF94
:104B3000E39607FE032749009347F6FFB3F7E70024
:104B40002322F90013161600E3EEC7CEE30C06CEBF
:104B50003377F600631A0700131616003377F60052
:104B6000130E4E00E30A07FE93050E006FF09FC57B
:104B7000138C81F603270C003387EA002320EC0016
:104B800083A6C1F39307F0FF6386F618B3874B4102
:104B9000B387E7002320FC0093FC7B00638C0C0CA4
:104BA000B38B9B41B717000093878700938B8B00D3
:104BB000B3859741B38A5B01B38555419395450110
:104BC00013DA450193050A0013850900EF10401B15
:104BD0009307F0FF6300F51833057541B30A4501EB
:104BE00003270C002324790193E71A00B305EA0098
:104BF0002320BC0023A2FB00E30C24CF9306F0008B
:104C000063F0660B0327440093074BFF93F787FF7E
:104C1000137717003367F7002322E40013065000D0
:104C20003307F4002322C7002324C70063E6F600FD
:104C300083A74B006FF0DFCB930584001385090039
:104C4000EF10D010832B890083250C0083A74B0025
:104C50006FF01FCA938A0A016FF09FC493D6264053
:104C600093071000B397D7003365F5002322A900FE
:104C70006FF05FD7B3855B01B305B04093954501F5
:104C800013DA450193050A0013850900EF10400F60
:104C90009307F0FFE312F5F4130A00006FF05FF4DE
:104CA000032C81009307100023A2FB001385090049
:104CB000EF00C00F13050000032A8101832A410180
:104CC000032B0101832BC100832C41006FF05F9BFC
:104CD0009306400563E4E60413D7C7001306F706FE
:104CE0009306E706131636006FF01FCD1307401525
:104CF0006364F70493D7F4009385870713887707D5
:104D0000139635006FF01F9D03248900832744000C
:104D10006FF01FC023AE71F36FF01FE893064015CC
:104D200063E4E60413D7F7001306870793067707B3
:104D3000131636006FF05FC8130740556364F7041D
:104D400093D724019385D7071388C7071396350097
:104D50006FF05F98938C8CFFB38A9A01B38A7A4183
:104D6000130A00006FF0DFE79306405563E4E602A4
:104D700013D727011306D7079306C7071316360064
:104D80006FF09FC31306803F9305F0071308E007F9
:104D90006FF05F941306803F9306E0076FF0DFC16A
:104DA000832749006FF01FDA6780000067800000EA
:104DB0001305000067800000B7A50080138601C3BB
:104DC0009385C592138501C46F000041130101FF53
:104DD00083254500232481002322910023261100EE
:104DE000138401F99304050063848500EF401034B7
:104DF00083A58400930784066386F5001385040069
:104E0000EF40D03283A5C4001304040D638E8500E7
:104E1000032481008320C100138504008324410002
:104E2000130101016F4090308320C10003248100F1
:104E30008324410013010101678000001305000075
:104E400067800000130101FE232C8100B75700800A
:104E5000138401F9938787DB232E1100232A910005
:104E600023282101232631012324410123ACF1F41D
:104E70001306800093074000930500001305C40546
:104E80002326F4002320040023220400232404000A
:104E90002322040623280400232A0400232C0400D0
:104EA000EF10C009B7070100375A0080B7590080DA
:104EB00037590080B7640080130A4A6C938989725D
:104EC0001309097B938484829387970013068000DB
:104ED000930500001305440C2320440323223403CC
:104EE0002324240323269402232AF406232E840059
:104EF0002324040623260406232804062326040C60
:104F0000232C0406232E040623200408EF1000039C
:104F1000B707020013078406938727011305C412FD
:104F20001306800093050000232444092326340936
:104F300023282409232A9408232EF40C2322E4088E
:104F40002328040C232A040C232C040C232A0412E7
:104F50002320040E2322040E2324040EEF00107ECF
:104F60009307040D2328440F232A340F232C240FE6
:104F7000232E940E8320C1012326F40E03248101E5
:104F800083244101032901018329C100032A8100EF
:104F9000130101026780000083A781F5130101FE60
:104FA00023263101232E1100232C8100232A910076
:104FB00023282101930905006386070E138901C385
:104FC0009304F0FF83274900032489009387F7FFA8
:104FD00063D807006F00000813048406638C9706EB
:104FE0000317C4009387F7FFE31807FEB707FFFF17
:104FF000938717002326F4002322040623200400AD
:10500000232404002322040023280400232A04006C
:10501000232C040013068000930500001305C4052B
:10502000EF00D07123280402232A0402232204045F
:10503000232404048320C1011305040003248101F7
:1050400083244101032901018329C10013010102C5
:1050500067800000032409006306040013090400AC
:105060006FF05FF69305C01A13850900EFF0CFD8F3
:1050700013040500630C05021305C50093074000E7
:10508000232004002322F4002324A4001306001A82
:1050900093050000EF00906A2320890013090400A3
:1050A0006FF05FF2EFF01FDA6FF05FF1232009007D
:1050B0009307C00023A0F9006FF0DFF783274503B3
:1050C000638407006780000003A781F5B75700805D
:1050D0009387C7DC232AF502E31607FE6FF09FD6FD
:1050E0006780000067800000B7550080138601C309
:1050F000938505DB130500006F00000EB755008097
:10510000138601C39385C5E3130500006F00C00C2F
:10511000130101FE232C8100232E1100130405002E
:105120006306050083274503638C0700130504000D
:10513000032481018320C101130101026F00803724
:105140002326C1002324B100EFF05FF7130504000C
:10515000032481010326C100832581008320C1012E
:10516000130101026F000035130101FE232A910093
:1051700083A441F4232C8100232E11001304050085
:10518000138605006386040083A744036380070237
:1051900093050400032481018320C10113850400C9
:1051A00083244101130101026F00C0301385040004
:1051B0002326B100EFF09FF0930504000324810142
:1051C0000326C1008320C10113850400832441010B
:1051D000130101026F00002E130101FD23202103A2
:1051E000232E3101232C4101232A5101232861015F
:1051F00023267101232611022324810223229102F6
:10520000130B0500938B0500930A0600130A000098
:10521000930910001309F0FF83A44A0003A48A0035
:105220009384F4FF63C804028357C40063FEF9004B
:105230008317E4009305040013050B006386270120
:10524000E7800B00336AAA009384F4FF13048406FA
:10525000E39C24FD83AA0A00E3900AFC8320C10298
:105260000324810283244102032901028329C1010D
:10527000832A4101032B0101832BC10013050A007E
:10528000032A81011301010367800000130101FB60
:10529000232021053389C6029307C1012322F1028D
:1052A000930710002324810423229104232E310329
:1052B000232EB100232611042324F10223202103ED
:1052C0002326210393090600138406009304050096
:1052D00093050700630605008327450363860706D9
:1052E0008397C500139727016342070203A745066A
:1052F000B7E6FFFF9386F6FF37260000B3E7C70047
:105300003377D7002396F50023A2E5061306410262
:1053100013850400EF405025630805008327C10270
:105320003309F940335439038320C10413050400C1
:105330000324810483244104032901048329C10334
:1053400013010105678000002326E100EFF01FD75D
:105350008325C1006FF0DFF8130101FB23229104C4
:10536000B384C502232E310383A941F49307C101FD
:105370002322F10293071000232481042320210516
:1053800023261104232EA1002324F10223209102BD
:105390002326910213890500130406009385060055
:1053A0006386090083A74903638607068397C500C0
:1053B000139727016342070203A74506B7E6FFFFDD
:1053C0009386F6FF37260000B3E7C7003377D70090
:1053D0002396F50023A2E506130641021385090072
:1053E000EF409018630805008327C102B384F4409E
:1053F00033D424038320C10413050400032481044F
:1054000083244104032901048329C10313010105F5
:1054100067800000138509002326D100EFF01FCA22
:105420008325C1006FF09FF8130101FC2324C10202
:105430002326D1022328E102232AF102232C01038F
:10544000232E110313860500832585009306810210
:10545000232E11002326D100EF10803F8320C101AD
:10546000130101046780000003A341F4130101FC50
:105470002324C1022326D1022322B1022328E102E0
:10548000232AF102232C0103232E110383258300F9
:10549000930641021306050013050300232E110095
:1054A0002326D100EF10C03A8320C101130101046B
:1054B00067800000130101FE232C8100232E1100C0
:1054C0001304050063060500832745036380070670
:1054D000832786009387F7FF2324F60063DC070009
:1054E0000327860163CAE70293F7F50F1307A000AD
:1054F0006384E7028327060013F5F50F138717006F
:105500002320E6002380B7008320C101032481010A
:1055100013010102678000001305040003248101C8
:105520008320C101130101026F0080302326C100D6
:105530002324B100EFF09FB80326C100832581002A
:105540006FF01FF9130101FE232A210103A941F481
:10555000232C9100232E11009304050063060900FB
:10556000832749036388070683A785009387F7FF8E
:1055700023A4F50063DC070003A7850163CCE702E1
:1055800093F7F40F1307A0006386E70283A70500D3
:1055900013F5F40F1387170023A0E500238097006D
:1055A0008320C101832481010329410113010102E8
:1055B000678000008320C1011386050013050900E0
:1055C0009385040003294101832481011301010211
:1055D0006F000026130509002326B100EFF01FAE6F
:1055E0008325C1006FF05FF8130101FC232C8102B9
:1055F0001304050013850500232A9102232E1102AE
:1056000093840500EF00903BB7370180938747B143
:105610002324F102930710002326F10203274403F9
:105620009307010293061500232AF1009307200037
:10563000232091022322A102232ED100232CF1004A
:1056400083258400630007068397C500139727010D
:105650006342070203A74506B7E6FFFF9386F6FFFE
:1056600037260000B3E7C7003377D7002396F5004D
:1056700023A2E5061306410113050400EF40C06EA6
:105680008320C10303248103133515003305A04093
:105690001375B500832441031305F5FF13010104BD
:1056A00067800000130504002326B100EFF01FA15E
:1056B0008325C1006FF05FF99305050003A541F450
:1056C0006FF09FF2130101FF232481001384050072
:1056D0008395E50023261100EF0000646340050276
:1056E000832704058320C100B387A7002328F4047F
:1056F0000324810013010101678000008357C40067
:1057000037F7FFFF1307F7FFB3F7E7008320C10068
:105710002316F400032481001301010167800000B7
:1057200013050000678000008397C500130101FE88
:10573000232C8100232A91002328210123263101D3
:10574000232E110013F7071013840500930405009E
:1057500013090600938906006310070437F7FFFF5B
:105760001307F7FFB3F7E7008315E4002316F400EF
:10577000032481018320C1019386090013060900D7
:105780008329C100032901011385040083244101F9
:10579000130101026F0080648395E50093062000E9
:1057A00013060000EF00C0508317C4006FF01FFB0A
:1057B000130101FF23248100138405008395E50074
:1057C00023261100EF00C04E9307F0FF6308F50297
:1057D0008357C400371700008320C100B3E7E700F8
:1057E0009397070193D707412328A4042316F400B5
:1057F0000324810013010101678000008357C40066
:1058000037F7FFFF1307F7FFB3F7E7009397070199
:1058100093D707418320C1002316F400032481009D
:1058200013010101678000008395E5006F00403699
:10583000130101FE232C8100232A9100232821013A
:10584000232E11001309050093840500130406009C
:1058500063060500832745036380071683278401B9
:105860000317C4002324F40093778700638007089C
:1058700083270401638C0706232631019316270131
:1058800093F9F40F93F4F40F63D806080327040088
:1058900083264401B307F74063D8D70A83268400E0
:1058A000130617002320C4009386F6FF2324D40098
:1058B0002300370103274401938717006302F70C85
:1058C0008357C40093F71700639A070C8329C1001C
:1058D0008320C101032481010329010113850400F0
:1058E0008324410113010102678000009305040035
:1058F00013050900EF00000E631E05080317C4001E
:1059000023263101832704019316270193F9F40F0D
:1059100093F4F40FE3CC06F68326440637E6FFFF44
:10592000B72500003367B7001306F6FFB3F6C600CD
:105930002316E400032704002322D406832644010F
:10594000B307F740E3CCD7F493050400130509002F
:10595000EF40C033631E0502032704008326840042
:1059600093071000130617009386F6FF2320C40048
:105970002324D4002300370103274401E312F7F462
:105980009305040013050900EF404030E30005F4DF
:105990008329C1009304F0FF6FF09FF39307A000E9
:1059A000E396F4F29305040013050900EF40002E7E
:1059B000E30E05F06FF0DFFDEFF04FF06FF01FEA40
:1059C0009307050003A541F413860500938507009E
:1059D0006FF01FE683A741F4130101FF2324810028
:1059E000232291002326110093040500138405004F
:1059F0006386070003A74703630C070E8317C400E1
:105A000013F78700630A07060327040163060708E4
:105A100093F61700638806028326440123240400BA
:105A200013050000B306D040232CD400630A0702FC
:105A30008320C1000324810083244100130101015C
:105A40006780000093F627001306000063940600A9
:105A5000032644012324C40013050000E31A07FCB5
:105A600013F70708E30607FC93E707042316F4007F
:105A70001305F0FF6FF0DFFB13F707016300070862
:105A800013F74700631C07020327040193E787000D
:105A90002316F400E31E07F693F6072813060020EA
:105AA000E388C6F69305040013850400EF40C07C2C
:105AB0008317C400032704016FF09FF583250403B7
:105AC000638E0500130704046388E5001385040052
:105AD000EF00D0278317C400232804020327040102
:105AE00093F7B7FD232204002320E4006FF01FFA90
:105AF00013850700EFF08FDC6FF05FF01307900065
:105B000023A0E40093E707042316F4001305F0FF35
:105B10006FF01FF29307300063FEC702B3E7A500E2
:105B200093F7370063940702930630006F0040013B
:105B30001306C6FF130545009385450063FCC600A8
:105B40000327050083A70500E304F7FE9306F6FF8D
:105B50006F00C0009306F6FF6308060293861600E6
:105B6000B306D5006F0080006380A602834705005E
:105B700003C705001305150093851500E386E7FEAE
:105B80003385E74067800000130500006780000050
:105B9000130101FF23248100232291001304050037
:105BA000138505002326110023AE01F4EFA05FAE9C
:105BB0009307F0FF630CF5008320C10003248100EC
:105BC00083244100130101016780000083A7C1F510
:105BD000E38407FE8320C1002320F4000324810016
:105BE00083244100130101016780000083A741F471
:105BF000638EA70A83254504130101FE232A910021
:105C0000232E110093040500638C05042328210131
:105C100023263101232C8100130900009309000879
:105C2000B387250103A40700630E04009305040055
:105C30000324040013850400EF005011E31804FE50
:105C400083A5440413094900E31C39FD13850400AE
:105C5000EF00D00F03248101032901018329C10032
:105C600083A584036386050013850400EF00100EEE
:105C700083A5C4046386050013850400EF00100D9E
:105C800083A74403638C07008320C10113850400AC
:105C90008324410113010102678007008320C101B1
:105CA0008324410113010102678000006780000026
:105CB000130101FF13870500232481002322910093
:105CC000930506001304050013860600130507005C
:105CD0002326110023AE01F4EFA09FA99307F0FF44
:105CE000630CF5008320C10003248100832441005C
:105CF000130101016780000083A7C1F5E38407FE5B
:105D00008320C1002320F400032481008324410068
:105D10001301010167800000130101FF13870500D3
:105D2000232481002322910093050600130405001B
:105D300013860600130507002326110023AE01F485
:105D4000EFA01FA79307F0FF630CF5008320C100AD
:105D500003248100832441001301010167800000B6
:105D600083A7C1F5E38407FE8320C1002320F4004C
:105D70000324810083244100130101016780000096
:105D8000130101FF23248100232291001304050045
:105D9000138505002326110023AE01F4EFA05FB1A7
:105DA0009307F0FF630CF5008320C10003248100FA
:105DB00083244100130101016780000083A7C1F51E
:105DC000E38407FE8320C1002320F4000324810024
:105DD000832441001301010167800000130101FFCA
:105DE00013870500232481002322910093050600D8
:105DF000130405001386060013050700232611006F
:105E000023AE01F4EFA0DFA19307F0FF630CF500D0
:105E10008320C10003248100832441001301010178
:105E20006780000083A7C1F5E38407FE8320C100DB
:105E30002320F40003248100832441001301010185
:105E400067800000130101FF23248100B737018020
:105E500037340180232021019387071F1307041F74
:105E600023261100232291003389E7406382E70251
:105E7000135929401304041F9304000083270400CE
:105E80009384140013044400E7800700E3E824FF30
:105E900037340180B73701809387071F1307041F2A
:105EA0003389E740135929406380E7021304041F34
:105EB0009304000083270400938414001304440017
:105EC000E7800700E3E824FF8320C100032481006A
:105ED00083244100032901001301010167800000B0
:105EE000130101FF23248100B7370180373401807B
:105EF0009387071F1304041F3304F44023229100E7
:105F00002326110093542440638004021304C4FF29
:105F10003304F400832704009384F4FF1304C4FFC4
:105F2000E7800700E39804FE8320C100032481007A
:105F30008324410013010101678000001303F00076
:105F400013070500637EC3029377F7006390070A87
:105F500063920508937606FF1376F600B386E60093
:105F60002320B7002322B7002324B7002326B7003D
:105F700013070701E366D7FE63140600678000007D
:105F8000B306C3409396260097020000B3865600DE
:105F90006780C6002307B700A306B7002306B70033
:105FA000A305B7002305B700A304B7002304B70077
:105FB000A303B7002303B700A302B7002302B7006F
:105FC000A301B7002301B700A300B7002300B70067
:105FD0006780000093F5F50F93968500B3E5D50033
:105FE00093960501B3E5D5006FF0DFF69396270091
:105FF00097020000B386560093820000E78006FAFD
:1060000093800200938707FF3307F7403306F600BB
:10601000E378C3F66FF0DFF3B3C7A50093F737005B
:10602000B308C500639407069307300063F0C70602
:106030009377350013070500639A070613F6C8FF28
:10604000B306E6409307000263CED70893860500A7
:10605000930707006378C70203A8060093874700E9
:106060009386460023AE07FFE3E8C7FE9307F6FFDB
:10607000B387E74093F7C7FF938747003307F700DD
:10608000B385F500636817016780000013070500FA
:106090006378150583C7050013071700938515005E
:1060A000A30FF7FEE398E8FE6780000083C60500B3
:1060B0001307170093773700A30FD7FE93851500BA
:1060C000E38E07F683C605001307170093773700A2
:1060D000A30FD7FE93851500E39A07FC6FF01FF618
:1060E00067800000130101FF2326810013040002D2
:1060F00083A3050083A2450083AF850003AFC500DD
:1061000083AE050103AE450103A3850103A8C501C4
:1061100083A6050213074702B307E640232E77FC48
:10612000232057FE2322F7FF2324E7FF2326D7FF50
:106130002328C7FF232A67FE232C07FF232ED7FE21
:1061400093854502E346F4FA93860500930707001A
:106150006378C70203A8060093874700938646002A
:1061600023AE07FFE3E8C7FE9307F6FFB387E740D8
:1061700093F7C7FF938747003307F700B385F50010
:10618000636817010324C100130101016780000047
:1061900083C705001307170093851500A30FF7FEAB
:1061A000E382E8FE83C705001307170093851500F7
:1061B000A30FF7FEE39EE8FC6FF0DFFC937735005A
:1061C00013070500639C0704B7867F7F9386F6F765
:1061D0009305F0FF0326070013074700B377D600A7
:1061E000B387D700B3E7C700B3E7D700E384B7FEB0
:1061F0008346C7FFB307A740638406048346D7FFDF
:10620000638C06020345E7FF3335A0003305F50034
:106210001305E5FF67800000E38806FA834707005F
:106220001307170093763700E39807FE3307A7405C
:106230001305F7FF678000001385D7FF6780000014
:106240001385C7FF6780000083A701F6638C0704EE
:1062500003A747001308F0016340E808131827005C
:1062600063060502338307012324C30883A8871824
:10627000130610003316E600B3E8C80023A417196C
:106280002324D310930620006306D50213071700BA
:1062900023A2E700B387070123A4B700130500007A
:1062A000678000001388810C23A001F79387810C7D
:1062B0006FF01FFA83A6C7181307170023A2E70081
:1062C000B3E6C60023A6D718B387070123A4B700F7
:1062D00013050000678000001305F0FF67800000D1
:1062E000130101FD232C41012320210303A901F601
:1062F000232611026308090A232E3101232A5101A2
:106300002328610123267101232481022322910283
:1063100023248101130B0500938B05009309F0FFE3
:10632000930A1000832449001384F4FF634E04048D
:1063300093942400B304990063900B0883274900C9
:1063400083A644009387F7FF638C870A23A2040087
:10635000638606028327891833978A00032C490035
:10636000B377F70063960706E78006000327490026
:1063700083A701F663108709639E27071304F4FFC0
:106380009384C4FFE31A34FB032481028324410273
:106390008329C101832A4101032B0101832BC10001
:1063A000032C81008320C10203290102032A8101F9
:1063B000130101036780000083A74410E38077F98D
:1063C0001304F4FF9384C4FFE31834FF6FF0DFFB82
:1063D0008327C91883A544083377F700631607029B
:1063E00013050B00E78006000327490083A701F689
:1063F000E30487F9E38A07F8138907006FF09FF237
:10640000232289006FF0DFF413850500E780060082
:106410006FF0DFF5130101FE23263101B73901804A
:10642000232C8100232A91002328210123244101C8
:10643000232E1100138A0500130905009389892171
:10644000EFE09F9603A78900B71700009387F7FE38
:10645000832447003717000093F4C4FF3384F4000B
:10646000330444411354C4001304F4FF1314C40050
:10647000634EE4009305000013050900EFF05F9000
:1064800083A78900B38797006308F5021305090005
:10649000EFE0DF918320C1010324810183244101C6
:1064A000032901018329C100032A8100130500008B
:1064B0001301010267800000B30580401305090045
:1064C000EFF01F8C9307F0FF6308F504938781F6C4
:1064D00003A7070083A68900B384844093E41400D3
:1064E000330787401305090023A2960023A0E70085
:1064F000EFE0DF8B8320C10103248101832441016C
:10650000032901018329C100032A8100130510001A
:1065100013010102678000009305000013050900C4
:10652000EFF01F8603A789009306F000B307E5404C
:10653000E3DEF6F483A6C1F393E717002322F70006
:106540003305D54023A4A1F66FF05FF463820518EC
:10655000130101FF232481002322910013840500ED
:106560009304050023261100EFE01F840325C4FFD8
:10657000130784FFB73501809377E5FF3306F700F3
:10658000938585218326460003A8850093F6C6FFE0
:106590006302C81A2322D600137515003308D600EB
:1065A0006310050A032384FF032848003735018060
:1065B000330767408328870013050522B3876700E8
:1065C000137818006382A8140323C70023A6680069
:1065D000232413016306081A93E617002322D70029
:1065E0002320F6009306F01F63ECF60693F687FF70
:1065F0009386860003A54500B386D50003A6060052
:1066000013D8570093071000B3970701B3E7A7000B
:10661000138586FF2326A7002324C70023A2F500A5
:1066200023A0E6002326E600032481008320C10086
:106630001385040083244100130101016FE00FF76B
:1066400003254800137515006306050893E6170037
:10665000232ED4FE2320F6009306F01FE3F8F6F86D
:1066600093D69700130640006360D61293D6670056
:106670001385960313868603131535003385A5000D
:1066800083260500130585FF6318D5006F004015AC
:1066900083A686006308D50003A646001376C6FFCE
:1066A000E3E8C7FE03A5C6002326A7002324D700DE
:1066B000032481002324E5008320C1001385040006
:1066C0008324410023A6E600130101016FE00FEED1
:1066D0006780000037350180B387D7001305052296
:1066E00083268600638CA60C0328C60013E51700DA
:1066F0003306F70023A606012324D8002322A7008F
:106700002320F6006FF01FEE631C0812832586001D
:106710000326C600B386F60093E7160023A6C5003D
:106720002324B6002322F7003307D7002320D70005
:106730006FF09FEF13751500B386D7006310050245
:10674000032584FF3307A7408327C700032687005C
:10675000B386A6002326F60023A4C70013E616007E
:1067600083A701F42322C70023A4E500E3EEF6EAA1
:1067700083A541F513850400EFF0DFC96FF0DFEA70
:10678000B387D7006FF0DFF5130640016370D602C0
:10679000130640056364D60693D6C7001385F60634
:1067A0001386E606131535006FF05FED1385C605F9
:1067B0001386B605131535006FF05FEC23AAE500CC
:1067C00023A8E50093E617002326A7002324A700AB
:1067D0002322D7003307F7002320F7006FF0DFE410
:1067E00003A845001356264093071000B397C7002F
:1067F000B3E7070123A2F5006FF01FEB1306401566
:10680000636CD60093D6F700138586071386760748
:10681000131535006FF09FE613064055636CD600E4
:1068200093D627011385D6071386C607131535009F
:106830006FF0DFE41305803F1306E0076FF01FE4FD
:1068400093E617002322D7002320F6006FF0DFDD48
:10685000130101ED2326111223229112232A511133
:1068600023267111938A0500930406002324D10086
:10687000930B0500EF30507E83270500138507003A
:106880002322F102EFF09F932320A10263880B00E3
:1068900083A74B03639407006F1040738397CA006C
:1068A000139727016346070203A74A06372600000D
:1068B000B7E6FFFFB3E7C7009386F6FF939707019C
:1068C00093D707413377D7002396FA0023A2EA062D
:1068D00013F787006302072E03A70A01630E072C34
:1068E00093F7A7011307A000638AE72EB73701804B
:1068F0002328611123248111130B010B9387C7B542
:10690000373C018023248112232C4111232EB10F07
:1069100023202113232E3111232291112320A11191
:10692000232E61072322010823200108232A0100C6
:10693000232C0100232E010013040B002324010249
:1069400023280102232201002326F100130A00015B
:10695000130C0CCD23207101938D040083C70D000F
:10696000638C071E93840D00130750026386E72A89
:1069700083C7140093841400E39A07FE3389B4415B
:10698000638CB41D03274108832701082320B40129
:106990003307270193871700232224012322E108CC
:1069A0002320F1081307700013048400634EF726B8
:1069B0000327410083C70400330727012322E10096
:1069C000638C071893841400A30F01049309F0FF4C
:1069D000930B0000130900009306800503CD04000B
:1069E000938D140093070DFE63E6F6040327C100A0
:1069F00093972700B387E70083A707006780070006
:106A0000930B000093070DFD1306900003CD0D00BE
:106A100013972B00B30B7701939B1B00B38B77016C
:106A200093070DFD938D1D00E372F6FE93070DFE97
:106A3000E3FEF6FA63020D122304A109A30F010479
:106A40001307100093041000930C8108130F090022
:106A50009309000023280100930F000093724F0850
:106A60000329410863960200B387EB40E342F044F8
:106A70008347F105638A0702832701089306F1051E
:106A80002320D400130919009306100093871700E0
:106A90002322D400232221092320F1089306700029
:106AA0001304840063C0F61A638A0F028327010867
:106AB000930601062320D400130929009306200021
:106AC000938717002322D400232221092320F108D1
:106AD0009306700013048400E3CEF64E930700087B
:106AE000E38AF208B3899940E34E301993770F1087
:106AF00063940774832701083309990023209401C4
:106B00009387170023229400232221092320F108D0
:106B10009306700063CCF62013048400137F4F00AB
:106B200063060F00B384EB40E342904E13830B00E7
:106B300063D4EB001303070083274100B38767008A
:106B40002322F100E31A092283C70D002320010844
:106B500013040B00E39807E083274108832B01000F
:106B6000638407006F10407583D7CA000324811225
:106B70000329011293F707048329C111032A811104
:106B8000032B0111032C8110832C4110032D0110C4
:106B9000832DC10F638407006F10901D8320C112E5
:106BA0000325410083244112832A4111832BC11004
:106BB000130101136780000093850A0013850B0001
:106BC000EFE05FE1630405006F10901A8397CA003D
:106BD0001307A00093F7A701E39AE7D08397EA0091
:106BE000E3C607D0832681008320C11213860400E8
:106BF00093850A0083244112832A411113850B00D7
:106C0000832BC110130101136F1010381369090190
:106C100093840D006FF09FDC3389B441E394B4D7C3
:106C200083C704006FF0DFD9032501001306C107F5
:106C300093850A00EF105054E31805F213040B007B
:106C40006FF01FD7032501001306C10793850A00C3
:106C5000232EE102232CE103232A51022326F103F0
:106C6000EF109051E31205F0032941080327C103F7
:106C7000032F810383224103832FC10213040B00DE
:106C80006FF09FE283270108B7360180938686B5AF
:106C90002320D400130919009306100093871700CE
:106CA0002322D400232221092320F1089306700017
:106CB0001304840063D4F6006F1080106304060090
:106CC0006F1080458326410193771F00B3E7D700FB
:106CD000E38607E483274102832601022320F40090
:106CE00083270108B38526012322D4009387170048
:106CF0002322B1082320F1089306700063D4F60024
:106D00006F10806413048400832641019387170069
:106D1000232094013389B6002322D40023222109A1
:106D20002320F10893067000E3D8F6DE0325010066
:106D30001306C10793850A002326E1022328E101F7
:106D4000EF109043E31205E203294108032F0101EC
:106D50000327C10213040B006FF05FDC93778900F7
:106D6000E39C0760832781009387770093F787FF71
:106D700003A7070093878700232CE10003A7C7FF21
:106D80002324F100232EE100832CC10103A781EE0F
:106D90008326810183A7C1EE93941C0093D4140031
:106DA00013850600938504001306070093860700E9
:106DB000EF90D017630405006F1000048326810153
:106DC00003A781EE83A7C1EE138506009385040017
:106DD0001306070093860700EF80D0066344A000E7
:106DE0006F1080010327810193850C0013060000BA
:106DF0001305070093060000EF80D00463540500DC
:106E00006F1040438346F1059307700463D4A701D4
:106E10006F108041B73C0180938C8CB12328010016
:106E2000137FF9F713073000930430009309000033
:106E30006384060013071700937F2F00E3800FC2BF
:106E400013072700930F20006FF05FC18326810096
:106E50009377090103A70600938646002324D100F7
:106E6000639207129376090493070700E390064E96
:106E7000634E07108346F10563C40904137FF9F7D5
:106E8000631E070213071000639E0920E314073CEA
:106E900093741900930C0B0063820404930700039E
:106EA000A307F10A930CF10A1387040063CC34039F
:106EB00023280100E39006F86FF01FF813090F0074
:106EC00013079000E364F76C93870703A307F10AA5
:106ED000130F090093041000930CF10A13870400A8
:106EE000E3D834FD13870900232801006FF09FFCCD
:106EF0008327810083AB0700938747002324F10099
:106F0000E3D80BD0B30B70411369490093840D0093
:106F10006FF0DFAC03CD0D009307A002938D1D0031
:106F20006314FD006F10807D93070DFD93059000A5
:106F3000130700001306900093090000E3E4F5AA8C
:106F400003CD0D0093192700B389E9009399190027
:106F50003387F90093070DFD938D1D00E372F6FE54
:106F600093090700E35007A89309F0FF6FF09FA76C
:106F7000832781001369090103A70700938747004E
:106F80002324F10093070700E35607EEB307E04020
:106F90009306D002130710006F00000A1369090856
:106FA00093840D006FF09FA31369090493840D006F
:106FB0006FF0DFA203278100A30F010493041000E8
:106FC00083270700130747002324E1002304F10867
:106FD00013071000930C81086FF05FA79307B002AE
:106FE000A30FF10493840D006FF05F9F13691900E4
:106FF00093840D006FF09F9E8347F105E39A07C0CD
:1070000093070002A30FF10493840D006FF01F9DFE
:107010001369890093840D006FF05F9C0327810042
:107020001369090183270700130747002324E100A0
:107030001307100093060000A30FD10463C80900D2
:10704000137FF9F7E38207E413090F00130610001A
:10705000E308C7E6130620006306C706930C0B007F
:1070600013F7770013070703A38FECFE93D73700BE
:1070700013860C00938CFCFFE39407FE93771900B2
:1070800063840706930700036300F7061306E6FF11
:10709000A38FFCFEB304CB40130F0900930C060032
:1070A0006FF0DFE3930710006314F7006F10C03F29
:1070B0009307200013090F006304F7006F100021ED
:1070C0009307000003268102930C0B0013F7F700CF
:1070D0003307E6000347070093D74700938CFCFF74
:1070E0002380EC00E39407FEB3049B41130F0900D7
:1070F0006FF0DFDE03278100136909018327070092
:10710000130747002324E100130700006FF09FF2EC
:10711000832681001377090183A706009386460022
:107120002324D100E31607F013770904E30207F0E4
:107130009397070193D70701130710006FF09FEF94
:1071400083278100A30F010483AC07001388470045
:10715000E3800C322324010163D409006F1040073F
:10716000138609009305000013850C00EF30805151
:1071700003288100631405006F10803AB304954121
:107180008346F10513C7F4FF1357F7412324010188
:107190002328010033F7E400130F090093090000CE
:1071A000E39A06C86FF05FC9832681003787000025
:1071B000130707832310E106138746002324E10009
:1071C000373701801307C7B32324E10283A70600E2
:1071D0001369290013072000130D80076FF09FE546
:1071E000832681001377090183A706009386460052
:1071F0002324D100E31A07F013770904E30607F00C
:107200009397070193D70701130700006FF09FE2E0
:1072100093770901E3840714832781000327410042
:1072200083A7070023A0E7008327810093874700F7
:107230002324F1006FF08FF29307500663DAA7352D
:10724000832681018327C1011306000013850600F0
:107250009385070093060000232AE1022326E10319
:10726000EF808025032FC1020327410363160566C3
:1072700083270108B7360180938686B52320D40082
:107280001309190093061000938717002322D400D6
:10729000232221092320F10893067000130484009F
:1072A000E3C0F64C8327410683264101E3D8D70883
:1072B000832741028326010213048400232CF4FE59
:1072C000832701083309D900232ED4FE93871700A2
:1072D000232221092320F10893067000E3CCF60E47
:1072E000832741019384F7FFE35A908293060001BC
:1072F0008327010863C496006F10003DB7360180F4
:10730000938606CD2326E102032D01001307040016
:107310009309000113840400930C70002328E101F9
:10732000938406006F00C000130404FFE3D6894A6B
:10733000130909019387170023209700232237019F
:10734000232221092320F10813078700E3DEFCFC38
:107350001306C10793850A0013050D00EF10C061E5
:10736000E3140580032941088327010813070B0054
:107370006FF09FFBB387EB406356F0F69306000176
:107380000326010863C4F6006F10C01DB7360180E4
:10739000938606CD232A91029305090093080001E4
:1073A00013090700930F7000130704002326E1035D
:1073B00013840700938406006F00C000130404FFC9
:1073C00063DA8804938505011306160023209700CD
:1073D000232217012322B1082320C10813078700A5
:1073E000E3DECFFC032501001306C10793850A00E5
:1073F000EF108058631A05F693080001130404FF88
:10740000832541080326010813070B00930F700022
:10741000E3CA88FA93860400032FC1028324410340
:1074200093070400130407001307090013890500DC
:107430003309F900130616002322F4002320D40098
:10744000232221092320C10893077000130484001C
:1074500063DAC7E8032501001306C10793850A0014
:10746000232AE1022326E103EF100051631E05EEFB
:107470000329410803274103032FC10213040B0012
:107480006FF04FE6B736018083270108938606CD5B
:10749000635A3A099306090093087000130907001C
:1074A0002326E103130704001384090093090C0049
:1074B0006F00C000130404FF63588A04938606011A
:1074C0009387170023208701232247012322D10815
:1074D0002320F10813078700E3DEF8FC03250100F1
:1074E0001306C10793850A00EF100049631E05E6E5
:1074F000130404FF832641088327010813070B00A8
:1075000093087000E34C8AFA032FC1021386090026
:1075100093090400130407001307090013890600E8
:107520009306060033093901938717002320D400FE
:1075300023223401232221092320F108930670001D
:107540001304840063D4F6DA032501001306C1078F
:1075500093850A00232AE1022326E103EF10C041AC
:10756000631405E00329410803274103032FC102E7
:1075700013040B006FF08FD7032501001306C1071A
:1075800093850A00EF10403F630005DC6FF0CFDD0C
:1075900083240108832641019307100023209401CE
:1075A00013091900938414009309840063DAD74AFD
:1075B000930710002322F40023222109232091089D
:1075C0009307700063CC97748327010283264102DE
:1075D000938414003309F90023A2F90023A0D900F1
:1075E00023222109232091089307700093898900A1
:1075F00063C297768327C1018326810113060000A9
:107600009385070083274101138506009306000038
:107610002326E1022328E1011384F7FFEF70D069EC
:10762000032F01010327C10263040548938C1C004A
:10763000938414003309890023A0990123A28900AF
:107640002322210923209108930770009389890040
:10765000E3C29714832601039307C10693841400A1
:107660003389260123A0F90023A2D900232221096E
:1076700023209108930770001384890063D097CA70
:10768000032501001306C10793850A002326E102A2
:107690002328E101EF10402E631805CC032941088F
:1076A0000327C102032F010113040B006FF00FC762
:1076B0009306000103260108E3D6F668B736018079
:1076C000938606CC232E91029305090093080001AE
:1076D0001309070093037000130704002326F10326
:1076E000232A5102232CE10313840700938406000C
:1076F0006F00C000130404FF63DA8804938505015A
:107700001306160023209700232217012322B10815
:107710002320C10813078700E3DEC3FC0325010013
:107720001306C10793850A00EF100025631E05C2EA
:1077300093080001130404FF832541080326010870
:1077400013070B0093037000E3CA88FA93860400C2
:10775000832FC10283224103032F81038324C103AA
:107760009307040013040700130709001389050099
:107770003309F900130616002322F4002320D40055
:10778000232221092320C1089307700013048400D9
:1077900063D0C7AE032501001306C10793850A0015
:1077A000232EE102232CE103232A51022326F10395
:1077B000EF10801C631A05BA032941080327C1038F
:1077C000032F810383224103832FC10213040B0083
:1077D0006FF00FAA032501001306C10793850A0065
:1077E000232CE102232AE10323265102EF10C018C3
:1077F000631C05B60329410803278103032F4103B6
:107800008322C10213040B006FF04FAD93060001F9
:1078100083270108E3D29654B7360180938606CCBD
:10782000138D040093090001930C70002328E100DC
:10783000938406006F00C000130D0DFF63D6A905E9
:107840001309090193871700232094002322340190
:10785000232221092320F10813048400E3DEFCFC29
:10786000032501001306C10793850A00EF10C0101D
:10787000631C05AE130D0DFF032941088327010882
:1078800013040B00E3CEA9FB032701019386040038
:1078900093040D0033099900938717002320D40027
:1078A00023229400232221092320F108930670004B
:1078B00063DEF6A6032501001306C10793850A00BF
:1078C0002328E100EF10400B631005AA03294108AB
:1078D000032701016FF08FA5032641066354C0BA48
:1078E00083274101832601019389070063C8F62C91
:1078F000635630038327010833093901232094019B
:107900009387170023223401232221092320F10821
:107910009306700013048400E3CEF61A93C7F9FFB0
:1079200093D7F741B3F9F90083270101B3893741B0
:1079300063403037832641068327410163D6F6280A
:10794000832741020326010213048400232CF4FE42
:10795000832701083309C900232EC4FE938717002B
:10796000232221092320F10813067000E342F63098
:107970008327410103260101B386D740B389C7405D
:1079800063D4360193890600635A300383270101CB
:107990000326010833093901B38CFC0013061600D5
:1079A0002320940123223401232221092320C1080A
:1079B0009307700013048400E3C0C73213C6F9FFB5
:1079C0001356F641B3F7C900B384F6406358909458
:1079D0009306000183270108E3D8964EB73601804D
:1079E000938606CD2326E102032D01001307040030
:1079F0009309000113840400930C70002328E10113
:107A0000938406006F00C000130404FF63D6895CF2
:107A100013090901938717002320970023223701B8
:107A2000232221092320F10813078700E3DEFCFC51
:107A30001306C10793850A0013050D00EF00D073EC
:107A400063140592032941088327010813070B00DB
:107A50006FF09FFB93040000930C0B006FF00FC8B6
:107A600093761F00E39606B42322F4002322210913
:107A70002320910893077000E3DE97BC03250100E3
:107A80001306C10793850A002326E1022328E1019A
:107A9000EF00906E631A058C0329410883240108C6
:107AA0000327C102032F010193090B006FF09FBA56
:107AB0008326410193071000E3DED7B89307100136
:107AC000E3DED73EB7360180938606CD9387090063
:107AD000930C000193090700130D700013070900B0
:107AE0002328E101138906006F00C000130404FF7E
:107AF00063DA8C70130707019384140023A0270115
:107B000023A297012322E10823209108938787006D
:107B1000E35E9DFC032501001306C10793850A005F
:107B2000EF009065630405006FF00F8403274108A0
:107B30008324010893070B006FF05FFB93771F000E
:107B4000639407006FE09FFD6FF08FF61317070136
:107B500013570741930707006FF00FC3937F090482
:107B6000638C0FEA832781000327410083A7070066
:107B70002390E7006FF04FEB03278100130501040A
:107B8000832707009304470003A707002320E1048D
:107B900003A747002322E10403A787002324E1046D
:107BA00083A7C7002326F104EF80905D232CA1005A
:107BB000232EB100232491006FF00F9D93890600BE
:107BC000E34A30D36FF09FD593771F00E38207DA43
:107BD0006FF01FD7032501001306C10793850A0024
:107BE0002326E1022328E101EF0010596304050078
:107BF0006FE09FF7032941080327C102032F01010A
:107C000013040B006FF0CFEDB7370180938787B275
:107C10002324F102832681001377090183A706003C
:107C2000938646002324D100631A070013770904C2
:107C3000630607009397070193D70701937619000E
:107C400013072000638806BE638607BE9306000301
:107C50002300D106A300A107136929006FF08FBD8F
:107C6000B73701809387C7B32324F1026FF09FFADF
:107C7000930760009384090063E83769B73C01808B
:107C80001387040023240101938C0CB56FE01FDCE3
:107C90009306000183270108E3DC3625B73601800F
:107CA00093050700938606CD130704001306090009
:107CB00013840900130D0001930470002326E103CF
:107CC00013890600938905006F00C000130404FFA8
:107CD000635A8D5613060601938717002320270148
:107CE0002322A7012322C1082320F10813078700BC
:107CF000E3DEF4FC032501001306C10793850A00A7
:107D0000EF009047630405006FE01FE6032641087B
:107D10008327010813070B006FF05FFB03250100A9
:107D20001306C10793850A002326E1022328E101F7
:107D3000EF009044630405006FE01FE3032941084E
:107D4000832401080327C102032F010193090B00BB
:107D50006FF09F87032501001306C10793850A0072
:107D60002326E1022328E101EF001041630405000E
:107D70006FE09FDF03294108832401080327C10224
:107D8000032F010193090B006FF0DF86930C0B00AA
:107D90001306A0001305900033F7C702938CFCFF75
:107DA00093850700130707032380EC00B3D7C702AE
:107DB000E364B5FEB3049B41130F09006FF00F920B
:107DC000032501001306C10793850A002326E1025B
:107DD0002328E101EF00503A630405006FE0DFD88B
:107DE00003264106032941080327C102032F01018D
:107DF00013040B006FE09FEC032881018327C1016E
:107E000013060800130508009386070093850700F2
:107E1000EF80D011E31205021377FDFD9307F0FF09
:107E20002326E102136F09106388F96E930770042B
:107E30006302F7688327C10193020000938407005F
:107E400063C0074E9307600613870900930630004E
:107E50006310FD4E03268101130881069307410636
:107E6000130506009305050003250100930841074B
:107E700013860400232A5102232AE1012328E1006A
:107E8000EF2090710327010193076006032F410142
:107E900083224103930C05003308E500631CFD00B9
:107EA00083C60C00930700036380F65683274106C0
:107EB0003308F8008327810193850400130600002E
:107EC0001385070093060000232A5102232A01018B
:107ED0002328E101EF70405E032F010103284101D7
:107EE00083224103630605428327410763FE07019E
:107EF0009306000313871700232AE1062380D70087
:107F000083274107E3E807FF032741062328E10011
:107F1000B3879741232AF1008327C1021307700416
:107F20006384E714930760066312FD1803270101B9
:107F300093771900B3E737016356E07E639C0772BD
:107F400083240101130D6006138704006388025027
:107F50009307D002A30FF104930900006FE09FED97
:107F6000032501001306C10793850A002326E102B9
:107F70002328E101EF005020630405006FE0DFBE1D
:107F8000032941080327C102032F010113040B0039
:107F90006FF04FB1032501001306C10793850A0056
:107FA0002326E1022328E101EF00101D63040500F0
:107FB0006FE09FBB0329410883240108032F0101BF
:107FC0000327C10293090B006FF0CFE813850B0064
:107FD000EFD0CF8E6FE09F8C93860400032F0101BA
:107FE00093040400130407000327C1023309990016
:107FF000938717002320D4006FE0DFB063CC0768BD
:108000008324C1019302000093091000032781011A
:1080100093074106930841071305070093050500E0
:108020000325010013088106138709009306200029
:1080300013860400232A51002328E101EF20D055A4
:1080400093771900032F010183224101930C05004E
:1080500063900750832741062328F10083274107B7
:10806000B387A740232AF100032701019307D0FF1C
:10807000634CF70263CAE902832741010327010128
:10808000634CF750937F19008327010163960F5CBF
:1080900013C7F7FF1357F74133F7E700938407003F
:1080A000130D70066FF09FEA130DEDFF032701011A
:1080B0002306A1079307B0029308F7FF23221107B5
:1080C00063CC0832A306F1069307900063C0172D16
:1080D0009387080313070003A307F10693074000E3
:1080E0002307E1062328F102032741018326010328
:1080F00093071000B304D70063D2E7488327010237
:1081000023280100B384F40013C7F4FF1357F74189
:1081100033F7E4006FF09FE38327410283260102D7
:1081200013048400232CF4FE83270108B385260161
:10813000232ED4FE938717002322B1082320F108B1
:108140009306700063C2F620634406006FE0DFBB55
:10815000930600FFB304C0406356D660B736018073
:10816000938606CD2328E10093090001130704003C
:1081700013097000130D0F00138406006F00C00078
:10818000938404FF63D49944938505019387170072
:1081900023208700232237012322B1082320F1085E
:1081A00013078700E35EF9FC032501001306C107EE
:1081B00093850A00EF00407C630405006FE0DF9ABE
:1081C000832541088327010813070B006FF05FFB2D
:1081D00013850C00EFD09FFE8346F1051347F5FF92
:1081E0001357F74123280100930405003377E50076
:1081F000130F090093090000638406006FE09FC31A
:108200006FE09FC3032F01019306090013090700C4
:1082100013870900938907003309890093841400A8
:1082200023A0D9006FF08FC1B73C0180938CCCB1F3
:108230006FE0DFBE9307D002A30FF1049306D002D4
:108240006FE09FBC032FC1029385090093060900CC
:10825000930904001309060013040700138705009F
:1082600033093901938717002320D40023223401D6
:10827000232221092320F1089306700013048400AF
:1082800063DAF6EA032501001306C10793850A00A5
:10829000232AE1022326E103EF00006E63040500B8
:1082A0006FE09F8C0329410803274103032FC1027C
:1082B00013040B006FF00FE81306C10793850A0043
:1082C00013850B00EF00406B6FE01F8A93070000DF
:1082D0006FE0DFD8032501001306C10793850A006C
:1082E000232AE1022326E103EF000069630405006D
:1082F0006FE09F870329410803274103032FC10231
:1083000013040B006FF08FE1930460006FF01F9770
:10831000832741062328F100930708006FF05FBF11
:10832000B7040080B3C4F4009302D0026FF09FB191
:108330000327C10293075004E31AF7CC13871900EF
:10834000930620006FF01FB1032501001306C1073B
:1083500093850A002326E1022328E101EF00C06192
:10836000630405006FE05F80032641068325410812
:10837000832701080327C102032F010113040B0007
:10838000634406006FE05F986FF09FDC1305B10750
:10839000930605001306A0001308300633E7C80251
:1083A00093870600938508009386F6FF130707035B
:1083B000A38FE7FEB3C8C802E342B8FE9388080360
:1083C0001387E7FFA38F16FF6378A7389306E106AC
:1083D000034607001307170093861600A38FC6FEF7
:1083E000E318A7FE1307010FB307F7409387F7F8C9
:1083F0002328F1026FF05FCF93071000B388E740A6
:108400009307D0026FF01FCC83268101938504006F
:10841000130600001385060093060000232C51026A
:10842000232A0103232AE1002328E101EF70C00879
:10843000032F010103274101032841038322810304
:1084400063140526832741063308F8002328F1002A
:10845000B3079841232AF1006FF05FAD8346F10521
:1084600093090000638406006FE0DF9C6FE0DF9CEF
:10847000032501001306C10793850A00232AE102A0
:108480002326E103EF00404F630405006FE0CFEDCA
:10849000832641060329410803274103032FC10214
:1084A00013040B006FF0CFCC13090F0093070000EB
:1084B0006FE09FA18327C101E38209B49384070081
:1084C00093020000E3D407B4B7040080B3C4F400FF
:1084D0009302D0026FF09FB3032501001306C1077A
:1084E00093850A002326E1022328E101EF00C0481A
:1084F000630405006FE04FE78326410683274101AF
:10850000032941080327C102032F010113040B00B3
:10851000B386D7406FF08FCA930960006FF09F91C8
:108520008346F1052328010013870900938409007D
:10853000130F090093090000638406006FE09F8F0A
:108540006FE09F8FB7360180938606CC6FF04FA205
:10855000330835016FF01F96B7360180938606CC3D
:108560006FF04FB3B7360180938606CD6FE05FECB6
:108570009307F0FF2322F1006FE04FE29377190099
:108580002328F100E39C07B613C7F4FF1357F74104
:1085900033F7E4006FF09F9B83274101032701021B
:1085A000B384E700832701016348F00083270101BA
:1085B0003388F4409304180013C7F4FF1357F741AE
:1085C00033F7E400130D70066FF05F989306040014
:1085D0001304070003270101130F0D00B385950055
:1085E000938717002320D400232294002322B1086C
:1085F0002320F1089306700063C4F6006FE08FF04B
:10860000032501001306C10793850A002326E10212
:108610002328E101EF004036630405006FE0CFD46A
:1086200083254108832701080327C102032F010185
:1086300013040B006FE04FED8327C10163C2070AEB
:108640008346F1059307700463C6A709B73C018010
:10865000938C0CB26FE08FFC03270102130D7006A0
:10866000B384E70013C7F4FF1357F74133F7E4006F
:108670006FF0DF8D832701023388E900130D600658
:10868000B304F80013C7F4FF1357F74133F7E400BE
:108690006FF0DF8BB7040080B3C4F4009302D00204
:1086A000930910006FF09F9693071000B387E7407F
:1086B0002322F1063308F8006FF0CFFFB7360180B0
:1086C000938606CD6FF05FB5B7360180938606CDF1
:1086D0006FF0DF91B73C0180938C4CB26FE00FF4E8
:1086E0009307D002A30FF1049306D0026FF09FF519
:1086F000B7360180938606CD6FF09FB68327810041
:1087000083A907009387470063C809002324F10069
:1087100093840D006FE08FAC9309F0FF2324F100E8
:108720006FF01FFF639A070013071000130D600618
:10873000930410006FF09F8183270102130D6006E0
:1087400013881700B304380113C7F4FF1357F74118
:1087500033F7E4006FF08FFF930720002328F10226
:108760006FF09F98B7360180938606CD6FF01FE7B4
:108770009307050003A541F4930606001386050040
:10878000938507006FE0CF8C130101B88397C50074
:1087900003D7E500232C814613840500B7050100AB
:1087A0009385D5FF032E44060323C4018328440286
:1087B00013170701B3F7B700B3E7E700130800404A
:1087C000232AF1009305810093070107232A91468C
:1087D00023282147232E1146130905002326C1070C
:1087E00023226102232611032324F100232CF1000C
:1087F00023280101232E010123200102EFE04F85F0
:1088000093040500635C05028357410193F7070455
:10881000638807008357C40093E707042316F40016
:108820008320C1470324814703290147138504009E
:1088300083244147130101486780000093058100AC
:1088400013050900EF108044E30005FC9304F0FFDA
:108850006FF09FFB83A74506130101FD23286101EB
:108860002326110213972701130B06006358070EE6
:108870008327860023202103232E3101232A51013F
:108880002326710113890500832B06009309050037
:10889000930AF0FF6388070A2324810223229102AE
:1088A000232C41012324810103AC4B0003A40B00C2
:1088B000135A2C0063060A06930400006F00C000E0
:1088C00013044400630C9A04832504001306090072
:1088D00013850900EF10905093841400E31255FFA4
:1088E0000324810283244102032901028329C10157
:1088F000032A8101832A4101832BC100032C8100BB
:108900001305F0FF8320C10223240B0023220B0058
:10891000032B0101130101036780000083278B00F3
:10892000137CCCFFB38787412324FB00938B8B0000
:10893000E39C07F60324810283244102032A810178
:10894000032C8100032901028329C101832A4101EB
:10895000832BC100130500006FF0DFFAEF10C04059
:108960008320C10223240B0023220B00032B0101CF
:1089700013010103678000000327860063040700DA
:108980006FF05FED232206001305000067800000F2
:10899000130101F22326310D232C810B2326B10B69
:1089A000232E110C2320A10093890500930D0600AE
:1089B000138C06006306050083274503E38E0758E2
:1089C0008397C900139727016346070203A7490647
:1089D00037260000B7E6FFFFB3E7C7009386F6FF30
:1089E0009397070193D707413377D7002396F90070
:1089F00023A2E90613F787006308071203A70901FA
:108A00006304071293F7A7011307A000638EE71210
:108A1000B73701802328210D232E710B130901067E
:108A2000938707CEB73B0180232C810C232A910C1E
:108A30002324410D2322510D2320610D232A910B64
:108A40002328A10B23262103232A01022328010224
:108A50001307090023260100232201002328F10027
:108A600013040001938B4BE583C70D006386071049
:108A700093840D00930650026386D72E83C714009B
:108A800093841400E39A07FE338AB4416386B40FDB
:108A900083264103832701032320B701B306DA00AD
:108AA0009387170023224701232AD1022328F102AA
:108AB00013067000130787006350F602E382062E48
:108AC000032501001306C10293850900EFF09FD82A
:108AD0006318050A130709008326410083C70400B1
:108AE000B38646012322D1006388070893871400C8
:108AF000A30301029306F0FF93040000930C00000F
:108B00001305800503C60700938D1700930706FE23
:108B10006368F50E8325010193972700B387B7009B
:108B200083A70700678007000325010093850900DC
:108B3000EFC05FEAE31E054C8397C9001307A0004E
:108B400093F7A701E396E7EC8397E900E3C207EC0C
:108B5000032501008320C10D93060C0013860D0030
:108B6000032C810B832DC10A938509008329C10C35
:108B70001301010E6F00D04E83274103E39C07428F
:108B800083D7C9000324810D8324410D93F7070483
:108B90000329010D032A810C832A410C032B010CAC
:108BA000832BC10B832C410B032D010BE392074652
:108BB0008320C10D032541008329C10C032C810BA7
:108BC000832DC10A1301010E678000009304000089
:108BD000930706FD1308900003C60D00939524002B
:108BE000B385950093951500B384B700930706FDF0
:108BF000938D1D00E372F8FE930706FEE37CF5F00B
:108C0000E30C06F6230CC102A3030102130A1000B1
:108C1000130B1000930A810393060000130F00004A
:108C20000326010393FF4C08832741039305160095
:108C3000138E050063960F00338D4441E340A0037B
:108C400083457102638A0502130671029387170038
:108C50002320C700130610002322C700232AF10295
:108C60002328C103130670006342C67913060E0061
:108C700013078700130E1E0063000F061306810200
:108C8000938727002320C700130620002322C70054
:108C9000232AF1022328C103130670006358C67B00
:108CA000E3860710032501001306C102938509001E
:108CB000232AD1002324F101EFF0DFB9E31205EC00
:108CC000032601038327410383264101832F81006B
:108CD00013070900130E1600930500086382BF54A2
:108CE000338D66416348A063B307FB00232057011F
:108CF00023226701232AF1022328C103930670006F
:108D000063D4C65163880706032501001306C10218
:108D100093850900EFF01FB4E31405E683274103B0
:108D20001307090013F34C0063060300338B44411F
:108D3000634E600563D4440193040A000327410095
:108D4000330797002322E100639E07662328010270
:108D5000130709006FF05FD193EC0C0193870D00AE
:108D60006FF05FDA338AB441E394B4D383C704006D
:108D70006FF09FD72328010213F34C006300037C9C
:108D8000338B4441635C607B130709009306000149
:108D900003260103E3D86625373E0180130E4EE417
:108DA000130D0001930A70006F00800193052600E7
:108DB0001307870013860600130B0BFF635C6D051A
:108DC00093870701930616002320C7012322A701DA
:108DD000232AF1022328D102E3DADAFC638A07426C
:108DE000032501001306C102938509002324C10154
:108DF000EFF05FA6E31605D803260103130B0BFF64
:108E000083274103032E81001307090093051600F1
:108E1000E3486DFBB38767012320C7012322670165
:108E2000232AF1022328B10213077000E354B7F09C
:108E300063860770032501001306C10293850900AC
:108E4000EFF05FA1E31E05D2832741036FF09FEE91
:108E500093F70C0103260C00130C4C00639A0710C7
:108E600093F50C0493070600E392050063400604A3
:108E70000345710263C8060493FCFCF763140604FF
:108E8000E39A0616130A0000130B0000930A090068
:108E900063040500130A1A0013FF2C00E3020FD825
:108EA000130A2A00130F20006FF09FD79307D002F8
:108EB000A303F102B307C04063C4060093FCFCF7B0
:108EC0001305D002130690006364F67493870703BA
:108ED00093F7F70FA30FF104138A06006344D00041
:108EE000130A1000130B1000930AF105E31405FA9E
:108EF0006FF09FFA83240C00130C4C00E3D004E6BF
:108F0000B304904093EC4C0093870D006FF09FBF2B
:108F100003C60D009307A00293881D00E300F6101E
:108F2000930706FD93069000930500001308900038
:108F3000E3E4F60A03C6080093962500B386B6005C
:108F400093961600B385D700930706FD9388180003
:108F5000E372F8FE9386050063C00574938D0800E4
:108F60006FF0DFBA03260C0093EC0C01130C4C00DD
:108F7000930706006FF09FEF93EC0C0893870D00AA
:108F80006FF05FB89307B002A303F10293870D005F
:108F90006FF05FB793EC1C0093870D006FF09FB6E6
:108FA00083477102E39C07DA93070002A303F102EF
:108FB00093870D006FF01FB583270C00A3030102F8
:108FC000130C4C00230CF102130A1000130B1000B9
:108FD000930A81036FF05FC483270C0013EB0C012D
:108FE000130C4C00A303010213061000930C0B009A
:108FF00013050000E3C806EC937CFBF76392075669
:1090000063920674631E065E137B1B0063020B648F
:1090100093070003A30FF104130A0B00930AF10551
:109020006FF09FE783270C0013EB0C01130C4C002F
:10903000A303010213060000930C0B00E3DE06FA03
:10904000930A090013F6770013060603A38FCAFEDE
:1090500093D7370093850A00938AFAFFE39407FEBB
:1090600093F71C00638A0716930700036306F6163E
:109070009385E5FFA38FFAFE330BB940138A0600F0
:1090800063C66661938A05006FF01FE113F60C0159
:1090900083270C00130C4C00631A060013F60C0413
:1090A000630606009397070193D70701138B0C0003
:1090B0006FF01FF893F70C016390070213F30C0491
:1090C000630C030083270C0083264100130C4C0023
:1090D0002390D7006FF05F9983270C00832641000F
:1090E000130C4C0023A0D7006FF01F9893EC0C04D6
:1090F00093870D006FF01FA113F60C0183270C005E
:10910000130C4C00631A060013F60C0463060600E9
:109110009397070193D70701138B0C006FF09FEC17
:10912000832A0C00A3030102130C4C00638A0A6219
:1091300063CA0656138606009305000013850A00CD
:10914000232AE1002324D100EF10C053832681009D
:1091500003274101138B060063040500330B5541BF
:1091600083477102134AFBFF135AFA41337A4B01CA
:1091700093060000130F0000E39E07D06FF05FAA74
:1091800037860000130606832314C1023736018098
:109190001306C6B383270C0093EC2C00130C4C0071
:1091A0002326C100A3030102138B0C001306200029
:1091B000E3D406E4930A09008325C10013F6F700FF
:1091C000938AFAFF3386C5000346060093D747000B
:1091D0002380CA00E39207FE330B5941138A06002D
:1091E000E3DC66CB130A0B006FF01FCB13071000F4
:1091F0002328E10293070B00232051072322610754
:10920000232A610313070900130787006FF09FB13A
:109210009305100013060000130709006FF0DFB973
:10922000338D4441E35EA0AB9305000163D8A55D97
:10923000B7350180938545E52324B100130E000165
:10924000130F70006F0080011305260013078700BD
:1092500013860500130D0DFF6352AE070325810031
:1092600093870701930516002320A7002322C70137
:10927000232AF1022328B102E358BFFC63800716BA
:10928000032501001306C10293850900232AD1009A
:10929000EFF04FDCE316058E03260103130E0001E9
:1092A000130D0DFF83274103832641011307090096
:1092B00013051600130F7000E342AEFB0326810076
:1092C000B387A7012322A7012320C700232AF10285
:1092D0002328A102130670006352A6386388074A48
:1092E000032501001306C102938509002324D10040
:1092F000EFF04FD6E316058883268100032601038D
:1093000083274103338D664113070900130E1600AE
:10931000E35CA09D6354A44723247101930E700065
:109320006F008001130E26001307870013860500C7
:10933000130D0DFF635AA4059387070193051600CB
:109340002320770123228700232AF1022328B10258
:10935000E3DABEFC63800706032501001306C102A1
:1093600093850900EFF00FCFE31C0580032601036E
:10937000130D0DFF8327410313070900130E160079
:10938000930E7000E34AA4FB83268100B387A701F4
:109390002322A7012320D700232AF1022328C10377
:1093A0009306700063C8C61D13078700130E1E00C6
:1093B0006FF09F93130E10001306000013070900AF
:1093C0006FF01FF7032501001306C1029385090002
:1093D000EFF04FC8E30C05966FF08FFA13051000FD
:1093E00013060000130709006FF0DFE6638207042D
:1093F000032501001306C10293850900232CD10027
:10940000232AF1012324E101EFF0CFC4631A05F60A
:10941000032601038327410383268101832F410112
:10942000032F810013070900130E16006FF0DF846D
:1094300063060F24930781022320F106930720007F
:109440002322F106130E10001307090013060E0065
:1094500013078700130E1E006FF01F88130500010D
:109460006354A537373E0180130E4EE4930E00017E
:10947000930270006F00C0011305260013078700D8
:1094800013860500130D0DFF63DCAE079305160070
:10949000938707012320C7012322D701232AF10242
:1094A0002328B102E3DAB2FC638207080325010036
:1094B0001306C10293850900232EC101232CD1007C
:1094C000232AF1012324E101EFF0CFB8631A05EA62
:1094D00003260103930E0001130D0DFF83274103A3
:1094E000032EC10183268101832F4101032F8100B7
:1094F000130709001305160093027000E3C8AEF9C4
:10950000B387A7012320C7012322A701232AF10241
:109510002328A102130670006342A60A13078700DE
:10952000130E1500130605006FF08FF113060000EF
:1095300013051000130709006FF0DFF463D4440132
:1095400093040A0083274100B38797002322F10088
:109550006FF0CFFF13F3FCF7936C2300130620008A
:1095600093051000630EB62C93052000E31AB6ACE9
:109570006FF05FC4E38C07C6032501001306C10228
:1095800093850900EFF00FAD631C05DE032E010388
:109590008327410313070900130E1E006FF0CFF459
:1095A00023280102130709006FF00FD3130E1000D8
:1095B00013060000130709006FF00FF2638207160D
:1095C000032501001306C10293850900232CD10055
:1095D000232AF1012324E101EFF0CFA7631205DA7A
:1095E000032601038327410383268101832F410141
:1095F000032F810013070900130E16006FF04FE4CC
:10960000130A0000130B0000930A09006FF0DF88B3
:10961000930A09009305A000930E900033F6B70259
:10962000938AFAFF138E0700130606032380CA00ED
:10963000B3D7B702E3E4CEFF330B5941138A0600D8
:10964000E3D86685130A0B00E31605846FF0DF8408
:10965000130A0000930A09006FF01F8413078700A4
:10966000130E1500130605006FF08FE713160601A1
:1096700013560641930706006FF04FFF13060000D4
:10968000130E1000130709006FF00FE5130A0B000B
:10969000938A05006FF05F809306F0FF938D0800BA
:1096A0006FF0CFC613850A002324E100EFC01FB17D
:1096B00003278100130B05006FF09FAAB7370180C5
:1096C000938787B22326F10093F50C0183270C00C2
:1096D000130C4C00639A050093F50C046386050097
:1096E0009397070193D7070193F51C00E38C05AA14
:1096F000E38A07AA930500032304B102A304C1026D
:10970000A3030102E3D806E493EC2C006FF09FAAB8
:10971000B73701809387C7B32326F1006FF0DFFAD4
:109720000347710263000708930771022320F106C3
:10973000930710002322F106130E100013070900EF
:109740006FF0CFD293051000E310B6E213050000CE
:10975000930700036FF00FF8EFB05F966FF04FA61E
:1097600093076000138B060063EAD7023738018045
:10977000130A0B00930A08B56FF00FCAB7360180C1
:10978000938646E52324D1006FF01FC0130E10000E
:1097900013060000130709006FF08FD4130B60004D
:1097A0006FF0DFFC13060000130E10001307090012
:1097B0006FF08FCC032501001306C10293850900C9
:1097C000EFF04F896FF0CFBB373E01801385050066
:1097D000130E4EE46FF0DFD2938D08009306000065
:1097E0006FF0CFB2373E018093051600130E4EE4A2
:1097F0006FF04FE2930700036FF0CFED3736018033
:10980000130646E513050E002324C1006FF01FABBD
:109810009307F0FF2322F1006FF08FB983260C002D
:10982000130C4C0063C80600938D080093870D004D
:109830006FF04FAD9306F0FF938D08006FF01FFFA0
:10984000130500006FF00FE89307050003A541F42E
:109850009306060013860500938507006FF04F936B
:10986000130101B88397C50003D7E500232C814677
:1098700013840500B70501009385D5FF032E440628
:109880000323C4018328440213170701B3F7B70069
:10989000B3E7E70013080040232AF1009305810095
:1098A00093070107232A914623282147232E114697
:1098B000130905002326C107232261022326110371
:1098C0002324F100232CF10023280101232E010180
:1098D00023200102EFF0CF8B93040500635C0502A7
:1098E0008357410193F70704638807008357C40037
:1098F00093E707042316F4008320C147032481471C
:1099000003290147138504008324414713010148BB
:10991000678000009305810013050900EF00003700
:10992000E30005FC9304F0FF6FF09FFB130101FFC0
:1099300023261100232021016388050223248100AE
:10994000232291001384050093040500630605009B
:1099500083274503638C070C8317C40063920702B7
:1099600003248100832441008320C10013090000E7
:10997000130509000329010013010101678000009C
:109980009305040013850400EF00800B8327C402B5
:1099900013090500638A07008325C40113850400A9
:1099A000E7800700634405068357C40093F7070860
:1099B0006396070683250403638C0500930704045C
:1099C0006386F50013850400EFC05FB82328040206
:1099D000832544046388050013850400EFC01FB786
:1099E00023220404EFB0CFEF23160400EFB08FEF73
:1099F0008320C10003248100832441001305090052
:109A00000329010013010101678000008357C4008E
:109A10001309F0FF93F70708E38E07F88325040185
:109A200013850400EFC09FB26FF0DFF8EFB00FE9CD
:109A30006FF09FF29305050003A541F46FF01FEF4F
:109A40000397C500130101FE232C81002326310159
:109A5000232E1100937787001384050093090500D6
:109A600063900712B71700009387078083A645000D
:109A7000B367F7002396F5006352D01803288402D9
:109A80006304080E232A91009316370183A409006A
:109A900023A009008325C40163CE06161306000027
:109AA0009306100013850900E70008009307F0FFF4
:109AB000130605006304F51A8317C4000328840203
:109AC0008325C40193F74700638E070003274400F2
:109AD000832704033306E640638607008327C40315
:109AE0003306F6409306000013850900E7000800DE
:109AF0009307F0FF6314F51283A609009307D001C2
:109B00000317C40063EAD716B707402093871700EE
:109B1000B3D7D70093F71700638007160326040115
:109B2000B7F7FFFF9387F77FB377F7002316F400AB
:109B3000232204002320C4009317370163D40700B5
:109B4000638206108325040323A099006384051013
:109B5000930704046386F50013850900EFC01F9F77
:109B60008324410123280402130500008320C1013E
:109B7000032481018329C1001301010267800000D1
:109B80002328210103A9050163020908232A910062
:109B900083A405001377370023A02501B384244153
:109BA000930700006314070083A745012324F400F2
:109BB000634890006F0040053309A9006356900484
:109BC000832744028325C4019386040013060900F9
:109BD00013850900E7800700B384A440E34EA0FC8E
:109BE0000317C400032901011367070483244101FB
:109BF0002316E4001305F0FF6FF05FF783A6C5039B
:109C0000E34ED0E66FF05FF68324410103290101A2
:109C10006FF09FF5032604056FF0DFEA0317C40019
:109C200083260401B7F7FFFF9387F77FB377F70029
:109C30002316F400232204002320D40093173701B5
:109C4000E3D207F0832504032328A40423A099006A
:109C5000E39005F0832441016FF01FF183A7090011
:109C6000E38C07E41307D001638CE700130760015E
:109C70006388E7000317C400136707046FF01FF73A
:109C800023A09900832441016FF01FEE130101FE10
:109C9000232C8100232E1100130405006306050008
:109CA00083274503638A07028397C500639C0700E7
:109CB0008320C10103248101130500001301010267
:109CC0006780000013050400032481018320C10183
:109CD000130101026FF0DFD62326B100EFB00FBEF3
:109CE0008325C1006FF05FFC630005069305050046
:109CF00003A541F46306050083274503638C070031
:109D00008397C50063960700130500006780000075
:109D10006FF01FD3130101FE2326B1002324A100FD
:109D2000232E1100EFB08FB98325C10003258100D8
:109D30008397C500639407028320C10113050000C7
:109D40001301010267800000B7A50080138601C3DC
:109D50009385C5C8138501C46FB00FC88320C101A6
:109D6000130101026FF0DFCD832786006384072C87
:109D70008396C500130101FD23248102232C410198
:109D8000232861012326110293F78600130B060096
:109D9000130A050013840500638E070883A70501D5
:109DA000638A07082322910223202103232E3101F5
:109DB000232A510193F7260083240B006384070AAA
:109DC000832744028325C401B70A00809309000059
:109DD00013090000938A0AC01386090013050A00BC
:109DE000630209049306090063F42A0193860A00BA
:109DF000E78007006350A04683278B00B389A90042
:109E00003309A940B387A7402324FB006386071AC0
:109E1000832744028325C4011386090013050A0021
:109E2000E31209FC83A9040003A94400938484007D
:109E30006FF09FFA9305040013050A00EFB09FB975
:109E4000631C051C8316C4002322910223202103D6
:109E5000232E3101232A510193F7260083240B007E
:109E6000E39007F6232671012324810193F716005E
:109E70006396071C8327040003278400B70A008029
:109E800023229101930B000093090000938AFAFFAB
:109E900013850700130C07006382091013F60620D0
:109EA00063080628930C070063E6E93213F70648B7
:109EB000630A0708032644018325040113171600CB
:109EC0003307C7003389B740135CF701330CEC004C
:109ED00093071900135C1C40B387370113060C006D
:109EE0006376FC00138C07001386070093F6064088
:109EF000638E06309305060013050A00EFA0CFEF2E
:109F0000930C0500630C0534832504011306090036
:109F1000EFC08F908357C40093F7F7B793E7070814
:109F20002316F40033852C01B3072C412328940118
:109F3000232A84012320A400138C09002324F40085
:109F4000938C090013860C0093850B00EF00D01D45
:109F500003278400832704001389090033078741FE
:109F6000B38797012324E4002320F4009309000021
:109F700083278B00B38B2B01B38727412324FB005E
:109F80006386070283270400032784008316C40026
:109F900013850700130C0700E39209F083AB04005C
:109FA00083A94400938484006FF09FEE832BC1004B
:109FB000032C8100832C41008320C10203248102F1
:109FC00083244102032901028329C101832A41011B
:109FD000032A8101032B0101130500001301010372
:109FE000678000009305040013050A00EFF01FCA04
:109FF000630E050A8317C400832BC100032C810064
:10A0000083244102032901028329C101832A4101DA
:10A0100093E707042316F4008320C102032481027E
:10A02000032A8101032B01011305F0FF1301010332
:10A03000678000001305000067800000930A00009D
:10A0400013050000130C0000930900006382090847
:10A05000630A050893870A00938B090063F43701AC
:10A06000938B070003250400832704010329840040
:10A070008326440163F6A7003309D90063447909B4
:10A0800063C0DB16832744028325C40113060C003A
:10A0900013050A00E780070013090500E35CA0F43C
:10A0A000B38A2A4113051000E38E0AF283278B003E
:10A0B000330C2C01B3892941B38727412324FB00AA
:10A0C000E39607F8832BC100032C81006FF0DFEECD
:10A0D00083A944009387040093848400E38A09FEE3
:10A0E00003AC0700138609009305A00013050C00BC
:10A0F000EF004059630A051413051500B30A8541A2
:10A100006FF05FF593050C0013060900EF00D00116
:10A11000832704009305040013050A00B387270171
:10A120002320F400EFF09FB6E30C05F66FF09FECF0
:10A130008326040163E2F6040326440163EEC902A8
:10A140009387090063F43A0193870A00B3E6C702D4
:10A15000032744028325C40113860B0013050A005C
:10A16000B386D740E700070013090500635AA0042F
:10A17000B38929416FF0DFDF1309070063F4E900B9
:10A1800013890900138507001306090093850B0046
:10A19000EF008079032784008327040033072741D9
:10A1A000B38727012324E4002320F400E31207FCF3
:10A1B0009305040013050A00EFF05FADE30A05FA0A
:10A1C0008317C400832BC100032C8100832C410022
:10A1D0006FF01FE3138C0900938C09006FF09FD67A
:10A1E00013860B0093050C00EF0000740327840016
:10A1F0008327040013890B0033077741B387770166
:10A200002324E4002320F4006FF09FE913050A00E3
:10A21000EF300041930C0500E31605D083250401BF
:10A2200013050A00EFC08FB28317C4001307C000E4
:10A23000832BC100032C8100832C41002320EA00E2
:10A2400093F7F7F76FF0DFDB93871900938A070026
:10A250006FF09FE08317C4006FF09FDA1307C00010
:10A260008317C400832BC100032C8100832C410081
:10A270002320EA006FF0DFD88397C500130101F8AF
:10A28000232C8106232E110613F7270013840500C3
:10A29000630407029387350423A0F50023A8F50083
:10A2A0009307100023AAF5008320C1070324810728
:10A2B00013010108678000008395E500232A9106B9
:10A2C000232821072326310723244107930405006F
:10A2D00063C6050813068100EF000059634E0506AA
:10A2E0008327C10037F90000B71900003379F9005E
:10A2F000B7E7FFFF3309F90013391900130A0040CB
:10A300009389098093050A0013850400EFA0CFAE5E
:10A310008317C4006308050693E707082320A400F9
:10A320002328A4002316F400232A44016310090AF9
:10A33000B3E737018320C1072316F4000324810704
:10A3400083244107032901078329C106032A8106C3
:10A3500013010108678000008317C40093F7070802
:10A3600013090000638E0704130A000493050A0012
:10A3700013850400EFA04FA88317C40093090000C1
:10A38000E31C05F813F70720631E070493F7C7FFC4
:10A3900093E72700130734042316F40093071000F3
:10A3A00083244107032901078329C106032A810663
:10A3B0002320E4002328E400232AF4006FF0DFEEDA
:10A3C000130A0040930900006FF0DFF38315E400E7
:10A3D00013850400EF00804F631005028317C4004B
:10A3E0006FF01FF583244107032901078329C10664
:10A3F000032A81066FF05FEB8357C40093F7C7FF12
:10A4000093E717009397070193D707416FF05FF227
:10A41000130101F923248106138405008395E500C7
:10A4200023229106232021072326110693040600E8
:10A430001389060063CA050413068100EF00C042B9
:10A44000634405040327C100B7F700008320C10659
:10A45000B3F7E70037E7FFFFB387E7000324810680
:10A4600093B717002320F9001307004023A0E4004E
:10A4700037150000832441060329010613050580D2
:10A4800013010107678000008357C40093F7070892
:10A49000638807028320C106032481069307000016
:10A4A0002320F9001307000423A0E4000329010678
:10A4B0008324410613050000130101076780000093
:10A4C0008320C106032481062320F90013070040DE
:10A4D00023A0E4000329010683244106130500009C
:10A4E0001301010767800000130101FE232C810086
:10A4F000232A910023282101232E1100130905008E
:10A500009384050013040600EF00002C930710004D
:10A51000631CF5009387F4FF1307E00F6366F700F1
:10A52000230691006F0040029306C40513860400C1
:10A530009305C10013050900EF3000699307F0FF90
:10A540006304F508630C0502832784008345C1007A
:10A550009387F7FF2324F40063DA070003278401BD
:10A5600063CCE7029307A0006388F5028327040009
:10A57000138717002320E4002380B7008320C10144
:10A58000032481010329010113850400832441016F
:10A59000130101026780000013060400130509007F
:10A5A000EFB00FA99307F0FFE31AF5FC1305F0FFD6
:10A5B0008320C10103248101832441010329010176
:10A5C00013010102678000008357C4001305F0FFE8
:10A5D00093E707042316F4006FF09FFD8317C6006E
:10A5E000139727016340070203274606B72600009A
:10A5F000B3E7D700B72600003367D7002316F6006D
:10A600002322E6066FF05FEE130101FE232C81008A
:10A6100003A441F4232E11001386050093050500C1
:10A620006306040083274403638007048317C6007E
:10A63000139727016340070203274606B726000049
:10A64000B3E7D700B72600003367D7002316F6001C
:10A650002322E60613050400032481018320C1019F
:10A66000130101026FF05FE82324A1001305040029
:10A670002326C100EFA09FA40326C10083258100EB
:10A680006FF0DFFA9377350093F6F50F638A0702D0
:10A690009307F6FF630E06021306F0FF6F008001BA
:10A6A0001305150013773500630E07009387F7FF36
:10A6B0006380C70203470500E314D7FE67800000EC
:10A6C00093070600130730006368F70063900706DE
:10A6D000130500006780000093F5F50F13978500C0
:10A6E000B305B70013970501B708FFFE37888080D0
:10A6F000B385E5009388F8EF1308080813033000CA
:10A700006F0000019387C7FF13054500E370F3FC5A
:10A710000327050033C7E500330617011347F7FF8A
:10A720003377E60033770701E30E07FCB307F50044
:10A730006F00C00013051500E38CA7F80347050060
:10A74000E31AD7FE67800000130101FF23261100E2
:10A7500023229100630E0602B7350180938585E6BA
:10A76000130506002324810013040600EF00802C4B
:10A77000B73401806312050203248100138544E687
:10A780008320C10083244100130101016780000080
:10A79000B73401806FF09FFE938544E613050400F3
:10A7A000EF004029E30A05FCB71501809385C50A2F
:10A7B00013050400EF000028E30005FC03248100DA
:10A7C000130500006FF0DFFB03C581E86780000020
:10A7D000130101FF2326110023229100638E05023D
:10A7E0002324810013840500B7350180938585E615
:10A7F00013050400EF000024B73401806312050242
:10A8000003248100138544E68320C1008324410092
:10A810001301010167800000B73401806FF09FFED3
:10A82000938544E613050400EF00C020E30A05FC0D
:10A83000B71501809385C50A13050400EF00801F3A
:10A84000E30005FC03248100130500006FF0DFFB2B
:10A850001305050F67800000138501E56780000080
:10A86000138501E567800000130101FF13870500D0
:10A870002324810023229100130405009305060080
:10A88000130507002326110023AE01F4EF505FE506
:10A890009307F0FF630CF5008320C10003248100BF
:10A8A00083244100130101016780000083A7C1F5E3
:10A8B000E38407FE8320C1002320F40003248100E9
:10A8C000832441001301010167800000130101FF8F
:10A8D0002324810023229100130405001385050021
:10A8E0002326110023AE01F4EF509FE59307F0FFFC
:10A8F000630CF5008320C100032481008324410000
:10A90000130101016780000083A7C1F5E38407FEFE
:10A910008320C1002320F40003248100832441000C
:10A92000130101016780000063F6A5023387C500AB
:10A930006372E502B307C500630606048346F7FFAA
:10A940009387F7FF1307F7FF2380D700E318F5FE7F
:10A95000678000009307F00063E8C70293070500D3
:10A960009306F6FF6302060C93861600B386D700A3
:10A9700003C705009387170093851500A38FE7FE93
:10A98000E398D7FE67800000B367B50093F7370000
:10A9900063960708930806FF93F808FF9388080159
:10A9A000B306150113870500930705000328070068
:10A9B000130707019387070123A807FF032847FF11
:10A9C00023AA07FF032887FF23AC07FF0328C7FF3D
:10A9D00023AE07FFE39CD7FC1378C600B3851501AF
:10A9E0001377F600630408041308C7FF1378C8FF41
:10A9F00013084800B3870601138705008328070062
:10AA0000938646001307470023AE16FFE398F6FE31
:10AA100013763600B38505016FF09FF49306F6FFB9
:10AA2000930705006FF05FF46780000013060700CE
:10AA30006FF01FF33367B5009303F0FF1377370010
:10AA400063100710B7877F7F9387F7F7032605000A
:10AA500083A60500B372F6003363F600B382F200FA
:10AA6000B3E26200639272106316D60803264500B3
:10AA700083A64500B372F6003363F600B382F2009A
:10AA8000B3E26200639E720C6316D606032685004D
:10AA900083A68500B372F6003363F600B382F2003A
:10AAA000B3E262006398720C6316D6040326C500F5
:10AAB00083A6C500B372F6003363F600B382F200DA
:10AAC000B3E262006392720C6316D602032605019C
:10AAD00083A60501B372F6003363F600B382F20079
:10AAE000B3E26200639C720A130545019385450138
:10AAF000E30ED6F41317060193970601631EF700C1
:10AB00001357060193D706013305F7409375F50FE8
:10AB100063900502678000001357070193D7070170
:10AB20003305F7409375F50F6394050067800000C7
:10AB30001377F70F93F7F70F3305F740678000009F
:10AB40000346050083C6050013051500938515000F
:10AB50006314D600E31606FE3305D6406780000076
:10AB60001305450093854500E31CD6FC1305000042
:10AB7000678000001305850093858500E312D6FCED
:10AB800013050000678000001305C5009385C5000C
:10AB9000E318D6FA130500006780000013050501CD
:10ABA00093850501E31ED6F81305000067800000B9
:10ABB000130101FE232A91008327050183A40501C7
:10ABC000232E110063C0971C9384F4FF1393240079
:10ABD000232C8100138445012326310123244101C4
:10ABE000B3096400130A450183A7090033036A000F
:10ABF00003270300232821012322510193871700F3
:10AC00003359F702930A0500636AF70A3705010012
:10AC10009308040013080A00930E00009306000036
:10AC20001305F5FF03A70800032E080013084800CA
:10AC30003376A70013570701B377AE00135E0E01FA
:10AC40009388480033062603330727033306D601CB
:10AC5000B37EA600B387D74113560601B387D7004A
:10AC600093D60741B3F7A7003307C7003376A70091
:10AC7000B386C640B386C60113960601B3E7C70084
:10AC8000232EF8FE935E070193D60641E3FC19F9E3
:10AC900083270300639407021303C3FF63686A00FA
:10ACA0006F0080019384F4FF63786A0083270300B8
:10ACB0001303C3FFE38807FE23A89A0013850A0045
:10ACC000EF20401C634C05083705010093050A007E
:10ACD000130700001305F5FF83A6050003260400F3
:10ACE00093854500B3F7A6003378A600B3870741E4
:10ACF000B387E70013D707411356060193D6060121
:10AD00003307C7403307D70093160701B3F7A700EF
:10AD1000B3E7D7001304440023AEF5FE13570741F1
:10AD2000E3FC89FA93972400B307FA0003A707000E
:10AD3000631407029387C7FF6368FA006F008001FE
:10AD40009384F4FF6378FA0003A707009387C7FF93
:10AD5000E30807FE23A89A001309190003248101C0
:10AD60008320C1018329C100032A8100832A410075
:10AD70008324410113050900032901011301010284
:10AD8000678000008320C101832441011305000076
:10AD9000130101026780000003238503130101F4FE
:10ADA000232C810A232A910A2328210B2322510BC9
:10ADB0002326B109232E110A2326310B232EE1006D
:10ADC000232AF100232811012326B1022324C100E4
:10ADD00013040500938D050093040600938A060072
:10ADE00013090800630203020327C5039307100039
:10ADF00093050300B397E7002322E3002324F30025
:10AE0000EF10006C232C04029389040093060000C9
:10AE100063DC04009394140093D714002324F100FE
:10AE200093890700930610003707F07F2320D9008D
:10AE3000B3F6E9006388E6608324810013850D0082
:10AE40001306000093850400930600002320B1033D
:10AE500023229102EF404066631A05040327410153
:10AE6000930710002320F700032701016308070060
:10AE7000B7370180938797B52320F700B739018052
:10AE8000938989B58320C10B0324810B8324410B53
:10AE90000329010B832A410A832DC1081385090068
:10AEA0008329C10A1301010C678000001386040086
:10AEB000130781079306C10793850D00130504004E
:10AEC0002324410B2320610B232E7109232C81099C
:10AED000232A91092328A10913D94901EF20403ED3
:10AEE000930405006312095A832B81070329C107C4
:10AEF0009307000233892B0113072943E3D0E7327C
:10AF000093070004B387E74013052941B397F9007D
:10AF100033D5AD0033E5A700EF50501AB70710FE48
:10AF20009306100013070500B387B7001309F9FF54
:10AF30002324D10403A601EF83A641EF13050700E4
:10AF400093850700EF40106E03A681EF83A6C1EF43
:10AF5000EF40C07F03A601F083A641F0EF308050A0
:10AF6000130A05001305090093890500EF509009A5
:10AF700003A681F083A6C1F0EF40407D13060500D3
:10AF80009386050013050A0093850900EF30804D74
:10AF9000130B050093890500EF50807E130A05000E
:10AFA0009385090013050B001306000093060000AB
:10AFB000EF4040696350050213050A00EF5090040A
:10AFC00013060B0093860900EF40004F3335A000B5
:10AFD000330AAA4033892B4193076001130BF9FF11
:10AFE000E3E8471D3737018093173A00130787F1CD
:10AFF000B387E70003A6070083A6470003250102E5
:10B0000083254102EF400064E35A051E130AFAFF4C
:10B01000232E0102232C0100634C0B4863540A4A7F
:10B020008327810123244103B3874741232CF10067
:10B03000B3074041232CF10293079000130A00004C
:10B0400063EC574993075000E3D0571F938ACAFF18
:10B050009307300013090000E388FA62E3D0575FDA
:10B0600093074000E390FA52930710002328F1025F
:10B070000326C101E352C0602326C104130C06005D
:10B0800093067001130710009307400063C4C600C5
:10B090006F10802F93971700938647019305070041
:10B0A00013071700E378D6FE232EB402130504001D
:10B0B000EF10C03593090500631405006F10002BD5
:10B0C000232CA4029307E00063E6874F6304094E34
:10B0D00083268102E35AD05E93F7F600373701806A
:10B0E000130787F19397370093DC4640B387E70057
:10B0F00093F60C0103A8070003A74700E388065254
:10B10000B737018003A6870283A6C7020325010281
:10B11000832541022328E10423200105EF3010415B
:10B12000032801040327010593FCFC001303050019
:10B13000138D050013093000638C0C04B73B0180AC
:10B1400023208104938B8B001304090093050700CF
:10B150001309030093F71C00638E070003A60B007E
:10B1600083A64B001305080013041400EF40005E93
:10B170001308050093DC1C40938B8B00E39C0CFCB4
:10B1800013030900130904000324010413870500B5
:10B1900093060700130608001305030093050D002E
:10B1A000EF30D03813070500938705008326C103CD
:10B1B0006388060203A601F183A641F11305070087
:10B1C000938507002328E1042320F104EF40804702
:10B1D0008327010403270105635405006F10000154
:10B1E000130509002320F1062320E104EF508061BC
:10B1F000032701048327010613060700938607002F
:10B200002328E1042320F104EF40405403A601F277
:10B2100083A641F2EF300025B706C0FC8327010466
:10B2200003270105930C0500B38BB600630E0C32A7
:10B2300083268102232081072324D10613050700DA
:10B24000938507002328E1042320F104EF504053A5
:10B250008327010637360180130905009386F7FF1F
:10B2600093963600930786F1B386D70003A846006D
:10B270002326F10683A70600232E0105232291072A
:10B28000232CF104EF500058032701058327010404
:10B290001306050093860500130507009385070034
:10B2A000EF40503803270103138D190013030903DE
:10B2B0002320A105930C05001373F30FE304075A31
:10B2C00003A501F3032681058326C1052320B104CC
:10B2D00083A541F323286104EF305025032641065E
:10B2E00093860B00EF4010348328010403230105EB
:10B2F00013860C009386080023806900130905005B
:10B30000938B0500EF400024832801046354A000C0
:10B310006F00507883A701F103A841F1232C410568
:10B320002328F104232A010503A8C1F183A781F191
:10B3300023226107232681072320F10493070000BD
:10B34000032C010623220105138B0700232051073C
:10B35000138A08006F000009130B1B0063448B0164
:10B360006F00507803260104832641041305090069
:10B3700093850B00EF40803D0326010483264104A2
:10B3800013090500938B050013850C0093050A0033
:10B39000EF40C03B938C0500930A0500EF50403E00
:10B3A000130A0500EF5000461306050093860500BA
:10B3B00013850A0093850C00EF40D02693070A03FB
:10B3C0001306090093860B002300FD00130D1D00DA
:10B3D000930C0500138A0500EF40C0266354050056
:10B3E0006F00506B032501058325410513860C0072
:10B3F00093060A00EF4010231306090093860B0002
:10B40000EF404024E35A05F483278106930B0D0097
:10B41000138C1700130690036F008000E386796594
:10B4200083C6FBFF138D0B00938BFBFFE388C6FEE7
:10B430009386160093F6F60F2380DB00930D0C0025
:10B440006F00004D83264101372700009397C90004
:10B450001307F77093D7C70023A0E600B3E7B7013F
:10B460006380070A83270101B73901809389C9E7FF
:10B47000E38A07A0B73701809387F7E70327010125
:10B480002320F7006FF01FA083274102B706F03F8B
:10B49000832B81079397C70093D7C7000327010227
:10B4A000B3E7D700130919C0232401046FF09FA844
:10B4B00093071000B3872741232CF100130B0000E2
:10B4C000E3400AB623244103232C01029307900092
:10B4D000330B4B01E3F857B7930710001309100023
:10B4E000930A00002328F102130CF0FF232E010021
:10B4F000232E040223268105930500006FF01FBB55
:10B5000083270101B7390180938909E7E38C079606
:10B51000B7370180938787E76FF05FF6130509005F
:10B520002320F1062320E104EF50C02D032701045E
:10B530008327010613060700938607002328E104EA
:10B540002320F104EF40802003A601F283A641F2FC
:10B55000EF2050718327010403270105B706C0FCC3
:10B56000930C0500B38BB60003A681F283A6C1F24B
:10B570001305070093850700EF40D00A13860C00DF
:10B5800093860B00130D050013890500EF30907BA7
:10B59000E342A04EB7070080B3C7770113860C00C3
:10B5A00013050D009386070093050900EF408009FD
:10B5B000634805068327C10763CE071883268102E7
:10B5C0001307E0006348D7188327810237370180CB
:10B5D000130787F193973700B387E70003AA0700A3
:10B5E00083AA47008327C10163D807046346800507
:10B5F00063180C0203A681F283A6C1F213050A00A8
:10B6000093850A00EF408014130605009386050019
:10B610000325010283254102EF40C002E34CA04410
:10B62000138D090023200102130900008327C101A3
:10B6300093CDF7FF6F004069938719002320F10431
:10B64000032B01020329410213060A0093860A0014
:10B6500013050B0093050900EF30406DEF504012C9
:10B66000130D0500EF50001A13060A0093860A0016
:10B67000EF40C00D130605009386050013050B006F
:10B6800093050900EF40007A93070D032380F9002A
:10B6900013061000832B0104130705009386050091
:10B6A000E30CCC0C83A781F103A8C1F1930D10002A
:10B6B0002324F100232601016F00000613060A006F
:10B6C00093860A0013050B0093050900EF3000660E
:10B6D000EF50000B130D0500EF50C01213060A00C7
:10B6E00093860A00EF408006938605001306050046
:10B6F0009305090013050B00EF40C072938B1B00EC
:10B7000093070D03938D1D00A38FFBFE1307050008
:10B7100093860500E302BC0703268100938506009B
:10B720008326C10013050700EF4040021306000006
:10B7300093060000130B050013890500EF30D05766
:10B74000E31E05F683278102138D0B00938D1700EE
:10B750006F00001C0327010363160726832B810358
:10B76000832C8101232801021309000063820C024B
:10B770006350600393870C0063449B670327810138
:10B78000B38CFC40330BFB403307F740232CE10024
:10B7900083278103638207028327010363840700F1
:10B7A000E39C0B0603268103938504001305040024
:10B7B000EF10403F930405009305100013050400AB
:10B7C000EF1000102320A102631C0A509307100001
:10B7D00063DC5755B387670193F7F7016380071E52
:10B7E000130700023307F7409306400063D4E6587E
:10B7F0001307C001B307F74003278101B38CFC0096
:10B80000330BFB003307F700232CE1008327810172
:10B810006340F014635C60018325010213060B0092
:10B8200013050400EF10004D2320A1028327C1035C
:10B83000639C0712635480458327010363900726A6
:10B8400083278102938D1700832A0102130A1000B7
:10B850006F00000293850400930600001306A00009
:10B8600013050400EF00104893040500130A1A00A2
:10B8700093850A0013850400EFF08FB3930B050343
:10B88000B3874901A38F77FFE3468AFD130A1000AF
:10B8900063448055338A4901930A0000938504006C
:10B8A0001306100013050400EF10C04483250102A5
:10B8B00093040500EF10005D635EA04E93069003B5
:10B8C0006F008000638A495F8347FAFF130D0A0007
:10B8D000130AFAFFE388D7FE938717002300FA00C4
:10B8E0008325010213050400EF00903D6302090265
:10B8F000638A0A0063882A0193850A0013050400FD
:10B90000EF00103C9305090013050400EF00503BC5
:10B910009385040013050400EF00903A832741014A
:10B9200023000D0023A0B7018327010163840700D2
:10B9300023A0A701032A810A032B010A832BC10933
:10B94000032C8109832C4109032D01096FF08FD34A
:10B95000938504001386070013050400EF10803957
:10B96000930405006FF01FEB83250102138504008B
:10B97000EF104051E35005EC8327810293850400CA
:10B98000930600001306A00013050400138BF7FFB5
:10B99000EF0050358327010393040500639E070CD5
:10B9A000032CC104E35A8015832D81026FF0DFE977
:10B9B00093071000232EF1026FF0CFE59307C0012B
:10B9C0006FF09FE3130710006354574D83278103E3
:10B9D000930BFCFF63CA7741B38B774183278101C7
:10B9E000B38C8741E3500C0E93051000130504003F
:10B9F000EF00106D130905006FF05FD7232E0102D1
:10BA0000232C0100E34020AD93071000B3872741AA
:10BA1000232CF100130B00006FF0DFAAB387E7407F
:10BA20003395FD006FF04FCF9307300013091000DE
:10BA3000638CFA4463C657E393072000E38CFA143F
:10BA4000232E04029305000013050400EF00101CD0
:10BA500093090500E30C0510930710002328F10259
:10BA60009307F0FF232CA4022326F104130CF0FF0C
:10BA7000232E01006FF01FB4930509009306000008
:10BA80001306A00013050400EF00D025032CC10409
:10BA900013090500E356800923246103635C9001C8
:10BAA0009305090013860C0013050400EF10802491
:10BAB00013090500130B0900631E0A508327C102F6
:10BAC000138DF9FF938C0900232C31018329010286
:10BAD00093F71700330D8D012324F100232EB101BC
:10BAE0009385090013850400EFF08F8C130C05007B
:10BAF0009305090013850400EF10C038130A0500F0
:10BB000013060B009385090013050400EF10003D98
:10BB10000327C500930B0C03930D0500631C070856
:10BB20009305050013850400EF10C03513070500C9
:10BB300093850D0013050400930D0700EF005018C6
:10BB4000B3E65D01639A060E83278100638A07745A
:10BB500063420A7623807C01138A1C0063049D677C
:10BB600093850400930600001306A000130504004B
:10BB7000EF00501793040500930600001306A00081
:10BB80009305090013050400630E6909EF00901581
:10BB900093050B0013090500930600001306A0008F
:10BBA00013050400EF001014130B0500930C0A009A
:10BBB0006FF01FF39305050013050400832981012D
:10BBC000832DC101EF00D00F634A0A0013F71D0057
:10BBD000336A5A0133674701631E070693850400E1
:10BBE0001306100013050400EF10C0108325010296
:10BBF00093040500EF1000296358A0241307900355
:10BC0000638CEB24930B1C0383278102930A0900A6
:10BC1000138D1C0023807C01938D170013090B00EA
:10BC20006FF01FCCEF00100C13090500130B05007B
:10BC3000930C0A006FF0DFEA63440A7283278100E5
:10BC4000336A5A0133EA4701630C0A70E354B0F1D6
:10BC500083298101130790036380EB20032781026E
:10BC600093871B00930A0900138D1C00930D170086
:10BC70002380FC0013090B006FF09FC69307200080
:10BC8000E3DC57BB138D0900E3120C9A83250102F4
:10BC9000930600001306500013050400EF00900403
:10BCA000930505002320A10213850400EF10801DD9
:10BCB000E35EA096930710032380F9008327810297
:10BCC000138D1900938D17008325010213050400BD
:10BCD000938D1D00EF00C07EE31609C26FF05FC3B5
:10BCE0009305050013060A0013050400EF00906B8E
:10BCF000930710002320A10263DE5711130A0000EE
:10BD000003270102832707019387370093972700B2
:10BD1000B307F70003A54700EF00102593070002C3
:10BD2000B387A7406FF01FAB8327C102639007045E
:10BD3000832781009397C700639A070283268100B7
:10BD40009307000013D746011377F77F630C0700B2
:10BD500083278101130B1B0093871700232CF1000D
:10BD600093071000631C0A54138A070093071000FE
:10BD70006FF05FA6E30CD7A81307C003B307F74023
:10BD80006FF09FA793071000930A50002328F10239
:10BD90008327C10103278102B387E700138C1700B3
:10BDA0002326F10413060C00634C80AD130610002B
:10BDB0006FF00FAD6316050093F71B00E39007B01B
:10BDC000930600038347FAFF130D0A00130AFAFFD4
:10BDD000E38AD7FE6FF0DFB0130A0C006FF09FAB61
:10BDE00093070B006FF09F9983278103032781013D
:10BDF000232C7103B387FB40330AFA00B307870192
:10BE0000930C0700330B8B01232CF100930B0000E4
:10BE10006FF09FBD8327C102E39207EE8327810065
:10BE20009397C700E39C07EC6FF05FF103230102D7
:10BE3000032D4102130920006FF00FB0930A200078
:10BE4000232801026FF0CFA2E31005DC13F71B00DB
:10BE5000E31607DA6FF05FDB930790032380FC00A3
:10BE600083278102930A0900138A1C00938D17000F
:10BE700013090B006FF09FA493071000130C100020
:10BE8000232EF1006FF0CFE6232801026FF05FF060
:10BE90000327810463040730032781019387374315
:10BEA000330BFB00B307F700832B8103930C0700D0
:10BEB000232CF1006FF05FB3930710032380F90088
:10BEC000938D1D006FF0DFA1832781026388073007
:10BED000B30BF04093F7FB0037370180130787F16E
:10BEE00093973700B387E70003A6070083A64700B0
:10BEF000032501028325410293DB4B40EF301005FF
:10BF0000138D050063880B4213092000B73C0180A4
:10BF100023208104938C8C0013040900130705006F
:10BF2000130600001309050093F61B006380060248
:10BF300003A60C0083A64C0013050700130414008D
:10BF4000EF30D000130705001306100093DB1B40F1
:10BF5000938C8C00E39A0BFC130509009387050072
:10BF60001309040003240104631206A41307050047
:10BF700093070D006FF08FA393850600130607004B
:10BF800013050700EF20004E8327810213060A00E5
:10BF900093860A00938D1700130B05001389050083
:10BFA000138C0D00EF30005A6346A0C613050B003A
:10BFB0009305090013060A0093860A00EF30C04F6C
:10BFC00063160500137D1D0063160DC4138D0B0051
:10BFD0006FF01F948325490013050400EF00004310
:10BFE000130A050063000536032609019305C900FD
:10BFF0001305C5001306260013162600EFA0CF81F7
:10C000001306100093050A0013050400EF00904E7C
:10C01000130B05006FF09FAA9305090013860B0010
:10C0200013050400EF001038138604009305050083
:10C030001309050013050400EF0090139307050092
:10C04000938504001305040093840700EF00404724
:10C0500083278103B3877741232CF102638E07F492
:10C060006FF04FF4032681058326C10503254106A1
:10C070002328B10493850B0023286102EF30006D63
:10C080000323010383270106930610002380690020
:10C090002324A1048328010513890500B38BF9002B
:10C0A000638CD72683A781F103A8C1F123289104CB
:10C0B0002328F102232A01032320810613850C0083
:10C0C000938508000326010383264103130D1D00F9
:10C0D000EF30C0671384050093040500EF40406A09
:10C0E000930C0500EF4000721306050093860500CF
:10C0F0001385040093050400938C0C03EF309052D9
:10C10000A30F9DFFE390ABFD8324010503240106EB
:10C11000930C05009388050003A601F383A641F361
:10C12000032581049305090023281103EF208033A0
:10C130008328010313860C0093860800EF3080509B
:10C14000634C05180326810403A501F383A541F37D
:10C1500093060900EF30104D8328010313860C006D
:10C1600093860800EF30003E634CA0108327C10780
:10C1700063C607DE032781029307E00063C0E7DEA2
:10C18000832781020327C10693973700B307F7007F
:10C1900003AA070083AA47006FF08FCA032781070D
:10C1A0008326810193076003B387E740330BFB00CD
:10C1B000B387F600832B8103938C0600232CF100B8
:10C1C0006FF09F8283278102930A090083298101EE
:10C1D000938D170013090B006FF04FEC032701023A
:10C1E00083274102130920006FE05FFC63080CB253
:10C1F000032DC1046350A0BD9385070083278102EE
:10C2000083A6C1F103A681F19387F7FF1305070009
:10C210002324F106EF30805313070500130519009E
:10C220002328E1042320B104EF40C05D032701056A
:10C23000832701041306070093860700EF3000519F
:10C2400003A601F283A641F2EF20C021B706C0FC8D
:10C250008327010403270105930C0500B38BB60067
:10C260002320A1076FE09FFD93061003130C1C0011
:10C270006FF08F9C23200102130900006FF09FA331
:10C280001306000383C7FBFF138D0B00938BFBFF8B
:10C29000E38AC7FE83278106938D17006FF04FE76F
:10C2A0001307900383298101E388EBBAE34C40959F
:10C2B0006FF09F95832981016FF01F95138A070006
:10C2C0006FF01FA4938C0700B3878701330B8B019A
:10C2D000232CF1006FF04FF183278106138C170098
:10C2E0006FF04F93032A8105032B4106032CC106EF
:10C2F000832A01066FF00FAC9307200063C8570133
:10C30000832D8102032CC1046FF00FD4032CC104D0
:10C31000232461036FF01F97832B01046FF0DFDF8D
:10C3200093072000E3C457FF032CC10423246103B7
:10C330006FF0CFF61307050093870500130920005F
:10C340006FE0DFE6B736018037350180938606E877
:10C35000130600009305F02E130545E9EF10D016E3
:10C3600083298101E34CB0876FF01F8AB7360180C3
:10C3700037350180938606E8130600009305F01A0E
:10C38000130545E9EF105014232E04029305000015
:10C390006FE0DFD1232801026FE09FCD83A741E446
:10C3A0006780070063800502630206046388060451
:10C3B0008347060023A0F500034506003335A0009F
:10C3C00067800000130101FF9305C10063040602AA
:10C3D000638A06028347060023A0F5000345060092
:10C3E0003335A00013010101678000001305000030
:10C3F00067800000130500006FF0DFFE1305E0FF0B
:10C40000678000001305E0FF6FF0DFFD8327450420
:10C41000130101FF23248100232291002326110010
:10C420001304050093840500638C0702139724000E
:10C43000B387E70003A5070063040504032705008D
:10C4400023A0E70023280500232605008320C10040
:10C45000032481008324410013010101678000004F
:10C460001306100293054000EF10900C2322A40441
:10C4700093070500E31C05FA130500006FF01FFD8C
:10C4800023202101130910003319990013065900C4
:10C49000131626009305100013050400EF10500931
:10C4A000630A0500232425012322950003290100A6
:10C4B0006FF05FF903290100130500006FF01FF909
:10C4C0006380050203A7450083274504131727004F
:10C4D000B387E70003A7070023A0E50023A0B70068
:10C4E00067800000130101FE232A910083A4050147
:10C4F00037030100232C8100232821012326310149
:10C50000232E1100138905009309050013840600EA
:10C5100013884501930800001303F3FF83270800E5
:10C52000130848009388180033F767003307C702E1
:10C5300093D60701B386C602B307870013D7070156
:10C54000B3F76700B386E60013970601B307F70059
:10C55000232EF8FE13D40601E3C298FC6302040202
:10C560008327890063DEF4029387440093972700B2
:10C57000B307F90023A287009384140023289900AD
:10C580008320C10103248101832441018329C10047
:10C59000130509000329010113010102678000004E
:10C5A0008325490013850900232441019385150043
:10C5B000EFF0DFE5130A0500630E05040326090109
:10C5C0009305C9001305C50013062600131626009F
:10C5D000EF909FA40327490083A74904131727005E
:10C5E000B387E70003A707002320E90023A0270162
:10C5F0009387440013090A0093972700B307F900B3
:10C60000032A81009384140023A287002328990021
:10C610006FF01FF7B736018037350180938606E843
:10C62000130600009305A00B1305C5ECEF10C069BD
:10C63000130101FE232C8100232A910023282101CC
:10C64000232631012324410193890600930790009A
:10C6500093868600232E1100B3C6F6021309050047
:10C6600013840500130A06009304070063DA370DEC
:10C67000930710009305000093971700938515000A
:10C68000E3CCD7FE13050900EFF05FD89305050052
:10C69000630C050A930710002328F500232A950050
:10C6A0009307900063D8470923225101930A94000D
:10C6B00093840A003304440183C604001306A000D7
:10C6C00013050900938606FDEFF0DFE19384140063
:10C6D00093050500E39284FE13048AFF33848A00E5
:10C6E000832A410063563A03B3894941B3093401AF
:10C6F000834604001306A00013050900938606FD77
:10C70000EFF05FDE1304140093050500E31234FF1D
:10C710008320C101032481018324410103290101F4
:10C720008329C100032A810013850500130101023A
:10C73000678000001304A400130A90006FF09FFAB2
:10C74000930500006FF01FF4B73601803735018084
:10C75000938606E8130600009305300D1305C5EC1B
:10C7600023225101EF1040569307050037070100BF
:10C770001305000063F6E700939707011305000116
:10C780003707000163F6E7001305850093978700DC
:10C790003707001063F6E70013054500939747003D
:10C7A0003707004063EAE70093C7F7FF93D7F70125
:10C7B0003305F500678000009397270063CA0700E0
:10C7C00013971700634A07001305000267800000F3
:10C7D0001305250067800000130535006780000001
:10C7E000832705001307050093F67700638406028C
:10C7F00093F6170013050000639E060493F62700C6
:10C800006388060A93D717002320F700130510004A
:10C81000678000009396070193D606011305000078
:10C82000638E060693F6F70F6380060693F6F7000D
:10C830006382060493F637006384060293F61700BA
:10C84000639C060093D71700130515006396070035
:10C8500013050002678000002320F70067800000B6
:10C8600093D7270093F6170013052500E39606FEDD
:10C870006FF05FFD93D7470093F63700130545002F
:10C88000E39E06FA6FF0DFFD93D7870093F6F7007B
:10C8900013058500E39006FA6FF0DFFD93D70701DB
:10C8A00093F6F70F13050001E39206F86FF0DFFD32
:10C8B00093D727002320F70013052000678000008E
:10C8C00083274504130101FF2324810023229100C3
:10C8D000232611001304050093840500638C0702CE
:10C8E00003A54700630205060327050023A2E7000E
:10C8F0008320C1000324810093071000232A9500A0
:10C90000232605002328F50083244100130101019B
:10C91000678000001306100293054000EF104041AD
:10C920002322A40493070500E31C05FAB73601800F
:10C9300037350180938606E81306000093055014EE
:10C940001305C5ECEF1040381306C0019305100025
:10C9500013050400EF10C03DE30A05FC9307100027
:10C960002322F500930720002324F5006FF05FF8E1
:10C97000130101FE232821012326310103A905010A
:10C9800083290601232A910023244101232E11002B
:10C99000232C8100138A050093040600634C39019F
:10C9A000138709009384050093090900130A060000
:10C9B0001309070083A7840083A544003384290159
:10C9C000B3A78700B385F500EFF05FA4630E051AE7
:10C9D0001303450193182400B308130193070300C0
:10C9E0006378130123A0070093874700E3EC17FF48
:10C9F00013084A01131E2900938E440193952900C0
:10CA0000330EC801B385BE006376C8139387540103
:10CA1000130F400063F0F516B70601009386F6FF8A
:10CA20006F00800193DF0F0163980F08130848001F
:10CA3000130343006370C811832F0800B3F3DF00B2
:10CA4000E38203FE93020300938F0E009304000021
:10CA500083A70F0003A602009382420033F7D7009A
:10CA60003307770293D707013379D60013560601AF
:10CA7000938F4F00B387770233072701330797005F
:10CA8000935407013377D700B387C700B387970064
:10CA9000139607013367E60023AEE2FE93D4070145
:10CAA000E3E8BFFAB307E30123A09700832F080050
:10CAB00093DF0F01E38C0FF60327030093020300BB
:10CAC00013860E00930407009303000083270600DB
:10CAD00093D904013377D700B3F7D700B387F703AF
:10CAE00083A44200938242001306460033F9D40027
:10CAF000B3877700B38737019393070133E7E300E8
:10CB000023AEE2FE0357E6FF93D707013307F7038F
:10CB1000330727013307F70093530701E368B6FA99
:10CB2000B307E30123A0E700130848001303430001
:10CB3000E364C8F1634880006F0080011304F4FFD0
:10CB40006308040083A7C8FF9388C8FFE38807FE33
:10CB50008320C1012328850003248101832441010E
:10CB6000032901018329C100032A81001301010265
:10CB700067800000B38795409387B7FE93F7C7FFA0
:10CB8000138F47006FF05FE9B736018037350180BA
:10CB9000938606E813060000930520161305C5ECDE
:10CBA000EF108012130101FE232C810023282101A4
:10CBB00023263101232E110093773600130406003B
:10CBC0009309050013890500639C070A1354244048
:10CBD000630A0406232A910083A409046386040CD3
:10CBE000937714006390070213541440630A0404FB
:10CBF00003A504006306050693040500937714005B
:10CC0000E38407FE138604009305090013850900D9
:10CC1000EFF01FD6630009020327490083A74904E8
:10CC200013172700B387E70003A707002320E900B5
:10CC300023A027011354144013090500E31A04FA32
:10CC4000832441018320C101032481018329C10080
:10CC50001305090003290101130101026780000087
:10CC6000138604009385040013850900EFF05FD05C
:10CC700023A0A40023200500930405006FF01FF8F3
:10CC80009387F7FF37370180130787F093972700C3
:10CC9000B307F70003A6070093060000EFF09F8498
:10CCA000130905006FF09FF293051000138509002A
:10CCB000EFF0CFF5930405006300050293071027FA
:10CCC000232AF500930710002328F50023A0A904C8
:10CCD000232005006FF0DFF0B73601803735018083
:10CCE000938606E813060000930550141305C5EC5F
:10CCF000EF00907D130101FE2322510183AA05015B
:10CD000083A785002326310193595640B38A5901E0
:10CD1000232C8100232A910023282101232441016F
:10CD2000232E110013891A009384050013040600B2
:10CD300083A54500130A050063D8270193971700C0
:10CD400093851500E3CC27FF13050A00EFF00FECE5
:10CD5000630C05101308450163543003938959008F
:10CD600093992900330735019307080093874700FB
:10CD700023AE07FEE39CE7FE9389C9FE3308380122
:10CD800083A80401938744011376F4019398280043
:10CD9000B38817016304060A93050002B385C540F2
:10CDA000130308009306000003A7070013034300C2
:10CDB000938747003317C7003367D700232EE3FE5E
:10CDC00083A6C7FFB3D6B600E3E017FF93875401ED
:10CDD0001307400063EAF800B38798409387B7FED3
:10CDE00093F7C7FF138747003308E8002320D800D4
:10CDF0006394060013890A0003A7440083274A04AA
:10CE00008320C10113172700B387E70003A707009A
:10CE1000232825010324810123A0E40023A09700F7
:10CE200003290101832441018329C100032A8100D0
:10CE3000832A4100130101026780000003A7070055
:10CE40009387470013084800232EE8FEE3F417FBFE
:10CE500003A707009387470013084800232EE8FE26
:10CE6000E3EE17FD6FF01FF9B7360180373501800B
:10CE7000938606E8130600009305E01D1305C5EC34
:10CE8000EF0090640327050183A70501130805003F
:10CE90003305F7406312F7049397270013084801FE
:10CEA000938545013307F800B387F5006F008000D4
:10CEB0006374E8020326C7FF83A6C7FF1307C7FFF3
:10CEC0009387C7FFE306D6FE130510006376D600EE
:10CED0001305F0FF678000006780000003A70501CD
:10CEE00083270601130101FF2324810023229100DF
:10CEF000232611002320210113840500930406003A
:10CF0000B306F740631EF718939627001386450172
:10CF100013874401B307D6003307D7006F008000A2
:10CF2000637CF61883A5C7FF8326C7FF9387C7FFD7
:10CF30001307C7FFE386D5FE1309100063EAD50087
:10CF4000938704001309000093040400138407006E
:10CF500083A54400EFF08FCB6306051A83A8040174
:10CF600083220401938F4401139328001308440182
:10CF70009392220093054501370E010023262501D7
:10CF800033836F00B3025800138F0500938E0F0098
:10CF900093060000130EFEFF03A70E0003260800F1
:10CFA000130F4F00B377C701B373C601B387774040
:10CFB000B387D700135707011356060193D60741CD
:10CFC0003307C7403307D70093160701B3F7C701EC
:10CFD000B3E7D70013084800232EFFFE938E4E00C0
:10CFE00093560741E36A58FA130754013384824089
:10CFF0001304B4FEB3B2E20013CF120013542400A2
:10D00000130740006384020AB38FEF003388E50002
:10D01000B70E0100130E080013860F00938EFEFF5B
:10D0200063F46F0C83270600130E4E0013064600B0
:10D0300033F7D7013307D70093D5070113570741BB
:10D040003307B700B387D700B3F7D70193160701AB
:10D05000B3E7D700232EFEFE93560741E36466FC38
:10D060001303F3FF3303F3411373C3FF3307680064
:10D07000639A07008327C7FF9388F8FF1307C7FF4A
:10D08000E38A07FE8320C1000324810023281501C1
:10D09000832441000329010013010101678000007E
:10D0A00013091000E3DE06E86FF09FEA130714008F
:10D0B000131727006FF05FF593050000EFF00FB531
:10D0C000630005068320C10003248100930710003C
:10D0D0002328F500232A05008324410003290100A9
:10D0E00013010101678000001307000063160F00A1
:10D0F0003387E5006FF0DFF7131724003387E5006F
:10D100006FF01FF7B736018037350180938606E848
:10D1100013060000930550241305C5ECEF00D03A28
:10D12000B736018037350180938606E81306000084
:10D13000930570231305C5ECEF001039B707F07F96
:10D14000B3F5B700B707C0FCB385F500930700003F
:10D150006356B0001385070067800000B305B04038
:10D1600093D545419307300163CCB700B70708005A
:10D17000B3D5B74093070000138507006780000010
:10D180009385C5FE1307E001930710006346B700BF
:10D19000B7070080B3D7B7009305000013850700D9
:10D1A00067800000130101FE232A910083240501FA
:10D1B000232C81001304450193942400B3049400AC
:10D1C0002328210103A9C4FF23263101232441017F
:10D1D0001305090093890500232E1100EFF0CFD825
:10D1E00013070002B307A74023A0F9009307A0008C
:10D1F000138AC4FF63DCA708130655FF6370440558
:10D2000083A784FF630C0604B306C74033D7D70057
:10D210003319C9003369E900938584FF3707F03F6C
:10D220003367E900B397C700637EB40203A644FFE7
:10D23000B356D600B3E7D7006F00C0029307B00023
:10D24000630CF5003319C9003707F03F3367E90075
:10D25000930700006F000001930700003707F03FBD
:10D260003367E9008320C101032481018324410144
:10D27000032901018329C100032A810013850700C6
:10D280009305070013010102678000009306B000B8
:10D29000B386A640B707F03F3357D9003367F7008E
:10D2A000930700006376440183A784FFB3D7D700B8
:10D2B000130555013319A900B367F9006FF09FFA00
:10D2C000130101FD232A5101938A050093051000E3
:10D2D00023229102232E3101232C41012326110206
:10D2E000232481022320210393040600138A0600CD
:10D2F00093090700EFF08F916302051037071000C4
:10D3000013D944019307F7FF1379F97F130405003C
:10D31000B3F7970063040900B3E7E7002326F100A1
:10D3200063920A061305C100EFF08FCB0327C100FB
:10D330009304100023289400232AE4009307050295
:10D34000630809081309D9BC3309F9009304500391
:10D3500023202A013385F44023A0A9008320C102A1
:10D3600013050400032481028324410203290102DE
:10D370008329C101032A8101832A41011301010389
:10D38000678000001305810023245101EFF04FC591
:10D390000327C10093070500630E050403268100DF
:10D3A00093060002B386A640B316D7003357A700F2
:10D3B000B3E6C6002326E100B334E00093841400F2
:10D3C000232AD400232CE40023289400E31C09F62C
:10D3D000139724003307E400032507019387E7BC74
:10D3E0002320FA00EFF04FB8939454003385A44003
:10D3F0006FF09FF6832681006FF01FFCB736018027
:10D4000037350180938606E8130600009305F03057
:10D410001305C5ECEF00500B130101FD2320210380
:10D42000138905009305810023261102232481021C
:10D4300023229102232E310193090500EFF09FD69C
:10D440009304050013840500130509009305C1002A
:10D45000EFF05FD50327090183A709018326C100E7
:10D46000B387E74003278100939757003307D740DE
:10D47000B387E70013070500635EF0029397470147
:10D480003384870093860500138504009305040008
:10D4900013060700EF1090098320C10203248102C4
:10D4A00083244102032901028329C10113010103DD
:10D4B0006780000093974701B385F5406FF09FFCAC
:10D4C000130101FF2320210123261100930770017E
:10D4D0001309050063DAA70483A701F183A541F1CD
:10D4E000232481002322910003A481F183A4C1F1AC
:10D4F000138507001306040093860400EF2000251F
:10D500001309F9FF93070500E31409FE03248100C2
:10D510008320C100832441000329010013850700F3
:10D5200013010101678000003737018013193500AE
:10D53000130787F033072701832707018320C100E2
:10D540008325470103290100138507001301010109
:10D5500067800000832606019385F5FF93D555402B
:10D560009385150093074601939626009395250011
:10D57000B386D700B305B50063F8D70213070500DB
:10D5800003A807009387470013074700232E07FFD0
:10D59000E3E8D7FEB387C6409387B7FE93F7C7FF8C
:10D5A000938747003305F5006378B5001305450000
:10D5B000232E05FEE36CB5FE6780000003270501FE
:10D5C00013D65540930645016352C702131727002F
:10D5D000B387E60063F2F60403A7C7FF9387C7FF8C
:10D5E000E30A07FE1305100067800000931726006A
:10D5F000B387F600E350E6FE93F5F501E38C05FCF6
:10D6000003A60700130510003357B6003317B70001
:10D61000E302E6FC6780000013050000678000005D
:10D62000130101FD23229102232611029304060017
:10D630006388051E2324810223202103138405000F
:10D64000232E3101232A5101232C41011309050006
:10D65000EF708FF50327C4FF9387B4009306600132
:10D66000930A84FF9379C7FF63F2F61013FA87FFDA
:10D6700063C2071063609A1063D24913B737018001
:10D6800023248101138C872103268C00B3863A0161
:10D6900083A746006308D61C13F6E7FF3386C6004F
:10D6A0000326460013761600631A061493F7C7FF85
:10D6B0003386F9006358460D13771700631C070281
:10D6C00023267101832B84FF23286101B38B7A41C8
:10D6D00003A74B001377C7FFB387E700338B3701EE
:10D6E000635C4B33338BE90063584B29032B0101F7
:10D6F000832BC1009385040013050900EF60DFEF61
:10D7000093040500630805408327C4FF130785FFC2
:10D7100093F7E7FFB387FA006386E7241386C9FF10
:10D720009307400263E4C72E13073001636AC720E2
:10D7300093070500130704008326070023A0D700E2
:10D740008326470023A2D7000327870023A4E700EE
:10D750009305040013050900EF805FDF130509003E
:10D76000EF70CFE4032C81006F00C006130A0001A4
:10D77000E3749AF09307C0002320F900930400009B
:10D780006F00400583A7C60003A78600032C810015
:10D79000930906002326F70023A4E70083A74A0085
:10D7A000B38649411306F00093F7170033873A0117
:10D7B0006362D608B3E7370123A2FA008327470044
:10D7C00093E717002322F70013050900EF700FDE1F
:10D7D00093040400032481028320C102032901026F
:10D7E0008329C101032A8101832A41011385040091
:10D7F000832441021301010367800000137717009F
:10D80000E31A07EE23267101832B84FF232861018D
:10D81000B38B7A4103A74B001377C7FF6FF09FECE0
:10D820008320C102832441029305060013010103F2
:10D830006F609FDCB3E7470123A2FA00B3854A017A
:10D8400093E6160023A2D500832747009385850021
:10D850001305090093E717002322F700EF801FCF7D
:10D860006FF09FF693F7C7FFB386370113060A01DF
:10D8700063D0C62613771700E31E07E6232671013F
:10D88000832B84FF23286101B38B7A4103A74B00CC
:10D890001377C7FFB387E700338B3701E344CBE44B
:10D8A00083A7CB0003A78B001386C9FF9306400212
:10D8B0002326F70023A4E70093848B0063E4C628A3
:10D8C00013073001938704006372C7020327040023
:10D8D0009307B00123A4EB000327440023A6EB0029
:10D8E00063EAC7261304840093870B01032704000F
:10D8F00023A0E7000327440023A2E70003278400B6
:10D9000023A4E70033874B01330B4B412324EC0066
:10D9100093671B002322F70083A74B001305090020
:10D9200093F71700B3E7470123A2FB00EF700FC87E
:10D93000032B0101832BC100032C81006FF09FE9B1
:10D94000832604001307B0012320D500832644005A
:10D950002322D500636EC714130784009307850044
:10D960006FF09FDD8327C5FF032C810093F7C7FF6E
:10D97000B389F9006FF09FE283A7CB0003A78B0068
:10D980001386C9FF930640022326F70023A4E7006D
:10D9900093848B0063E6C61013073001938704005D
:10D9A000637CC702032704009307B00123A4EB00A4
:10D9B0000327440023A6EB0063F8C71483278400E1
:10D9C00023A8FB008327C40023AAFB00630CD60A0C
:10D9D0001304040193878B010327040023A0E700AD
:10D9E0000327440023A2E7000327840023A4E700C1
:10D9F00093090B00938A0B00032B0101832BC100B9
:10DA0000032C8100138404006FF05FD99305040098
:10DA1000EFC09FF16FF0DFD383A7C60003A7860096
:10DA20001386C9FF930640022326F70023A4E700CC
:10DA300003A78B0083A7CB0093848B002326F700DA
:10DA400023A4E70063EEC6041307300193870400A4
:10DA5000E374C7F8032704009307B00123A4EB0085
:10DA60000327440023A6EB0063F0C70A03278400C2
:10DA70009307400223A8EB000327C40023AAEB006E
:10DA8000E318F6F40327040193870B0213048401BF
:10DA900023ACEB000327C4FF23AEEB006FF0DFF3F2
:10DAA0009305040013850400EFC01FE86FF05FF4D6
:10DAB000032784002324E5000327C4002326E50070
:10DAC0006304F60613070401930705016FF0DFC630
:10DAD000B38A4A01B386464123245C0193E71600CA
:10DAE00023A2FA008327C4FF13050900930404004E
:10DAF00093F71700B3E74701232EF4FEEF700FAB47
:10DB0000032C81006FF01FCD1304840093870B0159
:10DB10006FF09FEC13050900EF704FA9930400000C
:10DB2000032C81006FF01FCB8326040113078401AF
:10DB3000930785012328D50083264401232AD50095
:10DB40006FF09FBF9305040013850400EFC0DFDD75
:10DB50006FF05FDB8327840023A8FB008327C400CA
:10DB600023AAFB006308D6001304040193878B01EA
:10DB70006FF0DFD70327040193870B02130484019E
:10DB800023ACEB000327C4FF23AEEB006FF01FD6DE
:10DB900083A701E467800700638405029307F00F01
:10DBA00063E8C7002380C5001305100067800000EC
:10DBB0009307A0082320F5001305F0FF67800000FD
:10DBC0001305000067800000130101FE232C810073
:10DBD000232A9100232E110083A701E413040500DA
:10DBE0009384060063820502E78007009307F0FF35
:10DBF0006306F5028320C1010324810183244101CE
:10DC00001301010267800000130600009305410024
:10DC1000E78007009307F0FFE31EF5FC23A0040054
:10DC20009307A0088320C1012320F400032481016D
:10DC3000832441011301010267800000130101FEEA
:10DC4000232C8100232A9100232E110083A441F468
:10DC500083A701E413040600630A05021386050086
:10DC6000930604009305050013850400E780070070
:10DC70009307F0FF630AF5028320C10103248101A9
:10DC8000832441011301010267800000930606000E
:10DC9000930541001306000013850400E780070088
:10DCA0009307F0FFE31AF5FC232004008320C10151
:10DCB000032481019307A00823A0F40083244101D9
:10DCC000130101026780000003A741F4130101FF63
:10DCD0009387060013080600232611008328C70037
:10DCE00093060500138705001386070063000802EA
:10DCF000B737018093874713B73501809385451463
:10DD000013850800EF00C014EF00C0193718018018
:10DD10009307C80A1308C80A6FF01FFE130101FF1A
:10DD2000930606001306000023261100EFF0DFF92A
:10DD3000B3B7C502130101FF23261100232481007C
:10DD4000B385C5026390070AEF601F8B13040500BB
:10DD50006300050A0326C5FF130740021376C6FFBA
:10DD60001306C6FF6368C7049306300193070500D6
:10DD700063F2C60223200500232205009307B001A9
:10DD800063F8C70423240500232605009307050133
:10DD9000630CE60623A0070023A2070023A40700C4
:10DDA0008320C10013050400032481001301010135
:10DDB0006780000093050000EF804F988320C1002A
:10DDC0001305040003248100130101016780000092
:10DDD0009307850023A0070023A2070023A40700C0
:10DDE0006FF01FFCEF00800B9307C0002320F500AD
:10DDF000130400008320C1001305040003248100E4
:10DE000013010101678000002328050093078501A5
:10DE1000232A05006FF01FF8130101FC1303C10250
:10DE20002326D10293060300232E11002328E102AA
:10DE3000232AF102232C0103232E11032326610040
:10DE4000EFA01FB58320C10113010104678000000A
:10DE5000130E0500130101FC03A541F41303810215
:10DE60002324C1022326D102138605009306030052
:10DE700093050E00232E11002328E102232AF1022C
:10DE8000232C0103232E110323266100EFA05FB092
:10DE90008320C101130101046780000003A541F440
:10DEA00067800000130101FF1305600023261100A5
:10DEB000EF00802A13051000EF208FFF83278511C4
:10DEC000638607001305000067800000130101FF4F
:10DED0009305000823248100232611001304050064
:10DEE000EF608FF1232CA41063040502930705084B
:10DEF0002320050013054500E31CF5FE1305000073
:10DF00008320C10003248100130101016780000008
:10DF10001305F0FF6FF0DFFE130101FE232A9100CD
:10DF2000232E11009307F0019304050063ECB70260
:10DF300083278511232C810013840500638C07023D
:10DF400013142400B38787000324810103A507006D
:10DF500023A0C7008320C1018324410113010102D2
:10DF600067800000930760012320F5001305F0FF90
:10DF70006FF05FFE930500082326C100EF60CFE736
:10DF800023ACA4100326C100930705001307050066
:10DF900093060508630A05002320070013074700BE
:10DFA000E31CD7FE6FF0DFF9032481011305F0FFB6
:10DFB0006FF05FFA130101FF232291002326110065
:10DFC0009307F0019304050063E0B70A83278511E6
:10DFD000232481001384050063840704139725001C
:10DFE000B387E70003A70700630C0702930610003E
:10DFF000630CD7009306F0FF6308D70423A0070043
:10E0000013850500E70007000324810013050000C5
:10E010008320C100832441001301010167800000B7
:10E0200013850400EF00C04313060400032481009D
:10E030008320C1009305050013850400832441005B
:10E04000130101016F00803B032481008320C10084
:10E05000930760012320F50083244100130510007D
:10E060001301010167800000930760012320F50080
:10E070001305F0FF6FF0DFF99307F00163EAB70CC7
:10E0800083278511130101FF23248100232291009E
:10E0900023261100138405009304050063800708FC
:10E0A00013172400B387E70003A70700630C0702D8
:10E0B0009306F0FF6300D706930610006300D704B1
:10E0C0001305040023A00700E70007001305000064
:10E0D0008320C10003248100832441001301010136
:10E0E000678000008320C100032481008324410055
:10E0F0001305100013010101678000008320C10097
:10E100000324810083244100130530001301010121
:10E1100067800000130520006FF09FFB9305000847
:10E12000EF608FCD23ACA41093070500630E0500AC
:10E13000130705009306050823200700130747006F
:10E14000E31CD7FE6FF0DFF51305F0FF6FF05FF80B
:10E150001305F0FF67800000130101FF23229100E7
:10E16000232611009307F00183A441F463EEA7086E
:10E1700083A784112324810013040500638207040C
:10E1800013172500B387E70003A70700630A0702F8
:10E1900093061000630AD7009306F0FF6306D704C6
:10E1A00023A00700E70007000324810013050000F7
:10E1B0008320C10083244100130101016780000016
:10E1C00013850400EF00C029130604000324810016
:10E1D0008320C100930505001385040083244100BA
:10E1E000130101016F008021032481008320C100FD
:10E1F0009307600123A0F40013051000832441005D
:10E2000013010101678000009307600123A0F4005F
:10E210001305F0FF6FF0DFF9130101FF2320210147
:10E22000232611009307F00103A941F463E2A70438
:10E230002324810013040500032589112322910062
:10E2400093840500630E050213142400B3078500B0
:10E2500003A507000324810023A097008324410025
:10E260008320C10003290100130101016780000020
:10E27000930760012320F9001305F0FF6FF05FFEA4
:10E280009305000813050900EF600FB7232CA910B0
:10E290009307050013070508630A050023A007007C
:10E2A00093874700E31CF7FE6FF01FFA03248100F9
:10E2B000832441001305F0FF6FF09FFA130101FF63
:10E2C0002324810003A441F4232611008327841111
:10E2D000638C0700130500008320C1000324810024
:10E2E0001301010167800000930500081305040075
:10E2F000EF608FB0232CA410630C05009307050872
:10E300002320050013054500E31CF5FE6FF09FFC7C
:10E310001305F0FF6FF05FFC130101FF2322910052
:10E32000232611009307F00183A441F463E4A70CB2
:10E3300083A7841123248100130405006382070846
:10E3400013172400B387E70003A70700630C070235
:10E350009306F0FF6300D706930610006300D7040E
:10E360001305040023A00700E70007000324810031
:10E37000130500008320C100832441001301010123
:10E3800067800000032481008320C10083244100B2
:10E3900013051000130101016780000003248100B0
:10E3A0008320C100832441001305300013010101C3
:10E3B0006780000003248100130520006FF09FFB9D
:10E3C0009305000813850400EF600FA323ACA4108D
:10E3D00093070500630E0500130705009306050863
:10E3E0002320070013074700E39CE6FE6FF05FF56C
:10E3F000032481001305F0FF6FF0DFF7130101FF25
:10E4000013870500232481002322910013040500B3
:10E4100093050600130507002326110023AE01F41F
:10E42000EF200FB39307F0FF630CF5008320C100CA
:10E43000032481008324410013010101678000004F
:10E4400083A7C1F5E38407FE8320C1002320F400E5
:10E45000032481008324410013010101678000002F
:10E460006F200FACB7071000130101FE938EF7FF6A
:10E4700033F8BE00B3F7DE0013D346012328210191
:10E4800013D9450193973700232C810013183800C6
:10E4900013D4F5011357D5019358D6011379F97F99
:10E4A0001373F37F232E1100232A910023263101B9
:10E4B00093D6F601B3E8F8003367070193153500EA
:10E4C000131F3600B30769406304D41E6352F0166D
:10E4D000630603289306F07F6306D9429306800300
:10E4E0001306100063CEF602B7068000B3E8D8002A
:10E4F0009306F00163CEF65293060002B386F6400F
:10E500003396D8003355FF00B316DF003366A600FC
:10E51000B336D000B3D8F8003366D60033071741BE
:10E520003386C540B3B5C50093040600B309B740B0
:10E530009397890063DA0732B70780009387F7FF64
:10E54000B3F9F9006388092C13850900EF20100145
:10E55000930785FF930600023387F64033D7E40024
:10E56000B399F90033673701B394F40063C8274BBC
:10E57000B387274193871700B386F6403396D400BC
:10E58000B3D9F4003336C00033663601B316D70072
:10E59000B3E4C600B359F7001309000093F7740001
:10E5A0006380070293F7F40013074000638AE700D3
:10E5B0009387440033B69700B389C900938407005A
:10E5C0009397890063DA076E930719001307F07FAA
:10E5D000130E04006386E72A370780FF1307F7FF4F
:10E5E00033F7E90093F7F77F1318D70113D63400F8
:10E5F000131797003368C8001357C7008320C10161
:10E600000324810193974701B3E7E7001317FE0145
:10E61000B3E7E70083244101032901018329C100F5
:10E6200013050800938507001301010267800000AD
:10E63000638C0714B30723416312093C3365B700A9
:10E640006304054C1385F7FF630205601308F07F30
:10E6500063860757930780031306100063CCA70255
:10E66000930705001306F001634CF65613050002EC
:10E670003305F5403316A70033D8F5003395A500D0
:10E68000336606013335A0003357F7003366A60022
:10E69000B388E8403306CF403337CF0093040600F9
:10E6A000B389E84013090300138406006FF05FE8A4
:10E6B0006350F01E63100314B3E6E801638C062672
:10E6C0009386F7FF638006481306F07F638CC722AA
:10E6D000930780039309100063CCD7029387060049
:10E6E0009306F00163C0F64A93060002B386F64033
:10E6F000B399D8003356FF00B316DF00B3E9C90061
:10E70000B336D000B3D8F800B3E9D9003307170106
:10E71000B385B900B3B9350193840500B389E90025
:10E720009397890063D20714130919009307F07FA8
:10E73000630CF936B70780FF9387F7FF13F61400D1
:10E74000B3F7F90013D714003367C7001396F70126
:10E75000B364E60093D917006FF05FE4B3E6E80115
:10E76000638A061C9386F7FF638006401306F07FDA
:10E77000638AC7189307800313061000E3C2D7DA31
:10E78000938706006FF0DFD6130819001378E87F2F
:10E79000631C08223363B70033E8E80163100938CB
:10E7A000630E034663060840B389E54133B535017E
:10E7B000330617413306A64013158600635E0550E5
:10E7C000B305BF403387E840333FBF003307E7411D
:10E7D0001316870093840500635E0652B70780FF17
:10E7E0009387F7FF3377F700138E06009307100027
:10E7F0006FF09FDF9306F07F6306D91093068003C6
:10E8000093091000E3C6F6F0B7068000B3E8D8001D
:10E810006FF01FED13850400EF204054930785012E
:10E820009306F001E3D8F6D2130785FF3397E4008F
:10E8300063C62723338927419307190063D6F64817
:10E84000130919FE93060002B3542701638CD70005
:10E8500093060004B387F6403317F7003337E00020
:10E86000B3E4E4001309000093F77400E39C07D2BB
:10E870009307090013D63400138709006F00000CBA
:10E880009307F07F13070000130800006FF01FD7F5
:10E89000638A070CB30723416302091E9306F07FC6
:10E8A0006308D332930680039309100063CEF60207
:10E8B000B70680003367D7009306F00163C8F63CC3
:10E8C00093060002B386F640B319D70033D6F5009D
:10E8D000B396D500B3E9C900B336D0003357F7007B
:10E8E000B3E9D900B388E8003387E901B3393701C8
:10E8F00093040700B3891901130903006FF05FE265
:10E900006310080213163500135636001318D7018A
:10E910003368C800135737003367070163060718C9
:10E92000130E00009307F07F37070800130800005C
:10E930006FF0DFCC13163500135636001318D701CD
:10E940009306F07F3368C80013573700E386D7FC7F
:10E950001317C7001357C70093F7F77F130E040070
:10E960006FF0DFC99306190013F8E67F63180814E7
:10E97000B366B700631C092863820630B3E6E8017A
:10E9800063880622B387E501B3B5B70033071701E3
:10E990003307B70013D8370093178700130E04000E
:10E9A00063DE0734B70780FF9387F7FF3377F700FD
:10E9B0009317D7011357370033E807013377D7018F
:10E9C000930710006FF09FC33388E541B3B705018B
:10E9D000B3091741B389F94093978900930408005C
:10E9E00063C6071033683801E31E08B4130E000035
:10E9F00093070000130700006FF05FC01305F07F5E
:10EA0000630EA31A1305800313061000E344F5C830
:10EA1000370680003367C7006FF0DFC4B70980FF97
:10EA20009389F9FF3309F940B37937016FF01FB7C4
:10EA3000938607FE13060002B3D6D800638AC70088
:10EA400013060004B307F640B397F800336FFF00D6
:10EA50003336E0013366D6006FF09FACB70680FF17
:10EA60009386F6FFB307F9403377D7001318D70121
:10EA700033683801135737006FF09FEDB366B70066
:10EA80006386061E9386F7FF638E060A1305F07FE2
:10EA90006380A7149307800393091000E3C6D7E4AB
:10EAA000938706006FF05FE1130E04009307F07F79
:10EAB00013070000130800006FF05FB49307F07FA6
:10EAC000E384F6FE338FE501B335BF00B3071701CA
:10EAD000B387B7001396F701135F1F00B364E60115
:10EAE00093D91700138906006FF05FAB3306BF4060
:10EAF000B387E8403337CF0093040600B389E7407B
:10EB0000138406006FF01FA4131636001356360048
:10EB100013840600138708006FF05FE2E31203DE40
:10EB20006306081C13D73800131636009398D801D3
:10EB300033671701135636003367C7001384060086
:10EB40006FF0DFDD338FE501B3081701B335BF0088
:10EB5000B389B8009397890093040F0063D4070E1C
:10EB6000130920006FF01FBD338FE541B308174133
:10EB7000B3B5E50193040F00B389B8401309100041
:10EB80006FF01F9B938607FE13060002B3D6D800D2
:10EB9000638AC70013060004B307F640B397F80072
:10EBA000336FFF00B339E001B3E9D9006FF05FB60E
:10EBB00013163500935936006FF05FEB13163600CD
:10EBC0001356360013840600138708006FF01FD415
:10EBD0001316360013563600138708006FF01FD344
:10EBE000138507FE130600023355A700638AC7008A
:10EBF00013060004B307F640B317F700B3E5F500BA
:10EC00003336B0003366A6006FF0DFA8E38206FC5F
:10EC100033EFE801E3160FD06FF0DFCEE30808DC36
:10EC2000131836009397D8011358380013D73800BB
:10EC30003368F8003377D701138E0600930700007E
:10EC40006FF0DF9B930710006FF0DFC2B305BF408A
:10EC5000B388E8403337BF0093840500B389E840A8
:10EC600013840600130910006FF09F8C13163600F2
:10EC700013563600138708006FF05FCC131636006A
:10EC800093593600138708006FF05FDE938607FE06
:10EC900013060002B356D700638AC70013060004A8
:10ECA000B307F640B317F700B3E5F500B339B0008A
:10ECB000B3E9D9006FF05FC313D63400930709009E
:10ECC000138709006FF09FC793060002B386F640D2
:10ECD000130600006FF05F8B33E8C900E30808D02B
:10ECE00093D93900130706006FF05FD8130E0000A8
:10ECF0009307F07F370708006FF05F909317D701F5
:10ED00001357370033E807013377D7019307000023
:10ED10006FF0DF8E1318D70193D535003368B80034
:10ED200013573700138406006FF09FC2130101FDD3
:10ED3000232E310193D945012324810223229102FC
:10ED400023202103232C4101232671019394C50024
:10ED500023261102232A5101232861012324810142
:10ED600093F9F97F13040500930B0600138906003D
:10ED700093D4C40013DAF501638A09189307F07F6E
:10ED80006388F908939434009357D501B3E797004B
:10ED900037078000B3EAE700131B3500938919C0D9
:10EDA00093040000130C0000935749011314C90089
:10EDB00093F7F77F1354C4001359F90163820708CE
:10EDC0001307F07F638AE7181314340013D7DB01AD
:10EDD00033678700938717C0370480003364870048
:10EDE00093983B00B389F940130600001307F00025
:10EDF000B3462A0163649724B737018093942400B3
:10EE000093874717B384F40003A704006700070043
:10EE1000B3EAA400639E0A1C935749011314C90066
:10EE200093F7F77F130B0000930480009309F07FA2
:10EE3000130C20001354C4001359F901E39207F88E
:10EE4000B36874016382081C630A044A1305040052
:10EE5000EF10D07093070500930655FF1307D001FC
:10EE6000938887FF3307D7403314140133D7EB005F
:10EE700033648700B3981B01B38737019389373F09
:10EE8000130600006FF09FF63307F7401306800368
:10EE9000635AE64E930700001306000013070000B4
:10EEA0008320C1020324810293974701B3E7C7007F
:10EEB0009396F601B3E7D7008324410203290102A8
:10EEC0008329C101032A8101832A4101032B010106
:10EED000832BC100032C81001305070093850700D5
:10EEE00013010103678000009307F07F1306000001
:10EEF000130700006FF0DFFA930600009307F07F1E
:10EF000037060800130700006FF09FF9B3EAA4006A
:10EF1000638C0A106388044013850400EF101064AA
:10EF200013070500930655FF9307D001130B87FFC6
:10EF3000B387D740B3946401B357F400B3EA9700A2
:10EF4000331B64019309D0C0B389E94093040000E6
:10EF5000130C00006FF05FE5B368740193891980AA
:10EF6000639C080A93E424001304000013062000A5
:10EF70006FF0DFE713090A0013840A0093080B00FF
:10EF8000930720006308FC4E93073000E306FCF66D
:10EF90009307100093060900E30EFCEE9387F93FF8
:10EFA0006356F02A13F778006316074A13177400A4
:10EFB000635A0700B70700FF9387F7FF3374F40025
:10EFC000938709401307E07FE340F7F293D83800B6
:10EFD0001317D40113169400336717011356C60094
:10EFE00093F7F77F6FF0DFEB130C06006FF05FF91C
:10EFF000938A0400130B05009304C0009309F07F6B
:10F00000130C30006FF05FDA93E414001304000077
:10F01000130610006FF09FDD93E4340093880B001B
:10F02000130630006FF09FDC130B000093044000C8
:10F0300093090000130C10006FF01FD76364542B6A
:10F0400063808A2A13030B009389F9FF93870A00D0
:10F05000130B0000131784001355070133D4A702C4
:10F0600013D688013366E600131806011358080109
:10F070009395880013570301B3F7A702B3088802DA
:10F0800093970701B367F70063FA1701B307F60018
:10F090001307F4FF63F0C72E13040700B38717416B
:10F0A000B3D8A7021317030113570701B3F7A70239
:10F0B000B30F1803939707013367F700637AF701DB
:10F0C0003307E6009387F8FF637EC728938807001D
:10F0D00013140401B7020100336414011383F2FF17
:10F0E000B3786400935E040113DE050133F3650019
:10F0F000330F13033307F741B3081E0393570F0170
:10F10000B38F6E02B388F801B3871701B38ECE03B5
:10F1100063F4F701B38E5E00B70F0100938FFFFF1A
:10F1200093D80701B3F7F70193970701337FFF01E6
:10F13000B388D801B387E701636E1717630A1717FF
:10F14000B307FB4033071741333BFB0033076741ED
:10F150006300E62EB358A70293DE07013377A702B8
:10F16000330F18031317070133E7EE00637EE7013F
:10F170003307E600938EF8FF636AC72E6378E72FA4
:10F180009388E8FF3307C7003307E741B35EA70260
:10F190009397070193D707013377A7023308D80362
:10F1A00013170701B3E7E70063FE0701B307F60093
:10F1B0001387FEFF63E8C72A63F6072B938EEEFFE3
:10F1C000B387C70093980801B3E8D80113950801E5
:10F1D00013DF080113550501B30E6502B38707411C
:10F1E0003305AE0213D70E0133036F0233056500FA
:10F1F0003307A700330EEE0363766700370501007F
:10F20000330EAE00370801001308F8FF135507014D
:10F210003377070113170701B3FE0E013305C5014C
:10F220003307D70163F2A712B307F6001383F8FF81
:10F230001388070063E4C71C63E8A7246386A72636
:10F240009308030093E818006FF05FD513071000D0
:10F25000E39C07C29389E941B3973801B337F000C3
:10F26000B3193401B3E73701B3D8E800B3E8F800C5
:10F2700093F778003354E4006380070293F7F800B3
:10F2800013074000638AE70093874800B3B817016B
:10F29000330414019388070093158400930710002A
:10F2A0001306000013070000E3CC05BE6F004013F7
:10F2B000E378FBE8B30EBB0033BF6E01B30FCF00A2
:10F2C0003307F701138B0E00930FF4FF6374E60806
:10F2D00063621715638EE81213840F006FF05FE608
:10F2E000E3621BD713571B001393FA0193D71A003D
:10F2F0003363E300131BFB016FF0DFD513850B00B5
:10F30000EF10D025930655011307C001930705029E
:10F31000E356D7B4130585FF930800003394AB0080
:10F320006FF09FB5EF109023930655019307C0012E
:10F3300013070502E3DAD7BE930785FFB31AF4007B
:10F34000130B00006FF01FC0E39EA7EEE30807C495
:10F350006FF09FEDE312E6F8E30C0FF613840F0055
:10F360006FF01FDEE374F7D79388E8FF3307C70019
:10F370006FF01FD6E3F217D31304E4FFB387C7007F
:10F380006FF0DFD11306F001E356E6EC130610FE32
:10F39000B307F64013060002B357F4006308C70032
:10F3A0009389E943B3193401B3E83801B338100144
:10F3B000B3E8F80013F778001306000063080702AB
:10F3C00093F7F8001307400013040000638AE70076
:10F3D00093874800B3B817013334100193880700AE
:10F3E000131694001317D4011356C60093D838008F
:10F3F00033E7E800930700006FF09FAA930803002B
:10F40000E312A8E4E30CB7B893E818006FF01FB953
:10F41000E3F4FEECB38ED50133BFBE00330FCF0053
:10F420001304E4FF138B0E003307E7016FF05FD185
:10F43000130720C09387F93F9308F0FFE3C8E9E082
:10F4400013874800B33817013304140193080700E9
:10F450006FF0DFB513F7F80013064000E308C7B4F8
:10F460006FF01FFE930E07006FF0DFD593880E003C
:10F470006FF09FD1930609009307F07F13060000F9
:10F48000130700006FF0DFA1139315003338B300AA
:10F490003308C800338807019388E8FF9305030009
:10F4A000E302A8F66FF01FDAE3E0E5FE930803003D
:10F4B000E31CB7F46FF09FAE13D74501B7071000F8
:10F4C0009387F7FF13D846011377F77F1303F07F75
:10F4D00033FEB70093080500B3F7D70093D5F501C5
:10F4E0001378F87F93D6F60113051000630C6700BC
:10F4F00063086800631407016306FE02678000006A
:10F5000067800000E31CE8FEB367FE00B3E7C700B6
:10F51000B3E71701E39407FEB385D5403335B00058
:10F5200067800000E39CC8FC638AD500E31807FCF1
:10F53000336E1E013335C0016780000013050000E3
:10F540006780000093D84501B70710009387F7FF45
:10F5500013D7460193F8F87F130EF07F33F3B7000B
:10F5600013080500930E0500B3F7D70093D5F501F6
:10F57000130F06001375F77F93D6F6016388C8054D
:10F580006304C503639A0806336803016310050624
:10F5900033E6C700630C06086312080A130510005F
:10F5A000638206086780000033E6C700631406081C
:10F5B0006396080033630301E30203FE6380D5060C
:10F5C0006392050613051000678000003363030192
:10F5D00063120306E31615FFB3E7C700639C070435
:10F5E000E390D5FE1305000067800000E30808FAE9
:10F5F000E398D5FC6F008002E30405FCE392D5FCA0
:10F60000E34015FD63CCA800E3EC67FA6318F30050
:10F61000E368DFFB13050000E3F6EEF913051000C5
:10F62000E39205F81305F0FF67800000E31A08F87D
:10F63000678000001305E0FF67800000E386D5FCCB
:10F640006FF01FF893D84501B70710009387F7FFB5
:10F6500013D7460193F8F87F1303F07F33FEB7000A
:10F6600013080500930E0500B3F7D70093D5F501F5
:10F67000130F06001375F77F93D6F601638A6804AB
:10F68000630465026398080633680E01631E05086B
:10F6900033E6C7006304060A6316080A1305100060
:10F6A000638006086780000033E6C700130520006A
:10F6B000E31A06FE63960800336E0E01E3000EFEA9
:10F6C000638CD504639E0504130510006780000059
:10F6D000336E0E0163100E06E31615FFB3E7C70085
:10F6E00013052000E39007FCE39ED5FC1305000002
:10F6F00067800000E30805FCE396D5FCE34415FDB4
:10F7000063CCA800E3E0C7FD6318FE00E36CDFFBF9
:10F7100013050000E3F8EEF913051000E39405F873
:10F720001305F0FF67800000E30A08F6E39CD5F8B4
:10F730006FF09FFE1305200067800000E31408F8B7
:10F7400067800000E380D5FC6FF0DFF7130101FD57
:10F7500093D74501232481022322910223202103F0
:10F76000232E3101232A51019394C500232611022F
:10F77000232C4101232861012326710123248101C7
:10F7800093F7F77F13040500930A06009389060098
:10F7900093D4C40013D9F501638407421307F07FA3
:10F7A0006386E70A939634001357D5013367D70071
:10F7B000B7068000B364D700131A3500138C17C046
:10F7C000130B0000930B000093D749011397C90056
:10F7D00093F7F77F138F0A001354C70093D9F901E9
:10F7E0006380070A1307F07F638EE7141317340052
:10F7F00093D5DA01B3E5E500938717C0370780009A
:10F8000033E4E500139F3A00B38887011303000037
:10F810001307A00013851800634C670BB34539012B
:10F82000930720001388050063C66715130BFBFFC1
:10F830001307100063606717630AF33C9304040026
:10F84000130A0F00930B03006F00C00933EAA400F2
:10F8500063180A3C93D749011397C90093F7F77FC0
:10F8600093040000130B8000130CF07F930B200017
:10F87000138F0A001354C70093D9F901E39407F6D4
:10F88000B36754016382073C6300044A1305040014
:10F89000EF10C04C93080500130755FF9307D001E4
:10F8A000138F88FFB387E740B3D7FA003317E4011B
:10F8B00033E4E700339FEA01B3081C419388D8C0C2
:10F8C0001307A0001303000013851800E35867F521
:10F8D0009305090093072000638AFB3293073000E9
:10F8E000638CFB489307100013880500639AFB465E
:10F8F0009307000093060000130700008320C10255
:10F900000324810293974701B3E7D7009316F801C8
:10F91000B3E7D70083244102032901028329C101EF
:10F92000032A8101832A4101032B0101832BC1009A
:10F93000032C8100130507009385070013010103C1
:10F9400067800000336754019308FC7F630A073027
:10F95000371700003348390113070780136B3B004A
:10F960009306A000930508003305EC0063C06639D8
:10F970001303300013061000331666011377065385
:10F98000E31A07F4937706246394073C13768608FA
:10F990006312062EB70F0100938EFFFFB377DA01D3
:10F9A00093560A01B37EDF01135E0F013387D7033D
:10F9B0003383D603935507013306FE0233066600F0
:10F9C000B385C500338FC60363F46500330FFF01B1
:10F9D000B70301001386F3FF33F3C500935F0401FF
:10F9E0003377C7003374C40013130301B382870253
:10F9F0003303E30093D505013387860213D6020152
:10FA0000B387FF02B387E7003306F600B387F60338
:10FA10006374E600B3877700370901009309F9FFA3
:10FA20003377360193D30401B3F63401B3F23201D4
:10FA300013170701B384DE0233075700135606017C
:10FA40003306F600B385E500B302DE0293D7040166
:10FA5000B38ED303B382D201B3875700330E7E0235
:10FA600063F4D701330E2E01B7090100938EF9FF1D
:10FA7000B3F2D70193D70701B387C701B3FED4010F
:10FA8000939202013309D402B382D20133848302F8
:10FA9000135E0901B386DF02B3868600330EDE00F3
:10FAA000B38E7F0263748E00B38E3E01B70F0100E8
:10FAB000938FFFFFB376FE01939606013379F90128
:10FAC000B385E501B38626013386C60033B7E5006A
:10FAD0003307E600338F5500B307F700B335BF0097
:10FAE000B385B700B336D6003336C700B3E6C600D9
:10FAF00033B7E700135E0E01B3B7F500B386C60156
:10FB00003367F70093179F003307D700B3E7670009
:10FB10003307D701B337F00013567F01131797004F
:10FB200093D67501B3E7C7009395950033EAB70004
:10FB300093177700B364D70063D0070213571A00F6
:10FB400093771A009396F401B367F70033EAD7006E
:10FB500093D41400930805001386F83F6356C0122F
:10FB600093777A00638007029377FA0013074000C7
:10FB7000638AE70013074A00B3374701B384F400F0
:10FB8000130A07009397740063DA0700B70700FFB2
:10FB90009387F7FFB3F4F400138608409307E07FE0
:10FBA00063C4C71C93573A001397D40193969400EB
:10FBB0003367F70093D6C6009377F67F6FF01FD4B4
:10FBC00033EAA40063080A06638E04121385040056
:10FBD000EF10C01813060500930655FF1307D00158
:10FBE000930786FF3307D7403357E400B396F400FA
:10FBF000B364D700331AF4009307D0C0338CC740E6
:10FC0000130B0000930B00006FF01FBC138805005E
:10FC10009307F07F93060000130700006FF01FCEDC
:10FC2000130A0500130BC000130CF07F930B300078
:10FC30006FF09FB993040000130B4000130C0000F9
:10FC4000930B10006FF05FB8136B1B0093080C0050
:10FC500013040000130F0000130310006FF05FBBCC
:10FC6000136B2B0013040000130F0000130320007C
:10FC70006FF01FBA93040400130A0F00930B0300E4
:10FC8000938509006FF01FC513071000631006105D
:10FC90009388E84133161A013336C000B398140133
:10FCA000B357EA00336616013366F60093777600A1
:10FCB000B3D5E400638007029377F6001307400092
:10FCC000638AE7009307460033B6C700B385C500D3
:10FCD0001386070013958500930710009306000014
:10FCE00013070000E34C05C06F00C0101307F000BD
:10FCF0006310EB1213080000B7060800130700009A
:10FD00006FF0DFBFEF108005930655019307C00128
:10FD100013060502E3D4D7EC130585FF130A000090
:10FD2000B314A4006FF05FED13850A00EF10000319
:10FD3000130755019307C00193080502E3D0E7B606
:10FD4000130585FF130F00003394AA006FF0DFB690
:10FD5000130800009307F07FB70608006FF01FBA82
:10FD6000930805006FF05FDF9307F07F93060000B4
:10FD7000130700006FF09FB8130800009307F07F8F
:10FD8000B7060800130700006FF05FB73307C740DE
:10FD900093078003E3CEE7B49307F001E3DAE7EEDD
:10FDA000930710FEB387C74093060002B3D7F40051
:10FDB0006308D7009388E843B3981401336A1A01A3
:10FDC000333640013366F600137776009306000061
:10FDD000630807029377F6001307400093050000BD
:10FDE000638AE7009307460033B6C700B335C00007
:10FDF00013860700939695001397D50193D6C600F6
:10FE0000135636003367E600930700006FF01FAF0C
:10FE100093040400138A0A00930B300093850900B1
:10FE20006FF05FABB70710009387F7FF130101FE78
:10FE3000B3F8B70033F8D70093D74601939838004A
:10FE4000232C81002326310113D4F50193D94501D8
:10FE50001357D501131838009355D601232E1100DE
:10FE6000232A91002328210113FFF77F1303F07F3A
:10FE70003367170193F9F97F130E040093183500C7
:10FE800093D6F601B3E50501931E3600630C6F208F
:10FE900093C61600B387E9416302D416E35AF00013
:10FEA000630A0F246384693C9306800313051000E2
:10FEB00063CEF602B7068000B3E5D5009306F001E5
:10FEC00063C4F64E93060002B386F6403395D50020
:10FED00033D6FE00B396DE003365C500B336D000DE
:10FEE000B3D7F5003365D5003307F7403385A84015
:10FEF00033B6A800930405003309C740931789005F
:10FF000063D80734B70780009387F7FF3379F90088
:10FF10006306092E13050900EF005064930785FF5F
:10FF2000930600023387F64033D7E4003319F90013
:10FF300033672701B394F40063C4373FB387374175
:10FF400093871700B386F6403396D40033D9F40074
:10FF50003336C0003366C900B316D700B3E4C60019
:10FF60003359F7009309000093F774006380070288
:10FF700093F7F40013074000638AE7009387440077
:10FF800033B597003309A9009384070093178900BC
:10FF900063D0076C938719001307F07F6386E7240B
:10FFA000370780FF1307F7FF3377E90093F7F77FF1
:10FFB0001318D70113D53400131797003368A8001E
:10FFC0001357C700137E14008320C101032481014D
:10FFD00093974701B3E7E7001317FE01B3E7E70084
:10FFE00083244101032901018329C100130508006D
:10FFF0009385070013010102678000006352F070CF
:02000004800179
:1000000063160F1CB3E6D501638E06269386F7FFB1
:1000100063880646638C67249307800313091000E6
:1000200063CCD702938706009306F00163CAF648B3
:1000300093060002B386F6403399D50033D6FE000E
:10004000B396DE003369C900B336D000B3D7F500EC
:100050003369D9003307F700330619013339260114
:10006000930406003309E9009317890063D2071E41
:10007000938919009307F07F6388F916B70780FF0B
:100080009387F7FF13F51400B377F90013D7140023
:100090003367A7001395F701B364E50013D9170080
:1000A0006FF09FEC33E8D5011383198063080806CD
:1000B000630AD4066304030E638E09261315360003
:1000C0001355350013840600138705001318D70154
:1000D0003368A8001357370033670701630607101A
:1000E000130E00009307F07F370708001308000085
:1000F0006FF09FEDB3E6D501638606189386F7FF90
:100100006382063A63846716930780031305100021
:10011000E3CED7DC938706006FF05FDA93C6160054
:10012000E31AD4F8630803186390092C9307F07F4F
:10013000B3661701638806489386F7FF6382063427
:100140001305F07F6382A72A930780031309100029
:1001500063CAD7029307F00163C6D74C9307000226
:10016000B387D7403319F70033D6D800B397F800D8
:100170003369C900B337F000B356D7003369F900CB
:10018000B385D5003307D90133392701930407001C
:100190003309B90093090F006FF01FED9387190021
:1001A00093F7E77F6394071433E8D501B36717012A
:1001B0006394092A638E07386310083C13153500D1
:1001C00013593500930700006F0040116380690ADE
:1001D0009306800313091000E3C0F6E8B706800019
:1001E000B3E5D5006FF05FE4137E14009307F07F52
:1001F00013070000130800006FF01FDD13850400D3
:10020000EF00D035930785019306F001E3DAF6D0CD
:10021000130785FF3397E40063CE371BB38937415B
:100220009387190063DEF642938919FE9306000254
:10023000B3543701638CD70093060004B387F640AC
:100240003317F7003337E000B3E4E400930900000C
:1002500093F77400E39E07D09387090013D5340009
:10026000130709006F008002E31C08E61315350030
:100270001318D701135535003368A80013573700FA
:100280006FF09FE513153500135535001318D7018E
:100290009306F07F3368A80013573700E38ED7E248
:1002A0001317C7001357C70093F7F77F137E140087
:1002B0006FF09FD19386190093F7E67F639E071234
:1002C000B3671701639A092463860730B3E7D50142
:1002D000639A073013153500135935001318D701E9
:1002E00033682801135737006FF09FFB3388D841DC
:1002F000B3B708013309B7403309F94093178900B0
:100300009304080063C2071233682801E31208C08F
:10031000130E000093070000130700006FF0DFCA00
:10032000370980FF1309F9FFB389F94033792701B1
:100330006FF09FC39307F07F3365170163040510C7
:100340001388F7FF6302081E1305F07FE388A7D622
:1003500093078003138406001305100063CA070384
:100360009307F00163C4071993070002B38707419D
:100370003315F700B3D60801B397F8003365D500FD
:10038000B337F000335807013365F500B3850541F5
:100390003385AE4033B7AE00930405003389E540A2
:1003A00093090F006FF09FB5938607FE13060002B6
:1003B000B3D6D500638AC70013060004B307F6401E
:1003C000B397F500B3EEFE003335D0013365D500A9
:1003D0006FF0DFB1B70680FF9386F6FFB387F94071
:1003E0003377D7006FF09FEF1315360013553500A4
:1003F000138705006FF09FCD9307F07FE386F6DE4D
:10040000B38ED80133B61E01B307B700B387C70058
:100410001395F70193DE1E00B364D50113D91700BD
:10042000938906006FF05FB433861E41B387E540C1
:1004300033B7CE00930406003389E74013840600E7
:100440006FF01FAD131636001355360013840600E7
:10045000138705006FF09FE3E39807E06306082227
:1004600013D73500131636009395D5013367B700BF
:10047000135636003367C700138406006FF01FC69B
:10048000B38ED801B305B70033B61E013389C5005A
:100490009317890093840E0063D8070A93092000FC
:1004A0006FF0DFBDB38ED841B305B74033B6D80186
:1004B00093840E003389C540930910006FF01FA488
:1004C000938607FE13060002B3D6D500638AC700E1
:1004D00013060004B307F640B397F500B3EEFE0031
:1004E0003339D0013369D9006FF01FB7930708FE85
:1004F00093060002B357F700630AD800930600047E
:10050000B38606413317D700B3E8E800333510014E
:100510003365F5006FF0DFE7E38807ECB3EED50154
:10052000E3900EBC6FF09FD433861E41B385E54047
:1005300033B7CE00930406003389E54013840600E8
:10054000930910006FF09F9B930710006FF01FD16D
:10055000E30008DC13163600935736001398D501D4
:10056000139795003368F8001357C700138E0600E1
:10057000930700006FF05FA53389D841B3B7280116
:100580003306B7403306F6409317860063D2070E52
:1005900033861E413387E540B3BECE003307D741D3
:1005A000931787009304060063DE0712B70780FFE6
:1005B0009387F7FF3377F700138406009307100043
:1005C0006FF01F9F13163600135536001387050072
:1005D0006FF0DFCB13163600135936001387050072
:1005E0006FF0DFCFB386D801B307B70033B616017B
:1005F000B387C7001397870013D83600635E0708D8
:10060000370780FF1307F7FFB3F7E7001397D7010A
:10061000939797003368070113D7C700930710001B
:100620006FF09F9A938706FE13060002B357F700F8
:10063000638AC60013060004B306D6403317D700FA
:10064000B3E8E800333910013369F9006FF09FB364
:1006500013D5340093870900130709006FF01FC3F7
:1006600093060002B386F640130600006FF09F8EDB
:100670003368C900E30E08C8135939009307000016
:10068000130706006FF09FC5130E00009307F07F5D
:10069000370708006FF05F931397D7019397970080
:1006A0003368070113D7C700930700006FF0DF918D
:1006B000E38607AE33083F4193070800E38E09C67F
:1006C0009307800363CA0701B70780003367F70009
:1006D000138406006FF0DFC81384060013051000B2
:1006E0006FF01FCB1318D701135636003368C800BC
:1006F0001357370093070000138406006FF05FBAAA
:10070000E38A07BAB3063F41639609009387060060
:100710006FF01FA29307800313091000E3C4D7A64C
:10072000B70780003367F7006FF0DFA213D74501EA
:10073000B70710009387F7FF1347F7FF13D8460159
:10074000B3F5B700B3F7D700931657011378F87FC6
:10075000638006021307F07F130500006304E800BE
:1007600067800000B3E7C7003335F0006780000002
:10077000B3E5A50013051000E38E05FC67800000BB
:1007800093D74501B70610001387F6FF93F7F77F5D
:100790001306E03F3377B70093D5F501635EF600AB
:1007A0001306D041635EF600370500801305F5FFA0
:1007B0003385A500678000001305000067800000F6
:1007C000130630433306F6401308F0013367D700B1
:1007D0006350C80293063041B387F6403357F700A1
:1007E0003305E040E39C05FC13050700678000002B
:1007F0009387D7BE3317F7003355C5003367A7007B
:100800006FF01FFE130101FF232611002324810036
:1008100023229100630A05041357F541B344A7004E
:10082000B384E440930705001385040013D4F70153
:10083000EF00C0529307E041B387A7401307A00021
:1008400093F7F77F6340A7061307B0003307A7406D
:1008500033D7E400130555011317C700B394A40060
:100860001357C7006F0040011304000093070000F6
:100870001307000093040000939747011314F40139
:10088000B3E7E7008320C100B3E7870003248100BA
:10089000138504009385070083244100130101019F
:1008A00067800000130555FF3397A4001317C70096
:1008B0001357C700930400006FF01FFC130101FFE2
:1008C000232481002326110013040500630C050472
:1008D000EF00C0489307E041B387A7401307A0008B
:1008E00093F7F77F6344A7061307B0003307A740C9
:1008F000130555013357E4003314A4008320C100CD
:10090000130504001317C700032481001357C70001
:1009100093974701B3E7E7009385070013010101AF
:10092000678000008320C1001305040093070000C6
:10093000032481001307000093974701B3E7E70002
:10094000938507001301010167800000130555FF1F
:100950003317A400130400008320C1001305040012
:100960001317C700032481001357C700939747014B
:10097000B3E7E700938507001301010167800000DA
:100980008325C500832785000328050083264500AD
:1009900013960501130101FE139715001356060166
:1009A0002324F1002326B100232CF1002320010190
:1009B0002322D10023280101232AD100232EC100A4
:1009C0001357170193D5F501930801019307C1014E
:1009D0001315360003A6C7FF9387C7FF9356D601AA
:1009E000B3E6A60023A2D700E394F8FE930617000F
:1009F00013183800139616012328010113562601F7
:100A000063020604B7C6FFFF938606403307D7008C
:100A10009306E07F63D4E6109307F07F130600008F
:100A200093060000939747019395F501B3E7C7003C
:100A3000B3E7B70013850600938507001301010291
:100A40006780000003264101832881010325C1013D
:100A5000B3661601B3E6A600B3E606016314070405
:100A600063820614930650001306000093D73600E5
:100A70009316D601B3E6F600131696009377F77F28
:100A80001356C600939747019395F501B3E7C70046
:100A9000B3E7B70013850600938507001301010231
:100AA000678000006384061293D7C80113154500C0
:100AB000B3E7A700B7068000B3F6D7006382061C31
:100AC000370780FF9356C601939848001307F7FF36
:100AD00033F6E700B3E61601B70740003366F600C9
:100AE00093F686FF9307000013D736009316D601BE
:100AF000131696001356C600939747019395F50178
:100B0000B3E7C700B3E6E600B3E7B7001385060016
:100B1000938507001301010267800000635CE00C0D
:100B200083274101032581010326C10193964700D4
:100B3000B3E6060193D7C701131845001316460004
:100B40001355C501B336D000B3E707013366A600DD
:100B5000B3E6F60093F776006380070293F7F6009A
:100B600013054000638AA70093874600B3B6D700F9
:100B70003306D60093860700B7078000B377F600E8
:100B8000E38607EE130717009307F07FE306F7E805
:100B9000B70780FF9387F7FF3376F6009377F77FE9
:100BA0006FF09FF49307000013060000939747012E
:100BB0009395F501B3E7C700B3E7B70013850600C7
:100BC0009385070013010102678000009307F07FFF
:100BD00013060000939747019395F501B3E7C7000B
:100BE000B3E7B700138506009385070013010102E0
:100BF000678000009306C0FC634CD7089306D003BF
:100C0000B386E6400327C10113DE5640B70E080045
:100C1000B3EEEE0013152E00232ED10193F6F6014C
:100C20003388A8001386080013070000032306007A
:100C30001306460033676700E31AC8FE1306300048
:100C40003306C641639A06040328080093861600FB
:100C50009387470023AE07FF634ED6003388A70073
:100C600003280800938616009387470023AE07FFEA
:100C7000E356D6FE93074000B387C7416F00400894
:100C8000930500009307F07F370608006FF09FD9A7
:100C9000130700006FF01FDD13080502330828005A
:100CA000032808FF130F0002330FDF403318E80159
:100CB00033670701630E060813182600B30FF80008
:100CC0003386A800032506000323460093874700C8
:100CD0003355D5003313E3013365650023AEA7FE1A
:100CE00013064600E390FFFE93074000B387C74119
:100CF0001306080233062600B3DEDE002328D6FFE3
:100D000093064000B386F6409396260093972700FB
:100D100013068000B388F80063EAC60023A0080029
:100D200023A20800938686FF9388880093074000DB
:100D300063E4F60023A00800832701013337E000B5
:100D400003264101B366F700130700006FF09FE030
:100D500093071000130800006FF09FF9B707010018
:100D6000637AF5021337051013371700131737008E
:100D7000B73701803355E500938747A1B387A700B4
:100D800003C5070093060002B386E6403385A640FC
:100D900067800000B70700016374F50213070001C4
:100DA000B73701803355E500938747A1B387A70084
:100DB00003C50700930600013385A6406780000045
:100DC00013078001B73701803355E500938747A1AA
:100DD000B387A70003C50700930680003385A640AC
:040DE0006780000028
:100DE800696C6C6567616C20696E73747275637485
:100DF800696F6E20657863657074696F6E206861CD
:100E08006E646C657220656E74657265640A00654F
:100E180063616C6C20657863657074696F6E2068B7
:100E2800616E646C657220656E74657265640A0033
:100E380065627265616B20657863657074696F6E51
:100E48002068616E646C657220656E746572656495
:100E58000A00756E6B6E6F776E20657863657074C7
:100E6800696F6E2068616E646C657220656E74656A
:100E78007265640A006E6F20657863657074696FC7
:100E88006E2068616E646C657220696E7374616C43
:100E98006C65640A00000000556E696D706C656DC4
:100EA800656E7465642073797374656D2063616C15
:100EB8006C2063616C6C6564210A000000FBFEFF16
:100EC80000FBFEFF7CFAFEFF7CFAFEFF7CFAFEFFC9
:100ED8007CFAFEFF7CFAFEFF7CFAFEFF00FBFEFFB9
:100EE800F0FAFEFF7CFAFEFF7CFAFEFF7CFAFEFFBA
:100EF8007CFAFEFFF0FAFEFFF0FAFEFFC8FBFEFFE9
:100F08007CFAFEFF7CFAFEFF7CFAFEFF7CFAFEFF0D
:100F18007CFAFEFF7CFAFEFF7CFAFEFF7CFAFEFFFD
:100F28007CFAFEFF7CFAFEFF7CFAFEFF7CFAFEFFED
:100F38007CFAFEFF7CFAFEFF00FBFEFF78FBFEFF5B
:100F48007CFAFEFF7CFAFEFF7CFAFEFF7CFAFEFFCD
:100F58007CFAFEFF7CFAFEFF7CFAFEFF7CFAFEFFBD
:100F68007CFAFEFF7CFAFEFF7CFAFEFF7CFAFEFFAD
:100F7800ACFBFEFF7CFAFEFF7CFAFEFF7CFAFEFF6C
:100F88007CFAFEFF7CFAFEFF7CFAFEFF7CFAFEFF8D
:100F98007CFAFEFF7CFAFEFF7CFAFEFF7CFAFEFF7D
:100FA8007CFAFEFF7CFAFEFF7CFAFEFF7CFAFEFF6D
:100FB8007CFAFEFF7CFAFEFF7CFAFEFF7CFAFEFF5D
:100FC8007CFAFEFF7CFAFEFF7CFAFEFF7CFAFEFF4D
:100FD8007CFAFEFF7CFAFEFF7CFAFEFF7CFAFEFF3D
:100FE8007CFAFEFF7CFAFEFF7CFAFEFF7CFAFEFF2D
:100FF8007CFAFEFF7CFAFEFF7CFAFEFF7CFAFEFF1D
:10100800BCFBFEFFA8F9FEFF4CFAFEFF58FAFEFFF4
:1010180034F9FEFF34F9FEFF34F9FEFF34F9FEFF20
:1010280034F9FEFF34F9FEFFB8F9FEFF34F9FEFF8C
:1010380034F9FEFF34F9FEFF34F9FEFF30FAFEFF03
:10104800B8F9FEFF46465420616C6C6F63206661F8
:10105800696C6564000000004646542072756E6E27
:10106800696E672E2E2E00004646542066696E690A
:1010780073686564000000006B6973735F6666746B
:1010880020746F6F6B20257520696E737472756399
:1010980074696F6E7320616E6420257520637963AF
:1010A8006C65730A000000004641494C203A2066EE
:1010B800667420726573756C742076616C756573DF
:1010C80020696E636F72726563740A596F75722056
:1010D8006F75742076616C7565733A0A5265616C38
:1010E80009496D616700000025640925640A00004C
:1010F80053554343455353203A206666742072651E
:1011080073756C742076616C75657320636F727289
:1011180065637400FF7F0000C679A22A94651B4F9F
:1011280093466468DF201B7331FF206EC9DFCF5AF6
:10113800EEC7AC3CC6B95B1877B6ECF243BDF4D247
:101148006BCC77B933E128A904FA02A41C13CFAAFF
:1011580047293BBD023A79D901434CF85E43B81997
:10116800253B58384A2BB6507015AC60EEFC91669A
:1011780090E3AE6134CE5B52D4BF053A8EB91D1BE5
:10118800E6BB50FF37C634E50DD700D16CECBCC3C5
:101198008104F4BD211CB9BF0B31A2C8EC40E8D7CB
:1011A800AB4911ECC04AEB025D44ED18FE36BC2990
:1011B800ED2329358B0C4D3AB3F3FD38E5DB64316B
:1011C80050C74B2472B80312F9B084FFACB1BBEC22
:1011D8002DBA76DD44C95CD348DD89CEF6F2C8CE97
:1011E8006508E8D3C61BB3DD222B07EC4D3539FD66
:1011F800F439830F59395120E333472D652A59367D
:10120800DD1DA23ACB0FB139F7006C3369F25B28C8
:1012180014E59E1984D9310853D075F6ABCAF3E5A5
:1012280084C826D8FF7F0000C679A22A94651B4F80
:1012380093466468DF201B7331FF206EC9DFCF5AE5
:10124800EEC7AC3CC6B95B1877B6ECF243BDF4D236
:101258006BCC77B933E128A904FA02A41C13CFAAEE
:1012680047293BBD023A79D901434CF85E43B81986
:10127800253B58384A2BB6507015AC60EEFC916689
:1012880090E3AE6134CE5B52D4BF053A8EB91D1BD4
:10129800E6BB50FF37C634E50DD700D16CECBCC3B4
:1012A8008104F4BD211CB9BF0B31A2C8EC40E8D7BA
:1012B800AB4911ECC04AEB025D44ED18FE36BC297F
:1012C800ED2329358B0C4D3AB3F3FD38E5DB64315A
:1012D80050C74B2472B80312F9B084FFACB1BBEC11
:1012E8002DBA76DD44C95CD348DD89CEF6F2C8CE86
:1012F8006508E8D3C61BB3DD222B07EC4D3539FD55
:10130800F439830F59395120E333472D652A59366B
:10131800DD1DA23ACB0FB139F7006C3369F25B28B7
:1013280014E59E1984D9310853D075F6ABCAF3E594
:1013380084C826D8FF7F0000C679A22A94651B4F6F
:1013480093466468DF201B7331FF206EC9DFCF5AD4
:10135800EEC7AC3CC6B95B1877B6ECF243BDF4D225
:101368006BCC77B933E128A904FA02A41C13CFAADD
:1013780047293BBD023A79D901434CF85E43B81975
:10138800253B58384A2BB6507015AC60EEFC916678
:1013980090E3AE6134CE5B52D4BF053A8EB91D1BC3
:1013A800E6BB50FF37C634E50DD700D16CECBCC3A3
:1013B8008104F4BD211CB9BF0B31A2C8EC40E8D7A9
:1013C800AB4911ECC04AEB025D44ED18FE36BC296E
:1013D800ED2329358B0C4D3AB3F3FD38E5DB643149
:1013E80050C74B2472B80312F9B084FFACB1BBEC00
:1013F8002DBA76DD44C95CD348DD89CEF6F2C8CE75
:101408006508E8D3C61BB3DD222B07EC4D3539FD43
:10141800F439830F59395120E333472D652A59365A
:10142800DD1DA23ACB0FB139F7006C3369F25B28A6
:1014380014E59E1984D9310853D075F6ABCAF3E583
:1014480084C826D8FF7F0000C679A22A94651B4F5E
:1014580093466468DF201B7331FF206EC9DFCF5AC3
:10146800EEC7AC3CC6B95B1877B6ECF243BDF4D214
:101478006BCC77B933E128A904FA02A41C13CFAACC
:1014880047293BBD023A79D901434CF85E43B81964
:10149800253B58384A2BB6507015AC60EEFC916667
:1014A80090E3AE6134CE5B52D4BF053A8EB91D1BB2
:1014B800E6BB50FF37C634E50DD700D16CECBCC392
:1014C8008104F4BD211CB9BF0B31A2C8EC40E8D798
:1014D800AB4911ECC04AEB025D44ED18FE36BC295D
:1014E800ED2329358B0C4D3AB3F3FD38E5DB643138
:1014F80050C74B2472B80312F9B084FFACB1BBECEF
:101508002DBA76DD44C95CD348DD89CEF6F2C8CE63
:101518006508E8D3C61BB3DD222B07EC4D3539FD32
:10152800F439830F59395120E333472D652A593649
:10153800DD1DA23ACB0FB139F7006C3369F25B2895
:1015480014E59E1984D9310853D075F6ABCAF3E572
:1015580084C826D8FF7F0000C679A22A94651B4F4D
:1015680093466468DF201B7331FF206EC9DFCF5AB2
:10157800EEC7AC3CC6B95B1877B6ECF243BDF4D203
:101588006BCC77B933E128A904FA02A41C13CFAABB
:1015980047293BBD023A79D901434CF85E43B81953
:1015A800253B58384A2BB6507015AC60EEFC916656
:1015B80090E3AE6134CE5B52D4BF053A8EB91D1BA1
:1015C800E6BB50FF37C634E50DD700D16CECBCC381
:1015D8008104F4BD211CB9BF0B31A2C8EC40E8D787
:1015E800AB4911ECC04AEB025D44ED18FE36BC294C
:1015F800ED2329358B0C4D3AB3F3FD38E5DB643127
:1016080050C74B2472B80312F9B084FFACB1BBECDD
:101618002DBA76DD44C95CD348DD89CEF6F2C8CE52
:101628006508E8D3C61BB3DD222B07EC4D3539FD21
:10163800F439830F59395120E333472D652A593638
:10164800DD1DA23ACB0FB139F7006C3369F25B2884
:1016580014E59E1984D9310853D075F6ABCAF3E561
:1016680084C826D8FF7F0000C679A22A94651B4F3C
:1016780093466468DF201B7331FF206EC9DFCF5AA1
:10168800EEC7AC3CC6B95B1877B6ECF243BDF4D2F2
:101698006BCC77B933E128A904FA02A41C13CFAAAA
:1016A80047293BBD023A79D901434CF85E43B81942
:1016B800253B58384A2BB6507015AC60EEFC916645
:1016C80090E3AE6134CE5B52D4BF053A8EB91D1B90
:1016D800E6BB50FF37C634E50DD700D16CECBCC370
:1016E8008104F4BD211CB9BF0B31A2C8EC40E8D776
:1016F800AB4911ECC04AEB025D44ED18FE36BC293B
:10170800ED2329358B0C4D3AB3F3FD38E5DB643115
:1017180050C74B2472B80312F9B084FFACB1BBECCC
:101728002DBA76DD44C95CD348DD89CEF6F2C8CE41
:101738006508E8D3C61BB3DD222B07EC4D3539FD10
:10174800F439830F59395120E333472D652A593627
:10175800DD1DA23ACB0FB139F7006C3369F25B2873
:1017680014E59E1984D9310853D075F6ABCAF3E550
:1017780084C826D8FF7F0000C679A22A94651B4F2B
:1017880093466468DF201B7331FF206EC9DFCF5A90
:10179800EEC7AC3CC6B95B1877B6ECF243BDF4D2E1
:1017A8006BCC77B933E128A904FA02A41C13CFAA99
:1017B80047293BBD023A79D901434CF85E43B81931
:1017C800253B58384A2BB6507015AC60EEFC916634
:1017D80090E3AE6134CE5B52D4BF053A8EB91D1B7F
:1017E800E6BB50FF37C634E50DD700D16CECBCC35F
:1017F8008104F4BD211CB9BF0B31A2C8EC40E8D765
:10180800AB4911ECC04AEB025D44ED18FE36BC2929
:10181800ED2329358B0C4D3AB3F3FD38E5DB643104
:1018280050C74B2472B80312F9B084FFACB1BBECBB
:101838002DBA76DD44C95CD348DD89CEF6F2C8CE30
:101848006508E8D3C61BB3DD222B07EC4D3539FDFF
:10185800F439830F59395120E333472D652A593616
:10186800DD1DA23ACB0FB139F7006C3369F25B2862
:1018780014E59E1984D9310853D075F6ABCAF3E53F
:1018880084C826D8FF7F0000C679A22A94651B4F1A
:1018980093466468DF201B7331FF206EC9DFCF5A7F
:1018A800EEC7AC3CC6B95B1877B6ECF243BDF4D2D0
:1018B8006BCC77B933E128A904FA02A41C13CFAA88
:1018C80047293BBD023A79D901434CF85E43B81920
:1018D800253B58384A2BB6507015AC60EEFC916623
:1018E80090E3AE6134CE5B52D4BF053A8EB91D1B6E
:1018F800E6BB50FF37C634E50DD700D16CECBCC34E
:101908008104F4BD211CB9BF0B31A2C8EC40E8D753
:10191800AB4911ECA002A00A4400FDFF2F0004000F
:1019280011000C00E6FF1C00A2FF39000AFF7E0030
:1019380042FCCA01340582FDF40109FF4F014FFF43
:1019480007016DFFD7007FFFB20093FF8300D0FF30
:10195800FCFD95099B0067FE620094FE2B0073FE58
:10196800D6FF1FFE45FF79FDEFFDF2FBDCF71DF505
:10197800C90F830F0906830492049E023A04CE011C
:1019880067044B013F05D2000E080100B83C64F320
:10199800E8F943031AFE510279FF1C0241002A02AA
:1019A800F5007B02FC01610369055E074EF657F4FA
:1019B800B5FD5BFDEBFEA7FE7CFF20FFE0FF56FFB9
:1019C8004A005AFF05010BFF6A08D2F91FFE87017A
:1019D80039FFE4009CFFC700DBFFD3001600FA00C4
:1019E8006800680154011D038BFC1EF945FF8CFE3D
:1019F800AFFF3BFFEAFF7AFF1C0097FF5D009BFFEC
:101A0800E70076FF7C0571FD36FEDA003BFF7500C6
:101A18008AFF6500B7FF6B00D8FF8100FBFFBA00A3
:101A280042008A01B8FE6AFBC5FF34FFF0FF9AFF47
:101A38000D00C2FF2F00D5FF6100DEFFD200DCFFE2
:101A4800160478FF2EFE470037FF2D0082FF2D0079
:101A5800A6FF3500BCFF4600CCFF6400DAFFCD00CE
:101A6800F3FFA3FCF6FF91FF0300D3FF1000EDFF87
:101A78002600FDFF49000A00990020009E0281000F
:101A880071FEC8FF59FFF6FF94FF0800B1FF12006E
:101A9800C0FF2100C7FF3400C1FF7000DD0016FD44
:101AA8000E00C2FF0C00EDFF1500FFFF25000E0021
:101AB8003E001F007C004100DC01EC0095FE62FF47
:101AC80072FFCDFFA4FFE9FFBCFFF7FFC8FF0200CC
:101AD800D0FF0E00CCFF26006501D5FD0800EDFF04
:101AE800050002000C000F0016001C0028002D0045
:101AF800550051002C010301D8FE21FF92FFB9FFC8
:101B0800BAFFD9FFCCFFE9FFD7FFF3FFE0FFFAFFE9
:101B1800E7FF01009701A1FEEFFF0C00F6FF13009D
:101B2800FCFF1B000300270010003900280060009C
:101B38009700170137FFCDFEB8FFA3FFD4FFCCFFF6
:101B4800E0FFDEFFE9FFE9FFF4FFEFFF0400F1FF2C
:101B5800B60139FFD2FF1400E5FF1700EEFF1A00A7
:101B6800F5FF2600FBFF350007005A003100F4009E
:101B780096FFAAFEDCFFA0FFE9FFCBFFF1FFDDFF28
:101B8800FBFFE9FF0300F0FF1C00F3FFB701CBFFE9
:101B9800B4FF0D00D5FF0E00E1FF1400E6FF1D00A5
:101BA800E8FF2C00ECFF4B00EBFFC20004009DFE99
:101BB800FCFFA6FFFEFFD0FF0200E2FF0600EEFFDB
:101BC8001200F6FF3000020091013F0099FFF3FF79
:101BD800C9FF0200D7FF0C00DDFF1100DDFF1F0069
:101BE800DBFF3700C6FF8D005D00AEFE1000B7FFBB
:101BF8000700DDFF0800ECFF0C00F9FF17000300E9
:101C0800310016003E019B008BFFCFFFC6FFF0FF9F
:101C1800D3FFFCFFD9FF0500DAFF1100D2FF230034
:101C2800B1FF5D00C500C7FE1E00C9FF1000E8FF38
:101C38000D00F6FF0F000100170010002F0029000B
:101C4800EE00D8008DFFA2FFC8FFDAFFD7FFECFF38
:101C5800DCFFF9FFDCFF0200D5FF0F00B8FF2F0003
:101C680006010AFF2000DDFF1000F4FF0C00FFFF53
:101C78000C00090012001700240035009E00EB003C
:101C88009BFF78FFD1FFCAFFDBFFDFFFE0FFEDFF1F
:101C9800E0FFF3FFDCFFFDFFC8FF0B0037016EFF1D
:101CA8001600F2FF0900FEFF0500090005001000FC
:101CB80008002100110042005200F800B6FF4BFF57
:101CC800DEFFBDFFE7FFD8FFE9FFE4FFEAFFECFF17
:101CD800E8FFF2FFDCFFFAFF4101BBFF0700FCFF52
:101CE800FCFF0300FAFF0B00F8FF1200F8FF2100C9
:101CF800F7FF4100F3FFDE00FAFF2FFFF7FFB6FF03
:101D0800F7FFD4FFF7FFE2FFF6FFEAFFF5FFF1FF69
:101D1800F5FFF7FF46012000F4FFFFFFF3FF020085
:101D2800F1FF0A00EEFF1200ECFF1F00E4FF3C0089
:101D3800BAFFC0003E001EFF0E00B7FF0700D5FF28
:101D48000100E1FF0100E9FF0200F3FF0700FAFFCD
:101D58002E018300E3FFF5FFEAFFFEFFE9FF030022
:101D6800E8FF0B00E3FF1700D7FF2E009CFF8F0052
:101D78007D0025FF1F00BFFF1000DAFF0A00E8FF03
:101D88000900F1FF0B00FAFF14000B00F800DA005D
:101D9800D2FFDDFFE2FFEFFFE3FFFAFFE3FF020000
:101DA800DBFF0B00CCFF1D0087FF6000CA003BFF74
:101DB8002F00CBFF1900E3FF1000F0FF0C00FAFF23
:101DC8000E00060017001B00B0000A01CDFFBDFF82
:101DD800E1FFE0FFE2FFEBFFE1FFF5FFDAFF0000C4
:101DE800C8FF0A0084FF2D00110174FF3900DEFFCF
:101DF8001F00EFFF1200FAFF0E0001000D000F0098
:101E080011002C005C002501DAFF98FFE9FFD1FFE3
:101E1800E8FFE1FFE5FFE9FFDEFFF3FFCDFFFAFF93
:101E280092FF08004A01BAFF3900F2FF1C00FAFFCE
:101E3800110002000B0009000700180006003A0014
:101E48001A003401F0FF6FFFF3FFBFFFF0FFD5FF6B
:101E5800ECFFDFFFE8FFE6FFDCFFEAFFB2FFEDFF84
:101E68003F0111002800FFFF0F00010004000500DA
:101E780000000F00F7FF1E00EBFF4000B0FF1B0142
:101E8800230052FF0900B6FF0000CEFFF7FFDAFF7C
:101E9800F2FFDFFFE7FFE2FFCFFFDCFF4D017A0033
:101EA8001A00060006000500FDFF0700F5FF0E00FA
:101EB800EAFF1B00D6FF39006AFFE600610048FF11
:101EC8001E00B5FF0E00CDFF0400D9FFFEFFE0FFA6
:101ED800F8FFE2FFEAFFE0FF3501E1000800030038
:101EE800FBFF0200F2FF0500EAFF0C00DCFF150013
:101EF800C1FF2D0032FFAB00B2004FFF3A00BBFF1D
:101F08001E00D3FF1400DFFF0B00E5FF0400E8FF0D
:101F1800FFFFEDFFE7005F01F5FFF4FFF0FFF7FFBC
:101F2800EAFFFBFFE1FF0300D2FF0B00AEFF1E003C
:101F380011FF73000B0163FF5200C5FF2E00DCFF89
:101F48001C00E4FF1300EBFF0C00F3FF0A00010084
:101F580078009F01F0FFD4FFEFFFE3FFE6FFECFFFF
:101F6800DDFFF0FFC9FFF7FFA3FFFEFF03FF180027
:101F78006C01B6FF6800E2FF3900EDFF2700F5FFAE
:101F88001900FBFF0F0008000A0021000900F301F7
:101F9800FAFFA7FFF3FFCEFFEBFFDAFFDEFFDFFF5D
:101FA800CCFFE2FFA4FFE3FF0DFFD8FFC401190037
:101FB800740000003E00FEFF2600020016000A0022
:101FC8000A001A00F8FF44006DFF4902230065FF6C
:101FD8000900AAFFFBFFBEFFEFFFC7FFDBFFC7FF3C
:101FE800B9FFC3FF46FF99FFCF01A40066001700A1
:101FF800330009001C0008000A000F00F7FF1B004F
:10200800D3FF4400BEFEDB016D0047FF2A009AFFA4
:102018001300B2FFFFFFB7FFECFFB7FFCEFFA9FF2A
:102028006FFF6DFF0102550160002D002C001000AC
:1020380011000A00FBFF0D00DDFF16009DFF3D00AB
:10204800DAFD740105012CFF76008EFF4B00A2FF1C
:102058003600A7FF2400A2FF13008FFFF8FF3FFF01
:10206800C0006A0226003300120004000400F3FFD7
:10207800F2FFE7FFDAFFDDFFA4FFD3FF54FEADFF59
:102088000901EAFF7100D6FF4900C7FF3800BBFF0E
:102098003200A5FF36007DFF640001FF7FFC820649
:1020A80076FF8A008DFF2C0081FF05005DFFE4FFAD
:1020B80018FFB9FF6DFE60FF8CFA82FDD003F301B3
:1020C8006201C900CF0086008700680054005600EE
:1020D80020004E00C2FF4C000509C7FFA5003800CC
:1020E80054003D0024004100F8FF4A00B8FF5D009D
:1020F80033FF8D009FFC9001A803BDFE75019AFF78
:10210800F900C8FFC100DAFF9C00E6FF8300EDFF7D
:102118006D00F3FFFF7F0000FD7F6EFEF57FDCFCA6
:10212800E97F4AFBD87FB8F9C17F27F8A67F96F6E2
:10213800867F05F5617F74F3377FE4F1097F55F0F9
:10214800D57EC6EE9C7E38ED5F7EABEB1D7E1EEA2B
:10215800D57D92E8897D07E7397D7EE5E37CF5E367
:10216800887C6DE2297CE6E0C57B61DF5C7BDDDD98
:10217800EE7A5ADC7C7AD8DA057A58D98979DAD7AE
:1021880009795DD68478E1D4FA7767D36B77EFD194
:10219800D87679D0417605CFA57592CD047521CC36
:1021A8005F74B3CAB57346C90773DCC7547274C683
:1021B8009D710EC5E270AAC3227048C25E6FE9C065
:1021C800966E8DBFC96D32BEF86CDBBC236C86BBC6
:1021D8004A6B33BA6D6AE4B88B6997B7A6684CB690
:1021E800BC6705B5CF66C1B3DD657FB2E86441B1B0
:1021F800EE6305B0F162CDAEF06198ADEB6065AC11
:10220800E35F37ABD75E0BAAC75DE3A8B35CBEA795
:102218009C5B9CA6825A7EA5645964A442584DA32F
:102228001D5739A2F55529A1C9541DA09B53159FC7
:102238006852109E33510F9DFB4F129CBF4E189B46
:10224800814D239A3F4C3199FB4A4498B4495A9797
:10225800694875961C479395CD45B6947A44DD93A5
:1022680025430893CE41379273406A91173FA29055
:10227800B83DDE8F563C1E8FF23A638E8C39AC8D9A
:102288002438F98CBA364B8C4D35A18BDF33FC8A58
:102298006E325B8AFB30BF89872F2889112E95887B
:1022A800992C06881F2B7C87A329F78626287786F2
:1022B800A826FB8528258485A62312852322A484A5
:1022C8009F203B841A1FD783931D78830B1C1D8383
:1022D800821AC782F91877826E172B82E215E3817A
:1022E8005514A181C81264813A112B81AB0FF78074
:1022F8001C0EC9808C0C9F80FB0A7A806A095A8060
:10230800D9073F8048062880B604178024030B802D
:1023180092010380000001806EFE0380DCFC0B80CC
:102328004AFB1780B8F9288027F83F8096F65A802C
:1023380005F57A8074F39F80E4F1C98055F0F78041
:10234800C6EE2B8138ED6481ABEBA1811EEAE381F7
:1023580092E82B8207E777827EE5C782F5E31D8343
:102368006DE27883E6E0D78361DF3B84DDDDA4841A
:102378005ADC1285D8DA848558D9FB85DAD777866E
:102388005DD6F786E1D47C8767D30688EFD1958838
:1023980079D0288905CFBF8992CD5B8A21CCFC8A68
:1023A800B3CAA18B46C94B8CDCC7F98C74C6AC8DFB
:1023B8000EC5638EAAC31E8F48C2DE8FE9C0A290E5
:1023C8008DBF6A9132BE3792DBBC089386BBDD9322
:1023D80033BAB694E4B8939597B775964CB65A97AE
:1023E80005B54498C1B331997FB2239A41B1189B7E
:1023F80005B0129CCDAE0F9D98AD109E65AC159F93
:1024080037AB1DA00BAA29A1E3A839A2BEA74DA3EB
:102418009CA664A47EA57EA564A49CA64DA3BEA785
:1024280039A2E3A829A10BAA1DA037AB159F65AC5B
:10243800109E98AD0F9DCDAE129C05B0189B41B172
:10244800239A7FB23199C1B3449805B55A974CB6CF
:10245800759697B79395E4B8B69433BADD9386BB6F
:102468000893DBBC379232BE6A918DBFA290E9C057
:10247800DE8F48C21E8FAAC3638E0EC5AC8D74C68C
:10248800F98CDCC74B8C46C9A18BB3CAFC8A21CC1A
:102498005B8A92CDBF8905CF288979D09588EFD1FD
:1024A800068867D37C87E1D4F7865DD67786DAD746
:1024B800FB8558D98485D8DA12855ADCA484DDDDF9
:1024C8003B8461DFD783E6E078836DE21D83F5E323
:1024D800C7827EE5778207E72B8292E8E3811EEACE
:1024E800A181ABEB648138ED2B81C6EEF78055F006
:1024F800C980E4F19F8074F37A8005F55A8096F6D6
:102508003F8027F82880B8F917804AFB0B80DCFC4D
:1025180003806EFE01800000038092010B8024037B
:102528001780B604288048063F80D9075A806A0970
:102538007A80FB0A9F808C0CC9801C0EF780AB0F39
:102548002B813A116481C812A1815514E381E215E7
:102558002B826E177782F918C782821A1D830B1C8B
:102568007883931DD7831A1F3B849F20A48423223A
:102578001285A62384852825FB85A8267786262804
:10258800F786A3297C871F2B0688992C9588112EFE
:102598002889872FBF89FB305B8A6E32FC8ADF333C
:1025A800A18B4D354B8CBA36F98C2438AC8D8C39CF
:1025B800638EF23A1E8F563CDE8FB83DA290173FCD
:1025C8006A9173403792CE4108932543DD937A444C
:1025D800B694CD4593951C47759669485A97B44962
:1025E8004498FB4A31993F4C239A814D189BBF4E22
:1025F800129CFB4F0F9D3351109E6852159F9B53A1
:102608001DA0C95429A1F55539A21D574DA34258FB
:1026180064A464597EA5825A9CA69C5BBEA7B35C41
:10262800E3A8C75D0BAAD75E37ABE35F65ACEB6089
:1026380098ADF061CDAEF16205B0EE6341B1E864EA
:102648007FB2DD65C1B3CF6605B5BC674CB6A66879
:1026580097B78B69E4B86D6A33BA4A6B86BB236C4B
:10266800DBBCF86C32BEC96D8DBF966EE9C05E6F7B
:1026780048C22270AAC3E2700EC59D7174C6547216
:10268800DCC7077346C9B573B3CA5F7421CC047538
:1026980092CDA57505CF417679D0D876EFD16B77F5
:1026A80067D3FA77E1D484785DD60979DAD789795E
:1026B80058D9057AD8DA7C7A5ADCEE7ADDDD5C7B8B
:1026C80061DFC57BE6E0297C6DE2887CF5E3E37C8D
:1026D8007EE5397D07E7897D92E8D57D1EEA1D7E76
:1026E800ABEB5F7E38ED9C7EC6EED57E55F0097F5C
:1026F800E4F1377F74F3617F05F5867F96F6A67F50
:1027080027F8C17FB8F9D87F4AFBE97FDCFCF57F61
:102718006EFEFD7F0000FF7F9201FD7F2403F57FA1
:10272800B604E97F4806D87FD907C17F6A09A67F22
:10273800FB0A867F8C0C617F1C0E377FAB0F097FED
:102748003A11D57EC8129C7E55145F7EE2151D7E17
:102758006E17D57DF918897D821A397D0B1CE37CAB
:10276800931D887C1A1F297C9F20C57B23225C7BB4
:10277800A623EE7A28257C7AA826057A2628897940
:10278800A32909791F2B8478992CFA77112E6B7756
:10279800872FD876FB3041766E32A575DF33047506
:1027A8004D355F74BA36B573243807738C39547253
:1027B800F23A9D71563CE270B83D2270173F5E6F49
:1027C8007340966ECE41C96D2543F86C7A44236CEC
:1027D800CD454A6B1C476D6A69488B69B449A66840
:1027E800FB4ABC673F4CCF66814DDD65BF4EE86450
:1027F800FB4FEE633351F1626852F0619B53EB601B
:10280800C954E35FF555D75E1D57C75D4258B35CA1
:1028180064599C5B825A825A9C5B6459B35C4258E7
:10282800C75D1D57D75EF555E35FC954EB609B53F1
:10283800F0616852F1623351EE63FB4FE864BF4EBA
:10284800DD65814DCF663F4CBC67FB4AA668B4493D
:102858008B6969486D6A1C474A6BCD45236C7A447D
:10286800F86C2543C96DCE41966E73405E6F173F75
:102878002270B83DE270563C9D71F23A54728C3920
:1028880007732438B573BA365F744D350475DF3372
:10289800A5756E324176FB30D876872F6B77112E6F
:1028A800FA77992C84781F2B0979A3298979262806
:1028B800057AA8267C7A2825EE7AA6235C7B232233
:1028C800C57B9F20297C1A1F887C931DE37C0B1CE9
:1028D800397D821A897DF918D57D6E171D7EE2151E
:1028E8005F7E55149C7EC812D57E3A11097FAB0FC6
:1028F800377F1C0E617F8C0C867FFB0AA67F6A09D6
:10290800C17FD907D87F4806E97FB604F57F24033D
:10291800FD7F920104000000800000000400000018
:10292800200000000400000008000000040000006F
:102938000200000002000000010000005B45525246
:102948004F525D206B6973735F6666742E633A3409
:10295800323420006B665F776F726B5F69746572E3
:10296800617469766520737461636B206F76657234
:10297800666C6F77000000005B4552524F525D2035
:102988006B6973735F6666742E633A333332200063
:102998004D656D6F727920616C6C6F636174696FDE
:1029A8006E206661696C65642E0000005B455252BA
:1029B8004F525D206B6973735F6666742E633A3598
:1029C80034332000666F7574206275666665722000
:1029D8004E554C4C2E0000005B4552524F525D2024
:1029E8006B6973735F6666742E633A3534392000F9
:1029F8004D656D6F727920616C6C6F636174696F7E
:102A08006E206572726F722E0000000000010202D3
:102A1800030303030404040404040404050505056E
:102A2800050505050505050505050505060606064A
:102A3800060606060606060606060606060606062E
:102A4800060606060606060606060606070707071A
:102A580007070707070707070707070707070707FE
:102A680007070707070707070707070707070707EE
:102A780007070707070707070707070707070707DE
:102A880007070707070707070707070708080808CA
:102A980008080808080808080808080808080808AE
:102AA800080808080808080808080808080808089E
:102AB800080808080808080808080808080808088E
:102AC800080808080808080808080808080808087E
:102AD800080808080808080808080808080808086E
:102AE800080808080808080808080808080808085E
:102AF800080808080808080808080808080808084E
:102B08000808080808080808080808080A00000053
:102B1800494E4600696E66004E414E006E616E0079
:102B280030313233343536373839414243444546FB
:102B380000000000303132333435363738396162BD
:102B48006364656600000000286E756C6C290000DF
:102B580030000000F86F0080346A0080346A00801A
:102B6800EC6F0080346A0080346A0080346A008028
:102B7800346A0080346A0080346A0080F06E008015
:102B8800DC6F0080346A0080086F0080146F00805A
:102B9800346A00809C6F0080006A0080006A0080B0
:102BA800006A0080006A0080006A0080006A008075
:102BB800006A0080006A0080006A0080346A008031
:102BC800346A0080346A0080346A0080346A008085
:102BD800346A0080346A0080346A0080346A008075
:102BE800346A0080706F00805C6D0080346A0080F9
:102BF8005C6D0080346A0080346A0080346A00802A
:102C0800346A008010700080346A0080346A008062
:102C1800F4700080346A0080346A0080346A00806E
:102C2800346A0080346A00801C700080346A008036
:102C3800346A0080087C0080346A0080346A00802E
:102C4800346A0080346A0080346A0080346A008004
:102C5800346A0080346A0080346A0080346A0080F4
:102C6800B46F00804C6E00805C6D00805C6D0080ED
:102C78005C6D0080A86F00804C6E0080346A008014
:102C8800346A00800C6C0080346A00801072008006
:102C9800E0710080A87100800C6C0080346A0080AC
:102CA80040710080346A008010710080346A0080AE
:102CB800346A0080607C0080202020202020202092
:102CC800202020202020202030303030303030307C
:102CD8003030303030303030A08F0080008C0080B1
:102CE800008C0080948F0080008C0080008C008015
:102CF800008C0080008C0080008C0080008C00809C
:102D0800F48E0080848F0080008C0080048F008007
:102D1800108F0080008C0080788F0080CC8B008022
:102D2800CC8B0080CC8B0080CC8B0080CC8B00803F
:102D3800CC8B0080CC8B0080CC8B0080CC8B00802F
:102D4800008C0080008C0080008C0080008C00804B
:102D5800008C0080008C0080008C0080008C00803B
:102D6800008C0080008C0080648F0080008C0080C4
:102D7800008C0080008C0080008C0080008C00801B
:102D8800008C0080008C0080008C0080008C00800B
:102D9800008C008024900080008C0080008C0080D3
:102DA800008C0080008C0080008C0080D88F008010
:102DB800008C0080008C0080BC960080008C008015
:102DC800008C0080008C0080008C0080008C0080CB
:102DD800008C0080008C0080008C0080008C0080BB
:102DE800008C0080B88F0080508E0080008C00809E
:102DF800008C0080008C0080EC900080508E008059
:102E0800008C0080008C0080588D0080008C008031
:102E1800B49000808C90008080910080588D008054
:102E2800008C008020910080008C0080F890008049
:102E3800008C0080008C00801097008020202020CB
:102E4800202020202020202020202020303030303A
:102E580030303030303030303030303043000000E7
:102E6800504F534958000000496E66696E6974797D
:102E7800000000004E614E0042616C6C6F6320736D
:102E88007563636565646564000000002E2E2F2E4F
:102E98002E2F2E2E2F2E2E2F2E2E2F2E2E2F7372BC
:102EA800632F6E65776C69622F6E65776C69622F28
:102EB8006C6962632F7374646C69622F64746F61E8
:102EC8002E6300002E2E2F2E2E2F2E2E2F2E2E2F3D
:102ED8002E2E2F2E2E2F7372632F6E65776C6962DC
:102EE8002F6E65776C69622F6C6962632F737464E7
:102EF8006C69622F6D707265632E630000000000BC
:102F080005000000190000007D000000000000001E
:102F1800000000000000F03F000000000000244016
:102F280000000000000059400000000000408F40F1
:102F3800000000000088C34000000000006AF8405C
:102F48000000000080842E4100000000D012634180
:102F58000000000084D797410000000065CDCD41F6
:102F6800000000205FA00242000000E876483742D7
:102F7800000000A2941A6D42000040E59C30A24275
:102F88000000901EC4BCD64200003426F56B0C43EA
:102F98000080E03779C3414300A0D8855734764391
:102FA80000C84E676DC1AB43003D9160E458E143F2
:102FB800408CB5781DAF154450EFE2D6E41A4B4467
:102FC80092D54D06CFF08044F64AE1C7022DB544AC
:102FD800B49DD9794378EA44BC89D897B2D29C3C4D
:102FE80033A7A8D523F649393DA7F444FD0FA532E8
:102FF8009D978CCF08BA5B25436FAC642806C80A36
:103008000080E03779C34143176E05B5B5B89346DC
:10301800F5F93FE9034F384D321D30F94877825AA8
:103028003CBF737FDD4F1575002020202020202015
:103038002020282828282820202020202020202060
:103048002020202020202020208810101010101070
:1030580010101010101010101004040404040404BC
:103068000404041010101010101041414141414156
:103078000101010101010101010101010101010138
:103088000101010110101010101042424242424248
:103098000202020202020202020202020202020208
:1030A80002020202101010102000000000000000B0
:1030B8000000000000000000000000000000000008
:1030C80000000000000000000000000000000000F8
:1030D80000000000000000000000000000000000E8
:1030E80000000000000000000000000000000000D8
:1030F80000000000000000000000000000000000C8
:1031080000000000000000000000000000000000B7
:1031180000000000000000000000000000000000A7
:103128000000000000000000000000002C20667570
:103138006E6374696F6E3A200000000061737365F6
:103148007274696F6E2022257322206661696C652E
:10315800643A2066696C6520222573222C206C69EC
:103168006E65202564257325730A00003CF00080F5
:10317800E8EE008094EE0080E8EF008094EE008096
:10318800F8EE008094EE0080E8EF0080E8EE008022
:10319800E8EE0080F8EE0080E8EF008074EF008031
:0C31A80074EF008074EF0080F8EE0080EF
:1031B4001000000000000000037A5200017C0101AD
:1031C4001B0D02001000000018000000640AFFFF3D
:1031D400DC04000000000000100000002C000000CF
:0C31E4002C0FFFFF900400000000000012
:1031F00000000010000000000000000000000000BF
:1032000000000000000000000000000000000000BE
:1032100000000000000000000000000000000000AE
:103220001832018018320180203201802032018062
:103230002832018028320180303201803032018012
:1032400038320180383201804032018040320180C2
:103250004832018048320180503201805032018072
:103260005832018058320180603201806032018022
:1032700068320180683201807032018070320180D2
:103280007832018078320180803201808032018082
:103290008832018088320180903201809032018032
:1032A0009832018098320180A0320180A0320180E2
:1032B000A8320180A8320180B0320180B032018092
:1032C000B8320180B8320180C0320180C032018042
:1032D000C8320180C8320180D0320180D0320180F2
:1032E000D8320180D8320180E0320180E0320180A2
:1032F000E8320180E8320180F0320180F032018052
:10330000F8320180F83201800033018000330180FF
:1033100008330180083301801033018010330180AD
:10332000183301801833018020330180203301805D
:10333000283301802833018030330180303301800D
:1033400038330180383301804033018040330180BD
:10335000483301804833018050330180503301806D
:10336000583301805833018060330180603301801D
:1033700068330180683301807033018070330180CD
:10338000783301807833018080330180803301807D
:10339000883301808833018090330180903301802D
:1033A0009833018098330180A0330180A0330180DD
:1033B000A8330180A8330180B0330180B03301808D
:1033C000B8330180B8330180C0330180C03301803D
:1033D000C8330180C8330180D0330180D0330180ED
:1033E000D8330180D8330180E0330180E03301809D
:1033F000E8330180E8330180F0330180F03301804D
:10340000F8330180F83301800034018000340180FA
:1034100008340180083401801034018010340180A8
:103420001834018018340180203401802034018058
:103430002834018028340180303401803034018008
:1034400038340180383401804034018040340180B8
:103450004834018048340180503401805034018068
:103460005834018058340180603401806034018018
:1034700068340180683401807034018070340180C8
:103480007834018078340180803401808034018078
:103490008834018088340180903401809034018028
:1034A0009834018098340180A0340180A0340180D8
:1034B000A8340180A8340180B0340180B034018088
:1034C000B8340180B8340180C0340180C034018038
:1034D000C8340180C8340180D0340180D0340180E8
:1034E000D8340180D8340180E0340180E034018098
:1034F000E8340180E8340180F0340180F034018048
:10350000F8340180F83401800035018000350180F5
:1035100008350180083501801035018010350180A3
:103520001835018018350180203501802035018053
:103530002835018028350180303501803035018003
:1035400038350180383501804035018040350180B3
:103550004835018048350180503501805035018063
:103560005835018058350180603501806035018013
:1035700068350180683501807035018070350180C3
:103580007835018078350180803501808035018073
:103590008835018088350180903501809035018023
:1035A0009835018098350180A0350180A0350180D3
:1035B000A8350180A8350180B0350180B035018083
:1035C000B8350180B8350180C0350180C035018033
:1035D000C8350180C8350180D0350180D0350180E3
:1035E000D8350180D8350180E0350180E035018093
:1035F000E8350180E8350180F0350180F035018043
:10360000F8350180F83501800036018000360180F0
:10361000083601800836018010360180103601809E
:10362000000000000300000080390180000000005D
:103630000000000080390180E8390180503A0180A3
:10364000000000000000000000000000000000007A
:10365000000000000000000000000000000000006A
:10366000000000000000000000000000000000005A
:10367000000000000000000000000000000000004A
:10368000000000000000000000000000000000003A
:10369000000000000000000000000000000000002A
:1036A000000000000000000000000000000000001A
:1036B000000000000000000000000000000000000A
:1036C00000000000000000000100000000000000F9
:1036D0000E33CDAB34126DE6ECDE05000B000000BE
:1036E00000000000000000000000000000000000DA
:1036F00000000000000000000000000000000000CA
:1037000000000000000000000000000000000000B9
:1037100000000000000000000000000000000000A9
:103720000000000000000000000000000000000099
:103730000000000000000000000000000000000089
:103740000000000000000000000000000000000079
:103750004300000000000000000000000000000026
:103760000000000000000000000000000000000059
:103770004300000000000000000000000000000006
:103780000000000000000000000000000000000039
:1037900043000000000000000000000000000000E6
:1037A0000000000000000000000000000000000019
:1037B00043000000000000000000000000000000C6
:1037C00000000000000000000000000000000000F9
:1037D00043000000000000000000000000000000A6
:1037E00000000000000000000000000000000000D9
:1037F0004300000000000000000000000000000086
:1038000000000000000000000000000000000000B8
:103810004300000000000000000000000000000065
:103820000000000000000000000000000000000098
:1038300098DB0080A4C300800000000030300180CD
:10384000DC290180AC100180AC100180AC1001803B
:10385000AC100180AC100180AC100180AC10018074
:10386000AC100180AC100180FFFFFFFFFFFFFFFFE6
:10387000FFFFFFFFFFFF00000100415343494900E4
:103880000000000000000000000000000000000038
:1038900000000000000000000000415343494900BF
:1038A0000000000000000000000000000000000018
:0C38B0000000000000000000000000000C
:1038BC00FFFFFFFF00000000000000001C21018042
:0838CC00343901801C29018040
:1038D800FFFFFFFFFFFFEF7F000000000000F83F41
:1038E80061436F63A787D23FB3C8608B288AC63FFE
:1038F800FB799F501344D33F000000000000F03FC5
:1039080000000000000024400000000000001C40EF
:103918000000000000001440000000000000E03F2C
:10392800503C0180FFFFFFFF00000200303601809D
:0400000580000080F7
:00000001FF
