:0200000480007A
:100000006F00803E6F00C01E6F00003D6F00C03C5F
:100010006F00803C6F00403C6F00003C6F00C03BB5
:100020006F00803B6F00403B6F00003B6F00C03AA9
:100030006F00803A6F00403A6F00003A6F00C0399D
:100040006F0080396F0040396F0000396F00C03891
:100050006F0080386F0040386F0000386F00C03785
:100060006F0080376F0040376F0000376F00C03679
:100070006F0080366F0040366F0000366F0000471B
:10008000971102009381C17C17010300130181F7CE
:1000900017050000130505F713651500731055309B
:1000A0001385C1C717260200130686FA3306A64039
:1000B00093050000EF300047173500001305054198
:1000C000EF20901DEF3080361305000093050000EF
:1000D00013060000EF00C0006F20501D6780000075
:1000E000130101D993078100130710009306010142
:1000F0001306800193058001130500242326112691
:10010000232481262322912623202127232E3125D3
:10011000232C4125EF10D058F32920B0F32400B050
:10012000930671001306C1009305810013050101B8
:10013000EF10105113040500732A20B0732900B08A
:1001400083258100170502001305C507EF20505FC6
:100150008325C100170502001305C507EF20505E77
:1001600093050400170502001305C507EF20505D35
:1001700083457100170502001305C507EF20505C89
:1001800033063A41970502009385C507170502001B
:100190001305C507EF20D05A330699409705020092
:1001A000938545061705020013050508EF205059F1
:1001B0008320C12603248126832441260329012686
:1001C0008329C125032A8125130500001301012776
:1001D0006780000000000000000000000000000038
:1001E00013050000678000001300000013000000EA
:1001F00013050000678000001300000013000000DA
:1002000013050000678000001300000013000000C9
:1002100013050000678000001300000013000000B9
:1002200013050000678000001300000013000000A9
:100230001305000067800000130000001300000099
:100240001305000067800000130000001300000089
:100250001305000067800000130000001300000079
:100260001305000067800000130000001300000069
:100270001305000067800000130000001300000059
:100280001305000067800000130000001300000049
:100290001305000067800000130000001300000039
:1002A0001305000067800000130000001300000029
:1002B0001305000067800000130000001300000019
:1002C0001305000067800000130000001300000009
:1002D00013050000678000001300000013000000F9
:1002E00013050000678000001300000013000000E9
:1002F00013050000678000001300000013000000D9
:1003000013050000678000001300000013000000C8
:1003100013050000678000001300000013000000B8
:1003200013050000678000001300000013000000A8
:100330001305000067800000130000001300000098
:100340001305000067800000130000001300000088
:100350001305000067800000130000001300000078
:100360001305000067800000130000001300000068
:100370001305000067800000130000001300000058
:100380001305000067800000130000001300000048
:100390001305000067800000130000001300000038
:1003A0001305000067800000130000001300000028
:1003B0001305000067800000130000001300000018
:1003C0001305000067800000130000001300000008
:1003D000130500006780000017F500001305D5B96C
:1003E000EF20D0476FF05FFF130101FC23201100C5
:1003F0002322A1002324B1002326C1002328D100F9
:10040000232AE100232CF100232E010123201103D4
:100410002322510223246102232671022328C103CF
:10042000232AD103232CE103232EF103F3222034CA
:1004300013032000638862021303B0006388620024
:1004400013033000638862006F00C002EF00403E7B
:100450006F00400317F500001305C5ADEF201040F5
:100460006F00400217F500001305C5A7EF20103FED
:100470006F00400117F500001305E5ADEF20103EB9
:100480006F004002F3221034038302001305300092
:100490003373A3006314A30093822200938222008B
:1004A00073901234832001000325410083258100CD
:1004B0000326C1008326010103274101832781010F
:1004C0000328C10183280102832241020323810200
:1004D0008323C102032E0103832E4103032F8103D3
:1004E000832FC103130101047300203073002030F7
:1004F0003305A04023A4A1C81305F0FF67800000C6
:1005000097F70000938787A9130850053707001055
:100510002320070183C61700638006062320D70027
:1005200083C22700638A02042320570003C33700D5
:10053000630403042320670083C34700638E030220
:100540002320770003C55700630805022320A70076
:1005500083C56700638205022320B70003C67700C6
:1005600093878700630A06002320C70003C807009B
:10057000E31008FA678000006780000013000000A5
:100580009307800523A4F1C81305F0FF67800000DE
:100590009307800523A4F1C81305F0FF67800000CE
:1005A0009307800523A4F1C81305F0FF67800000BE
:1005B0009307800523A4F1C81305F0FF67800000AE
:1005C0009307800523A4F1C81305F0FF678000009E
:1005D0001305F0FF67800000130000001300000007
:1005E0009307C00023A4F1C81305F0FF6780000043
:1005F000B707048023A0A700730050106F0000000D
:100600009307800523A4F1C81305F0FF678000005D
:100610009307B00023A4F1C81305F0FF6780000022
:10062000B727000023A2F500130500006780000033
:100630009307800523A4F1C81305F0FF678000002D
:100640009307800523A4F1C81305F0FF678000001D
:10065000930780FA23A4F1C8130500006780000007
:100660001305100067800000130000001300000055
:10067000930780FA23A4F1C81305F0FF67800000F8
:100680001305F5FF13351500678000001300000007
:100690009307600123A4F1C81305F0FF67800000F1
:1006A0009307F00123A4F1C81305F0FF6780000051
:1006B0001305000067800000130000001300000015
:1006C0009307800523A4F1C81305F0FF678000009D
:1006D0001305F0FF67800000130000001300000006
:1006E0009307800523A4F1C81305F0FF678000007D
:1006F00013050000678000001300000013000000D5
:10070000B727000023A2F500130500006780000052
:100710001305F0FF678000001300000013000000C5
:100720001305F0FF678000001300000013000000B5
:100730009307200023A4F1C81305F0FF6780000091
:100740009307800523A4F1C81305F0FF678000001C
:100750009307A00023A4F1C81305F0FF67800000F1
:10076000130101FF232021011389C1C78327090039
:100770002324810023229100232611009384050065
:1007800013040600638A070213060400938504001D
:10079000170502001305853BEF0080598320C10037
:1007A0001305040003248100832441000329010070
:1007B0001301010167800000B7C501001306300076
:1007C000938505201705020013054538EF004049C1
:1007D00093021000232059006FF01FFB130000004C
:1007E00023A6A1C6130500006780000013000000C7
:1007F0001387C1C6032307003305A3002320A700E6
:10080000637C250097F202009382C27F63765500D5
:1008100013050300678000009307C0001303F0FF77
:1008200023A4F1C813050300678000001300000033
:10083000130101FF232291002326110093071008C2
:100840009384050063CC170D9307F00263D617035A
:10085000938008FD9302100563E4120217E3000081
:1008600013030376939820003387680083230700DF
:10087000B385630067800500930E1001638AD80F6B
:100880009304500517E7000013074771B70F0010D6
:1008900023A09F0083471700638E070423A0FF0057
:1008A000834027006388000423A01F008342370091
:1008B0006382020423A05F0003434700630C03022A
:1008C00023A06F00834857006386080223A01F01FE
:1008D000834367006380030223A07F008345770082
:1008E000638A05001307870023A0BF008344070025
:1008F000E39004FA8320C100832441001301010125
:10090000678000008320C100130E800523A4C1C9A5
:100910008324410013010101678000009300F0402F
:10092000E3C010F79302F03F63D61203938808C028
:100930001303F000E36613F517E700001307C77C05
:10094000939328003385E300832505003386E50073
:1009500067000600130EC00AE38EC8F963461E0343
:10096000130F9009E388E8F9930F900AE39AF8F1DE
:10097000130F80FA23A4E1C96FF0DFF737250000D9
:1009800023A2A4006FF01FF7930E600DE39AD8EF37
:1009900023A6A1C66FF01FF61308F00123A401C916
:1009A0006FF05FF59306200023A4D1C86FF09FF489
:1009B000370404802320A400730050106F0000004F
:1009C0009304600123A491C86FF0DFF2232021017A
:1009D0001389C1C7232481001304060003260900DC
:1009E00063060602130604000324810003290100A4
:1009F0008320C10093850400832441001705020071
:100A00001305C514130101016F008032B7C6010040
:100A10001306300093850620170502001305051301
:100A2000EF00002413081000232009016FF09FFB42
:100A30008327C50063880720832805016384082075
:100A40000328050003469500032745018346480116
:100A5000B3E2C600A304550013F306026302031EAB
:100A6000B383E84093050001138F030063F475001E
:100A7000130F0001638AE81C338EE700834E0E00DB
:100A8000930F1700130610002300D801232AF50145
:100A90006370761AB386F70183C20600130327003A
:100AA0009305200023005800232A650063F275187F
:100AB000338E6700834E0E00130637009306300016
:100AC0002300D801232AC50063F47616B382C70039
:100AD00003C3020093054700130E40002300680083
:100AE000232AB50063767E14B38EB70083C60E004A
:100AF00013065700930250002300D800232AC50094
:100B000063F872123383C70083450300930E6700B6
:100B1000130E60002300B800232AD501637A7E10EB
:100B2000B386D70183C20600130677001303700053
:100B300023005800232AC500637C730EB385C700C9
:100B400083CE050093068700130E80002300D80192
:100B5000232AD500637E7E0CB382D70003C3020034
:100B6000130697009305900023006800232AC50010
:100B700063F0750CB38EC70083C60E009302A70006
:100B8000130EA0002300D800232A550063727E0AAA
:100B900033835700834503001306B700930EB0005C
:100BA0002300B800232AC50063F47E08B386C7007B
:100BB00083C206001303C700130EC00023005800B1
:100BC000232A650063767E06B385670083CE050021
:100BD0001306D7009306D0002300D801232AC500AE
:100BE00063F87604B382C70003C302009305E700ED
:100BF000130EE00023006800232AB500637A7E020A
:100C0000B38EB70083C60E001306F7009302F00000
:100C10002300D800232AC50063FC7200B387C700F5
:100C200003C307001307070123006800232AE50018
:100C300093050000638403009305FFFF3387F501EC
:100C40006384E8006780000083484800232805008B
:100C500013F5D80F2302A8006780000013000000DE
:100C6000130101FE232A910083240500232C810017
:100C70002328210123263101232E11002382040081
:100C800023840400930770FC2384F4002388040069
:100C90002322B500130405001389050093090600FB
:100CA000930600001386050037D512139305000044
:100CB000EF109015B7028000637455029350F50051
:100CC000130700F82386E40013F3F00F13557500A3
:100CD000238264009373F50F23807400238604003D
:100CE0002386340123043401A30404009705000083
:100CF000938545D4232224018320C10123280400A5
:100D000023260400232A0400232E0400232C04009D
:100D1000232204022320B4020324810183244101FD
:100D2000032901018329C10013010102678000002A
:100D3000130101FF23260100638C0522630A0622AA
:100D4000032505003386C5009307100303474501BB
:100D5000232601008326C1009372F70F63E2D70AAE
:100D60000323C10093031300232671000328C1004D
:100D700063E807098328C100138E18002326C101E8
:100D8000832EC10063EED707032FC100930F1F000E
:100D90002326F1010327C10063E4E7068326C1008F
:100DA00013831600232661008323C10063EA7704BE
:100DB0000328C1009308180023261101032EC10047
:100DC00063E0C705832EC100138F1E002326E101B7
:100DD000832FC10063E6F7030327C10093061700C2
:100DE0002326D1000323C10063EC67008323C100E5
:100DF00013881300232601018328C100E3F217F7AB
:100E000093F20202E38402F423260100032EC100C0
:100E100063E2C70B832EC100138F1E002326E1015E
:100E2000832FC10063E8F7090327C1009306170069
:100E30002326D1000323C10063EE67068323C1008C
:100E400013881300232601018328C10063E41707D8
:100E50008322C100138E12002326C101832EC100FC
:100E600063EAD705032FC100930F1F002326F1016A
:100E70000327C10063E0E7048326C1001383160043
:100E8000232661008323C10063E677020328C100A3
:100E900093081800232611018322C10063EC570038
:100EA000032EC100930E1E002326D101032FC10083
:100EB000E3F2E7F783CF05002300F50123260100C5
:100EC0000327C10063E2E70A8326C10013831600EB
:100ED000232661008323C10063E877080328C1004B
:100EE00093081800232611018322C10063EE5706E0
:100EF000032EC100930E1E002326D101032FC10033
:100F000063E4E707832FC10013871F002326E10056
:100F10008326C10063EAD7040323C10093031300AF
:100F2000232671000328C10063E007058328C10060
:100F30009382180023265100032EC10063E6C703E5
:100F4000832EC100138F1E002326E101832FC100D1
:100F500063ECF7010327C100930617002326D10095
:100F60000323C100E3F267F693851500E390C5DE25
:100F7000130101016780000013000000130000004E
:100F80006388050E03C605006304060E832705006B
:100F9000130101FF9386150003C747019372F70FF2
:100FA000A30751000343F100937303026396030AFE
:100FB00003C547019375F50FA307B1000348F1007E
:100FC00093780802639A080803CE4701937EFE0FC8
:100FD000A307D101034FF100937F0F02639E0F0619
:100FE00003C747019372F70FA30751000343F100B2
:100FF000937303026392030603C547019375F50FCC
:10100000A307B1000348F10093780802639608042F
:1010100003CE4701937EFE0FA307D101034FF100DA
:10102000937F0F02639A0F0203C747019372F70F72
:10103000A30751000343F10093730302639E03006F
:1010400003C547019375F50FA307B1000348F100ED
:1010500093780802E38208F4938616002380C70081
:1010600003C6F6FFE31A06F21301010167800000D0
:101070006780000013000000130000001300000050
:10108000630C0602638A0502032705009706000029
:101090009386469A2326B500834747002328C50038
:1010A000232A05002320D50293E2270023025700BC
:1010B000732340F16304030067800000B723000C32
:1010C00017060200130686A883A503003305C54052
:1010D0001338150093081000339E0801B36EBE004C
:1010E00023A0D3016780000013000000130000005C
:1010F00083270500034795008326050183C2470126
:1011000033E3E200A304650093F3F20F6398060053
:1011100013D56300137515006780000013050000E8
:10112000678000001300000013000000130000009F
:101130009307050063800518630E06160327050054
:101140000345950083464701B3E2A600A3845700F8
:1011500013F31600630003169373360013050000A3
:10116000638C0308130810006380030793082000B2
:101170006386130303470700130510002380E5006F
:1011800003A7070003CE9700834E470133EFCE013C
:10119000A384E70193FF1E0063820F1283460700BA
:1011A000B382A500130515002380D20003A7070012
:1011B00003C397008343470133E86300A384070117
:1011C00093F81300638C080E034E07003387A500C5
:1011D000130515002300C70103A7070083CE97005E
:1011E000034F4701B36FDF01A384F70193761F001C
:1011F0006386060C6306A60C83420700B383A50032
:10120000130515002380530003A8070003CE9700A1
:101210003383A5000347480193080500B36EC70157
:10122000A384D701137F1700630A0F08834F0800B8
:1012300013051500B382A5002300F30183A3070063
:1012400083C6970003C343013368D300A384070117
:10125000137E130063040E0603C7030013852800E2
:10126000B38EA5002380E20003AF070083CF970071
:1012700083424F01B3E3F201A384770093F6120097
:10128000638E060203430F001385380023806E002F
:1012900003A7070083C89700034E470133681E0168
:1012A000A3840701937E1E00638A0E00E316A6F452
:1012B0006780000013050000678000006780000061
:1012C00067800000130000001300000013000000FE
:1012D000F32740F163960702B726000C17070200B8
:1012E0001307C78603A60600B302E54013B3120036
:1012F0009303100033986300B368C80023A016015D
:10130000370E0100930EFEFF638CD5010325050007
:1013100093F5F500034F4500B36FBF002302F501BD
:10132000678000001300000013000000130000009D
:10133000638E05029307000C63EAC70203270500CA
:10134000232EB5008342870013F3F203B363C30077
:1013500093F5F30F2304B700034647009366160086
:101360002302D700732840F163040800678000005F
:10137000B728000C97FE0100938E4E7D03AE080047
:101380003305D541133F1500930F1000B397EF01BC
:1013900033E7C70123A0E8006780000013000000C6
:1013A00063840502032705002320B50223260500D8
:1013B000834747002328050093E2270023025700B4
:1013C000732340F16304030067800000B723000C1F
:1013D00097F501009385857783A603003305B54013
:1013E0001336150013081000B318C80033EED800E8
:1013F00023A0C30167800000130000001300000059
:1014000063800502032705002322B50283474700B6
:1014100093E2870023025700732340F16304030023
:1014200067800000B723000C97F5010093850572D3
:1014300083A603003305B5401336150013081000CA
:10144000B318C80033EED80023A0C30167800000A2
:1014500063880512630606128327050083469500FC
:1014600003C74701B362D700A304550013730702F3
:1014700063080310930300011305060063F4C3001F
:101480001305000103C8050093081000238007011D
:1014900063FAC80E03CE1500930E20002380C70107
:1014A00063F2CE0E03CF2500930F30002380E701B7
:1014B00063FACF0C83C63500130740002380D700A2
:1014C0006372C70C83C2450013035000238057008A
:1014D000637AC30A83C35500130860002380770032
:1014E0006372C80A83C86500130E70002380170159
:1014F000637ACE0883CE7500130F80002380D70156
:101500006372CF0883CF8500930690002380F70194
:1015100063FAC60683C295001307A0002380570014
:101520006372C70603C3A5009303B000238067005E
:1015300063FAC30403C8B5009308C0002380070101
:1015400063F2C80403CEC500930ED0002380C70108
:1015500063FACE0203CFD500930FE0002380E701AA
:1015600063F2CF0283C6E5009302F0002380D70028
:1015700063FAC20083C5F5002380B70067800000CE
:101580001305000067800000130000001300000036
:10159000832705000347950083C24701A304050084
:1015A00033E5E2001375E5096780000013000000D1
:1015B0008327050003C58701678000001300000032
:1015C00003270500834795008342470133E3F20078
:1015D000A304650013F502066780000013000000F5
:1015E000032705008347C70093E20704230657003B
:1015F00067800000130000001300000013000000CB
:10160000032705008347C70093F2F70B2306570013
:1016100067800000000000000000000000000000E3
:10162000130101F9930E050037FFFFFF2320310757
:10163000232E41052320B105130A06002326810627
:101640002324910623222107232C5105232A6105F7
:101650002328710523268105232491052322A10532
:10166000938905001307000013050000938F6E0196
:10167000970D0200938DCDE7130F0F7913860E009F
:10168000930707003304E600931E45001307070382
:10169000B388FF0093A60E63B385EE0117E900003F
:1016A000130989AA97EA0000938A0AAE93820E0072
:1016B000639406009382050013830224B3846D00B3
:1016C0008346A40183830A00038D1A002320D100DE
:1016D00083867A0003480400834214002324D10047
:1016E0008346B401838C2A00B30778022322D100F9
:1016F00083868A0003833A00034C34002326D100FA
:1017000083869A00838B4A0003488401232AD100F0
:1017100083461403B382A203038B5A002328D1000B
:101720008386AA008345940183836A00232ED10017
:1017300083462403034E2400034D0403232CD100CD
:101740008386BA00338ECC03130949002322D102C9
:1017500083463403834C8404938A0A012320D102F4
:101760008386CAFF2324D1028386DAFF33038303EF
:101770002328D102834694042326D1028326C9FF5D
:10178000B30B7803B387D7008386EAFFB38757008C
:10179000338CC701232CD1028346A404032E0100FD
:1017A00033086C00232AD1028386FAFF03238100C9
:1017B000338B6503232ED10283264100B3057801C4
:1017C0000328C1008342B404B3037E02B3876501DA
:1017D000032E410183250101338C6602B38B770010
:1017E000832681010323C101330D0D03338B8B014C
:1017F00003280102B307AB01032D4102B383C503E4
:1018000083258102338C6602B38B77008326010324
:101810008327C102330BA803338E8B010328810376
:10182000832B4103B3036E01B38CBC02032EC103AF
:101830003383D702338C9301338D0B03330B6C004E
:101840001303F00FB382C203B305AB01B38C550091
:1018500093C3FCFF93D7F341B3F6FC0013DC86403F
:1018600063548301130CF00F2380840197EB000075
:10187000938B8B9193841400E3942BE51304240041
:10188000938E0E01E39888E0130900211305B5003B
:10189000E31827DFB7FAFFFF9308000013070000E3
:1018A000930E000017CB0100130BCB39938B01F380
:1018B000130CF062138F0A79130DF00F13135700F6
:1018C0001388080013050000138E080093144500C8
:1018D00093030E001304070017E600001306C69AD0
:1018E000B3880D01B38C640093020019130E050038
:1018F00013070800832706001389030093040400DC
:10190000138802E713840E0013850C00938E0C00DD
:101910009306070093830800930F0600930A0500BF
:101920006354AC00B30AE50193850A243387BD00F4
:1019300033865B01B3050B01838C050083480700E8
:10194000834A170023209101834C27002322510151
:10195000838A150023249101838C250013078700B7
:101960009385850023269101834CB7FF232891019D
:10197000838CB5FF232A9101832C0100B38898033F
:10198000834CC7FF23209101838CC5FF232C910139
:10199000834CD7FFB3881701232E9101838CD5FF89
:1019A00023209103834CE7FF23229103838CE5FFDF
:1019B00023249103834CF7FF23269103838CF5FFA7
:1019C00023289103832C410083278100B38A5C0381
:1019D000832CC100B3885801B3879703832A010180
:1019E000832C4101B38A9A03B388F800832C8101C8
:1019F00083270100B3885801B3879703832AC10165
:101A0000832C0102B38A9A03B388F800832C8102E5
:101A100083274102B3885801B3879703832AC10201
:101A2000832C0103B38A9A03B387F800B387570165
:101A3000E314E6F0130808051305050BE39002EF25
:101A400013860F00938F03009303090013C9F7FF58
:101A5000938C0E00930E0400138404009354F941F8
:101A600013870600B3F6970093D586406354BD00F4
:101A70009305F00F2380BF161306460097EA000077
:101A8000938A8A8693881F0093820219E394CAE698
:101A900093020E0013852200138E030093030700A8
:101AA000130704001304800013888301E31085E208
:101AB000938E2E001307B70093080E06E390AEE056
:101AC00017EF0000130F4F8297E8000093888807F4
:101AD00017E900001309C9A6138801F89304001838
:101AE000130DF00F13060A0083270F0017050200DD
:101AF000130505BC130A000093020F00930605FAB4
:101B0000B385480103CB060003830500838C1500D1
:101B100083C3160033076B0203CC2600838F250096
:101B20000384650003CF3600838B350023208100BA
:101B300003C4760083CE4600038B4500B383930332
:101B400003CE5600838A550023228100038475004A
:101B500003C36600B387E7002324810003248100C8
:101B600093868600B30CFC03338C770083234100FB
:101B700093858500B30F7F03330F9C01B38B6E03F6
:101B80003307FF01B30E5E03032E0100330B770111
:101B9000B30AC3033303DB01B38C8302B3075301DE
:101BA000B3879701E310D5F6130A0A061305050655
:101BB000E3169AF493C6F7FF93D5F64133FCB700CA
:101BC000935F8C406354FD01930FF00F2300F801E5
:101BD000138F42001308180093880818E316E9F1E0
:101BE00013896101130A060097EF0000938FCF97C6
:101BF00017E500001305C59413080900938A09002E
:101C00008327050013860F00938601F82320F10136
:101C100083C90600830B06008304160083C31600E5
:101C2000338779038302260003CD2600830C360018
:101C300083CF360003CF4600030C460083CE560008
:101C4000830B560003CE6600B3839302030B66003A
:101C500003C3760083097600B387E70083C8860054
:101C60008304860003C49600830596009386A6002D
:101C7000330D5D02B38277001306A600B38F9F0376
:101C8000B38CA20133078F03338FFC01338C7E03A7
:101C9000B30EEF00B30B6E03338E8E01330B3303A1
:101CA00033037E01B3899802B3086301B303B4021E
:101CB000B3843801B3877400E31CD9F493D5B740DB
:101CC0009306F00F0324010063DCB6129302F00FB9
:101CD000230058001305450097EC0000938CCC8836
:101CE00013081800930F6409E39CACF003896D3767
:101CF000038F7D37930910006346E901130F090034
:101D00009309000003878D37634EEF08038C9D37DE
:101D100013070F00634E8709838EAD37130C07003E
:101D2000634EDC09838BBD37930E0C0063CE7E09B6
:101D3000038ECD37938B0E0063CECB09038BDD373B
:101D4000138E0B00634E6E090383ED37130B0E00E9
:101D5000634E6B08838DFD3713030B00634EB3098D
:101D6000930D03002300BA010324C10623A03A0106
:101D7000832481060329410683290106032AC1051C
:101D8000832A8105032B4105832B0105032CC10404
:101D9000832C8104032D4104832D010413010107C9
:101DA00067800000038C9D3793092000E35687F776
:101DB000838EAD3793093000E356DCF7838BBD3754
:101DC00093094000E3D67EF7038ECD379309500088
:101DD000E3D6CBF7038BDD3793096000E3566EF74C
:101DE0000383ED3793097000E3566BF6838DFD375F
:101DF00093098000E356B3F7930990006FF09FF6C4
:101E000013C6F5FF135DF641B3F2A5016FF05FEC69
:101E100000000000000000000000000000000000C2
:101E20009306050093870500130710001306800131
:101E300093058001130500246F0080061300000045
:101E4000130101FF232481001304060023229100C3
:101E500013860600938405009305040023261100D1
:101E6000EFF00FFC83A704001305000063C8070010
:101E700003250400B300F54013B510008320C10012
:101E800003248100832441001301010167800000C5
:101E90000000000000000000000000000000000042
:101EA000130101FD23229102938401C803A30400BE
:101EB000232E3101232C4101232A510123286101C2
:101EC00023261102232481022320210393082300C7
:101ED00013081025130B0500938A0500130A06004A
:101EE00093890600636C181D97F00100938080C8E9
:101EF000B382600003C9020003C4120023A01401CE
:101F000093030005631A79001305B4FC9375F50F6C
:101F10009306100063FAB60217E5010013050534B5
:101F2000032481028320C102832441020329010288
:101F30008329C101032A8101832A4101032B010165
:101F4000130101036F10801103A60400130E102566
:101F50001306B6006360CE1A23A0C400930E80015E
:101F60006316DA0B63944A0B03AF0400930F10253A
:101F7000B30AEB0163EA5F0F638609022324E100E1
:101F800017F70100130707BFB305E70113060B009E
:101F9000138509002326F100EF1080668327C10016
:101FA0000327810023A0540183A8040013162700EF
:101FB00013081025330B160163666807638C07004E
:101FC00097F90100938909BBB385190113850700AF
:101FD000EF10006323A0640183A4040013091025FB
:101FE000639C24038320C1020324810283244102D1
:101FF000032901028329C101032A8101832A4101A6
:10200000032B0101130101036780000017E50100A4
:10201000130545266FF0DFF017E501001305453283
:102020006FF01FF09306102513060B0097E50100D3
:102030009385053317E50100130585202324E1006E
:10204000EF001070032A81009307F0FFE306FAF80F
:1020500013060A009305F0FF17E501001305052993
:10206000EF00106E6FF05FF79306102513860A00DD
:1020700097E501009385C52E17E501001305451C62
:102080002326F1002324E100EF00906B1303F0FFFF
:10209000032781008327C100E3086BF013060B00C0
:1020A0009305F0FF17E501001305851FEF00506948
:1020B0008327C100032781006FF01FEF93061025CF
:1020C0001386080097E501009385852917E501002F
:1020D000130505172326F1002324E100EF005066C5
:1020E0008327C100032781001309000013040000A7
:1020F0006FF01FE19306102597E5010093854526B3
:1021000017E501001305C5132326F1002324E10080
:10211000EF0010638327C100032781006FF01FE4E5
:102120000000000000000000000000001308000094
:1021300063C6051263DC0600B337C000B306D040A7
:102140001348F8FFB386F6403306C04093080600F4
:102150001307050013830500639A060E63F4C51682
:10216000B70701006364F622B707000193068001F8
:102170006374F60093060001B7070280335ED60051
:1021800093870737B387C70183C70700130E000281
:10219000B387D700B306FE40630CFE003393D5002F
:1021A000B357F500B318D60033E367003317D500F3
:1021B00013D608013355C3029396080193D606013E
:1021C000935707013373C302B385A60213130301A8
:1021D000B3E7670063FCB700B387F8001303F5FFAC
:1021E00063E4170163E6B74013050300B387B74004
:1021F000B3D5C7021317070113570701B3F7C70277
:10220000B386B602939707013367F700637ED70062
:102210003387E8009387F5FF636617019385E5FF31
:102220006364D70093850700131505013365B50076
:1022300093050000630A0800B337A000B305B0405F
:10224000B385F5403305A0406780000063F4D502F4
:1022500093050000130500006FF0DFFDB337A00009
:10226000B305B040B385F5403305A0401308F0FF37
:102270006FF05FECB707010063E8F61EB7070001D7
:102280009308800163F4F60093080001B707028009
:1022900033D7160193870737B387E70003C70700D3
:1022A0009307000233071701B388E7406396E71CE2
:1022B00063E4B6303335C5001335150093050000CF
:1022C0006FF05FF7630C060CB7070100637CF62C18
:1022D000133306101333130013133300B356660081
:1022E000B707028093870737B387D70083C60700F5
:1022F00093070002B3866600B38ED7406394D70C71
:10230000B386C54013530601131606011356060182
:102310009305100033D5660293570701B3F66602A2
:10232000330EC50293960601B3E7D70063FCC701DD
:10233000B387F8009306F5FF63E4170163E4C72B46
:1023400013850600B387C741B3D667021317070189
:1023500013570701B3F767023386C6029397070145
:102360003367F700637EC7003387E8009387F6FF83
:10237000636617019386E6FF6364C70093860700D0
:10238000131505013365D5006FF0DFEA93360610AB
:1023900093B61600939636006FF01FDEB7070280E3
:1023A0009306000093870737B387D70083C60700DB
:1023B0001303000093070002B3866600B38ED74074
:1023C000E380D7F4B318D60133DED50013D3080168
:1023D000B3576E021396080113560601B356D50083
:1023E0003317D501B395D501B3E6B60093D50601F1
:1023F000337E6E023305F602131E0E01B3E5C501EE
:1024000063FEA500B385B800138EF7FF63E4151DC6
:1024100063F2A51C9387E7FFB3851501B385A5403B
:1024200033D565029396060193D60601B3F565028E
:10243000330EA60293950501B3E6B60063FEC6010E
:10244000B386D8009305F5FF63EE161763FCC61735
:102450001305E5FFB386160193950701B386C641C0
:10246000B3E5A5006FF01FEB93B8061093B8180002
:10247000939838006FF09FE1B35EE600B3961601C3
:10248000B3EEDE0033D3E50013DF0E01B357E303F1
:10249000139E0E01B3951501135E0E013357E5002F
:1024A0003367B70093560701331616013373E303FE
:1024B000B305FE0213130301B3E6660063FEB60024
:1024C000B386DE001383F7FF63EAD61163F8B61014
:1024D0009387E7FFB386D601B386B640B3D5E6034C
:1024E0001317070113570701B3F6E6033303BE02C0
:1024F000939606013367D700637E67003387EE004B
:102500009386F5FF6364D70D6372670C9385E5FFCF
:102510003307D70193970701370F0100B3E7B700DF
:102520009306FFFFB3F5D70013DE0701B376D6009D
:1025300013560601B38ED50233076740B306DE0299
:1025400013D30E01B385C502B385D500B305B3001F
:10255000330ECE0263F4D500330EEE0193D605019F
:10256000B386C601636AD7026308D70013850700E4
:10257000930500006FF01FCCB70601009386F6FFAD
:1025800033F7D50013170701B3FEDE00331515012D
:102590003307D701E37CE5FC1385F7FF93050000C3
:1025A0006FF05FC9B7070001637AF604935606011E
:1025B000130300016FF0DFD2930500001305100034
:1025C0006FF05FC7138505006FF01FE99385060064
:1025D0006FF05FF493070E006FF05FE49307030062
:1025E0006FF09FEF1305E5FFB38717016FF09FD5DD
:1025F0001305E5FFB38717016FF05FBF93568601A0
:10260000130380016FF0DFCD130806009308050067
:10261000138705006390060E63FEC512B70701001D
:10262000636EF61EB7070001930680016374F6001F
:1026300093060001B70702803353D600938707370C
:10264000B387670083C7070013030002B387D7006F
:10265000B306F340630CF3003397D500B357F5008E
:102660003318D60033E7E700B318D5001356080136
:102670003355C7029316080193D6060193D7080174
:102680003377C702B385A60213170701B3E7E70044
:1026900063FCB700B307F8001307F5FF63E4070115
:1026A00063E0B73E13050700B387B74033D7C702CF
:1026B0009398080193D80801B3F7C702B386E602DE
:1026C00093970701B3E8F80063FED800B308180138
:1026D0009307F7FF63E608011307E7FF63E4D800F9
:1026E00013870700131505013365E5009305000006
:1026F0006780000063F8D500930500001305000013
:1027000067800000B707010063E8F61EB707000105
:102710001308800163F4F60013080001B707028074
:1027200033D7060193870737B387E70003C707004E
:1027300093070002330707013388E7406396E71CDD
:1027400063E4B6303335C50013351500930500003A
:1027500067800000630C060CB7070100637CF62C51
:10276000133706101337170013173700B356E60058
:10277000B707028093870737B387D70083C707005F
:1027800093060002B387E700B38EF6406394F60C1D
:10279000B387C5409356060113160601135606016A
:1027A0009305100033D5D70213D70801B3F7D7022A
:1027B0003303C50293970701B367F70063FC670013
:1027C000B307F8001307F5FF63E4070163E4672A22
:1027D00013050700B387674033D7D70293980801E2
:1027E00093D80801B3F7D7023306C70293970701BE
:1027F000B3E8F80063FEC800B30818019307F7FFB9
:1028000063E608011307E7FF63E4C80013870700C6
:10281000131505013365E500678000009336061047
:1028200093B61600939636006FF0DFE0B70702808C
:102830009306000093870737B387D70083C7070045
:102840001307000093060002B387E700B38EF6403B
:10285000E380F6F43318D60133D3F500935608011C
:10286000335ED30213160801B395D5011356060142
:10287000B357F500B3E7B70013D70701B318D50175
:102880003373D302B305C603131303013367670021
:10289000637EB7003307E8001305FEFF6364071D7E
:1028A0006372B71C130EEEFF330707013307B740FF
:1028B0003355D7029397070193D707013377D70290
:1028C0003303A60213170701B3E7E70063FE6700AF
:1028D000B307F8001307F5FF63EE071763FC6716ED
:1028E0001305E5FFB387070193150E01B387674012
:1028F000B3E5A5006FF01FEB13B8061013381800EE
:10290000131838006FF09FE1335EE600B3960601BE
:10291000336EDE00B3D8E500935E0E01B3D7D80363
:1029200013130E01B3950501135303013357E5004B
:102930003367B7009356070133160601B3F8D8037F
:10294000B305F30293980801B3E6160163FEB600DF
:10295000B306DE009388F7FF63EAC61163F8B6108A
:102960009387E7FFB386C601B386B640B3D5D603D7
:102970001317070113570701B3F6D603B308B302C1
:10298000939606013367D700637E17013307EE0085
:102990009386F5FF6364C70D6372170D9385E5FF9A
:1029A0003307C70193970701B70E0100B3E7B700DC
:1029B0009386FEFFB3F5D70013D30701B376D60095
:1029C00013560601338ED50233071741B306D302DF
:1029D00093580E01B385C502B385D500B385B80001
:1029E0003303C30263F4D5003303D30193D6050147
:1029F000B3866600636AD7026308D70013850700B1
:102A00009305000067800000B70601009386F6FF7B
:102A100033F7D50013170701337EDE0033150501A8
:102A20003307C701E37CE5FC1385F7FF930500003E
:102A300067800000B7070001637AF6049356060129
:102A4000130700016FF0DFD293050000130510009B
:102A500067800000130507006FF01FE993850600EB
:102A60006FF05FF4130E05006FF05FE493870800CA
:102A70006FF09FEF1305E5FFB38707016FF09FD558
:102A80001305E5FFB38707016FF01FC29356860158
:102A9000130780016FF0DFCD93050500930600005A
:102AA00013060000130500006F009058130101FF8A
:102AB0009305000023248100232611001304050040
:102AC000EF00906083A741C863840700E780070098
:102AD00013050400EFD0DFB113050000678000008C
:102AE00037160280B775008037150280130646DC62
:102AF0009385C56D130505DD6F004035130101FF9A
:102B000083254500232481002322910023261100E0
:102B1000138401519304050063848500EF40103C49
:102B200083A58400930784066386F500138504005B
:102B3000EF40D03A83A5C4001304040D638E8500D2
:102B4000032481008320C1001385040083244100F5
:102B5000130101016F4090388320C10003248100DC
:102B60008324410013010101678000001305000068
:102B700067800000130101FE232C8100B73700801D
:102B800013840151938707AE232E1100232A91004D
:102B900023282101232631012324410123A2F1C846
:102BA0001306800093074000930500001305C40539
:102BB0002326F400232004002322040023240400FD
:102BC0002322040623280400232A0400232C0400C3
:102BD000EF005015B7070100373A0080B739008081
:102BE00037390080B7340080130A8A069389C90CEC
:102BF000130949159384C41C93879700130680001A
:102C0000930500001305440C2320440323223403BE
:102C10002324240323269402232AF406232E84004B
:102C20002324040623260406232804062326040C52
:102C3000232C0406232E040623200408EF00900E04
:102C4000B707020013078406938727011305C412F0
:102C50001306800093050000232444092326340929
:102C600023282409232A9408232EF40C2322E40881
:102C70002328040C232A040C232C040C232A0412DA
:102C80002320040E2322040E2324040EEF009009B7
:102C90009307040D2328440F232A340F232C240FD9
:102CA000232E940E8320C1012326F40E03248101D8
:102CB00083244101032901018329C100032A8100E2
:102CC000130101026780000083A741C8130101FEC0
:102CD00023263101232E1100232C8100232A910069
:102CE00023282101930905006388070E3719028004
:102CF000130949DC9304F0FF83274900032489006A
:102D00009387F7FF63D807006F0000081304840659
:102D1000638C97060317C4009387F7FFE31807FE39
:102D2000B707FFFF938717002326F400232204062A
:102D30002320040023240400232204002328040069
:102D4000232A0400232C04001306800093050000AE
:102D50001305C405EF00007D23280402232A040282
:102D600023220404232404048320C1011305040046
:102D70000324810183244101032901018329C10026
:102D800013010102678000000324090063060400A8
:102D9000130904006FF05FF69305C01A138509004C
:102DA000EF10000A13040500630C05021305C500AB
:102DB00093074000232004002322F4002324A400CE
:102DC0001306001A93050000EF00C0752320890048
:102DD000130904006FF05FF2EFF0DFD96FF01FF11D
:102DE000232009009307C00023A0F9006FF0DFF74C
:102DF00083274503638407006780000003A741C859
:102E0000B73700809387C7AF232AF502E31607FE82
:102E10006FF05FD667800000678000003716028081
:102E2000B7350080130646DC938585AD1305000099
:102E30006F00C00137160280B7350080130646DCEC
:102E40009385C5B6130500006F004000130101FD16
:102E500023202103232E3101232C4101232A510158
:102E600023286101232671012326110223248102D4
:102E700023229102130B0500938B0500930A060091
:102E8000130A0000930910001309F0FF83A44A00FD
:102E900003A48A009384F4FF63C804028357C40028
:102EA00063FEF9008317E4009305040013050B008B
:102EB00063862701E7800B00336AAA009384F4FF3E
:102EC00013048406E39C24FD83AA0A00E3900AFC11
:102ED0008320C102032481028324410203290102C9
:102EE0008329C101832A4101032B0101832BC100E6
:102EF00013050A00032A8101130101036780000002
:102F0000130101FC2324C1022326D1022328E1025C
:102F1000232AF102232C0103232E1103138605001B
:102F20008325850093068102232E11002326D100DC
:102F3000EF10006D8320C1011301010467800000C0
:102F400003A301C7130101FC2324C1022326D102DC
:102F50002322B1022328E102232AF102232C0103B8
:102F6000232E1103832583009306410213060500D7
:102F700013050300232E11002326D100EF10406813
:102F80008320C1011301010467800000130101FCCB
:102F9000232C81021304050013850500232A9102C6
:102FA000232E110293840500EF00C07FB707028033
:102FB0009387472E2324F102930710002326F10262
:102FC000032744039307010293061500232AF10007
:102FD00093072000232091022322A102232ED10057
:102FE000232CF10083258400630007068397C50026
:102FF000139727016342070203A74506B7E6FFFFC1
:103000009386F6FF37260000B3E7C7003377D70073
:103010002396F50023A2E5061306410113050400DB
:10302000EF4010308320C1030324810313351500C2
:103030003305A0401375B500832441031305F5FF44
:103040001301010467800000130504002326B1006A
:10305000EFF01FDA8325C1006FF05FF993050500DB
:1030600003A501C76FF09FF2130101FF2324810024
:10307000138405008395E50023261100EF00002E40
:1030800063400502832704058320C100B387A7009E
:103090002328F40403248100130101016780000048
:1030A0008357C40037F7FFFF1307F7FFB3F7E700B5
:1030B0008320C1002316F4000324810013010101C1
:1030C0006780000013050000678000008397C5003B
:1030D000130101FE232C8100232A910023282101C2
:1030E00023263101232E110013F707101384050046
:1030F0009304050013090600938906006310070472
:1031000037F7FFFF1307F7FFB3F7E7008315E40076
:103110002316F400032481018320C1019386090052
:10312000130609008329C100032901011385040046
:1031300083244101130101026F00C0288395E5003B
:103140009306200013060000EF00C01A8317C40086
:103150006FF01FFB130101FF23248100138405007E
:103160008395E50023261100EF00C0189307F0FFB8
:103170006308F5028357C400371700008320C1009D
:10318000B3E7E7009397070193D707412328A404E7
:103190002316F4000324810013010101678000005D
:1031A0008357C40037F7FFFF1307F7FFB3F7E700B4
:1031B0009397070193D707418320C1002316F4009A
:1031C0000324810013010101678000008395E5005D
:1031D0006F004000130101FF23248100232291008E
:1031E00013040500138505002326110023A401C83C
:1031F000EFD00FBE9307F0FF630CF5008320C100F2
:103200000324810083244100130101016780000031
:1032100083A781C8E38407FE8320C1002320F40034
:103220000324810083244100130101016780000011
:1032300083A701C7638EA70A83254504130101FEF6
:10324000232A9100232E110093040500638C0504AA
:103250002328210123263101232C8100130900009A
:1032600093090008B387250103A40700630E040037
:10327000930504000324040013850400EF00100CE0
:10328000E31804FE83A5440413094900E31C39FD37
:1032900013850400EF00900A032481010329010132
:1032A0008329C10083A58403638605001385040078
:1032B000EF00D00883A5C4046386050013850400CD
:1032C000EF00D00783A74403638C07008320C1016C
:1032D0001385040083244101130101026780070064
:1032E0008320C10183244101130101026780000092
:1032F00067800000130101FF13870500232481006C
:10330000232291009305060013040500138606008E
:10331000130507002326110023A401C8EFD04FB9DD
:103320009307F0FF630CF5008320C10003248100A4
:1033300083244100130101016780000083A781C835
:10334000E38407FE8320C1002320F40003248100CE
:10335000832441001301010167800000130101FF74
:103360001387050023248100232291009305060082
:103370001304050013860600130507002326110019
:1033800023A401C8EFD0CFB69307F0FF630CF5007C
:103390008320C10003248100832441001301010123
:1033A0006780000083A781C8E38407FE8320C100F3
:1033B0002320F40003248100832441001301010130
:1033C00067800000130101FF13870500232481009B
:1033D00023229100930506001304050013860600BE
:1033E000130507002326110023A401C8EFD04FB70F
:1033F0009307F0FF630CF5008320C10003248100D4
:1034000083244100130101016780000083A781C864
:10341000E38407FE8320C1002320F40003248100FD
:10342000832441001301010167800000130101FFA3
:1034300023248100B7170280371402802320210142
:10344000938787B4130784B42326110023229100A5
:103450003389E7406382E70213592940130484B497
:103460009304000083270400938414001304440091
:10347000E7800700E3E824FF37140280B7170280D3
:10348000938787B4130784B43389E74013592940DD
:103490006380E702130484B49304000083270400CC
:1034A0009384140013044400E7800700E3E824FF3A
:1034B0008320C100032481008324410003290100EB
:1034C0001301010167800000130101FF2324810023
:1034D000B717028037140280938787B4130484B42B
:1034E0003304F440232291002326110093542440F6
:1034F000638004021304C4FF3304F4008327040030
:103500009384F4FF1304C4FFE7800700E39804FEEC
:103510008320C100032481008324410013010101A1
:10352000678000001303F00013070500637EC302E9
:103530009377F7006390070A63920508937606FF76
:103540001376F600B386E6002320B7002322B700E7
:103550002324B7002326B70013070701E366D7FE2D
:103560006314060067800000B306C34093962600EC
:1035700097020000B38656006780C6002307B70095
:10358000A306B7002306B700A305B7002305B700BD
:10359000A304B7002304B700A303B7002303B700B5
:1035A000A302B7002302B700A301B7002301B700AD
:1035B000A300B7002300B7006780000093F5F50F64
:1035C00093968500B3E5D50093960501B3E5D50044
:1035D0006FF0DFF69396270097020000B38656003F
:1035E00093820000E78006FA93800200938707FF2A
:1035F0003307F7403306F600E378C3F66FF0DFF3E6
:10360000B3C7A50093F73700B308C5006394070656
:103610009307300063F0C706937735001307050062
:10362000639A070613F6C8FFB306E6409307000245
:1036300063CED70893860500930707006378C70217
:1036400003A80600938747009386460023AE07FF32
:10365000E3E8C7FE9307F6FFB387E74093F7C7FF9A
:10366000938747003307F700B385F50063681701B8
:1036700067800000130705006378150583C7050000
:103680001307170093851500A30FF7FEE398E8FED4
:103690006780000083C60500130717009377370083
:1036A000A30FD7FE93851500E38E07F683C60500AA
:1036B0001307170093773700A30FD7FE93851500E4
:1036C000E39A07FC6FF01FF667800000130101FF0B
:1036D000232681001304000283A3050083A2450072
:1036E00083AF850003AFC50083AE050103AE45017E
:1036F00003A3850103A8C50183A60502130747029A
:10370000B307E640232E77FC232057FE2322F7FF42
:103710002324E7FF2326D7FF2328C7FF232A67FE9A
:10372000232C07FF232ED7FE93854502E346F4FAA8
:1037300093860500930707006378C70203A8060075
:10374000938747009386460023AE07FFE3E8C7FE52
:103750009307F6FFB387E74093F7C7FF93874700C8
:103760003307F700B385F500636817010324C10030
:10377000130101016780000083C7050013071700CC
:1037800093851500A30FF7FEE382E8FE83C70500CB
:103790001307170093851500A30FF7FEE39EE8FCBF
:1037A0006FF0DFFC9377350013070500639C070477
:1037B000B7867F7F9386F6F79305F0FF0326070011
:1037C00013074700B377D600B387D700B3E7C70026
:1037D000B3E7D700E384B7FE8346C7FFB307A7402C
:1037E000638406048346D7FF638C06020345E7FF24
:1037F0003335A0003305F5001305E5FF67800000B1
:10380000E38806FA8347070013071700937637000B
:10381000E39807FE3307A7401305F7FF6780000012
:103820001385D7FF678000001385C7FF67800000FE
:1038300083A7C1C8638C070403A747001308F001DE
:103840006340E80813182700630605023383070165
:103850002324C30883A88718130610003316E60034
:10386000B3E8C80023A417192324D310930620001B
:103870006306D5021307170023A2E700B3870701E9
:1038800023A4B7001305000067800000138881643B
:1038900023A601C9938781646FF01FFA83A6C71816
:1038A0001307170023A2E700B3E6C60023A6D71824
:1038B000B387070123A4B700130500006780000049
:1038C0001305F0FF67800000130101FD232C410167
:1038D0002320210303A9C1C8232611026308090A72
:1038E000232E3101232A510123286101232671014E
:1038F000232481022322910223248101130B05003A
:10390000938B05009309F0FF930A1000832449006C
:103910001384F4FF634E040493942400B3049900C9
:1039200063900B088327490083A644009387F7FF21
:10393000638C870A23A20400638606028327891802
:1039400033978A00032C4900B377F7006396070684
:10395000E78006000327490083A7C1C863108709D1
:10396000639E27071304F4FF9384C4FFE31A34FB18
:1039700003248102832441028329C101832A410156
:10398000032B0101832BC100032C81008320C10282
:1039900003290102032A810113010103678000004A
:1039A00083A74410E38077F91304F4FF9384C4FFE2
:1039B000E31834FF6FF0DFFB8327C91883A54408A1
:1039C0003377F7006316070213050B00E780060044
:1039D0000327490083A7C1C8E30487F9E38A07F8EE
:1039E000138907006FF09FF2232289006FF0DFF444
:1039F00013850500E78006006FF0DFF5130101FE77
:103A000023263101B7190280232C8100232A91003B
:103A10002328210123244101232E1100138A0500AC
:103A200013090500938909EFEF00103D03A78900F2
:103A3000B71700009387F7FE83244700371700006D
:103A400093F4C4FF3384F400330444411354C4009A
:103A50001304F4FF1314C400634EE4009305000044
:103A600013050900EF40D02883A78900B38797008A
:103A70006308F50213050900EF0050388320C101E7
:103A80000324810183244101032901018329C10009
:103A9000032A810013050000130101026780000062
:103AA000B305804013050900EF4090249307F0FF11
:103AB000630AF504B72702809387470203A707002C
:103AC00083A68900B384844093E4140033078740BD
:103AD0001305090023A2960023A0E700EF0010328F
:103AE0008320C101032481018324410103290101B1
:103AF0008329C100032A810013051000130101026C
:103B0000678000009305000013050900EF40501E78
:103B100003A789009306F000B307E540E3DCF6F461
:103B200083A641C793E717002322F7003305D5404A
:103B3000B726028023A2A6026FF0DFF36382051886
:103B4000130101FF23248100232291001384050027
:103B50009304050023261100EF00102A0325C4FF5B
:103B6000130784FFB71502809377E5FF3306F7004C
:103B7000938505EF8326460003A8850093F6C6FFCC
:103B80006302C81A2322D600137515003308D60025
:103B90006310050A032384FF0328480037150280B9
:103BA0003307674083288700130585EFB3876700D5
:103BB000137818006382A8140323C70023A66800A3
:103BC000232413016306081A93E617002322D70063
:103BD0002320F6009306F01F63ECF60693F687FFAA
:103BE0009386860003A54500B386D50003A606008C
:103BF00013D8570093071000B3970701B3E7A70046
:103C0000138586FF2326A7002324C70023A2F500DF
:103C100023A0E6002326E600032481008320C100C0
:103C20001385040083244100130101016F00101D5E
:103C300003254800137515006306050893E6170071
:103C4000232ED4FE2320F6009306F01FE3F8F6F8A7
:103C500093D69700130640006360D61293D6670090
:103C60001385960313868603131535003385A50047
:103C700083260500130585FF6318D5006F004015E6
:103C800083A686006308D50003A646001376C6FF08
:103C9000E3E8C7FE03A5C6002326A7002324D70018
:103CA000032481002324E5008320C1001385040040
:103CB0008324410023A6E600130101016F001014C4
:103CC0006780000037150280B387D700130585EFA2
:103CD00083268600638CA60C0328C60013E5170014
:103CE0003306F70023A606012324D8002322A700C9
:103CF0002320F6006FF01FEE631C08128325860058
:103D00000326C600B386F60093E7160023A6C50077
:103D10002324B6002322F7003307D7002320D7003F
:103D20006FF09FEF13751500B386D700631005027F
:103D3000032584FF3307A7408327C7000326870096
:103D4000B386A6002326F60023A4C70013E61600B8
:103D500083A781C72322C70023A4E500E3EEF6EA88
:103D600083A581C913850400EFF05FC96FF0DFEA16
:103D7000B387D7006FF0DFF5130640016370D602FA
:103D8000130640056364D60693D6C7001385F6066E
:103D90001386E606131535006FF05FED1385C60533
:103DA0001386B605131535006FF05FEC23AAE50006
:103DB00023A8E50093E617002326A7002324A700E5
:103DC0002322D7003307F7002320F7006FF0DFE44A
:103DD00003A845001356264093071000B397C70069
:103DE000B3E7070123A2F5006FF01FEB13064015A0
:103DF000636CD60093D6F700138586071386760783
:103E0000131535006FF09FE613064055636CD6001E
:103E100093D627011385D6071386C60713153500D9
:103E20006FF0DFE41305803F1306E0076FF01FE437
:103E300093E617002322D7002320F6006FF0DFDD82
:103E4000130101FD232E31012326110223248102B7
:103E500023229102232021039387B50013076001D9
:103E6000930905006362F7089307000163E4B72034
:103E7000EF008078930780019305200093040001F0
:103E800037190280130909EFB307F90003A44700AB
:103E9000138787FF6302E434832744008326C4002A
:103EA0000326840093F7C7FFB307F40003A7470076
:103EB0002326D60023A4C600136717001385090024
:103EC00023A2E700EF008073130584008320C10262
:103ED0000324810283244102032901028329C101B1
:103EE000130101036780000093F487FF63C4071880
:103EF00063E2B418EF0040709307701F63F8973EB9
:103F000093D794006380071813074000636EF7325D
:103F100093D764009385970313888703139635001E
:103F200037190280130909EF3306C900032446003C
:103F3000130686FF630886021305F0006F00400138
:103F40008326C40063560728630ED6001384060038
:103F50008327440093F7C7FF33879740E352E5FE7A
:103F6000930508000324090193088900630E1425B2
:103F7000832744009306F00093F7C7FF33879740E9
:103F800063CCE636232A190123281901635007342C
:103F90001307F01F032549006368F72413F787FF11
:103FA000130787003307E9008326070013D657005D
:103FB00093071000B397C7003365F500930787FF99
:103FC0002326F4002324D4002322A90023208700E1
:103FD00023A6860093D72540130610003316F6005B
:103FE000636AC50AB377A600639407021316160026
:103FF00093F5C5FFB377A60093854500639A070044
:1040000013161600B377A60093854500E38A07FED2
:104010001308F00013933500330369001305030000
:104020008327C500138E05006302F52403A747000C
:104030001384070083A7C7001377C7FFB306974011
:104040006342D824E3C206FE3307E4008326470018
:10405000032684001385090093E616002322D70067
:104060002326F60023A4C700EF004059130584005F
:104070006FF0DFE59307C00023A0F90013050000EF
:104080006FF0DFE413060020930500041308F0032B
:104090006FF01FE90324890023286101832744006E
:1040A00013FBC7FF63689B0033079B409307F00037
:1040B00063CAE70C23229101232A510103A741C7B8
:1040C00083AA81C9232C4101232671019307F0FFA4
:1040D000330A6401B38A54016306F73CB717000042
:1040E0009387F700B38AFA00B7F7FFFFB3FAFA0035
:1040F00093850A0013850900EF40803F9307F0FF86
:10410000930B0500630AF54423248101636E452364
:10411000138C817D83250C00B385BA002320BC005D
:10412000138705006316AA2A931745016392072A8D
:10413000832B8900B3075B0193E7170023A2FB00E1
:1041400083A641C963F4B60023AAB1C883A601C9F6
:1041500063F4B60023A8B1C8032C810013840B00BC
:1041600093F7C7FF3387974063EA97389307F000C8
:1041700063D6E738032A8101832A4101832BC100DA
:10418000832C410093E714002322F400B30494002D
:1041900023249900136717001385090023A2E40064
:1041A000EF00C0458320C10213058400032481026F
:1041B000032B010183244102032901028329C10148
:1041C0001301010367800000032549006FF09FE0A1
:1041D000032684006FF05FCD03A4C70093852500FC
:1041E000E38287D86FF05FCB13D797009306400028
:1041F00063F2E6149306400163E4E6321306C70552
:104200009306B705131636003306C90003270600C8
:10421000130686FF6318E6006F0040290327870016
:104220006308E6008326470093F6C6FFE3E8D7FE5F
:104230000326C7002326C4002324E4002324860089
:10424000232687006FF01FD9130740016378F7100A
:10425000130740056364F72E93D7C4009385F706D0
:104260001388E706139635006FF09FCB130E1E00E0
:1042700093773E0013058500638007108327C500F0
:104280006FF09FDA0326840093E514002322B40024
:104290002326F60023A4C700B3049400232A990020
:1042A0002328990093E7160023A6140123A41401E0
:1042B00023A2F4003307E400138509002320D7006C
:1042C000EF00C033130584006FF05FC0B307F40044
:1042D00003A74700138509001367170023A2E7000F
:1042E000EF00C031130584006FF05FBE93D534003A
:1042F000938784006FF0DFB893E614002322D40084
:10430000B3049400232A9900232899009366170088
:1043100023A6140123A4140123A2D400B307F4009C
:104320001385090023A0E700EF00402D130584004A
:104330006FF0DFB913D7670013069703930687035F
:10434000131636006FF05FEC630C2407032489001A
:10435000032C8100832744006FF09FE09385C705FD
:104360001388B705139635006FF09FBB8327830032
:104370009385F5FF639E672693F73500130383FF4C
:10438000E39607FE032749009347F6FFB3F7E700DC
:104390002322F90013161600E3EEC7CEE30C06CE77
:1043A0003377F600631A0700131616003377F6000A
:1043B000130E4E00E30A07FE93050E006FF09FC533
:1043C000138C817D03270C003387EA002320EC0047
:1043D00083A641C79307F0FF6386F618B3874B4166
:1043E000B387E7002320FC0093FC7B00638C0C0C5C
:1043F000B38B9B41B717000093878700938B8B008B
:10440000B3859741B38A5B01B385554193954501C7
:1044100013DA450193050A0013850900EF40400DAA
:104420009307F0FF6300F51833057541B30A4501A2
:1044300003270C002324790193E71A00B305EA004F
:104440002320BC0023A2FB00E30C24CF9306F00042
:1044500063F0660B0327440093074BFF93F787FF36
:10446000137717003367F7002322E4001306500088
:104470003307F4002322C7002324C70063E6F600B5
:1044800083A74B006FF0DFCB9305840013850900F1
:10449000EFF0CFEA832B890083250C0083A74B0024
:1044A0006FF01FCA938A0A016FF09FC493D626400B
:1044B00093071000B397D7003365F5002322A900B6
:1044C0006FF05FD7B3855B01B305B04093954501AD
:1044D00013DA450193050A0013850900EF404001F6
:1044E0009307F0FFE312F5F4130A00006FF05FF496
:1044F000032C81009307100023A2FB001385090001
:10450000EF00C00F13050000032A8101832A410137
:10451000032B0101832BC100832C41006FF01F9BF3
:104520009306400563E4E60413D7C7001306F706B5
:104530009306E706131636006FF01FCD13074015DC
:104540006364F70493D7F40093858707138877078C
:10455000139635006FF0DF9C032489008327440005
:104560006FF01FC023AA71C76FF01FE893064015B4
:1045700063E4E60413D7F70013068707930677076B
:10458000131636006FF05FC8130740556364F704D5
:1045900093D724019385D7071388C707139635004F
:1045A0006FF01F98938C8CFFB38A9A01B38A7A417B
:1045B000130A00006FF0DFE79306405563E4E6025C
:1045C00013D727011306D7079306C707131636001C
:1045D0006FF09FC31306803F9305F0071308E007B1
:1045E0006FF01F941306803F9306E0076FF0DFC162
:1045F000832749006FF01FDA6780000067800000A2
:10460000130101ED2326111223229112232A5111A5
:1046100023267111938A0500930406002324D100F8
:10462000930B0500EF30D06B83270500138507003F
:104630002322F102EFF00F972320A10263880B00E1
:1046400083A74B03639407006F1040738397CA00DE
:10465000139727016346070203A74A06372600007F
:10466000B7E6FFFFB3E7C7009386F6FF939707010E
:1046700093D707413377D7002396FA0023A2EA069F
:1046800013F787006302072E03A70A01630E072CA6
:1046900093F7A7011307A000638AE72EB7070280EC
:1046A0002328611123248111130B010B9387474B9E
:1046B000370C028023248112232C4111232EB10FA9
:1046C00023202113232E3111232291112320A11104
:1046D000232E61072322010823200108232A010039
:1046E000232C0100232E010013040B0023240102BC
:1046F00023280102232201002326F100130A0001CE
:10470000130C8C6223207101938D040083C70D006C
:10471000638C071E93840D00130750026386E72AFB
:1047200083C7140093841400E39A07FE3389B441CD
:10473000638CB41D03274108832701082320B4019B
:104740003307270193871700232224012322E1083E
:104750002320F1081307700013048400634EF7262A
:104760000327410083C70400330727012322E10008
:10477000638C071893841400A30F01049309F0FFBE
:10478000930B0000130900009306800503CD04007D
:10479000938D140093070DFE63E6F6040327C10012
:1047A00093972700B387E70083A707006780070078
:1047B000930B000093070DFD1306900003CD0D0031
:1047C00013972B00B30B7701939B1B00B38B7701DF
:1047D00093070DFD938D1D00E372F6FE93070DFE0A
:1047E000E3FEF6FA63020D122304A109A30F0104EC
:1047F0001307100093041000930C8108130F090095
:104800009309000023280100930F000093724F08C2
:104810000329410863960200B387EB40E342F0446A
:104820008347F105638A0702832701089306F10590
:104830002320D40013091900930610009387170052
:104840002322D400232221092320F108930670009B
:104850001304840063C0F61A638A0F0283270108D9
:10486000930601062320D400130929009306200093
:10487000938717002322D400232221092320F10843
:104880009306700013048400E3CEF64E93070008ED
:10489000E38AF208B3899940E34E301993770F10F9
:1048A0006394077483270108330999002320940136
:1048B0009387170023229400232221092320F10843
:1048C0009306700063CCF62013048400137F4F001E
:1048D00063060F00B384EB40E342904E13830B005A
:1048E00063D4EB001303070083274100B3876700FD
:1048F0002322F100E31A092283C70D0023200108B7
:1049000013040B00E39807E083274108832B010081
:10491000638407006F10407583D7CA000324811297
:104920000329011293F707048329C111032A811176
:10493000032B0111032C8110832C4110032D011036
:10494000832DC10F638407006F10901D8320C11257
:104950000325410083244112832A4111832BC11076
:10496000130101136780000093850A0013850B0073
:10497000EF30006C630405006F10901A8397CA0033
:104980001307A00093F7A701E39AE7D08397EA0003
:10499000E3C607D0832681008320C112138604005A
:1049A00093850A0083244112832A411113850B0049
:1049B000832BC110130101136F1010381369090103
:1049C00093840D006FF09FDC3389B441E394B4D736
:1049D00083C704006FF0DFD9032501001306C10768
:1049E00093850A00EF105054E31805F213040B00EE
:1049F0006FF01FD7032501001306C10793850A0036
:104A0000232EE102232CE103232A51022326F10362
:104A1000EF109051E31205F0032941080327C10369
:104A2000032F810383224103832FC10213040B0050
:104A30006FF09FE283270108B70602809386064B3A
:104A40002320D40013091900930610009387170040
:104A50002322D400232221092320F1089306700089
:104A60001304840063D4F6006F1080106304060002
:104A70006F1080458326410193771F00B3E7D7006D
:104A8000E38607E483274102832601022320F40002
:104A900083270108B38526012322D40093871700BA
:104AA0002322B1082320F1089306700063D4F60096
:104AB0006F108064130484008326410193871700DC
:104AC000232094013389B6002322D4002322210914
:104AD0002320F10893067000E3D8F6DE03250100D9
:104AE0001306C10793850A002326E1022328E1016A
:104AF000EF109043E31205E203294108032F01015F
:104B00000327C10213040B006FF05FDC9377890069
:104B1000E39C0760832781009387770093F787FFE3
:104B200003A7070093878700232CE10003A7C7FF93
:104B30002324F100232EE100832CC10103A7C1C16E
:104B40008326810183A701C293941C0093D414008F
:104B5000138506009385040013060700938607005B
:104B6000EF90504C630405006F1000048326810110
:104B700003A7C1C183A701C2138506009385040062
:104B80001306070093860700EF80503B6344A000A4
:104B90006F1080010327810193850C00130600002C
:104BA0001305070093060000EF8050396354050099
:104BB0006F1040438346F1059307700463D4A70147
:104BC0006F108041B70C0280938C0C4723280100A2
:104BD000137FF9F7130730009304300093090000A6
:104BE0006384060013071700937F2F00E3800FC232
:104BF00013072700930F20006FF05FC18326810009
:104C00009377090103A70600938646002324D10069
:104C1000639207129376090493070700E390064E08
:104C2000634E07108346F10563C40904137FF9F747
:104C3000631E070213071000639E0920E314073C5C
:104C400093741900930C0B00638204049307000310
:104C5000A307F10A930CF10A1387040063CC340311
:104C600023280100E39006F86FF01FF813090F00E6
:104C700013079000E364F76C93870703A307F10A17
:104C8000130F090093041000930CF10A138704001A
:104C9000E3D834FD13870900232801006FF09FFC3F
:104CA0008327810083AB0700938747002324F1000B
:104CB000E3D80BD0B30B70411369490093840D0006
:104CC0006FF0DFAC03CD0D009307A002938D1D00A4
:104CD0006314FD006F10807D93070DFD9305900018
:104CE000130700001306900093090000E3E4F5AAFF
:104CF00003CD0D0093192700B389E900939919009A
:104D00003387F90093070DFD938D1D00E372F6FEC6
:104D100093090700E35007A89309F0FF6FF09FA7DE
:104D2000832781001369090103A7070093874700C0
:104D30002324F10093070700E35607EEB307E04092
:104D40009306D002130710006F00000A13690908C8
:104D500093840D006FF09FA31369090493840D00E1
:104D60006FF0DFA203278100A30F0104930410005A
:104D700083270700130747002324E1002304F108D9
:104D800013071000930C81086FF05FA79307B00220
:104D9000A30FF10493840D006FF05F9F1369190056
:104DA00093840D006FF09F9E8347F105E39A07C03F
:104DB00093070002A30FF10493840D006FF01F9D71
:104DC0001369890093840D006FF05F9C03278100B5
:104DD0001369090183270700130747002324E10013
:104DE0001307100093060000A30FD10463C8090045
:104DF000137FF9F7E38207E413090F00130610008D
:104E0000E308C7E6130620006306C706930C0B00F1
:104E100013F7770013070703A38FECFE93D7370030
:104E200013860C00938CFCFFE39407FE9377190024
:104E300063840706930700036300F7061306E6FF83
:104E4000A38FFCFEB304CB40130F0900930C0600A4
:104E50006FF0DFE3930710006314F7006F10C03F9B
:104E60009307200013090F006304F7006F1000215F
:104E70009307000003268102930C0B0013F7F70041
:104E80003307E6000347070093D74700938CFCFFE6
:104E90002380EC00E39407FEB3049B41130F090049
:104EA0006FF0DFDE03278100136909018327070004
:104EB000130747002324E100130700006FF09FF25F
:104EC000832681001377090183A706009386460095
:104ED0002324D100E31607F013770904E30207F057
:104EE0009397070193D70701130710006FF09FEF07
:104EF00083278100A30F010483AC070013884700B8
:104F0000E3800C322324010163D409006F104007B1
:104F1000138609009305000013850C00EF30003F55
:104F200003288100631405006F10803AB304954193
:104F30008346F10513C7F4FF1357F74123240101FA
:104F40002328010033F7E400130F09009309000040
:104F5000E39A06C86FF05FC9832681003787000097
:104F6000130707832310E106138746002324E1007B
:104F700037070280130747492324E10283A706006D
:104F80001369290013072000130D80076FF09FE5B8
:104F9000832681001377090183A7060093864600C4
:104FA0002324D100E31A07F013770904E30607F07E
:104FB0009397070193D70701130700006FF09FE253
:104FC00093770901E38407148327810003274100B5
:104FD00083A7070023A0E70083278100938747006A
:104FE0002324F1006FF08FF29307500663DAA735A0
:104FF000832681018327C101130600001385060063
:105000009385070093060000232AE1022326E1038B
:10501000EF80005A032FC102032741036316056680
:1050200083270108B70602809386064B2320D4000D
:105030001309190093061000938717002322D40048
:10504000232221092320F108930670001304840011
:10505000E3C0F64C8327410683264101E3D8D708F5
:10506000832741028326010213048400232CF4FECB
:10507000832701083309D900232ED4FE9387170014
:10508000232221092320F10893067000E3CCF60EB9
:10509000832741019384F7FFE35A9082930600012E
:1050A0008327010863C496006F10003DB706028095
:1050B000938686622326E102032D01001307040074
:1050C0009309000113840400930C70002328E1016C
:1050D000938406006F00C000130404FFE3D6894ADE
:1050E0001309090193871700232097002322370112
:1050F000232221092320F10813078700E3DEFCFCAB
:105100001306C10793850A0013050D00EF10C06157
:10511000E3140580032941088327010813070B00C6
:105120006FF09FFBB387EB406356F0F693060001E8
:105130000326010863C4F6006F10C01DB706028085
:1051400093868662232A9102930509009308000141
:1051500013090700930F7000130704002326E103CF
:1051600013840700938406006F00C000130404FF3B
:1051700063DA88049385050113061600232097003F
:10518000232217012322B1082320C1081307870017
:10519000E3DECFFC032501001306C10793850A0057
:1051A000EF108058631A05F693080001130404FFFA
:1051B000832541080326010813070B00930F700095
:1051C000E3CA88FA93860400032FC10283244103B3
:1051D000930704001304070013070900138905004F
:1051E0003309F900130616002322F4002320D4000B
:1051F000232221092320C10893077000130484008F
:1052000063DAC7E8032501001306C10793850A0086
:10521000232AE1022326E103EF100051631E05EE6D
:105220000329410803274103032FC10213040B0084
:105230006FF04FE6B70602808327010893868662E7
:10524000635A3A099306090093087000130907008E
:105250002326E103130704001384090093090C00BB
:105260006F00C000130404FF63588A04938606018C
:105270009387170023208701232247012322D10887
:105280002320F10813078700E3DEF8FC0325010063
:105290001306C10793850A00EF100049631E05E657
:1052A000130404FF832641088327010813070B001A
:1052B00093087000E34C8AFA032FC1021386090099
:1052C000930904001304070013070900138906005B
:1052D0009306060033093901938717002320D40071
:1052E00023223401232221092320F1089306700090
:1052F0001304840063D4F6DA032501001306C10702
:1053000093850A00232AE1022326E103EF10C0411E
:10531000631405E00329410803274103032FC10259
:1053200013040B006FF08FD7032501001306C1078C
:1053300093850A00EF10403F630005DC6FF0CFDD7E
:105340008324010883264101930710002320940140
:1053500013091900938414009309840063DAD74A6F
:10536000930710002322F40023222109232091080F
:105370009307700063CC9774832701028326410250
:10538000938414003309F90023A2F90023A0D90063
:105390002322210923209108930770009389890013
:1053A00063C297768327C10183268101130600001B
:1053B00093850700832741011385060093060000AB
:1053C0002326E1022328E1011384F7FFEF80401E2A
:1053D000032F01010327C10263040548938C1C00BD
:1053E000938414003309890023A0990123A2890022
:1053F00023222109232091089307700093898900B3
:10540000E3C29714832601039307C1069384140013
:105410003389260123A0F90023A2D90023222109E0
:1054200023209108930770001384890063D097CAE2
:10543000032501001306C10793850A002326E10214
:105440002328E101EF10402E631805CC0329410801
:105450000327C102032F010113040B006FF00FC7D4
:105460009306000103260108E3D6F668B70602801A
:1054700093868661232E910293050900930800010B
:105480001309070093037000130704002326F10398
:10549000232A5102232CE10313840700938406007E
:1054A0006F00C000130404FF63DA880493850501CC
:1054B0001306160023209700232217012322B10888
:1054C0002320C10813078700E3DEC3FC0325010086
:1054D0001306C10793850A00EF100025631E05C25D
:1054E00093080001130404FF8325410803260108E3
:1054F00013070B0093037000E3CA88FA9386040035
:10550000832FC10283224103032F81038324C1031C
:10551000930704001304070013070900138905000B
:105520003309F900130616002322F4002320D400C7
:10553000232221092320C10893077000130484004B
:1055400063D0C7AE032501001306C10793850A0087
:10555000232EE102232CE103232A51022326F10307
:10556000EF10801C631A05BA032941080327C10301
:10557000032F810383224103832FC10213040B00F5
:105580006FF00FAA032501001306C10793850A00D7
:10559000232CE102232AE10323265102EF10C01835
:1055A000631C05B60329410803278103032F410328
:1055B0008322C10213040B006FF04FAD930600016C
:1055C00083270108E3D29654B7060280938686614A
:1055D000138D040093090001930C70002328E1004F
:1055E000938406006F00C000130D0DFF63D6A9055C
:1055F0001309090193871700232094002322340103
:10560000232221092320F10813048400E3DEFCFC9B
:10561000032501001306C10793850A00EF10C0108F
:10562000631C05AE130D0DFF0329410883270108F4
:1056300013040B00E3CEA9FB0327010193860400AA
:1056400093040D0033099900938717002320D40099
:1056500023229400232221092320F10893067000BD
:1056600063DEF6A6032501001306C10793850A0031
:105670002328E100EF10400B631005AA032941081D
:10568000032701016FF08FA5032641066354C0BABA
:1056900083274101832601019389070063C8F62C03
:1056A000635630038327010833093901232094010D
:1056B0009387170023223401232221092320F10894
:1056C0009306700013048400E3CEF61A93C7F9FF23
:1056D00093D7F741B3F9F90083270101B389374123
:1056E00063403037832641068327410163D6F6287D
:1056F000832741020326010213048400232CF4FEB5
:10570000832701083309C900232EC4FE938717009D
:10571000232221092320F10813067000E342F6300A
:105720008327410103260101B386D740B389C740CF
:1057300063D4360193890600635A3003832701013D
:105740000326010833093901B38CFC001306160047
:105750002320940123223401232221092320C1087C
:105760009307700013048400E3C0C73213C6F9FF27
:105770001356F641B3F7C900B384F64063589094CA
:105780009306000183270108E3D8964EB7060280EE
:10579000938686622326E102032D0100130704008D
:1057A0009309000113840400930C70002328E10185
:1057B000938406006F00C000130404FF63D6895C65
:1057C000130909019387170023209700232237012B
:1057D000232221092320F10813078700E3DEFCFCC4
:1057E0001306C10793850A0013050D00EF00D0735F
:1057F00063140592032941088327010813070B004E
:105800006FF09FFB93040000930C0B006FF00FC828
:1058100093761F00E39606B42322F4002322210985
:105820002320910893077000E3DE97BC0325010055
:105830001306C10793850A002326E1022328E1010C
:10584000EF00906E631A058C032941088324010838
:105850000327C102032F010193090B006FF09FBAC8
:105860008326410193071000E3DED7B893071001A8
:10587000E3DED73EB70602809386866293870900EF
:10588000930C000193090700130D70001307090022
:105890002328E101138906006F00C000130404FFF0
:1058A00063DA8C70130707019384140023A0270187
:1058B00023A297012322E1082320910893878700E0
:1058C000E35E9DFC032501001306C10793850A00D2
:1058D000EF009065630405006FF00F840327410813
:1058E0008324010893070B006FF05FFB93771F0081
:1058F000639407006FE09FFD6FF08FF613170701A9
:1059000013570741930707006FF00FC3937F0904F4
:10591000638C0FEA832781000327410083A70700D8
:105920002390E7006FF04FEB03278100130501047C
:10593000832707009304470003A707002320E104FF
:1059400003A747002322E10403A787002324E104DF
:1059500083A7C7002326F104EF900012232CA10097
:10596000232EB100232491006FF00F9D9389060030
:10597000E34A30D36FF09FD593771F00E38207DAB5
:105980006FF01FD7032501001306C10793850A0096
:105990002326E1022328E101EF00105963040500EA
:1059A0006FE09FF7032941080327C102032F01017C
:1059B00013040B006FF0CFEDB70702809387074801
:1059C0002324F102832681001377090183A70600AF
:1059D000938646002324D100631A07001377090435
:1059E000630607009397070193D707019376190081
:1059F00013072000638806BE638607BE9306000374
:105A00002300D106A300A107136929006FF08FBD01
:105A1000B7070280938747492324F1026FF09FFA6A
:105A2000930760009384090063E83769B70C02802C
:105A30001387040023240101938C8C4A6FE01FDC40
:105A40009306000183270108E3DC3625B7060280B0
:105A50009305070093868662130704001306090066
:105A600013840900130D0001930470002326E10341
:105A700013890600938905006F00C000130404FF1A
:105A8000635A8D56130606019387170023202701BA
:105A90002322A7012322C1082320F108130787002E
:105AA000E3DEF4FC032501001306C10793850A0019
:105AB000EF009047630405006FE01FE603264108EE
:105AC0008327010813070B006FF05FFB032501001C
:105AD0001306C10793850A002326E1022328E1016A
:105AE000EF009044630405006FE01FE303294108C1
:105AF000832401080327C102032F010193090B002E
:105B00006FF09F87032501001306C10793850A00E4
:105B10002326E1022328E101EF0010416304050080
:105B20006FE09FDF03294108832401080327C10296
:105B3000032F010193090B006FF0DF86930C0B001C
:105B40001306A0001305900033F7C702938CFCFFE7
:105B500093850700130707032380EC00B3D7C70220
:105B6000E364B5FEB3049B41130F09006FF00F927D
:105B7000032501001306C10793850A002326E102CD
:105B80002328E101EF00503A630405006FE0DFD8FD
:105B900003264106032941080327C102032F0101FF
:105BA00013040B006FE09FEC032881018327C101E0
:105BB0001306080013050800938607009385070065
:105BC000EF805046E31205021377FDFD9307F0FFC7
:105BD0002326E102136F09106388F96E930770049E
:105BE0006302F7688327C1019302000093840700D2
:105BF00063C0074E930760061387090093063000C1
:105C00006310FD4E032681011308810693074106A8
:105C100013050600930505000325010093084107BD
:105C200013860400232A5102232AE1012328E100DC
:105C3000EF20D0580327010193076006032F41018D
:105C400083224103930C05003308E500631CFD002B
:105C500083C60C00930700036380F6568327410632
:105C60003308F800832781019385040013060000A0
:105C70001385070093060000232A5102232A0101FD
:105C80002328E101EF70D012032F01010328410105
:105C900083224103630605428327410763FE070110
:105CA0009306000313871700232AE1062380D700F9
:105CB00083274107E3E807FF032741062328E10084
:105CC000B3879741232AF1008327C1021307700489
:105CD0006384E714930760066312FD18032701012C
:105CE00093771900B3E737016356E07E639C077230
:105CF00083240101130D600613870400638802509A
:105D00009307D002A30FF104930900006FE09FED09
:105D1000032501001306C10793850A002326E1022B
:105D20002328E101EF005020630405006FE0DFBE8F
:105D3000032941080327C102032F010113040B00AB
:105D40006FF04FB1032501001306C10793850A00C8
:105D50002326E1022328E101EF00101D6304050062
:105D60006FE09FBB0329410883240108032F010131
:105D70000327C10293090B006FF0CFE813850B00D6
:105D8000EFD00F876FE09F8C93860400032F0101F3
:105D900093040400130407000327C1023309990088
:105DA000938717002320D4006FE0DFB063CC07682F
:105DB0008324C1019302000093091000032781018D
:105DC0009307410693084107130507009305050053
:105DD000032501001308810613870900930620009C
:105DE00013860400232A51002328E101EF20103DEF
:105DF00093771900032F010183224101930C0500C1
:105E000063900750832741062328F1008327410729
:105E1000B387A740232AF100032701019307D0FF8E
:105E2000634CF70263CAE90283274101032701019A
:105E3000634CF750937F19008327010163960F5C31
:105E400013C7F7FF1357F74133F7E70093840700B1
:105E5000130D70066FF09FEA130DEDFF032701018C
:105E60002306A1079307B0029308F7FF2322110727
:105E700063CC0832A306F1069307900063C0172D88
:105E80009387080313070003A307F1069307400055
:105E90002307E1062328F10203274101832601039A
:105EA00093071000B304D70063D2E74883270102A9
:105EB00023280100B384F40013C7F4FF1357F741FC
:105EC00033F7E4006FF09FE383274102832601024A
:105ED00013048400232CF4FE83270108B3852601D4
:105EE000232ED4FE938717002322B1082320F10824
:105EF0009306700063C2F620634406006FE0DFBBC8
:105F0000930600FFB304C0406356D660B706028014
:105F1000938686622328E100930900011307040099
:105F200013097000130D0F00138406006F00C000EA
:105F3000938404FF63D499449385050193871700E4
:105F400023208700232237012322B1082320F108D0
:105F500013078700E35EF9FC032501001306C10760
:105F600093850A00EF00407C630405006FE0DF9A30
:105F7000832541088327010813070B006FF05FFB9F
:105F800013850C00EFD01F828346F1051347F5FF00
:105F90001357F74123280100930405003377E500E8
:105FA000130F090093090000638406006FE09FC38C
:105FB0006FE09FC3032F0101930609001309070037
:105FC000138709009389070033098900938414001B
:105FD00023A0D9006FF08FC1B70C0280938C4C477F
:105FE0006FE0DFBE9307D002A30FF1049306D00247
:105FF0006FE09FBC032FC10293850900930609003F
:106000009309040013090600130407001387050011
:1060100033093901938717002320D4002322340148
:10602000232221092320F108930670001304840021
:1060300063DAF6EA032501001306C10793850A0017
:10604000232AE1022326E103EF00006E630405002A
:106050006FE09F8C0329410803274103032FC102EE
:1060600013040B006FF00FE81306C10793850A00B5
:1060700013850B00EF00406B6FE01F8A9307000051
:106080006FE0DFD8032501001306C10793850A00DE
:10609000232AE1022326E103EF00006963040500DF
:1060A0006FE09F870329410803274103032FC102A3
:1060B00013040B006FF08FE1930460006FF01F97E3
:1060C000832741062328F100930708006FF05FBF84
:1060D000B7040080B3C4F4009302D0026FF09FB104
:1060E0000327C10293075004E31AF7CC1387190062
:1060F000930620006FF01FB1032501001306C107AE
:1061000093850A002326E1022328E101EF00C06104
:10611000630405006FE05F80032641068325410884
:10612000832701080327C102032F010113040B0079
:10613000634406006FE05F986FF09FDC1305B107C2
:10614000930605001306A0001308300633E7C802C3
:1061500093870600938508009386F6FF13070703CD
:10616000A38FE7FEB3C8C802E342B8FE93880803D2
:106170001387E7FFA38F16FF6378A7389306E1061E
:10618000034607001307170093861600A38FC6FE69
:10619000E318A7FE1307010FB307F7409387F7F83B
:1061A0002328F1026FF05FCF93071000B388E74018
:1061B0009307D0026FF01FCC8326810193850400E2
:1061C000130600001385060093060000232C5102DD
:1061D000232A0103232AE1002328E101EF70403D37
:1061E000032F010103274101032841038322810377
:1061F00063140526832741063308F8002328F1009D
:10620000B3079841232AF1006FF05FAD8346F10593
:1062100093090000638406006FE0DF9C6FE0DF9C61
:10622000032501001306C10793850A00232AE10212
:106230002326E103EF00404F630405006FE0CFED3C
:10624000832641060329410803274103032FC10286
:1062500013040B006FF0CFCC13090F00930700005D
:106260006FE09FA18327C101E38209B493840700F3
:1062700093020000E3D407B4B7040080B3C4F40071
:106280009302D0026FF09FB3032501001306C107EC
:1062900093850A002326E1022328E101EF00C0488C
:1062A000630405006FE04FE7832641068327410121
:1062B000032941080327C102032F010113040B0026
:1062C000B386D7406FF08FCA930960006FF09F913B
:1062D0008346F105232801001387090093840900F0
:1062E000130F090093090000638406006FE09F8F7D
:1062F0006FE09F8FB7060280938686616FF04FA292
:10630000330835016FF01F96B706028093868661C9
:106310006FF04FB3B7060280938686626FE05FEC42
:106320009307F0FF2322F1006FE04FE2937719000B
:106330002328F100E39C07B613C7F4FF1357F74176
:1063400033F7E4006FF09F9B83274101032701028D
:10635000B384E700832701016348F000832701012C
:106360003388F4409304180013C7F4FF1357F74120
:1063700033F7E400130D70066FF05F989306040086
:106380001304070003270101130F0D00B3859500C7
:10639000938717002320D400232294002322B108DE
:1063A0002320F1089306700063C4F6006FE08FF0BD
:1063B000032501001306C10793850A002326E10285
:1063C0002328E101EF004036630405006FE0CFD4DD
:1063D00083254108832701080327C102032F0101F8
:1063E00013040B006FE04FED8327C10163C2070A5E
:1063F0008346F1059307700463C6A709B70C0280B2
:10640000938C8C476FE08FFC03270102130D7006FD
:10641000B384E70013C7F4FF1357F74133F7E400E1
:106420006FF0DF8D832701023388E900130D6006CA
:10643000B304F80013C7F4FF1357F74133F7E40030
:106440006FF0DF8BB7040080B3C4F4009302D00276
:10645000930910006FF09F9693071000B387E740F1
:106460002322F1063308F8006FF0CFFFB706028051
:10647000938686626FF05FB5B70602809386866268
:106480006FF0DF91B70C0280938CCC476FE00FF474
:106490009307D002A30FF1049306D0026FF09FF58B
:1064A000B7060280938686626FF09FB683278100CD
:1064B00083A907009387470063C809002324F100DC
:1064C00093840D006FE08FAC9309F0FF2324F1005B
:1064D0006FF01FFF639A070013071000130D60068B
:1064E000930410006FF09F8183270102130D600653
:1064F00013881700B304380113C7F4FF1357F7418B
:1065000033F7E4006FF08FFF930720002328F10298
:106510006FF09F98B7060280938686626FF01FE740
:106520009307050003A501C793060600138605001F
:10653000938507006FE0CF8C130101B88397C500E6
:1065400003D7E500232C814613840500B70501001D
:106550009385D5FF032E44060323C40183284402F8
:1065600013170701B3F7B700B3E7E70013080040BC
:10657000232AF1009305810093070107232A9146FE
:1065800023282147232E1146130905002326C1077E
:1065900023226102232611032324F100232CF1007E
:1065A00023280101232E010123200102EFE04F8562
:1065B00093040500635C05028357410193F70704C8
:1065C000638807008357C40093E707042316F40089
:1065D0008320C14703248147032901471385040011
:1065E000832441471301014867800000930581001F
:1065F00013050900EF108044E30005FC9304F0FF4D
:106600006FF09FFB83A74506130101FD232861015D
:106610002326110213972701130B06006358070E58
:106620008327860023202103232E3101232A5101B1
:106630002326710113890500832B060093090500A9
:10664000930AF0FF6388070A232481022322910220
:10665000232C41012324810103AC4B0003A40B0034
:10666000135A2C0063060A06930400006F00C00052
:1066700013044400630C9A048325040013060900E4
:1066800013850900EF10103E93841400E31255FFA8
:106690000324810283244102032901028329C101C9
:1066A000032A8101832A4101832BC100032C81002D
:1066B0001305F0FF8320C10223240B0023220B00CB
:1066C000032B0101130101036780000083278B0066
:1066D000137CCCFFB38787412324FB00938B8B0073
:1066E000E39C07F60324810283244102032A8101EB
:1066F000032C8100032901028329C101832A41015E
:10670000832BC100130500006FF0DFFAEF1040414A
:106710008320C10223240B0023220B00032B010141
:10672000130101036780000003278600630407004C
:106730006FF05FED23220600130500006780000064
:10674000130101F22326310D232C810B2326B10BDB
:10675000232E110C2320A10093890500930D060020
:10676000138C06006306050083274503E38E075854
:106770008397C900139727016346070203A74906B9
:1067800037260000B7E6FFFFB3E7C7009386F6FFA2
:106790009397070193D707413377D7002396F900E2
:1067A00023A2E90613F787006308071203A709016C
:1067B0006304071293F7A7011307A000638EE71283
:1067C000B70702802328210D232E710B1309010620
:1067D00093878763B70B0280232C810C232A910CAB
:1067E0002324410D2322510D2320610D232A910BD7
:1067F0002328A10B23262103232A01022328010297
:106800001307090023260100232201002328F10099
:1068100013040001938BCB7A83C70D0063860710A6
:1068200093840D00930650026386D72E83C714000D
:1068300093841400E39A07FE338AB4416386B40F4D
:1068400083264103832701032320B701B306DA001F
:106850009387170023224701232AD1022328F1021C
:1068600013067000130787006350F602E382062EBA
:10687000032501001306C10293850900EFF09FD89C
:106880006318050A130709008326410083C7040023
:10689000B38646012322D10063880708938714003A
:1068A000A30301029306F0FF93040000930C000081
:1068B0001305800503C60700938D1700930706FE96
:1068C0006368F50E8325010193972700B387B7000E
:1068D00083A707006780070003250100938509004F
:1068E000EF100075E31E054C8397C9001307A00045
:1068F00093F7A701E396E7EC8397E900E3C207EC7F
:10690000032501008320C10D93060C0013860D00A2
:10691000032C810B832DC10A938509008329C10CA7
:106920001301010E6F00D04E83274103E39C074201
:1069300083D7C9000324810D8324410D93F70704F5
:106940000329010D032A810C832A410C032B010C1E
:10695000832BC10B832C410B032D010BE3920746C4
:106960008320C10D032541008329C10C032C810B19
:10697000832DC10A1301010E6780000093040000FB
:10698000930706FD1308900003C60D00939524009D
:10699000B385950093951500B384B700930706FD62
:1069A000938D1D00E372F8FE930706FEE37CF5F07D
:1069B000E30C06F6230CC102A3030102130A100024
:1069C000130B1000930A810393060000130F0000BD
:1069D0000326010393FF4C08832741039305160008
:1069E000138E050063960F00338D4441E340A003EE
:1069F00083457102638A05021306710293871700AB
:106A00002320C700130610002322C700232AF10207
:106A10002328C103130670006342C67913060E00D3
:106A200013078700130E1E0063000F061306810272
:106A3000938727002320C700130620002322C700C6
:106A4000232AF1022328C103130670006358C67B72
:106A5000E3860710032501001306C1029385090090
:106A6000232AD1002324F101EFF0DFB9E31205EC72
:106A7000032601038327410383264101832F8100DD
:106A800013070900130E1600930500086382BF5414
:106A9000338D66416348A063B307FB002320570191
:106AA00023226701232AF1022328C10393067000E1
:106AB00063D4C65163880706032501001306C1028B
:106AC00093850900EFF01FB4E31405E68327410323
:106AD0001307090013F34C0063060300338B444192
:106AE000634E600563D4440193040A000327410008
:106AF000330797002322E100639E076623280102E3
:106B0000130709006FF05FD193EC0C0193870D0020
:106B10006FF05FDA338AB441E394B4D383C70400DF
:106B20006FF09FD72328010213F34C006300037C0E
:106B3000338B4441635C607B1307090093060001BB
:106B400003260103E3D86625370E0280130ECE79A3
:106B5000130D0001930A70006F0080019305260059
:106B60001307870013860600130B0BFF635C6D058C
:106B700093870701930616002320C7012322A7014C
:106B8000232AF1022328D102E3DADAFC638A0742DE
:106B9000032501001306C102938509002324C101C6
:106BA000EFF05FA6E31605D803260103130B0BFFD6
:106BB00083274103032E8100130709009305160064
:106BC000E3486DFBB38767012320C70123226701D8
:106BD000232AF1022328B10213077000E354B7F00F
:106BE00063860770032501001306C102938509001F
:106BF000EFF05FA1E31E05D2832741036FF09FEE04
:106C000093F70C0103260C00130C4C00639A071039
:106C100093F50C0493070600E39205006340060415
:106C20000345710263C8060493FCFCF76314060471
:106C3000E39A0616130A0000130B0000930A0900DA
:106C400063040500130A1A0013FF2C00E3020FD897
:106C5000130A2A00130F20006FF09FD79307D0026A
:106C6000A303F102B307C04063C4060093FCFCF722
:106C70001305D002130690006364F674938707032C
:106C800093F7F70FA30FF104138A06006344D000B3
:106C9000130A1000130B1000930AF105E31405FA10
:106CA0006FF09FFA83240C00130C4C00E3D004E631
:106CB000B304904093EC4C0093870D006FF09FBF9E
:106CC00003C60D009307A00293881D00E300F61091
:106CD000930706FD930690009305000013089000AB
:106CE000E3E4F60A03C6080093962500B386B600CF
:106CF00093961600B385D700930706FD9388180076
:106D0000E372F8FE9386050063C00574938D080056
:106D10006FF0DFBA03260C0093EC0C01130C4C004F
:106D2000930706006FF09FEF93EC0C0893870D001C
:106D30006FF05FB89307B002A303F10293870D00D1
:106D40006FF05FB793EC1C0093870D006FF09FB658
:106D500083477102E39C07DA93070002A303F10261
:106D600093870D006FF01FB583270C00A30301026A
:106D7000130C4C00230CF102130A1000130B10002B
:106D8000930A81036FF05FC483270C0013EB0C019F
:106D9000130C4C00A303010213061000930C0B000C
:106DA00013050000E3C806EC937CFBF763920756DB
:106DB00063920674631E065E137B1B0063020B6402
:106DC00093070003A30FF104130A0B00930AF105C4
:106DD0006FF09FE783270C0013EB0C01130C4C00A2
:106DE000A303010213060000930C0B00E3DE06FA76
:106DF000930A090013F6770013060603A38FCAFE51
:106E000093D7370093850A00938AFAFFE39407FE2D
:106E100093F71C00638A0716930700036306F616B0
:106E20009385E5FFA38FFAFE330BB940138A060062
:106E300063C66661938A05006FF01FE113F60C01CB
:106E400083270C00130C4C00631A060013F60C0485
:106E5000630606009397070193D70701138B0C0075
:106E60006FF01FF893F70C016390070213F30C0403
:106E7000630C030083270C0083264100130C4C0095
:106E80002390D7006FF05F9983270C008326410081
:106E9000130C4C0023A0D7006FF01F9893EC0C0448
:106EA00093870D006FF01FA113F60C0183270C00D0
:106EB000130C4C00631A060013F60C04630606005C
:106EC0009397070193D70701138B0C006FF09FEC8A
:106ED000832A0C00A3030102130C4C00638A0A628C
:106EE00063CA0656138606009305000013850A0040
:106EF000232AE1002324D100EF10404183268100A2
:106F000003274101138B060063040500330B554131
:106F100083477102134AFBFF135AFA41337A4B013C
:106F200093060000130F0000E39E07D06FF05FAAE6
:106F300037860000130606832314C1023706028039
:106F40001306464983270C0093EC2C00130C4C00CD
:106F50002326C100A3030102138B0C00130620009B
:106F6000E3D406E4930A09008325C10013F6F70071
:106F7000938AFAFF3386C5000346060093D747007D
:106F80002380CA00E39207FE330B5941138A06009F
:106F9000E3DC66CB130A0B006FF01FCB1307100066
:106FA0002328E10293070B002320510723226107C6
:106FB000232A610313070900130787006FF09FB1AD
:106FC0009305100013060000130709006FF0DFB9E6
:106FD000338D4441E35EA0AB9305000163D8A55D0A
:106FE000B70502809385C57A2324B100130E0001F2
:106FF000130F70006F008001130526001307870030
:1070000013860500130D0DFF6352AE0703258100A3
:1070100093870701930516002320A7002322C701A9
:10702000232AF1022328B102E358BFFC638007162C
:10703000032501001306C10293850900232AD1000C
:10704000EFF04FDCE316058E03260103130E00015B
:10705000130D0DFF83274103832641011307090008
:1070600013051600130F7000E342AEFB03268100E8
:10707000B387A7012322A7012320C700232AF102F7
:107080002328A102130670006352A6386388074ABA
:10709000032501001306C102938509002324D100B2
:1070A000EFF04FD6E31605888326810003260103FF
:1070B00083274103338D664113070900130E160021
:1070C000E35CA09D6354A44723247101930E7000D8
:1070D0006F008001130E260013078700138605003A
:1070E000130D0DFF635AA40593870701930516003E
:1070F0002320770123228700232AF1022328B102CB
:10710000E3DABEFC63800706032501001306C10213
:1071100093850900EFF00FCFE31C058003260103E0
:10712000130D0DFF8327410313070900130E1600EB
:10713000930E7000E34AA4FB83268100B387A70166
:107140002322A7012320D700232AF1022328C103E9
:107150009306700063C8C61D13078700130E1E0038
:107160006FF09F93130E1000130600001307090021
:107170006FF01FF7032501001306C1029385090074
:10718000EFF04FC8E30C05966FF08FFA130510006F
:1071900013060000130709006FF0DFE6638207049F
:1071A000032501001306C10293850900232CD10099
:1071B000232AF1012324E101EFF0CFC4631A05F67D
:1071C000032601038327410383268101832F410185
:1071D000032F810013070900130E16006FF0DF84E0
:1071E00063060F24930781022320F10693072000F2
:1071F0002322F106130E10001307090013060E00D8
:1072000013078700130E1E006FF01F88130500017F
:107210006354A537370E0280130ECE79930E00010A
:10722000930270006F00C00113052600130787004A
:1072300013860500130D0DFF63DCAE0793051600E2
:10724000938707012320C7012322D701232AF102B4
:107250002328B102E3DAB2FC6382070803250100A8
:107260001306C10293850900232EC101232CD100EE
:10727000232AF1012324E101EFF0CFB8631A05EAD4
:1072800003260103930E0001130D0DFF8327410315
:10729000032EC10183268101832F4101032F810029
:1072A000130709001305160093027000E3C8AEF936
:1072B000B387A7012320C7012322A701232AF102B4
:1072C0002328A102130670006342A60A1307870051
:1072D000130E1500130605006FF08FF11306000062
:1072E00013051000130709006FF0DFF463D44401A5
:1072F00093040A0083274100B38797002322F100FB
:107300006FF0CFFF13F3FCF7936C230013062000FC
:1073100093051000630EB62C93052000E31AB6AC5B
:107320006FF05FC4E38C07C6032501001306C1029A
:1073300093850900EFF00FAD631C05DE032E0103FA
:107340008327410313070900130E1E006FF0CFF4CB
:1073500023280102130709006FF00FD3130E10004A
:1073600013060000130709006FF00FF2638207167F
:10737000032501001306C10293850900232CD100C7
:10738000232AF1012324E101EFF0CFA7631205DAEC
:10739000032601038327410383268101832F4101B3
:1073A000032F810013070900130E16006FF04FE43E
:1073B000130A0000130B0000930A09006FF0DF8826
:1073C000930A09009305A000930E900033F6B702CC
:1073D000938AFAFF138E0700130606032380CA0060
:1073E000B3D7B702E3E4CEFF330B5941138A06004B
:1073F000E3D86685130A0B00E31605846FF0DF847B
:10740000130A0000930A09006FF01F841307870016
:10741000130E1500130605006FF08FE71316060113
:1074200013560641930706006FF04FFF1306000046
:10743000130E1000130709006FF00FE5130A0B007D
:10744000938A05006FF05F809306F0FF938D08002C
:107450006FF0CFC613850A002324E100EFC08FB47C
:1074600003278100130B05006FF09FAAB707028066
:10747000938707482326F10093F50C0183270C001E
:10748000130C4C00639A050093F50C046386050009
:107490009397070193D7070193F51C00E38C05AA86
:1074A000E38A07AA930500032304B102A304C102DF
:1074B000A3030102E3D806E493EC2C006FF09FAA2B
:1074C000B7070280938747492326F1006FF0DFFA60
:1074D0000347710263000708930771022320F10636
:1074E000930710002322F106130E10001307090062
:1074F0006FF0CFD293051000E310B6E21305000041
:10750000930700036FF00FF8EFB09F8E6FF04FA658
:1075100093076000138B060063EAD70237080280E6
:10752000130A0B00930A884A6FF00FCAB70602804D
:107530009386C67A2324D1006FF01FC0130E10006B
:1075400013060000130709006FF08FD4130B6000BF
:107550006FF0DFFC13060000130E10001307090084
:107560006FF08FCC032501001306C102938509003B
:10757000EFF04F896FF0CFBB370E02801385050007
:10758000130ECE796FF0DFD2938D080093060000C2
:107590006FF0CFB2370E028093051600130ECE792E
:1075A0006FF04FE2930700036FF0CFED37060280D4
:1075B0001306C67A13050E002324C1006FF01FAB1B
:1075C0009307F0FF2322F1006FF08FB983260C00A0
:1075D000130C4C0063C80600938D080093870D00C0
:1075E0006FF04FAD9306F0FF938D08006FF01FFF13
:1075F000130500006FF00FE89307050003A501C70E
:107600009306060013860500938507006FF04F93DD
:10761000130101B88397C50003D7E500232C8146E9
:1076200013840500B70501009385D5FF032E44069A
:107630000323C4018328440213170701B3F7B700DB
:10764000B3E7E70013080040232AF1009305810007
:1076500093070107232A914623282147232E114609
:10766000130905002326C1072322610223261103E3
:107670002324F100232CF10023280101232E0101F2
:1076800023200102EFF0CF8B93040500635C050219
:107690008357410193F70704638807008357C400A9
:1076A00093E707042316F4008320C147032481478E
:1076B000032901471385040083244147130101482E
:1076C000678000009305810013050900EF00003773
:1076D000E30005FC9304F0FF6FF09FFB130101FF33
:1076E0002326110023202101638805022324810021
:1076F000232291001384050093040500630605000E
:1077000083274503638C070C8317C4006392070229
:1077100003248100832441008320C1001309000059
:10772000130509000329010013010101678000000E
:107730009305040013850400EF00800B8327C40227
:1077400013090500638A07008325C401138504001B
:10775000E7800700634405068357C40093F70708D2
:107760006396070683250403638C050093070404CE
:107770006386F50013850400EFC04FBC2328040284
:10778000832544046388050013850400EFC00FBB04
:1077900023220404EFB00FE823160400EFB0CFE774
:1077A0008320C100032481008324410013050900C4
:1077B0000329010013010101678000008357C40001
:1077C0001309F0FF93F70708E38E07F883250401F8
:1077D00013850400EFC08FB66FF0DFF8EFB04FE114
:1077E0006FF09FF29305050003A501C76FF01FEF2F
:1077F0000397C500130101FE232C810023263101CC
:10780000232E110093778700138405009309050048
:1078100063900712B71700009387078083A645007F
:10782000B367F7002396F5006352D018032884024B
:107830006304080E232A91009316370183A40900DC
:1078400023A009008325C40163CE06161306000099
:107850009306100013850900E70008009307F0FF66
:10786000130605006304F51A8317C4000328840275
:107870008325C40193F74700638E07000327440064
:10788000832704033306E640638607008327C40387
:107890003306F6409306000013850900E700080050
:1078A0009307F0FF6314F51283A609009307D00134
:1078B0000317C40063EAD716B70740209387170061
:1078C000B3D7D70093F71700638007160326040188
:1078D000B7F7FFFF9387F77FB377F7002316F4001E
:1078E000232204002320C4009317370163D4070028
:1078F000638206108325040323A099006384051086
:10790000930704046386F50013850900EFC00FA3F5
:107910008324410123280402130500008320C101B0
:10792000032481018329C100130101026780000043
:107930002328210103A9050163020908232A9100D4
:1079400083A405001377370023A02501B3842441C5
:10795000930700006314070083A745012324F40064
:10796000634890006F0040053309A90063569004F6
:10797000832744028325C40193860400130609006B
:1079800013850900E7800700B384A440E34EA0FC00
:107990000317C4000329010113670704832441016D
:1079A0002316E4001305F0FF6FF05FF783A6C5030D
:1079B000E34ED0E66FF05FF6832441010329010115
:1079C0006FF09FF5032604056FF0DFEA0317C4008C
:1079D00083260401B7F7FFFF9387F77FB377F7009C
:1079E0002316F400232204002320D4009317370128
:1079F000E3D207F0832504032328A40423A09900DD
:107A0000E39005F0832441016FF01FF183A7090083
:107A1000E38C07E41307D001638CE70013076001D0
:107A20006388E7000317C400136707046FF01FF7AC
:107A300023A09900832441016FF01FEE130101FE82
:107A4000232C8100232E110013040500630605007A
:107A500083274503638A07028397C500639C070059
:107A60008320C101032481011305000013010102D9
:107A70006780000013050400032481018320C101F5
:107A8000130101026FF0DFD62326B100EFB04FB62D
:107A90008325C1006FF05FFC6300050693050500B8
:107AA00003A501C76306050083274503638C070010
:107AB0008397C500639607001305000067800000E8
:107AC0006FF01FD3130101FE2326B1002324A10070
:107AD000232E1100EFB0CFB18325C1000325810013
:107AE0008397C500639807028320C1011305000036
:107AF000130101026780000037160280B7850080FD
:107B000037150280130646DC9385C5A3130505DDF2
:107B10006FB0CFB38320C101130101026FF05FCDBD
:107B2000832786006384072C8396C500130101FD1B
:107B300023248102232C41012328610123261102E1
:107B400093F78600130B0600130A05001384050043
:107B5000638E070883A70501638A07082322910221
:107B600023202103232E3101232A510193F72600DC
:107B700083240B006384070A832744028325C401FE
:107B8000B70A00809309000013090000938A0AC015
:107B90001386090013050A0063020904930609000D
:107BA00063F42A0193860A00E78007006350A04629
:107BB00083278B00B389A9003309A940B387A74065
:107BC0002324FB006386071A832744028325C4010C
:107BD0001386090013050A00E31209FC83A90400B7
:107BE00003A94400938484006FF09FFA9305040076
:107BF00013050A00EF00C043631C051C8316C40074
:107C00002322910223202103232E3101232A510113
:107C100093F7260083240B00E39007F623267101D7
:107C20002324810193F716006396071C8327040021
:107C300003278400B70A008023229101930B0000E0
:107C400093090000938AFAFF13850700130C0700BD
:107C50006382091013F6062063080628930C0700B8
:107C600063E6E93213F70648630A0708032644016E
:107C700083250401131716003307C7003389B74063
:107C8000135CF701330CEC0093071900135C1C40E4
:107C9000B387370113060C006376FC00138C0700D2
:107CA0001386070093F60640638E063093050600A0
:107CB00013050A00EFC0CF98930C0500630C053440
:107CC0008325040113060900EFB09F938357C40076
:107CD00093F7F7B793E707082316F40033852C01D1
:107CE000B3072C4123289401232A84012320A400D4
:107CF000138C09002324F400938C090013860C00D4
:107D000093850B00EF009004032784008327040071
:107D10001389090033078741B38797012324E400BF
:107D20002320F4009309000083278B00B38B2B01E1
:107D3000B38727412324FB006386070283270400BF
:107D4000032784008316C40013850700130C070063
:107D5000E39209F083AB040083A944009384840078
:107D60006FF09FEE832BC100032C8100832C410018
:107D70008320C102032481028324410203290102DA
:107D80008329C101832A4101032A8101032B0101B7
:107D90001305000013010103678000009305040030
:107DA00013050A00EFF09FC9630E050A8317C4008C
:107DB000832BC100032C810083244102032901028B
:107DC0008329C101832A410193E707042316F400A4
:107DD0008320C10203248102032A8101032B0101B4
:107DE0001305F0FF13010103678000001305000075
:107DF00067800000930A000013050000130C0000C8
:107E00009309000063820908630A050893870A0042
:107E1000938B090063F43701938B0700032504005B
:107E200083270401032984008326440163F6A70005
:107E30003309D9006344790963C0DB168327440200
:107E40008325C40113060C0013050A00E780070010
:107E500013090500E35CA0F4B38A2A41130510005E
:107E6000E38E0AF283278B00330C2C01B38929415E
:107E7000B38727412324FB00E39607F8832BC10037
:107E8000032C81006FF0DFEE83A944009387040088
:107E900093848400E38A09FE03AC0700138609007B
:107EA0009305A00013050C00EF004046630A05147B
:107EB00013051500B30A85416FF05FF593050C00BB
:107EC00013060900EF00806883270400930504006F
:107ED00013050A00B38727012320F400EFF01FB633
:107EE000E30C05F66FF09FEC8326040163E2F604D1
:107EF0000326440163EEC9029387090063F43A0143
:107F000093870A00B3E6C702032744028325C4010E
:107F100013860B0013050A00B386D740E70007005D
:107F200013090500635AA004B38929416FF0DFDF0C
:107F30001309070063F4E90013890900138507009A
:107F40001306090093850B00EF00406003278400AF
:107F50008327040033072741B38727012324E40044
:107F60002320F400E31207FC9305040013050A0024
:107F7000EFF0DFACE30A05FA8317C400832BC100DE
:107F8000032C8100832C41006FF01FE3138C090048
:107F9000938C09006FF09FD613860B0093050C009D
:107FA000EF00C05A032784008327040013890B00C5
:107FB00033077741B38777012324E4002320F400BB
:107FC0006FF09FE913050A00EF30C027930C0500FE
:107FD000E31605D08325040113050A00EFB01FB690
:107FE0008317C4001307C000832BC100032C81003A
:107FF000832C41002320EA0093F7F7F76FF0DFDBD3
:1080000093871900938A07006FF09FE08317C400DD
:108010006FF09FDA1307C0008317C400832BC100E1
:10802000032C8100832C41002320EA006FF0DFD86D
:1080300083A701C7130101FF23248100232291009C
:1080400023261100930405001384050063860700AE
:1080500003A74703630C070E8317C40013F78700B9
:10806000630A0706032704016306070893F617004F
:1080700063880602832644012324040013050000BC
:10808000B306D040232CD400630A07028320C1002A
:108090000324810083244100130101016780000053
:1080A00093F627001306000063940600032644019C
:1080B0002324C40013050000E31A07FC13F7070884
:1080C000E30607FC93E707042316F4001305F0FF0B
:1080D0006FF0DFFB13F707016300070813F7470092
:1080E000631C07020327040193E787002316F400AB
:1080F000E31E07F693F6072813060020E388C6F66A
:108100009305040013850400EF30407E8317C400FC
:10811000032704016FF09FF583250403638E050098
:10812000130704046388E50013850400EFB01FA162
:108130008317C400232804020327040193F7B7FD23
:10814000232204002320E4006FF01FFA13850700A8
:10815000EFA01FCA6FF05FF01307900023A0E400A8
:1081600093E707042316F4001305F0FF6FF01FF2E6
:10817000130101FE232C8100232A910023282101D1
:10818000232E110013090500938405001304060033
:10819000EF00002C93071000631CF5009387F4FF99
:1081A0001307E00F6366F700230691006F0040029B
:1081B0009306C405138604009305C1001305090046
:1081C000EF30C0629307F0FF6304F508630C05020B
:1081D000832784008345C1009387F7FF2324F4009D
:1081E00063DA07000327840163CCE7029307A0004A
:1081F0006388F50283270400138717002320E40017
:108200002380B7008320C1010324810103290101D8
:1082100013850400832441011301010267800000DB
:108220001306040013050900EF3050139307F0FF05
:10823000E31AF5FC1305F0FF8320C101032481013B
:108240008324410103290101130101026780000019
:108250008357C4001305F0FF93E707042316F400C7
:108260006FF09FFD8317C600139727016340070235
:1082700003274606B7260000B3E7D700B72600005D
:108280003367D7002316F6002322E6066FF05FEE71
:10829000130101FE232C810003A401C7232E11002A
:1082A0001386050093050500630604008327440335
:1082B000638007048317C6001397270163400702F2
:1082C00003274606B7260000B3E7D700B72600000D
:1082D0003367D7002316F6002322E60613050400B1
:1082E000032481018320C101130101026FF05FE8C3
:1082F0002324A100130504002326C100EFA05FAFD3
:108300000326C100832581006FF0DFFA93773500E3
:1083100093F6F50F638A07029307F6FF630E0602D2
:108320001306F0FF6F008001130515001377350069
:10833000630E07009387F7FF6380C70203470500BA
:10834000E314D7FE67800000930706001307300090
:108350006368F7006390070613050000678000005C
:1083600093F5F50F13978500B305B7001397050133
:10837000B708FFFE37888080B385E5009388F8EF63
:1083800013080808130330006F0000019387C7FF2C
:1083900013054500E370F3FC0327050033C7E50030
:1083A000330617011347F7FF3377E60033770701EA
:1083B000E30E07FCB307F5006F00C00013051500BE
:1083C000E38CA7F803470500E31AD7FE6780000097
:1083D000130101FF2326110023229100630E0602E0
:1083E000B70502809385057C1305060023248100D0
:1083F00013040600EF004026B70402806312050252
:10840000032481001385C47B8320C10083244100A1
:108410001301010167800000B70402806FF09FFE26
:108420009385C47B13050400EF000023E30A05FCD9
:10843000B70502809385852313050400EF00C02152
:10844000E30005FC03248100130500006FF0DFFB4F
:1084500003C541BD67800000130101FF2326110001
:1084600023229100638E05022324810013840500DA
:10847000B70502809385057C13050400EF00C01D3D
:10848000B704028063120502032481001385C47BB4
:108490008320C10083244100130101016780000093
:1084A000B70402806FF09FFE9385C47B1305040020
:1084B000EF00801AE30A05FCB70502809385852347
:1084C00013050400EF004019E30005FC03248100BC
:1084D000130500006FF0DFFB1305050F6780000038
:1084E0001385C1B9678000001385C1B9678000009A
:1084F000130101FF232481002322910013040500AE
:10850000138505002326110023A401C8EF804FAE78
:108510009307F0FF630CF5008320C1000324810062
:1085200083244100130101016780000083A781C8F3
:10853000E38407FE8320C1002320F400032481008C
:1085400083244100130101016780000063F6A50246
:108550003387C5006372E502B307C50063060604EE
:108560008346F7FF9387F7FF1307F7FF2380D700B2
:10857000E318F5FE678000009307F00063E8C70288
:10858000930705009306F6FF6302060C9386160018
:10859000B386D70003C7050093871700938515009E
:1085A000A38FE7FEE398D7FE67800000B367B500AE
:1085B00093F7370063960708930806FF93F808FFC0
:1085C00093880801B306150113870500930705007A
:1085D00003280700130707019387070123A807FF54
:1085E000032847FF23AA07FF032887FF23AC07FFC1
:1085F0000328C7FF23AE07FFE39CD7FC1378C60010
:10860000B38515011377F600630408041308C7FF48
:108610001378C8FF13084800B387060113870500C5
:1086200083280700938646001307470023AE16FFF2
:10863000E398F6FE13763600B38505016FF09FF4DC
:108640009306F6FF930705006FF05FF46780000064
:10865000130607006FF01FF33367B5009303F0FFB5
:108660001377370063100710B7877F7F9387F7F77B
:108670000326050083A60500B372F6003363F600F7
:10868000B382F200B3E26200639272106316D608FE
:108690000326450083A64500B372F6003363F60057
:1086A000B382F200B3E26200639E720C6316D606D8
:1086B0000326850083A68500B372F6003363F600B7
:1086C000B382F200B3E262006398720C6316D604C0
:1086D0000326C50083A6C500B372F6003363F60017
:1086E000B382F200B3E262006392720C6316D602A8
:1086F0000326050183A60501B372F6003363F60075
:10870000B382F200B3E26200639C720A1305450172
:1087100093854501E30ED6F41317060193970601DE
:10872000631EF7001357060193D706013305F74080
:108730009375F50F639005026780000013570701DA
:1087400093D707013305F7409375F50F6394050040
:10875000678000001377F70F93F7F70F3305F740A3
:10876000678000000346050083C605001305150059
:10877000938515006314D600E31606FE3305D64034
:10878000678000001305450093854500E31CD6FC77
:1087900013050000678000001305850093858500A0
:1087A000E312D6FC13050000678000001305C50026
:1087B0009385C500E318D6FA130500006780000012
:1087C0001305050193850501E31ED6F81305000086
:1087D00067800000130101FE232A91008327050111
:1087E00083A40501232E110063C0971C9384F4FF1A
:1087F00013932400232C8100138445012326310187
:1088000023244101B3096400130A450183A7090029
:1088100033036A0003270300232821012322510187
:10882000938717003359F702930A0500636AF70A22
:10883000370501009308040013080A00930E000096
:10884000930600001305F5FF03A70800032E080098
:10885000130848003376A70013570701B377AE001B
:10886000135E0E019388480033062603330727035F
:108870003306D601B37EA600B387D741135606014F
:10888000B387D70093D60741B3F7A7003307C700D4
:108890003376A700B386C640B386C6011396060199
:1088A000B3E7C700232EF8FE935E070193D6064177
:1088B000E3FC19F983270300639407021303C3FF42
:1088C00063686A006F0080019384F4FF63786A0034
:1088D000832703001303C3FFE38807FE23A89A003E
:1088E00013850A00EF20401C634C05083705010082
:1088F00093050A00130700001305F5FF83A6050082
:108900000326040093854500B3F7A6003378A6003C
:10891000B3870741B387E70013D707411356060112
:1089200093D606013307C7403307D70093160701D4
:10893000B3F7A700B3E7D7001304440023AEF5FE56
:1089400013570741E3FC89FA93972400B307FA0011
:1089500003A70700631407029387C7FF6368FA0041
:108960006F0080019384F4FF6378FA0003A7070087
:108970009387C7FFE30807FE23A89A00130919008D
:10898000032481018320C1018329C100032A8100BE
:10899000832A4100832441011305090003290101B1
:1089A00013010102678000008320C101832441017B
:1089B00013050000130101026780000003238503F3
:1089C000130101F4232C810A232A910A2328210B65
:1089D0002322510B2326B109232E110A2326310B02
:1089E000232EE100232AF100232811012326B102BE
:1089F0002324C10013040500938D05009304060091
:108A0000938A060013090800630203020327C503C3
:108A10009307100093050300B397E7002322E300B8
:108A20002324F300EF10006C232C0402938904002C
:108A30009306000063DC04009394140093D71400A1
:108A40002324F10093890700930610003707F07F75
:108A50002320D900B3F6E9006388E660832481000F
:108A600013850D0013060000938504009306000093
:108A70002320B10323229102EF409033631A0504AF
:108A800003274101930710002320F700032701016A
:108A900063080700B70702809387174B2320F7006E
:108AA000B70902809389094B8320C10B0324810BF2
:108AB0008324410B0329010B832A410A832DC1081A
:108AC000138509008329C10A1301010C6780000086
:108AD00013860400130781079306C10793850D00D1
:108AE000130504002324410B2320610B232E71095D
:108AF000232C8109232A91092328A10913D949018B
:108B0000EF20403E930405006312095A832B81072E
:108B10000329C1079307000233892B011307294357
:108B2000E3D0E73293070004B387E74013052941F8
:108B3000B397F90033D5AD0033E5A700EF50906748
:108B4000B70710FE9306100013070500B387B700A0
:108B50001309F9FF2324D10403A641C283A681C2CD
:108B60001305070093850700EF50403B03A6C1C2E1
:108B700083A601C3EF40104D03A641C383A681C362
:108B8000EF30D01D130A0500130509009389050075
:108B9000EF50D05603A6C1C383A601C4EF40904A4C
:108BA000130605009386050013050A009385090046
:108BB000EF30D01A130B050093890500EF50D04B0E
:108BC000130A05009385090013050B001306000026
:108BD00093060000EF4090366350050213050A002B
:108BE000EF50D05113060B0093860900EF40501C44
:108BF0003335A000330AAA4033892B419307600123
:108C0000130BF9FFE3E8471D3717028093173A006B
:108C100013070787B387E70003A6070083A647006B
:108C20000325010283254102EF405031E35A051E1E
:108C3000130AFAFF232E0102232C0100634C0B4878
:108C400063540A4A8327810123244103B3874741A0
:108C5000232CF100B3074041232CF102930790002D
:108C6000130A000063EC574993075000E3D0571FE5
:108C7000938ACAFF9307300013090000E388FA6261
:108C8000E3D0575F93074000E390FA529307100038
:108C90002328F1020326C101E352C0602326C10448
:108CA000130C060093067001130710009307400091
:108CB00063C4C6006F10802F9397170093864701F7
:108CC0009305070013071700E378D6FE232EB4029E
:108CD00013050400EF10C035930905006314050067
:108CE0006F10002B232CA4029307E00063E6874F4C
:108CF0006304094E83268102E35AD05E93F7F6009F
:108D000037170280130707879397370093DC464095
:108D1000B387E70093F60C0103A8070003A74700F9
:108D2000E3880652B717028003A6079883A64798E0
:108D300003250102832541022328E10423200105A4
:108D4000EF40400E032801040327010593FCFC00BB
:108D500013030500138D050013093000638C0C0408
:108D6000B71B028023208104938B0B961304090008
:108D7000930507001309030093F71C00638E070097
:108D800003A60B0083A64B00130508001304140070
:108D9000EF40502B1308050093DC1C40938B8B0095
:108DA000E39C0CFC130309001309040003240104D1
:108DB0001387050093060700130608001305030038
:108DC00093050D00EF40000613070500938705008B
:108DD0008326C1036388060203A641C483A681C417
:108DE00013050700938507002328E1042320F104DD
:108DF000EF40D014832701040327010563540500C5
:108E00006F100001130509002320F1062320E1045F
:108E1000EF50D02E03270104832701061306070015
:108E2000938607002328E1042320F104EF409021DA
:108E300003A641C583A681C5EF304072B706C0FCCA
:108E40008327010403270105930C0500B38BB600AB
:108E5000630E0C3283268102232081072324D1064E
:108E600013050700938507002328E1042320F1045C
:108E7000EF50902083270106371602801309050062
:108E80009386F7FF9396360093070687B386D7003D
:108E900003A846002326F10683A70600232E01051A
:108EA00023229107232CF104EF50502503270105BD
:108EB00083270104130605009386050013050700A8
:108EC00093850700EF50800503270103138D1900D8
:108ED000130309032320A105930C05001373F30F5B
:108EE000E304075A03A541C6032681058326C1056D
:108EF0002320B10483A581C623286104EF3090723A
:108F00000326410693860B00EF504001832801049D
:108F10000323010513860C00938608002380690053
:108F200013090500938B0500EF404071832801046D
:108F30006354A0006F00507883A741C403A881C484
:108F4000232C41052328F104232A010503A801C588
:108F500083A7C1C423226107232681072320F104AC
:108F600093070000032C010623220105138B070041
:108F700023205107138A08006F000009130B1B0000
:108F800063448B016F00507803260104832641045B
:108F90001305090093850B00EF40D00A0326010456
:108FA0008326410413090500938B050013850C00EB
:108FB00093050A00EF401009938C0500930A050001
:108FC000EF50900B130A0500EF50501313060500E5
:108FD0009386050013850A0093850C00EF401074FA
:108FE00093070A031306090093860B002300FD0074
:108FF000130D1D00930C0500138A0500EF4000744B
:10900000635405006F00506B03250105832541055E
:1090100013860C0093060A00EF40507013060900F7
:1090200093860B00EF408071E35A05F48327810695
:10903000930B0D00138C1700130690036F00800034
:10904000E386796583C6FBFF138D0B00938BFBFFD3
:10905000E388C6FE9386160093F6F60F2380DB00A6
:10906000930D0C006F00004D83264101372700004F
:109070009397C9001307F77093D7C70023A0E600A2
:10908000B3E7B7016380070A83270101B7090280AC
:109090009389897DE38A07A0B70702809387B77D0C
:1090A000032701012320F7006FF01FA0832741024F
:1090B000B706F03F832B81079397C70093D7C7006C
:1090C00003270102B3E7D700130919C023240104C1
:1090D0006FF09FA893071000B3872741232CF1005E
:1090E000130B0000E3400AB623244103232C0102A2
:1090F00093079000330B4B01E3F857B79307100029
:1091000013091000930A00002328F102130CF0FF4A
:10911000232E0100232E040223268105930500003F
:109120006FF01FBB83270101B70902809389C97CB7
:10913000E38C0796B70702809387477D6FF05FF651
:10914000130509002320F1062320E104EF50007BE2
:1091500003270104832701061306070093860700EF
:109160002328E1042320F104EF40C06D03A641C58C
:1091700083A681C5EF30803E8327010403270105C4
:10918000B706C0FC930C0500B38BB60003A6C1C59F
:1091900083A601C61305070093850700EF4010580A
:1091A00013860C0093860B00130D05001389050030
:1091B000EF40C048E342A04EB7070080B3C7770135
:1091C00013860C0013050D00938607009305090014
:1091D000EF40C056634805068327C10763CE0718D2
:1091E000832681021307E0006348D7188327810292
:1091F000371702801307078793973700B387E70075
:1092000003AA070083AA47008327C10163D8070484
:109210006346800563180C0203A6C1C583A601C678
:1092200013050A0093850A00EF40C061130605008C
:10923000938605000325010283254102EF4000507B
:10924000E34CA044138D0900232001021309000000
:109250008327C10193CDF7FF6F0040699387190001
:109260002320F104032B01020329410213060A0003
:1092700093860A0013050B0093050900EF30903A1E
:10928000EF50805F130D0500EF50406713060A0092
:1092900093860A00EF40005B1306050093860500E5
:1092A00013050B0093050900EF40504793070D038A
:1092B0002380F90013061000832B01041307050017
:1092C00093860500E30CCC0C83A7C1C403A801C599
:1092D000930D10002324F100232601016F000006E6
:1092E00013060A0093860A0013050B009305090074
:1092F000EF305033EF504058130D0500EF50006031
:1093000013060A0093860A00EF40C05393860500B7
:10931000130605009305090013050B00EF401040EC
:10932000938B1B0093070D03938D1D00A38FFBFEF2
:109330001307050093860500E302BC07032681009E
:10934000938506008326C10013050700EF40804F78
:109350001306000093060000130B05001389050097
:10936000EF400025E31E05F683278102138D0B00D5
:10937000938D17006F00001C032701036316072657
:10938000832B8103832C8101232801021309000010
:1093900063820C026350600393870C0063449B67F5
:1093A00003278101B38CFC40330BFB403307F740AC
:1093B000232CE100832781036382070283270103B3
:1093C00063840700E39C0B06032681039385040056
:1093D00013050400EF10403F9304050093051000AF
:1093E00013050400EF1000102320A102631C0A5093
:1093F0009307100063DC5755B387670193F7F701B4
:109400006380071E130700023307F74093064000EE
:1094100063D4E6581307C001B307F740032781015F
:10942000B38CFC00330BFB003307F700232CE10067
:10943000832781016340F014635C6001832501028E
:1094400013060B0013050400EF10004D2320A102AA
:109450008327C103639C071263548045832701035C
:109460006390072683278102938D1700832A0102C8
:10947000130A10006F000002938504009306000099
:109480001306A00013050400EF0010489304050024
:10949000130A1A0093850A0013850400EFF08FB3B6
:1094A000930B0503B3874901A38F77FFE3468AFD3A
:1094B000130A100063448055338A4901930A00005F
:1094C000938504001306100013050400EF10C04438
:1094D0008325010293040500EF10005D635EA04E3A
:1094E000930690036F008000638A495F8347FAFF09
:1094F000130D0A00130AFAFFE388D7FE93871700BB
:109500002300FA008325010213050400EF00903DBB
:1095100063020902638A0A0063882A0193850A00AC
:1095200013050400EF00103C930509001305040027
:10953000EF00503B9385040013050400EF00903AC0
:109540008327410123000D0023A0B70183270101D8
:109550006384070023A0A701032A810A032B010AC1
:10956000832BC109032C8109832C4109032D010997
:109570006FF08FD393850400138607001305040052
:10958000EF108039930405006FF01FEB8325010273
:1095900013850400EF104051E35005EC832781024E
:1095A00093850400930600001306A0001305040031
:1095B000138BF7FFEF005035832701039304050059
:1095C000639E070C032CC104E35A8015832D81028E
:1095D0006FF0DFE993071000232EF1026FF0CFE563
:1095E0009307C0016FF09FE3130710006354574DBA
:1095F00083278103930BFCFF63CA7741B38B7741C9
:1096000083278101B38C8741E3500C0E9305100032
:1096100013050400EF00106D130905006FF05FD70C
:10962000232E0102232C0100E34020AD93071000FC
:10963000B3872741232CF100130B00006FF0DFAA42
:10964000B387E7403395FD006FF04FCF93073000AD
:1096500013091000638CFA4463C657E39307200094
:10966000E38CFA14232E0402930500001305040072
:10967000EF00101C93090500E30C05109307100080
:109680002328F1029307F0FF232CA4022326F104E0
:10969000130CF0FF232E01006FF01FB49305090097
:1096A000930600001306A00013050400EF00D02568
:1096B000032CC10413090500E35680092324610328
:1096C000635C90019305090013860C0013050400E8
:1096D000EF10802413090500130B0900631E0A50C4
:1096E0008327C102138DF9FF938C0900232C3101CC
:1096F0008329010293F71700330D8D012324F10014
:10970000232EB1019385090013850400EFF08F8C9F
:10971000130C05009305090013850400EF10C038F1
:10972000130A050013060B009385090013050400B6
:10973000EF10003D0327C500930B0C03930D0500AC
:10974000631C07089305050013850400EF10C0355E
:109750001307050093850D0013050400930D070002
:10976000EF005018B3E65D01639A060E832781006F
:10977000638A077463420A7623807C01138A1C0083
:1097800063049D6793850400930600001306A00000
:1097900013050400EF005017930405009306000022
:1097A0001306A0009305090013050400630E690960
:1097B000EF00901593050B001309050093060000B8
:1097C0001306A00013050400EF001014130B05008E
:1097D000930C0A006FF01FF39305050013050400B6
:1097E00083298101832DC101EF00D00F634A0A0054
:1097F00013F71D00336A5A0133674701631E0706DA
:10980000938504001306100013050400EF10C01028
:109810008325010293040500EF1000296358A0245A
:1098200013079003638CEB24930B1C0383278102A3
:10983000930A0900138D1C0023807C01938D17006F
:1098400013090B006FF01FCCEF00100C130905007B
:10985000130B0500930C0A006FF0DFEA63440A72F1
:1098600083278100336A5A0133EA4701630C0A7087
:10987000E354B0F183298101130790036380EB2047
:109880000327810293871B00930A0900138D1C0094
:10989000930D17002380FC0013090B006FF09FC687
:1098A00093072000E3DC57BB138D0900E3120C9AE9
:1098B00083250102930600001306500013050400DF
:1098C000EF009004930505002320A10213850400F6
:1098D000EF10801DE35EA096930710032380F9002C
:1098E00083278102138D1900938D170083250102B0
:1098F00013050400938D1D00EF00C07EE31609C21E
:109900006FF05FC39305050013060A0013050400FA
:10991000EF00906B930710002320A10263DE571124
:10992000130A0000032701028327070193873700EA
:1099300093972700B307F70003A54700EF00102512
:1099400093070002B387A7406FF01FAB8327C102C4
:1099500063900704832781009397C700639A0702E7
:10996000832681009307000013D746011377F77F02
:10997000630C070083278101130B1B0093871700DB
:10998000232CF10093071000631C0A54138A07006C
:10999000930710006FF05FA6E30CD7A81307C0036E
:1099A000B307F7406FF09FA793071000930A50008A
:1099B0002328F1028327C10103278102B387E7002F
:1099C000138C17002326F10413060C00634C80ADA2
:1099D000130610006FF00FAD6316050093F71B0020
:1099E000E39007B0930600038347FAFF130D0A00C4
:1099F000130AFAFFE38AD7FE6FF0DFB0130A0C00F8
:109A00006FF09FAB93070B006FF09F998327810343
:109A100003278101232C7103B387FB40330AFA002B
:109A2000B3078701930C0700330B8B01232CF10044
:109A3000930B00006FF09FBD8327C102E39207EEF6
:109A4000832781009397C700E39C07EC6FF05FF1D9
:109A500003230102032D4102130920006FF00FB010
:109A6000930A2000232801026FF0CFA2E31005DC47
:109A700013F71B00E31607DA6FF05FDB9307900321
:109A80002380FC0083278102930A0900138A1C00AB
:109A9000938D170013090B006FF09FA4930710001C
:109AA000130C1000232EF1006FF0CFE623280102E3
:109AB0006FF05FF0032781046304073003278101FF
:109AC00093873743330BFB00B307F700832B8103E6
:109AD000930C0700232CF1006FF05FB39307100382
:109AE0002380F900938D1D006FF0DFA18327810291
:109AF00063880730B30BF04093F7FB003717028001
:109B00001307078793973700B387E70003A607007B
:109B100083A64700032501028325410293DB4B40C6
:109B2000EF305052138D050063880B42130920005B
:109B3000B71C028023208104938C0C961304090027
:109B400013070500130600001309050093F61B0018
:109B50006380060203A60C0083A64C0013050700D1
:109B600013041400EF30104E130705001306100005
:109B700093DB1B40938C8C00E39A0BFC13050900CC
:109B8000938705001309040003240104631206A44B
:109B90001307050093070D006FF08FA39385060050
:109BA0001306070013050700EF20501B83278102CF
:109BB00013060A0093860A00938D1700130B050005
:109BC00013890500138C0D00EF3050276346A0C6A3
:109BD00013050B009305090013060A0093860A007B
:109BE000EF30101D63160500137D1D0063160DC4B4
:109BF000138D0B006FF01F9483254900130504009B
:109C0000EF000043130A050063000536032609012F
:109C10009305C9001305C500130626001316260078
:109C2000EF901F9E1306100093050A001305040011
:109C3000EF00904E130B05006FF09FAA93050900EB
:109C400013860B0013050400EF0010381386040080
:109C5000930505001309050013050400EF00901398
:109C600093070500938504001305040093840700FF
:109C7000EF00404783278103B3877741232CF1020C
:109C8000638E07F46FF04FF4032681058326C10528
:109C9000032541062328B10493850B002328610284
:109CA000EF30503A03230103832701069306100087
:109CB000238069002324A10483280105138905005A
:109CC000B38BF900638CD72683A7C1C403A801C551
:109CD000232891042328F102232A0103232081064B
:109CE00013850C0093850800032601038326410396
:109CF000130D1D00EF30103513840500930405008B
:109D0000EF409037930C0500EF40503F13060500DD
:109D1000938605001385040093050400938C0C03BF
:109D2000EF40C01FA30F9DFFE390ABFD832401050F
:109D300003240106930C05009388050003A641C681
:109D400083A681C6032581049305090023281103F6
:109D5000EF20D0008328010313860C0093860800AF
:109D6000EF30D01D634C05180326810403A541C6BE
:109D700083A581C693060900EF40401A832801039A
:109D800013860C0093860800EF30500B634CA01034
:109D90008327C10763C607DE032781029307E0001C
:109DA00063C0E7DE832781020327C106939737004C
:109DB000B307F70003AA070083AA47006FF08FCA12
:109DC000032781078326810193076003B387E74058
:109DD000330BFB00B387F600832B8103938C0600C3
:109DE000232CF1006FF09F8283278102930A0900E0
:109DF00083298101938D170013090B006FF04FEC3D
:109E00000327010283274102130920006FE05FFC52
:109E100063080CB2032DC1046350A0BD93850700F5
:109E20008327810283A601C503A6C1C49387F7FFD8
:109E3000130507002324F106EF30D0201307050097
:109E4000130519002328E1042320B104EF40102B4F
:109E500003270105832701041306070093860700E3
:109E6000EF30501E03A641C583A681C5EF20006FC9
:109E7000B706C0FC8327010403270105930C0500E6
:109E8000B38BB6002320A1076FE09FFD930610035C
:109E9000130C1C006FF08F9C23200102130900009B
:109EA0006FF09FA31306000383C7FBFF138D0B0006
:109EB000938BFBFFE38AC7FE83278106938D1700F0
:109EC0006FF04FE71307900383298101E388EBBA12
:109ED000E34C40956FF09F95832981016FF01F95AA
:109EE000138A07006FF01FA4938C0700B3878701C4
:109EF000330B8B01232CF1006FF04FF18327810688
:109F0000138C17006FF04F93032A8105032B410632
:109F1000032CC106832A01066FF00FAC93072000C3
:109F200063C85701832D8102032CC1046FF00FD445
:109F3000032CC104232461036FF01F97832B0104BA
:109F40006FF0DFDF93072000E3C457FF032CC10449
:109F5000232461036FF0CFF61307050093870500F4
:109F6000130920006FE0DFE6B706028037050280A4
:109F70009386C67D130600009305F02E1305057F1A
:109F8000EF10106483298101E34CB0876FF01F8AC2
:109F9000B7060280370502809386C67D130600004F
:109FA0009305F01A1305057FEF109061232E04022C
:109FB000930500006FE0DFD1232801026FE09FCD01
:109FC00083A701B967800700638005026302060466
:109FD000638806048347060023A0F50003450600B6
:109FE0003335A00067800000130101FF9305C10015
:109FF00063040602638A06028347060023A0F50075
:10A00000034506003335A0001301010167800000FD
:10A010001305000067800000130500006FF0DFFEED
:10A020001305E0FF678000001305E0FF6FF0DFFD20
:10A0300083274504130101FF23248100232291007B
:10A04000232611001304050093840500638C070286
:10A0500013972400B387E70003A5070063040504F2
:10A060000327050023A0E700232805002326050079
:10A070008320C100032481008324410013010101D6
:10A08000678000001306100293054000EF10D059BE
:10A090002322A40493070500E31C05FA130500001E
:10A0A0006FF01FFD232021011309100033199900BF
:10A0B000130659001316260093051000130504001B
:10A0C000EF109056630A05002324250123229500F2
:10A0D000032901006FF05FF9032901001305000057
:10A0E0006FF01FF96380050203A74500832745042D
:10A0F00013172700B387E70003A7070023A0E50095
:10A1000023A0B70067800000130101FE232A9100FD
:10A1100083A4050137030100232C8100232821019A
:10A1200023263101232E1100138905009309050010
:10A130001384060013884501930800001303F3FFFE
:10A1400083270800130848009388180033F7670036
:10A150003307C70293D60701B386C602B307870049
:10A1600013D70701B3F76700B386E600139706011C
:10A17000B307F700232EF8FE13D40601E3C298FCC0
:10A18000630204028327890063DEF402938744009C
:10A1900093972700B307F90023A287009384140044
:10A1A000232899008320C1010324810183244101D4
:10A1B0008329C100130509000329010113010102CC
:10A1C000678000008325490013850900232441018D
:10A1D00093851500EFF0DFE5130A0500630E050413
:10A1E000032609019305C9001305C50013062600BF
:10A1F00013162600EF90CFC00327490083A7490418
:10A2000013172700B387E70003A707002320E900FF
:10A2100023A027019387440013090A00939727007E
:10A22000B307F900032A81009384140023A2870056
:10A23000232899006FF01FF7B706028037150280B8
:10A240009386C67D130600009305A00B1305858237
:10A25000EF101037130101FE232C8100232A9100F7
:10A26000232821012326310123244101938906005B
:10A270009307900093868600232E1100B3C6F60242
:10A280001309050013840500130A06009304070050
:10A2900063DA370D930710009305000093971700BA
:10A2A00093851500E3CCD7FE13050900EFF05FD8C6
:10A2B00093050500630C050A930710002328F50099
:10A2C000232A95009307900063D847092322510160
:10A2D000930A940093840A003304440183C6040063
:10A2E0001306A00013050900938606FDEFF0DFE1D9
:10A2F0009384140093050500E39284FE13048AFFFF
:10A3000033848A00832A410063563A03B389494162
:10A31000B3093401834604001306A00013050900A5
:10A32000938606FDEFF05FDE13041400930505002D
:10A33000E31234FF8320C1010324810183244101FE
:10A34000032901018329C100032A81001385050027
:10A3500013010102678000001304A400130A900097
:10A360006FF09FFA930500006FF01FF4B7060280AC
:10A37000371502809386C67D130600009305300DC5
:10A380001305858223225101EF10902393070500C6
:10A39000370701001305000063F6E70093970701F4
:10A3A000130500013707000163F6E7001305850078
:10A3B000939787003707001063F6E7001305450001
:10A3C000939747003707004063EAE70093C7F7FF1A
:10A3D00093D7F7013305F5006780000093972700B6
:10A3E00063CA070013971700634A070013050002AA
:10A3F0006780000013052500678000001305350005
:10A4000067800000832705001307050093F6770097
:10A410006384060293F6170013050000639E06048A
:10A4200093F627006388060A93D717002320F700C6
:10A4300013051000678000009396070193D606016C
:10A4400013050000638E060693F6F70F6380060679
:10A4500093F6F7006382060493F6370063840602DE
:10A4600093F61700639C060093D717001305150099
:10A470006396070013050002678000002320F700A1
:10A480006780000093D7270093F617001305250077
:10A49000E39606FE6FF05FFD93D7470093F6370013
:10A4A00013054500E39E06FA6FF0DFFD93D78700A2
:10A4B00093F6F70013058500E39006FA6FF0DFFDD1
:10A4C00093D7070193F6F70F13050001E39206F8FF
:10A4D0006FF0DFFD93D727002320F700130520003E
:10A4E0006780000083274504130101FF23248100B6
:10A4F00023229100232611001304050093840500F4
:10A50000638C070203A547006302050603270500C5
:10A5100023A2E7008320C1000324810093071000D9
:10A52000232A9500232605002328F50083244100D3
:10A53000130101016780000013061002930540001B
:10A54000EF10900E2322A40493070500E31C05FAE4
:10A55000B7060280371502809386C67D1306000079
:10A560009305501413058582EF1090051306C00162
:10A570009305100013050400EF10100BE30A05FC0F
:10A58000930710002322F500930720002324F500F1
:10A590006FF05FF8130101FE23282101232631010A
:10A5A00003A9050183290601232A910023244101DF
:10A5B000232E1100232C8100138A0500930406002A
:10A5C000634C39011387090093840500930909003E
:10A5D000130A06001309070083A7840083A544001B
:10A5E00033842901B3A78700B385F500EFF05FA49A
:10A5F000630E051A1303450193182400B3081301D1
:10A60000930703006378130123A007009387470093
:10A61000E3EC17FF13084A01131E2900938E44012F
:10A6200093952900330EC801B385BE006376C81325
:10A6300093875401130F400063F0F516B70601002D
:10A640009386F6FF6F00800193DF0F0163980F0878
:10A6500013084800130343006370C811832F0800D8
:10A66000B3F3DF00E38203FE93020300938F0E0037
:10A670009304000083A70F0003A602009382420008
:10A6800033F7D7003307770293D707013379D60022
:10A6900013560601938F4F00B387770233072701C4
:10A6A00033079700935407013377D700B387C70068
:10A6B000B3879700139607013367E60023AEE2FEE7
:10A6C00093D40701E3E8BFFAB307E30123A097009F
:10A6D000832F080093DF0F01E38C0FF6032703009D
:10A6E0009302030013860E009304070093030000F7
:10A6F0008327060093D904013377D700B3F7D70037
:10A70000B387F70383A442009382420013064600F6
:10A7100033F9D400B3877700B387370193930701E8
:10A7200033E7E30023AEE2FE0357E6FF93D70701CA
:10A730003307F703330727013307F7009353070164
:10A74000E368B6FAB307E30123A0E7001308480063
:10A7500013034300E364C8F1634880006F00800185
:10A760001304F4FF6308040083A7C8FF9388C8FF9D
:10A77000E38807FE8320C10123288500032481018B
:10A7800083244101032901018329C100032A810097
:10A790001301010267800000B38795409387B7FEDD
:10A7A00093F7C7FF138F47006FF05FE9B70602808A
:10A7B000371502809386C67D130600009305201688
:10A7C00013058582EF10C05F130101FE232C810069
:10A7D0002328210123263101232E110093773600EF
:10A7E000130406009309050013890500639C070AFA
:10A7F00013542440630A0406232A910083A4090405
:10A800006386040C9377140063900702135414407A
:10A81000630A040403A50400630605069304050007
:10A8200093771400E38407FE138604009305090060
:10A8300013850900EFF01FD66300090203274900C2
:10A8400083A7490413172700B387E70003A707006E
:10A850002320E90023A02701135414401309050005
:10A86000E31A04FA832441018320C10103248101F6
:10A870008329C10013050900032901011301010205
:10A880006780000013860400938504001385090087
:10A89000EFF05FD023A0A40023200500930405005F
:10A8A0006FF01FF89387F7FF3717028013070786AB
:10A8B00093972700B307F70003A60700930600004D
:10A8C000EFF09F84130905006FF09FF293051000CD
:10A8D00013850900EFF0CFF593040500630005022E
:10A8E00093071027232AF500930710002328F5006B
:10A8F00023A0A904232005006FF0DFF0B706028033
:10A90000371502809386C67D130600009305501408
:10A9100013058582EF10C04A130101FE2322510165
:10A9200083AA050183A78500232631019359564048
:10A93000B38A5901232C8100232A91002328210165
:10A9400023244101232E110013891A00938405004A
:10A950001304060083A54500130A050063D82701E8
:10A960009397170093851500E3CC27FF13050A0082
:10A97000EFF00FEC630C051013084501635430032E
:10A9800093895900939929003307350193070800EB
:10A990009387470023AE07FEE39CE7FE9389C9FE39
:10A9A0003308380183A80401938744011376F40126
:10A9B00093982800B38817016304060A93050002E0
:10A9C000B385C540130308009306000003A70700E2
:10A9D00013034300938747003317C7003367D7003B
:10A9E000232EE3FE83A6C7FFB3D6B600E3E017FF2E
:10A9F000938754011307400063EAF800B387984037
:10AA00009387B7FE93F7C7FF138747003308E80023
:10AA10002320D8006394060013890A0003A744008A
:10AA200083274A048320C10113172700B387E70057
:10AA300003A70700232825010324810123A0E400A4
:10AA400023A0970003290101832441018329C10028
:10AA5000032A8100832A410013010102678000005C
:10AA600003A707009387470013084800232EE8FE3A
:10AA7000E3F417FB03A70700938747001308480078
:10AA8000232EE8FEE3EE17FD6FF01FF9B7060280F4
:10AA9000371502809386C67D130600009305E01DDE
:10AAA00013058582EF10C0310327050183A7050137
:10AAB000130805003305F7406312F7049397270046
:10AAC00013084801938545013307F800B387F50063
:10AAD0006F0080006374E8020326C7FF83A6C7FFE8
:10AAE0001307C7FF9387C7FFE306D6FE13051000C1
:10AAF0006376D6001305F0FF6780000067800000D2
:10AB000003A7050183270601130101FF2324810008
:10AB10002322910023261100232021011384050004
:10AB200093040600B306F740631EF71893962700B8
:10AB30001386450113874401B307D6003307D700B6
:10AB40006F008000637CF61883A5C7FF8326C7FFCC
:10AB50009387C7FF1307C7FFE386D5FE13091000CD
:10AB600063EAD500938704001309000093040400EE
:10AB70001384070083A54400EFF08FCB6306051A0A
:10AB800083A8040183220401938F440113932800B6
:10AB9000130844019392220093054501370E0100EA
:10ABA0002326250133836F00B3025800138F05005D
:10ABB000938E0F0093060000130EFEFF03A70E00F6
:10ABC00003260800130F4F00B377C701B373C60104
:10ABD000B3877740B387D700135707011356060191
:10ABE00093D607413307C7403307D70093160701B1
:10ABF000B3F7C701B3E7D70013084800232EFFFEC1
:10AC0000938E4E0093560741E36A58FA1307540196
:10AC1000338482401304B4FEB3B2E20013CF1200B7
:10AC200013542400130740006384020AB38FEF001B
:10AC30003388E500B70E0100130E080013860F00DD
:10AC4000938EFEFF63F46F0C83270600130E4E00F5
:10AC50001306460033F7D7013307D70093D5070112
:10AC6000135707413307B700B387D700B3F7D701AE
:10AC700093160701B3E7D700232EFEFE9356074134
:10AC8000E36466FC1303F3FF3303F3411373C3FF61
:10AC900033076800639A07008327C7FF9388F8FF8C
:10ACA0001307C7FFE38A07FE8320C1000324810046
:10ACB0002328150183244100032901001301010108
:10ACC0006780000013091000E3DE06E86FF09FEADA
:10ACD00013071400131727006FF05FF593050000AA
:10ACE000EFF00FB5630005068320C1000324810047
:10ACF000930710002328F500232A05008324410030
:10AD000003290100130101016780000013070000FF
:10AD100063160F003387E5006FF0DFF71317240089
:10AD20003387E5006FF01FF7B70602803715028002
:10AD30009386C67D13060000930550241305858273
:10AD4000EF100008B7060280371502809386C67D93
:10AD5000130600009305702313058582EF1040064B
:10AD6000B707F07FB3F5B700B707C0FCB385F500B0
:10AD7000930700006356B00013850700678000004A
:10AD8000B305B04093D545419307300163CCB7007C
:10AD9000B7070800B3D5B740930700001385070035
:10ADA000678000009385C5FE1307E001930710003C
:10ADB0006346B700B7070080B3D7B700930500001C
:10ADC0001385070067800000130101FE232A91000C
:10ADD00083240501232C810013044501939424004E
:10ADE000B30494002328210103A9C4FF23263101C1
:10ADF000232441011305090093890500232E110026
:10AE0000EFF0CFD813070002B307A74023A0F90043
:10AE10009307A000138AC4FF63DCA708130655FF3D
:10AE20006370440583A784FF630C0604B306C74020
:10AE300033D7D7003319C9003369E900938584FFFC
:10AE40003707F03F3367E900B397C700637EB4026A
:10AE500003A644FFB356D600B3E7D7006F00C00285
:10AE60009307B000630CF5003319C9003707F03FB2
:10AE70003367E900930700006F00000193070000AB
:10AE80003707F03F3367E9008320C10103248101C4
:10AE900083244101032901018329C100032A810080
:10AEA0001385070093050700130101026780000066
:10AEB0009306B000B386A640B707F03F3357D900DA
:10AEC0003367F700930700006376440183A784FF8C
:10AED000B3D7D700130555013319A900B367F9009B
:10AEE0006FF09FFA130101FD232A5101938A050097
:10AEF0009305100023229102232E3101232C4101BE
:10AF00002326110223248102232021039304060017
:10AF1000138A060093090700EFF08F916302051072
:10AF20003707100013D944019307F7FF1379F97F0E
:10AF300013040500B3F7970063040900B3E7E700C3
:10AF40002326F10063920A061305C100EFF08FCBB0
:10AF50000327C1009304100023289400232AE4004F
:10AF600093070502630809081309D9BC3309F900DE
:10AF70009304500323202A013385F44023A0A90021
:10AF80008320C102130504000324810283244102AB
:10AF9000032901028329C101032A8101832A410176
:10AFA0001301010367800000130581002324510170
:10AFB000EFF04FC50327C10093070500630E05049A
:10AFC0000326810093060002B386A640B316D7007D
:10AFD0003357A700B3E6C6002326E100B334E000F0
:10AFE00093841400232AD400232CE4002328940003
:10AFF000E31C09F6139724003307E4000325070137
:10B000009387E7BC2320FA00EFF04FB893945400E5
:10B010003385A4406FF09FF6832681006FF01FFCFC
:10B02000B7060280371502809386C67D130600009E
:10B030009305F03013058582EF009058130101FD50
:10B040002320210313890500930581002326110283
:10B050002324810223229102232E3101930905002A
:10B06000EFF09FD693040500138405001305090033
:10B070009305C100EFF05FD50327090183A70901FC
:10B080008326C100B387E7400327810093975700C9
:10B090003307D740B387E70013070500635EF0026C
:10B0A0009397470133848700938605001385040036
:10B0B0009305040013060700EF10D0568320C10249
:10B0C0000324810283244102032901028329C1014F
:10B0D000130101036780000093974701B385F54092
:10B0E0006FF09FFC130101FF232021012326110093
:10B0F000930770011309050063DAA70483A741C40D
:10B1000083A581C4232481002322910003A4C1C408
:10B1100083A401C513850700130604009386040069
:10B12000EF2040721309F9FF93070500E31409FEAD
:10B13000032481008320C1008324410003290100EE
:10B140001385070013010101678000003717028093
:10B1500013193500130707863307270183270701D3
:10B160008320C100832547010329010013850700BF
:10B170001301010167800000832606019385F5FF16
:10B1800093D5554093851500930746019396260065
:10B1900093952500B386D700B305B50063F8D702B1
:10B1A0001307050003A8070093874700130747000C
:10B1B000232E07FFE3E8D7FEB387C6409387B7FE89
:10B1C00093F7C7FF938747003305F5006378B50011
:10B1D00013054500232E05FEE36CB5FE67800000D5
:10B1E0000327050113D65540930645016352C70254
:10B1F00013172700B387E60063F2F60403A7C7FF1F
:10B200009387C7FFE30A07FE13051000678000005D
:10B2100093172600B387F600E350E6FE93F5F50199
:10B22000E38C05FC03A60700130510003357B60096
:10B230003317B700E302E6FC678000001305000047
:10B2400067800000130101FD2322910223261102D1
:10B25000930406006388051E232481022320210312
:10B2600013840500232E3101232A5101232C41018F
:10B2700013090500EF904FB80327C4FF9387B4006C
:10B2800093066001930A84FF9379C7FF63F2F61077
:10B2900013FA87FF63C2071063609A1063D24913E1
:10B2A000B717028023248101138C07EF03268C003B
:10B2B000B3863A0183A746006308D61C13F6E7FF5E
:10B2C0003386C6000326460013761600631A06145A
:10B2D00093F7C7FF3386F9006358460D13771700BD
:10B2E000631C070223267101832B84FF232861013D
:10B2F000B38B7A4103A74B001377C7FFB387E700EF
:10B30000338B3701635C4B33338BE90063584B2934
:10B31000032B0101832BC100938504001305090051
:10B32000EF801FB293040500630805408327C4FF24
:10B33000130785FF93F7E7FFB387FA006386E724D7
:10B340001386C9FF9307400263E4C72E1307300139
:10B35000636AC720930705001307040083260700CC
:10B3600023A0D7008326470023A2D7000327870006
:10B3700023A4E7009305040013050900EF800FFCE8
:10B3800013050900EF908FA7032C81006F00C00602
:10B39000130A0001E3749AF09307C0002320F90018
:10B3A000930400006F00400583A7C60003A7860032
:10B3B000032C8100930906002326F70023A4E7004D
:10B3C00083A74A00B38649411306F00093F717009C
:10B3D00033873A016362D608B3E7370123A2FA0044
:10B3E0008327470093E717002322F700130509007E
:10B3F000EF90CFA093040400032481028320C102B4
:10B40000032901028329C101032A8101832A410101
:10B4100013850400832441021301010367800000A7
:10B4200013771700E31A07EE23267101832B84FF9D
:10B4300023286101B38B7A4103A74B001377C7FF21
:10B440006FF09FEC8320C102832441029305060024
:10B45000130101036F80DF9EB3E7470123A2FA00C7
:10B46000B3854A0193E6160023A2D500832747003F
:10B47000938585001305090093E717002322F70041
:10B48000EF80CFEB6FF09FF693F7C7FFB3863701DE
:10B4900013060A0163D0C62613771700E31E07E6DA
:10B4A00023267101832B84FF23286101B38B7A410A
:10B4B00003A74B001377C7FFB387E700338B370130
:10B4C000E344CBE483A7CB0003A78B001386C9FF1B
:10B4D000930640022326F70023A4E70093848B0001
:10B4E00063E4C62813073001938704006372C70220
:10B4F000032704009307B00123A4EB0003274400B3
:10B5000023A6EB0063EAC7261304840093870B018C
:10B510000327040023A0E7000327440023A2E70039
:10B520000327840023A4E70033874B01330B4B41EF
:10B530002324EC0093671B002322F70083A74B0012
:10B540001305090093F71700B3E7470123A2FB0097
:10B55000EF90CF8A032B0101832BC100032C8100C4
:10B560006FF09FE9832604001307B0012320D50064
:10B57000832644002322D500636EC714130784007A
:10B58000930785006FF09FDD8327C5FF032C8100A3
:10B5900093F7C7FFB389F9006FF09FE283A7CB0051
:10B5A00003A78B001386C9FF930640022326F700EA
:10B5B00023A4E70093848B0063E6C61013073001D1
:10B5C00093870400637CC702032704009307B0013C
:10B5D00023A4EB000327440023A6EB0063F8C71461
:10B5E0008327840023A8FB008327C40023AAFB0031
:10B5F000630CD60A1304040193878B01032704000C
:10B6000023A0E7000327440023A2E70003278400C8
:10B6100023A4E70093090B00938A0B00032B01017D
:10B62000832BC100032C8100138404006FF05FD9C9
:10B6300093050400EFC09FF16FF0DFD383A7C6002E
:10B6400003A786001386C9FF930640022326F7004E
:10B6500023A4E70003A78B0083A7CB0093848B0070
:10B660002326F70023A4E70063EEC6041307300186
:10B6700093870400E374C7F8032704009307B0011D
:10B6800023A4EB000327440023A6EB0063F0C70AC2
:10B69000032784009307400223A8EB000327C4007C
:10B6A00023AAEB00E318F6F40327040193870B02A7
:10B6B0001304840123ACEB000327C4FF23AEEB008B
:10B6C0006FF0DFF39305040013850400EFC01FE85B
:10B6D0006FF05FF4032784002324E5000327C400F0
:10B6E0002326E5006304F60613070401930705010A
:10B6F0006FF0DFC6B38A4A01B386464123245C015A
:10B7000093E7160023A2FA008327C4FF130509005C
:10B710009304040093F71700B3E74701232EF4FEC8
:10B72000EF80DFED032C81006FF01FCD1304840048
:10B7300093870B016FF09FEC13050900EF801FEC5E
:10B7400093040000032C81006FF01FCB83260401BB
:10B7500013078401930785012328D500832644011C
:10B76000232AD5006FF09FBF9305040013850400C2
:10B77000EFC0DFDD6FF05FDB8327840023A8FB00D1
:10B780008327C40023AAFB006308D6001304040126
:10B7900093878B016FF0DFD70327040193870B0298
:10B7A0001304840123ACEB000327C4FF23AEEB009A
:10B7B0006FF01FD683A7C1B86780070063840502B6
:10B7C0009307F00F63E8C7002380C500130510003E
:10B7D000678000009307A0082320F5001305F0FF01
:10B7E000678000001305000067800000130101FE60
:10B7F000232C8100232A9100232E110083A7C1B896
:10B80000130405009384060063820502E7800700A5
:10B810009307F0FF6306F5028320C1010324810131
:10B820008324410113010102678000001306000018
:10B8300093054100E78007009307F0FFE31EF5FC46
:10B8400023A004009307A0088320C1012320F40053
:10B850000324810183244101130101026780000058
:10B86000130101FE232C8100232A9100232E1100B5
:10B8700083A401C783A7C1B813040600630A0502A5
:10B880001386050093060400930505001385040044
:10B89000E78007009307F0FF630AF5028320C101E8
:10B8A0000324810183244101130101026780000008
:10B8B000930606009305410013060000138504005B
:10B8C000E78007009307F0FFE31AF5FC232004004C
:10B8D0008320C101032481019307A00823A0F40061
:10B8E0008324410113010102678000008397C50092
:10B8F000130101F8232C8106232E110613F72700CC
:10B9000013840500630407029387350423A0F50020
:10B9100023A8F5009307100023AAF5008320C10790
:10B920000324810713010108678000008395E50067
:10B93000232A9106232821072326310723244107A0
:10B940009304050063C6050813068100EF00403B21
:10B95000634E05068327C10037F90000B7190000C0
:10B960003379F900B7E7FFFF3309F90013391900FC
:10B97000130A00409389098093050A001385040087
:10B98000EF800FCC8317C4006308050693E7070810
:10B990002320A4002328A4002316F400232A440112
:10B9A0006310090AB3E737018320C1072316F400A7
:10B9B0000324810783244107032901078329C10642
:10B9C000032A810613010108678000008317C40061
:10B9D00093F7070813090000638E0704130A000495
:10B9E00093050A0013850400EF808FC58317C400F8
:10B9F00093090000E31C05F813F70720631E0704F2
:10BA000093F7C7FF93E72700130734042316F400C6
:10BA10009307100083244107032901078329C106E6
:10BA2000032A81062320E4002328E400232AF400CB
:10BA30006FF0DFEE130A0040930900006FF0DFF3B0
:10BA40008315E40013850400EF00C0316310050284
:10BA50008317C4006FF01FF58324410703290107F2
:10BA60008329C106032A81066FF05FEB8357C40068
:10BA700093F7C7FF93E717009397070193D7074101
:10BA80006FF05FF2130101F923248106138405008E
:10BA90008395E50023229106232021072326110602
:10BAA000930406001389060063CA05041306810087
:10BAB000EF000025634405040327C100B7F7000029
:10BAC0008320C106B3F7E70037E7FFFFB387E7003E
:10BAD0000324810693B717002320F90013070040C1
:10BAE00023A0E40037150000832441060329010642
:10BAF0001305058013010107678000008357C40008
:10BB000093F70708638807028320C1060324810690
:10BB1000930700002320F9001307000423A0E4008A
:10BB200003290106832441061305000013010107C0
:10BB3000678000008320C106032481062320F900CA
:10BB40001307004023A0E4000329010683244106D3
:10BB5000130500001301010767800000130101FEB7
:10BB6000232C8100232A910023282101232E110058
:10BB700013090500938405001304060063060500FD
:10BB80008327450363800716832784010317C400B6
:10BB90002324F40093778700638007088327040138
:10BBA000638C0706232631019316270193F9F40FBE
:10BBB00093F4F40F63D80608032704008326440196
:10BBC000B307F74063D8D70A83268400130617000B
:10BBD0002320C4009386F6FF2324D40023003701DA
:10BBE00003274401938717006302F70C8357C400AF
:10BBF00093F71700639A070C8329C1008320C101C2
:10BC000003248101032901011385040083244101D8
:10BC10001301010267800000930504001305090069
:10BC2000EFC00FC1631E05080317C40023263101AE
:10BC3000832704019316270193F9F40F93F4F40F6B
:10BC4000E3CC06F68326440637E6FFFFB72500005F
:10BC50003367B7001306F6FFB3F6C6002316E400F9
:10BC6000032704002322D40683264401B307F740A8
:10BC7000E3CCD7F49305040013050900EFB01FDCF3
:10BC8000631E050203270400832684009307100027
:10BC9000130617009386F6FF2320C4002324D40044
:10BCA0002300370103274401E312F7F4930504004E
:10BCB00013050900EFB09FD8E30005F48329C10004
:10BCC0009304F0FF6FF09FF39307A000E396F4F264
:10BCD0009305040013050900EFB05FD6E30E05F0ED
:10BCE0006FF0DFFDEF70CF906FF01FEA9307050054
:10BCF00003A501C713860500938507006FF01FE6B3
:10BD0000130101FF138705002324810023229100E2
:10BD100013040500930506001305070023261100F0
:10BD200023A401C8EF40DF8F9307F0FF630CF500F9
:10BD30008320C100032481008324410013010101F9
:10BD40006780000083A781C8E38407FE8320C100C9
:10BD50002320F40003248100832441001301010106
:10BD600067800000130101FF23248100232291003A
:10BD700013040500138505002326110023A401C820
:10BD8000EF401F909307F0FF630CF5008320C10084
:10BD90000324810083244100130101016780000016
:10BDA00083A781C8E38407FE8320C1002320F40019
:10BDB00003248100832441001301010167800000F6
:10BDC00003A701C7130101FF9387060013080600AC
:10BDD000232611008328C70093060500138705005A
:10BDE0001386070063000802B71702809387C7A86D
:10BDF000B71502809385C5A913850800EF00C0140C
:10BE0000EF00C0193708028093078823130888239E
:10BE10006FF01FFE130101FF9306060013060000DA
:10BE200023261100EFF0DFF9B3B7C502130101FFBC
:10BE30002326110023248100B385C5026390070ADD
:10BE4000EF800F80130405006300050A0326C5FF79
:10BE5000130740021376C6FF1306C6FF6368C704C4
:10BE6000930630019307050063F2C6022320050004
:10BE7000232205009307B00163F8C70423240500BB
:10BE80002326050093070501630CE60623A007009F
:10BE900023A2070023A407008320C1001305040088
:10BEA0000324810013010101678000009305000055
:10BEB000EF704FE78320C1001305040003248100C5
:10BEC00013010101678000009307850023A007008C
:10BED00023A2070023A407006FF01FFCEF00800BD4
:10BEE0009307C0002320F500130400008320C10045
:10BEF0001305040003248100130101016780000081
:10BF00002328050093078501232A05006FF01FF8F9
:10BF1000130101FC1303C1022326D102930603007F
:10BF2000232E11002328E102232AF102232C0103EE
:10BF3000232E110323266100EFA09F808320C101DF
:10BF40001301010467800000130E0500130101FCBA
:10BF500003A501C7130381022324C1022326D102B2
:10BF6000138605009306030093050E00232E11008F
:10BF70002328E102232AF102232C0103232E11039B
:10BF800023266100EFA0CFFB8320C1011301010430
:10BF90006780000003A501C767800000130101FF4F
:10BFA0001305600023261100EF00802A13051000FE
:10BFB000EF400FE483278511638607001305000017
:10BFC00067800000130101FF93050008232481000E
:10BFD0002326110013040500EF709FE6232CA41004
:10BFE0006304050293070508232005001305450097
:10BFF000E31CF5FE130500008320C100032481002B
:10C0000013010101678000001305F0FF6FF0DFFEF0
:10C01000130101FE232A9100232E11009307F00142
:10C020009304050063ECB70283278511232C81005C
:10C0300013840500638C070213142400B387870060
:10C040000324810103A5070023A0C7008320C101A9
:10C0500083244101130101026780000093076001FE
:10C060002320F5001305F0FF6FF05FFE9305000835
:10C070002326C100EF70DFDC23ACA4100326C1002F
:10C08000930705001307050093060508630A0500DA
:10C090002320070013074700E31CD7FE6FF0DFF9EA
:10C0A000032481011305F0FF6FF05FFA130101FF14
:10C0B00023229100232611009307F0019304050029
:10C0C00063E0B70A832785112324810013840500C8
:10C0D0006384070413972500B387E70003A70700CD
:10C0E000630C070293061000630CD7009306F0FF61
:10C0F0006308D70423A0070013850500E7000700A5
:10C1000003248100130500008320C1008324410023
:10C11000130101016780000013850400EF00C04394
:10C1200013060400032481008320C1009305050049
:10C130001385040083244100130101016F00803B3B
:10C14000032481008320C100930760012320F500B0
:10C1500083244100130510001301010167800000D2
:10C16000930760012320F5001305F0FF6FF0DFF95E
:10C170009307F00163EAB70C83278511130101FFD0
:10C18000232481002322910023261100138405001B
:10C19000930405006380070813172400B387E700A2
:10C1A00003A70700630C07029306F0FF6300D7069E
:10C1B000930610006300D7041305040023A00700B2
:10C1C000E7000700130500008320C100032481005D
:10C1D0008324410013010101678000008320C10016
:10C1E0000324810083244100130510001301010181
:10C1F000678000008320C100032481008324410064
:10C2000013053000130101016780000013052000B1
:10C210006FF09FFB93050008EF709FC223ACA41042
:10C2200093070500630E0500130705009306050834
:10C230002320070013074700E31CD7FE6FF0DFF54C
:10C240001305F0FF6FF05FF81305F0FF6780000043
:10C25000130101FF23229100232611009307F0010F
:10C2600083A401C763EEA70883A784112324810058
:10C27000130405006382070413172500B387E70042
:10C2800003A70700630A070293061000630AD7009A
:10C290009306F0FF6306D70423A00700E70007001A
:10C2A00003248100130500008320C1008324410082
:10C2B000130101016780000013850400EF00C0290D
:10C2C00013060400032481008320C10093050500A8
:10C2D0001385040083244100130101016F008021B4
:10C2E000032481008320C1009307600123A0F40090
:10C2F0001305100083244100130101016780000031
:10C300009307600123A0F4001305F0FF6FF0DFF93D
:10C31000130101FF23202101232611009307F001BF
:10C3200003A901C763E2A7042324810013040500C5
:10C33000032589112322910093840500630E0502D1
:10C3400013142400B307850003A50700032481000C
:10C3500023A09700832441008320C100032901000A
:10C360001301010167800000930760012320F90099
:10C370001305F0FF6FF05FFE930500081305090039
:10C38000EF701FAC232CA9109307050013070508B5
:10C39000630A050023A0070093874700E31CF7FE0C
:10C3A0006FF01FFA03248100832441001305F0FF7E
:10C3B0006FF09FFA130101FF2324810003A401C73A
:10C3C0002326110083278411638C070013050000C6
:10C3D0008320C10003248100130101016780000054
:10C3E0009305000813050400EF709FA5232CA410EB
:10C3F000630C05009307050823200500130545007D
:10C40000E31CF5FE6FF09FFC1305F0FF6FF05FFC7F
:10C41000130101FF23229100232611009307F0014D
:10C4200083A401C763E4A70C83A78411232481009C
:10C43000130405006382070813172400B387E7007D
:10C4400003A70700630C07029306F0FF6300D706FB
:10C45000930610006300D7041305040023A007000F
:10C46000E700070003248100130500008320C100BA
:10C47000832441001301010167800000032481002F
:10C480008320C10083244100130510001301010122
:10C4900067800000032481008320C10083244100C1
:10C4A000130530001301010167800000032481009F
:10C4B000130520006FF09FFB93050008138504000F
:10C4C000EF701F9823ACA41093070500630E0500BE
:10C4D00013070500930605082320070013074700EC
:10C4E000E39CE6FE6FF05FF5032481001305F0FF87
:10C4F0006FF0DFF7130101FF13870500232481008C
:10C50000232291001304050093050600130507007C
:10C510002326110023A401C8EF408F979307F0FF53
:10C52000630CF5008320C1000324810083244100B3
:10C53000130101016780000083A781C8E38407FE1F
:10C540008320C1002320F4000324810083244100C0
:10C5500013010101678000006F408F90B707100042
:10C56000130101FE938EF7FF33F8BE00B3F7DE0030
:10C5700013D346012328210113D94501939737008E
:10C58000232C81001318380013D4F5011357D5015B
:10C590009358D6011379F97F1373F37F232E11007B
:10C5A000232A91002326310193D6F601B3E8F8003F
:10C5B0003367070193153500131F3600B307694031
:10C5C0006304D41E6352F016630603289306F07FBB
:10C5D0006306D942930680031306100063CEF60269
:10C5E000B7068000B3E8D8009306F00163CEF65298
:10C5F00093060002B386F6403396D8003355FF0009
:10C60000B316DF003366A600B336D000B3D8F80007
:10C610003366D600330717413386C540B3B5C5002E
:10C6200093040600B309B7409397890063DA073291
:10C63000B70780009387F7FFB3F9F9006388092CE7
:10C6400013850900EF201001930785FF9306000270
:10C650003387F64033D7E400B399F90033673701E5
:10C66000B394F40063C8274BB3872741938717001F
:10C67000B386F6403396D400B3D9F4003336C00005
:10C6800033663601B316D700B3E4C600B359F700DA
:10C690001309000093F774006380070293F7F40016
:10C6A00013074000638AE7009387440033B697007E
:10C6B000B389C900938407009397890063DA076EF2
:10C6C000930719001307F07F130E04006386E72A0F
:10C6D000370780FF1307F7FF33F7E90093F7F77F7A
:10C6E0001318D70113D63400131797003368C80006
:10C6F0001357C7008320C101032481019397470189
:10C70000B3E7E7001317FE01B3E7E7008324410115
:10C71000032901018329C10013050800938507003F
:10C720001301010267800000638C0714B3072341E3
:10C730006312093C3365B7006304054C1385F7FFAA
:10C74000630205601308F07F638607579307800331
:10C750001306100063CCA702930705001306F0012F
:10C76000634CF656130500023305F5403316A70057
:10C7700033D8F5003395A500336606013335A000A4
:10C780003357F7003366A600B388E8403306CF403E
:10C790003337CF0093040600B389E8401309030040
:10C7A000138406006FF05FE86350F01E63100314FB
:10C7B000B3E6E801638C06269386F7FF638006489C
:10C7C0001306F07F638CC722930780039309100040
:10C7D00063CCD702938706009306F00163C0F64A44
:10C7E00093060002B386F640B399D8003356FF0093
:10C7F000B316DF00B3E9C900B336D000B3D8F800F0
:10C80000B3E9D90033071701B385B900B3B93501CE
:10C8100093840500B389E9009397890063D20714D4
:10C82000130919009307F07F630CF936B70780FFEF
:10C830009387F7FF13F61400B3F7F90013D714002A
:10C840003367C7001396F701B364E60093D9170066
:10C850006FF05FE4B3E6E801638A061C9386F7FF96
:10C86000638006401306F07F638AC718930780032E
:10C8700013061000E3C2D7DA938706006FF0DFD605
:10C88000130819001378E87F631C08223363B7008C
:10C8900033E8E80163100938630E03466306084075
:10C8A000B389E54133B53501330617413306A64058
:10C8B00013158600635E0550B305BF403387E8401B
:10C8C000333FBF003307E741131687009384050009
:10C8D000635E0652B70780FF9387F7FF3377F70051
:10C8E000138E0600930710006FF09FDF9306F07F12
:10C8F0006306D9109306800393091000E3C6F6F08F
:10C90000B7068000B3E8D8006FF01FED1385040070
:10C91000EF204054930785019306F001E3D8F6D247
:10C92000130785FF3397E40063C627233389274124
:10C930009307190063D6F648130919FE93060002FF
:10C94000B3542701638CD70093060004B387F640E5
:10C950003317F7003337E000B3E4E40013090000B5
:10C9600093F77400E39C07D29307090013D63400B1
:10C97000138709006F00000C9307F07F1307000076
:10C98000130800006FF01FD7638A070CB307234119
:10C990006302091E9306F07F6308D3329306800377
:10C9A0009309100063CEF602B70680003367D70004
:10C9B0009306F00163C8F63C93060002B386F64086
:10C9C000B319D70033D6F500B396D500B3E9C90043
:10C9D000B336D0003357F700B3E9D900B388E80085
:10C9E0003387E901B339370193040700B38919018B
:10C9F000130903006FF05FE263100802131635009D
:10CA0000135636001318D7013368C8001357370080
:10CA10003367070163060718130E00009307F07FC2
:10CA200037070800130800006FF0DFCC131635003D
:10CA3000135636001318D7019306F07F3368C800E9
:10CA400013573700E386D7FC1317C7001357C700E7
:10CA500093F7F77F130E04006FF0DFC993061900F8
:10CA600013F8E67F63180814B366B700631C09283F
:10CA700063820630B3E6E80163880622B387E501E6
:10CA8000B3B5B700330717013307B70013D8370022
:10CA900093178700130E040063DE0734B70780FF87
:10CAA0009387F7FF3377F7009317D70113573700B2
:10CAB00033E807013377D701930710006FF09FC366
:10CAC0003388E541B3B70501B3091741B389F9408C
:10CAD000939789009304080063C6071033683801F0
:10CAE000E31E08B4130E00009307000013070000B4
:10CAF0006FF05FC01305F07F630EA31A1305800368
:10CB000013061000E344F5C8370680003367C700FA
:10CB10006FF0DFC4B70980FF9389F9FF3309F9404B
:10CB2000B37937016FF01FB7938607FE1306000233
:10CB3000B3D6D800638AC70013060004B307F640D3
:10CB4000B397F800336FFF003336E0013366D60049
:10CB50006FF09FACB70680FF9386F6FFB307F940EE
:10CB60003377D7001318D7013368380113573700CC
:10CB70006FF09FEDB366B7006386061E9386F7FFDE
:10CB8000638E060A1305F07F6380A7149307800362
:10CB900093091000E3C6D7E4938706006FF05FE1C6
:10CBA000130E04009307F07F130700001308000022
:10CBB0006FF05FB49307F07FE384F6FE338FE501F7
:10CBC000B335BF00B3071701B387B7001396F7015A
:10CBD000135F1F00B364E60193D9170013890600A1
:10CBE0006FF05FAB3306BF40B387E8403337CF0009
:10CBF00093040600B389E740138406006FF01FA476
:10CC000013163600135636001384060013870800E7
:10CC10006FF05FE2E31203DE6306081C13D73800EF
:10CC2000131636009398D801336717011356360050
:10CC30003367C700138406006FF0DFDD338FE50133
:10CC4000B3081701B335BF00B389B80093978900C3
:10CC500093040F0063D4070E130920006FF01FBD6B
:10CC6000338FE541B3081741B3B5E50193040F00D5
:10CC7000B389B840130910006FF01F9B938607FE1D
:10CC800013060002B3D6D800638AC7001306000457
:10CC9000B307F640B397F800336FFF00B339E001F4
:10CCA000B3E9D9006FF05FB613163500935936001B
:10CCB0006FF05FEB13163600135636001384060030
:10CCC000138708006FF01FD4131636001356360072
:10CCD000138708006FF01FD3138507FE13060002A9
:10CCE0003355A700638AC70013060004B307F64054
:10CCF000B317F700B3E5F5003336B0003366A6008E
:10CD00006FF0DFA8E38206FC33EFE801E3160FD0F3
:10CD10006FF0DFCEE30808DC131836009397D801D4
:10CD20001358380013D738003368F8003377D70129
:10CD3000138E0600930700006FF0DF9B930710002F
:10CD40006FF0DFC2B305BF40B388E8403337BF00A0
:10CD500093840500B389E84013840600130910008A
:10CD60006FF09F8C13163600135636001387080099
:10CD70006FF05FCC13163600935936001387080006
:10CD80006FF05FDE938607FE13060002B356D700EE
:10CD9000638AC70013060004B307F640B317F70011
:10CDA000B3E5F500B339B000B3E9D9006FF05FC364
:10CDB00013D6340093070900138709006FF09FC74B
:10CDC00093060002B386F640130600006FF05F8BF7
:10CDD00033E8C900E30808D093D9390013070600E7
:10CDE0006FF05FD8130E00009307F07F370708003D
:10CDF0006FF05F909317D7011357370033E807019F
:10CE00003377D701930700006FF0DF8E1318D70137
:10CE100093D535003368B8001357370013840600E4
:10CE20006FF09FC2130101FD232E310193D94501FB
:10CE3000232481022322910223202103232C410158
:10CE4000232671019394C50023261102232A510140
:10CE5000232861012324810193F9F97F130405003C
:10CE6000930B06001389060093D4C40013DAF5016E
:10CE7000638A09189307F07F6388F9089394340054
:10CE80009357D501B3E7970037078000B3EAE7006F
:10CE9000131B3500938919C093040000130C000084
:10CEA000935749011314C90093F7F77F1354C40033
:10CEB0001359F901638207081307F07F638AE718A3
:10CEC0001314340013D7DB0133678700938717C02F
:10CED000370480003364870093983B00B389F9409E
:10CEE000130600001307F000B3462A016364972479
:10CEF000B7170280939424009387C7ACB384F400DF
:10CF000003A7040067000700B3EAA400639E0A1C9D
:10CF1000935749011314C90093F7F77F130B0000CF
:10CF2000930480009309F07F130C20001354C40075
:10CF30001359F901E39207F8B36874016382081C7E
:10CF4000630A044A13050400EF10D070930705002C
:10CF5000930655FF1307D001938887FF3307D74007
:10CF60003314140133D7EB0033648700B3981B01EB
:10CF7000B38737019389373F130600006FF09FF6A0
:10CF80003307F74013068003635AE64E9307000009
:10CF900013060000130700008320C102032481024E
:10CFA00093974701B3E7C7009396F601B3E7D7001D
:10CFB00083244102032901028329C101032A81013B
:10CFC000832A4101032B0101832BC100032C810023
:10CFD0001305070093850700130101036780000014
:10CFE0009307F07F13060000130700006FF0DFFACD
:10CFF000930600009307F07F370608001307000030
:10D000006FF09FF9B3EAA400638C0A1063880440B0
:10D0100013850400EF10106413070500930655FFF5
:10D020009307D001130B87FFB387D740B3946401F4
:10D03000B357F400B3EA9700331B64019309D0C0DF
:10D04000B389E94093040000130C00006FF05FE522
:10D05000B368740193891980639C080A93E42400DF
:10D0600013040000130620006FF0DFE713090A0025
:10D0700013840A0093080B00930720006308FC4EFA
:10D0800093073000E306FCF69307100093060900AF
:10D09000E30EFCEE9387F93F6356F02A13F778000E
:10D0A0006316074A13177400635A0700B70700FF97
:10D0B0009387F7FF3374F400938709401307E07FE9
:10D0C000E340F7F293D838001317D40113169400F5
:10D0D000336717011356C60093F7F77F6FF0DFEB46
:10D0E000130C06006FF05FF9938A0400130B050020
:10D0F0009304C0009309F07F130C30006FF05FDAE7
:10D1000093E4140013040000130610006FF09FDD79
:10D1100093E4340093880B00130630006FF09FDC1B
:10D12000130B00009304400093090000130C10003F
:10D130006FF01FD76364542B63808A2A13030B009C
:10D140009389F9FF93870A00130B000013178400DB
:10D150001355070133D4A70213D688013366E600BE
:10D1600013180601135808019395880013570301FB
:10D17000B3F7A702B308880293970701B367F700D4
:10D1800063FA1701B307F6001307F4FF63F0C72E25
:10D1900013040700B3871741B3D8A702131703017D
:10D1A00013570701B3F7A702B30F180393970701AB
:10D1B0003367F700637AF7013307E6009387F8FFD8
:10D1C000637EC7289388070013140401B702010087
:10D1D000336414011383F2FFB3786400935E040197
:10D1E00013DE050133F36500330F13033307F741F3
:10D1F000B3081E0393570F01B38F6E02B388F80173
:10D20000B3871701B38ECE0363F4F701B38E5E00CC
:10D21000B70F0100938FFFFF93D80701B3F7F70112
:10D2200093970701337FFF01B388D801B387E701E4
:10D23000636E1717630A1717B307FB4033071741CD
:10D24000333BFB00330767416300E62EB358A70268
:10D2500093DE07013377A702330F18031317070173
:10D2600033E7EE00637EE7013307E600938EF8FFB5
:10D27000636AC72E6378E72F9388E8FF3307C700F8
:10D280003307E741B35EA7029397070193D70701DE
:10D290003377A7023308D80313170701B3E7E70072
:10D2A00063FE0701B307F6001387FEFF63E8C72A92
:10D2B00063F6072B938EEEFFB387C70093980801A0
:10D2C000B3E8D8011395080113DF080113550501D0
:10D2D000B30E6502B38707413305AE0213D70E01C3
:10D2E00033036F02330565003307A700330EEE03E7
:10D2F0006376670037050100330EAE003708010082
:10D300001308F8FF135507013377070113170701B7
:10D31000B3FE0E013305C5013307D70163F2A7122F
:10D32000B307F6001383F8FF1388070063E4C71CF4
:10D3300063E8A7246386A7269308030093E81800F0
:10D340006FF05FD513071000E39C07C29389E94192
:10D35000B3973801B337F000B3193401B3E737019D
:10D36000B3D8E800B3E8F80093F778003354E4004A
:10D370006380070293F7F80013074000638AE70011
:10D3800093874800B3B8170133041401938807004A
:10D390009315840093071000130600001307000084
:10D3A000E3CC05BE6F004013E378FBE8B30EBB008F
:10D3B00033BF6E01B30FCF003307F701138B0E009D
:10D3C000930FF4FF6374E60863621715638EE81227
:10D3D00013840F006FF05FE6E3621BD713571B0047
:10D3E0001393FA0193D71A003363E300131BFB0175
:10D3F0006FF0DFD513850B00EF10D0259306550194
:10D400001307C00193070502E356D7B4130585FF40
:10D41000930800003394AB006FF09FB5EF1090239A
:10D42000930655019307C00113070502E3DAD7BE3F
:10D43000930785FFB31AF400130B00006FF01FC0B1
:10D44000E39EA7EEE30807C46FF09FEDE312E6F852
:10D45000E30C0FF613840F006FF01FDEE374F7D7B1
:10D460009388E8FF3307C7006FF01FD6E3F217D3A6
:10D470001304E4FFB387C7006FF0DFD11306F00198
:10D48000E356E6EC130610FEB307F640130600025F
:10D49000B357F4006308C7009389E943B319340113
:10D4A000B3E83801B3381001B3E8F80013F7780097
:10D4B000130600006308070293F7F8001307400003
:10D4C00013040000638AE70093874800B3B817018C
:10D4D0003334100193880700131694001317D401F6
:10D4E0001356C60093D8380033E7E80093070000CE
:10D4F0006FF09FAA93080300E312A8E4E30CB7B807
:10D5000093E818006FF01FB9E3F4FEECB38ED50179
:10D5100033BFBE00330FCF001304E4FF138B0E00A4
:10D520003307E7016FF05FD1130720C09387F93FFE
:10D530009308F0FFE3C8E9E013874800B338170108
:10D5400033041401930807006FF0DFB513F7F800F8
:10D5500013064000E308C7B46FF01FFE930E0700E8
:10D560006FF0DFD593880E006FF09FD1930609000E
:10D570009307F07F13060000130700006FF0DFA190
:10D58000139315003338B3003308C80033880701FC
:10D590009388E8FF93050300E302A8F66FF01FDA13
:10D5A000E3E0E5FE93080300E31CB7F46FF09FAEE1
:10D5B00013D74501B70710009387F7FF13D846012B
:10D5C0001377F77F1303F07F33FEB700930805004E
:10D5D000B3F7D70093D5F5011378F87F93D6F6010A
:10D5E00013051000630C67006308680063140701EB
:10D5F0006306FE026780000067800000E31CE8FE0F
:10D60000B367FE00B3E7C700B3E71701E39407FE73
:10D61000B385D5403335B00067800000E39CC8FC7B
:10D62000638AD500E31807FC336E1E013335C00151
:10D6300067800000130500006780000093D8450153
:10D64000B70710009387F7FF13D7460193F8F87FC9
:10D65000130EF07F33F3B70013080500930E050097
:10D66000B3F7D70093D5F501130F06001375F77FB5
:10D6700093D6F6016388C8056304C503639A080658
:10D68000336803016310050633E6C700630C060820
:10D690006312080A13051000638206086780000001
:10D6A00033E6C7006314060863960800336303017A
:10D6B000E30203FE6380D50663920506130510009E
:10D6C000678000003363030163120306E31615FF4E
:10D6D000B3E7C700639C0704E390D5FE1305000081
:10D6E00067800000E30808FAE398D5FC6F00800229
:10D6F000E30405FCE392D5FCE34015FD63CCA800F0
:10D70000E3EC67FA6318F300E368DFFB130500003E
:10D71000E3F6EEF913051000E39205F81305F0FFA8
:10D7200067800000E31A08F8678000001305E0FF37
:10D7300067800000E386D5FC6FF01FF893D84501A1
:10D74000B70710009387F7FF13D7460193F8F87FC8
:10D750001303F07F33FEB70013080500930E050096
:10D76000B3F7D70093D5F501130F06001375F77FB4
:10D7700093D6F601638A6804630465026398080619
:10D7800033680E01631E050833E6C7006304060A0A
:10D790006316080A130510006380060867800000FE
:10D7A00033E6C70013052000E31A06FE639608005F
:10D7B000336E0E01E3000EFE638CD504639E0504F8
:10D7C0001305100067800000336E0E0163100E0613
:10D7D000E31615FFB3E7C70013052000E39007FC2D
:10D7E000E39ED5FC1305000067800000E30805FCFC
:10D7F000E396D5FCE34415FD63CCA800E3E0C7FD48
:10D800006318FE00E36CDFFB13050000E3F8EEF99C
:10D8100013051000E39405F81305F0FF678000007E
:10D82000E30A08F6E39CD5F86FF09FFE130520008D
:10D8300067800000E31408F867800000E380D5FCEF
:10D840006FF0DFF7130101FD93D745012324810217
:10D850002322910223202103232E3101232A510167
:10D860009394C50023261102232C41012328610132
:10D87000232671012324810193F7F77F1304050008
:10D88000930A06009389060093D4C40013D9F501C6
:10D89000638407421307F07F6386E70A9396340098
:10D8A0001357D5013367D700B7068000B364D7009C
:10D8B000131A3500138C17C0130B0000930B0000D4
:10D8C00093D749011397C90093F7F77F138F0A0085
:10D8D0001354C70093D9F9016380070A1307F07F37
:10D8E000638EE7141317340093D5DA01B3E5E5002E
:10D8F000938717C03707800033E4E500139F3A0091
:10D90000B3888701130300001307A00013851800D4
:10D91000634C670BB345390193072000138805005A
:10D9200063C66715130BFBFF1307100063606717CF
:10D93000630AF33C93040400130A0F00930B0300E3
:10D940006F00C00933EAA40063180A3C93D7490169
:10D950001397C90093F7F77F93040000130B80001F
:10D96000130CF07F930B2000138F0A001354C70091
:10D9700093D9F901E39407F6B36754016382073C36
:10D980006300044A13050400EF10C04C930805001F
:10D99000130755FF9307D001138F88FFB387E74024
:10D9A000B3D7FA003317E40133E4E700339FEA0109
:10D9B000B3081C419388D8C01307A00013030000CC
:10D9C00013851800E35867F59305090093072000B5
:10D9D000638AFB3293073000638CFB489307100087
:10D9E00013880500639AFB46930700009306000026
:10D9F000130700008320C10203248102939747018B
:10DA0000B3E7D7009316F801B3E7D70083244102A8
:10DA1000032901028329C101032A8101832A4101CB
:10DA2000032B0101832BC100032C81001305070088
:10DA300093850700130101036780000033675401D9
:10DA40009308FC7F630A0730371700003348390119
:10DA500013070780136B3B009306A0009305080093
:10DA60003305EC0063C06639130330001306100061
:10DA70003316660113770653E31A07F493770624E7
:10DA80006394073C137686086312062EB70F0100D5
:10DA9000938EFFFFB377DA0193560A01B37EDF015D
:10DAA000135E0F013387D7033383D60393550701E2
:10DAB0003306FE0233066600B385C500338FC60306
:10DAC00063F46500330FFF01B70301001386F3FF12
:10DAD00033F3C500935F04013377C7003374C40088
:10DAE00013130301B38287023303E30093D50501C7
:10DAF0003387860213D60201B387FF02B387E7009C
:10DB00003306F600B387F6036374E600B387770045
:10DB1000370901009309F9FF3377360193D30401E4
:10DB2000B3F63401B3F2320113170701B384DE02F6
:10DB300033075700135606013306F600B385E50098
:10DB4000B302DE0293D70401B38ED303B382D201B2
:10DB5000B3875700330E7E0263F4D701330E2E01D4
:10DB6000B7090100938EF9FFB3F2D70193D70701EC
:10DB7000B387C701B3FED401939202013309D402E3
:10DB8000B382D20133848302135E0901B386DF02BC
:10DB9000B3868600330EDE00B38E7F0263748E0080
:10DBA000B38E3E01B70F0100938FFFFFB376FE01E6
:10DBB000939606013379F901B385E501B386260111
:10DBC0003386C60033B7E5003307E600338F5500D0
:10DBD000B307F700B335BF00B385B700B336D6003F
:10DBE0003336C700B3E6C60033B7E700135E0E0155
:10DBF000B3B7F500B386C6013367F70093179F00EC
:10DC00003307D700B3E767003307D701B337F00016
:10DC100013567F011317970093D67501B3E7C7001A
:10DC20009395950033EAB70093177700B364D70054
:10DC300063D0070213571A0093771A009396F401E2
:10DC4000B367F70033EAD70093D4140093080500B4
:10DC50001386F83F6356C01293777A0063800702F9
:10DC60009377FA0013074000638AE70013074A001E
:10DC7000B3374701B384F400130A07009397740085
:10DC800063DA0700B70700FF9387F7FFB3F4F400E8
:10DC9000138608409307E07F63C4C71C93573A007C
:10DCA0001397D401939694003367F70093D6C60078
:10DCB0009377F67F6FF01FD433EAA40063080A0657
:10DCC000638E041213850400EF10C01813060500BC
:10DCD000930655FF1307D001930786FF3307D740FC
:10DCE0003357E400B396F400B364D700331AF4005A
:10DCF0009307D0C0338CC740130B0000930B000078
:10DD00006FF01FBC138805009307F07F9306000097
:10DD1000130700006FF01FCE130A0500130BC0009D
:10DD2000130CF07F930B30006FF09FB99304000049
:10DD3000130B4000130C0000930B10006FF05FB842
:10DD4000136B1B0093080C0013040000130F00005A
:10DD5000130310006FF05FBB136B2B001304000064
:10DD6000130F0000130320006FF01FBA9304040088
:10DD7000130A0F00930B0300938509006FF01FC572
:10DD800013071000631006109388E84133161A0138
:10DD90003336C000B3981401B357EA003366160156
:10DDA0003366F60093777600B3D5E400638007020C
:10DDB0009377F60013074000638AE7009307460055
:10DDC00033B6C700B385C5001386070013958500D9
:10DDD000930710009306000013070000E34C05C0F2
:10DDE0006F00C0101307F0006310EB12130800005F
:10DDF000B7060800130700006FF0DFBFEF108005C3
:10DE0000930655019307C00113060502E3D4D7EC2E
:10DE1000130585FF130A0000B314A4006FF05FED33
:10DE200013850A00EF100003130755019307C00183
:10DE300093080502E3D0E7B6130585FF130F000032
:10DE40003394AA006FF0DFB6130800009307F07F49
:10DE5000B70608006FF01FBA930805006FF05FDF88
:10DE60009307F07F93060000130700006FF09FB840
:10DE7000130800009307F07FB7060800130700009F
:10DE80006FF05FB73307C74093078003E3CEE7B473
:10DE90009307F001E3DAE7EE930710FEB387C7407C
:10DEA00093060002B3D7F4006308D7009388E843D1
:10DEB000B3981401336A1A01333640013366F60011
:10DEC0001377760093060000630807029377F60045
:10DED0001307400093050000638AE700930746009C
:10DEE00033B6C700B335C00013860700939695007C
:10DEF0001397D50193D6C600135636003367E60054
:10DF0000930700006FF01FAF93040400138A0A0008
:10DF1000930B3000938509006FF05FABB7071000DB
:10DF20009387F7FF130101FEB3F8B70033F8D7006A
:10DF300093D7460193983800232C81002326310182
:10DF400013D4F50193D945011357D501131838009F
:10DF50009355D601232E1100232A91002328210155
:10DF600013FFF77F1303F07F3367170193F9F97FEE
:10DF7000130E04009318350093D6F601B3E505019E
:10DF8000931E3600630C6F2093C61600B387E941D9
:10DF90006302D416E35AF000630A0F246384693CD9
:10DFA000930680031305100063CEF602B7068000C7
:10DFB000B3E5D5009306F00163C4F64E9306000264
:10DFC000B386F6403395D50033D6FE00B396DE0017
:10DFD0003365C500B336D000B3D7F5003365D5003F
:10DFE0003307F7403385A84033B6A80093040500F3
:10DFF0003309C7409317890063D80734B7078000F7
:10E000009387F7FF3379F9006306092E130509009A
:10E01000EF005064930785FF930600023387F640B4
:10E0200033D7E4003319F90033672701B394F400C0
:10E0300063C4373FB387374193871700B386F640F1
:10E040003396D40033D9F4003336C0003366C900A8
:10E05000B316D700B3E4C6003359F70093090000A4
:10E0600093F774006380070293F7F40013074000EE
:10E07000638AE7009387440033B597003309A9000A
:10E08000938407009317890063D0076C9387190066
:10E090001307F07F6386E724370780FF1307F7FF36
:10E0A0003377E90093F7F77F1318D70113D53400BE
:10E0B000131797003368A8001357C700137E140086
:10E0C0008320C1010324810193974701B3E7E7004F
:10E0D0001317FE01B3E7E70083244101032901017F
:10E0E0008329C1001305080093850700130101026D
:10E0F000678000006352F07063160F1CB3E6D50111
:10E10000638E06269386F7FF63880646638C672432
:10E11000930780031309100063CCD702938706008E
:10E120009306F00163CAF64893060002B386F640F0
:10E130003399D50033D6FE00B396DE003369C900AB
:10E14000B336D000B3D7F5003369D9003307F700F1
:10E150003306190133392601930406003309E90017
:10E160009317890063D2071E938919009307F07FE4
:10E170006388F916B70780FF9387F7FF13F514003C
:10E18000B377F90013D714003367A7001395F7018D
:10E19000B364E50013D917006FF09FEC33E8D501A5
:10E1A0001383198063080806630AD4066304030E08
:10E1B000638E0926131536001355350013840600A7
:10E1C000138705001318D7013368A80013573700C9
:10E1D0003367070163060710130E00009307F07FF3
:10E1E00037070800130800006FF09FEDB3E6D50174
:10E1F000638606189386F7FF6382063A6384671680
:10E200009307800313051000E3CED7DC9387060045
:10E210006FF05FDA93C61600E31AD4F863080318A8
:10E220006390092C9307F07FB36617016388064853
:10E230009386F7FF638206341305F07F6382A72A73
:10E24000930780031309100063CAD7029307F001F4
:10E2500063C6D74C93070002B387D7403319F70042
:10E2600033D6D800B397F8003369C900B337F0004C
:10E27000B356D7003369F900B385D5003307D90108
:10E2800033392701930407003309B90093090F00BC
:10E290006FF01FED9387190093F7E77F63940714DE
:10E2A00033E8D501B36717016394092A638E0738F1
:10E2B0006310083C1315350013593500930700000F
:10E2C0006F0040116380690A9306800313091000F0
:10E2D000E3C0F6E8B7068000B3E5D5006FF05FE471
:10E2E000137E14009307F07F13070000130800004B
:10E2F0006FF01FDD13850400EF00D0359307850113
:10E300009306F001E3DAF6D0130785FF3397E400B4
:10E3100063CE371BB38937419387190063DEF6421A
:10E32000938919FE93060002B3543701638CD7001A
:10E3300093060004B387F6403317F7003337E00045
:10E34000B3E4E4009309000093F77400E39E07D060
:10E350009387090013D53400130709006F0080026A
:10E36000E31C08E6131535001318D70113553500C3
:10E370003368A800135737006FF09FE51315350079
:10E38000135535001318D7019306F07F3368A800A2
:10E3900013573700E38ED7E21317C7001357C70090
:10E3A00093F7F77F137E14006FF09FD193861900C7
:10E3B00093F7E67F639E0712B3671701639A0924F8
:10E3C00063860730B3E7D501639A0730131535002C
:10E3D000135935001318D701336828011357370034
:10E3E0006FF09FFB3388D841B3B708013309B740BA
:10E3F0003309F940931789009304080063C2071298
:10E4000033682801E31208C0130E000093070000D0
:10E41000130700006FF0DFCA370980FF1309F9FF07
:10E42000B389F940337927016FF09FC39307F07FD9
:10E4300033651701630405101388F7FF6302081E94
:10E440001305F07FE388A7D69307800313840600A3
:10E450001305100063CA07039307F00163C407198B
:10E4600093070002B38707413315F700B3D60801BD
:10E47000B397F8003365D500B337F0003358070180
:10E480003365F500B38505413385AE4033B7AE0043
:10E49000930405003389E54093090F006FF09FB5A1
:10E4A000938607FE13060002B3D6D500638AC70021
:10E4B00013060004B307F640B397F500B3EEFE0071
:10E4C0003335D0013365D5006FF0DFB1B70680FF7B
:10E4D0009386F6FFB387F9403377D7006FF09FEF4D
:10E4E0001315360013553500138705006FF09FCDC7
:10E4F0009307F07FE386F6DEB38ED80133B61E01B4
:10E50000B307B700B387C7001395F70193DE1E006A
:10E51000B364D50113D91700938906006FF05FB477
:10E5200033861E41B387E54033B7CE00930406001F
:10E530003389E740138406006FF01FAD13163600D1
:10E540001355360013840600138705006FF09FE310
:10E55000E39807E06306082213D735001316360048
:10E560009395D5013367B700135636003367C7005C
:10E57000138406006FF01FC6B38ED801B305B70031
:10E5800033B61E013389C5009317890093840E00AA
:10E5900063D8070A930920006FF0DFBDB38ED8411E
:10E5A000B305B74033B6D80193840E003389C54014
:10E5B000930910006FF01FA4938607FE1306000254
:10E5C000B3D6D500638AC70013060004B307F6402C
:10E5D000B397F500B3EEFE003339D0013369D900AB
:10E5E0006FF01FB7930708FE93060002B357F700BA
:10E5F000630AD80093060004B38606413317D70098
:10E60000B3E8E800333510013365F5006FF0DFE75C
:10E61000E38807ECB3EED501E3900EBC6FF09FD416
:10E6200033861E41B385E54033B7CE009304060020
:10E630003389E54013840600930910006FF09F9B17
:10E64000930710006FF01FD1E30008DC13163600AB
:10E65000935736001398D501139795003368F80047
:10E660001357C700138E0600930700006FF05FA5D5
:10E670003389D841B3B728013306B7403306F64093
:10E680009317860063D2070E33861E413387E54019
:10E69000B3BECE003307D74193178700930406001B
:10E6A00063DE0712B70780FF9387F7FF3377F70022
:10E6B00013840600930710006FF01F9F1316360097
:10E6C00013553600138705006FF0DFCB13163600A5
:10E6D00013593600138705006FF0DFCFB386D801DA
:10E6E000B307B70033B61601B387C7001397870087
:10E6F00013D83600635E0708370780FF1307F7FF5C
:10E70000B3F7E7001397D701939797003368070192
:10E7100013D7C700930710006FF09F9A938706FEE8
:10E7200013060002B357F700638AC60013060004FD
:10E73000B306D6403317D700B3E8E80033391001E9
:10E740003369F9006FF09FB313D534009387090044
:10E75000130709006FF01FC393060002B386F6404B
:10E76000130600006FF09F8E3368C900E30E08C8DF
:10E770001359390093070000130706006FF09FC577
:10E78000130E00009307F07F370708006FF05F93C8
:10E790001397D701939797003368070113D7C700E2
:10E7A000930700006FF0DF91E38607AE33083F4127
:10E7B00093070800E38E09C69307800363CA070125
:10E7C000B70780003367F700138406006FF0DFC8D7
:10E7D00013840600130510006FF01FCB1318D70128
:10E7E000135636003368C8001357370093070000EC
:10E7F000138406006FF05FBAE38A07BAB3063F419D
:10E8000063960900938706006FF01FA293078003A9
:10E8100013091000E3C4D7A6B70780003367F700D9
:10E820006FF0DFA213D74501B70710009387F7FFFA
:10E830001347F7FF13D84601B3F5B700B3F7D70076
:10E84000931657011378F87F638006021307F07F51
:10E85000130500006304E80067800000B3E7C70009
:10E860003335F00067800000B3E5A5001305100004
:10E87000E38E05FC6780000093D74501B7061000C2
:10E880001387F6FF93F7F77F1306E03F3377B70060
:10E8900093D5F501635EF6001306D041635EF60082
:10E8A000370500801305F5FF3385A500678000005C
:10E8B0001305000067800000130630433306F6405E
:10E8C0001308F0013367D7006350C8029306304144
:10E8D000B387F6403357F7003305E040E39C05FC6F
:10E8E00013050700678000009387D7BE3317F70032
:10E8F0003355C5003367A7006FF01FFE130101FFFA
:10E90000232611002324810023229100630A050499
:10E910001357F541B344A700B384E44093070500BF
:10E920001385040013D4F701EF00C0529307E041B0
:10E93000B387A7401307A00093F7F77F6340A706AC
:10E940001307B0003307A74033D7E4001305550180
:10E950001317C700B394A4001357C7006F004001FA
:10E960001304000093070000130700009304000045
:10E97000939747011314F401B3E7E7008320C10024
:10E98000B3E7870003248100138504009385070003
:10E99000832441001301010167800000130555FF26
:10E9A0003397A4001317C7001357C7009304000040
:10E9B0006FF01FFC130101FF2324810023261100A7
:10E9C00013040500630C0504EF00C0489307E04101
:10E9D000B387A7401307A00093F7F77F6344A70608
:10E9E0001307B0003307A740130555013357E40060
:10E9F0003314A4008320C100130504001317C700BB
:10EA0000032481001357C70093974701B3E7E7003A
:10EA10009385070013010101678000008320C10076
:10EA2000130504009307000003248100130700006E
:10EA300093974701B3E7E7009385070013010101AE
:10EA400067800000130555FF3317A400130400006E
:10EA50008320C100130504001317C700032481009D
:10EA60001357C70093974701B3E7E7009385070063
:10EA700013010101678000008325C50083278500FD
:10EA8000032805008326450013960501130101FEA6
:10EA900013971500135606012324F1002326B10015
:10EAA000232CF100232001012322D100232801017E
:10EAB000232AD100232EC1001357170193D5F50146
:10EAC000930801019307C1011315360003A6C7FF80
:10EAD0009387C7FF9356D601B3E6A60023A2D700BB
:10EAE000E394F8FE930617001318380013961601E6
:10EAF000232801011356260163020604B7C6FFFF4F
:10EB0000938606403307D7009306E07F63D4E61070
:10EB10009307F07F130600009306000093974701C8
:10EB20009395F501B3E7C700B3E7B7001385060077
:10EB3000938507001301010267800000032641014D
:10EB4000832881010325C101B3661601B3E6A6003F
:10EB5000B3E60601631407046382061493065000AB
:10EB60001306000093D736009316D601B3E6F600DD
:10EB7000131696009377F77F1356C60093974701B5
:10EB80009395F501B3E7C700B3E7B7001385060017
:10EB90009385070013010102678000006384061259
:10EBA00093D7C80113154500B3E7A700B706800047
:10EBB000B3F6D7006382061C370780FF9356C60161
:10EBC000939848001307F7FF33F6E700B3E6160102
:10EBD000B70740003366F60093F686FF9307000000
:10EBE00013D736009316D601131696001356C60097
:10EBF000939747019395F501B3E7C700B3E6E600A5
:10EC0000B3E7B700138506009385070013010102DF
:10EC100067800000635CE00C8327410103258101CC
:10EC20000326C10193964700B3E6060193D7C701B7
:10EC300013184500131646001355C501B336D0000E
:10EC4000B3E707013366A600B3E6F60093F7760054
:10EC50006380070293F7F60013054000638AA7005C
:10EC600093874600B3B6D7003306D60093860700D5
:10EC7000B7078000B377F600E38607EE13071700A7
:10EC80009307F07FE306F7E8B70780FF9387F7FF66
:10EC90003376F6009377F77F6FF09FF493070000C9
:10ECA00013060000939747019395F501B3E7C7005A
:10ECB000B3E7B7001385060093850700130101022F
:10ECC000678000009307F07F1306000093974701C9
:10ECD0009395F501B3E7C700B3E7B70013850600C6
:10ECE0009385070013010102678000009306C0FCB2
:10ECF000634CD7089306D003B386E6400327C101CF
:10ED000013DE5640B70E0800B3EEEE0013152E00CA
:10ED1000232ED10193F6F6013388A800138608004C
:10ED2000130700000323060013064600336767003D
:10ED3000E31AC8FE130630003306C641639A060480
:10ED400003280800938616009387470023AE07FF29
:10ED5000634ED6003388A700032808009386160068
:10ED60009387470023AE07FFE356D6FE9307400084
:10ED7000B387C7416F004008930500009307F07FF9
:10ED8000370608006FF09FD9130700006FF01FDDF2
:10ED90001308050233082800032808FF130F000298
:10EDA000330FDF403318E80133670701630E0608AD
:10EDB00013182600B30FF8003386A80003250600B9
:10EDC00003234600938747003355D5003313E301EF
:10EDD0003365650023AEA7FE13064600E390FFFEF1
:10EDE00093074000B387C741130608023306260085
:10EDF000B3DEDE002328D6FF93064000B386F6403C
:10EE0000939626009397270013068000B388F80096
:10EE100063EAC60023A0080023A20800938686FFA9
:10EE2000938888009307400063E4F60023A008005D
:10EE3000832701013337E00003264101B366F70061
:10EE4000130700006FF09FE0930710001308000005
:10EE50006FF09FF9B7070100637AF50213370510C9
:10EE60001337170013173700B70702803355E50033
:10EE700093870737B387A70003C5070093060002EF
:10EE8000B386E6403385A64067800000B7070001DF
:10EE90006374F50213070001B70702803355E500DC
:10EEA00093870737B387A70003C5070093060001C0
:10EEB0003385A6406780000013078001B7070280F2
:10EEC0003355E50093870737B387A70003C50700CD
:0CEED000930680003385A6406780000098
:10EEE000696C6C6567616C20696E737472756374AC
:10EEF000696F6E20657863657074696F6E206861F4
:10EF00006E646C657220656E74657265640A006576
:10EF100063616C6C20657863657074696F6E2068DE
:10EF2000616E646C657220656E74657265640A005A
:10EF300065627265616B20657863657074696F6E78
:10EF40002068616E646C657220656E7465726564BC
:10EF50000A00756E6B6E6F776E20657863657074EE
:10EF6000696F6E2068616E646C657220656E746591
:10EF70007265640A006E6F20657863657074696FEE
:10EF80006E2068616E646C657220696E7374616C6A
:10EF90006C65640A00000000556E696D706C656DEB
:10EFA000656E7465642073797374656D2063616C3C
:10EFB0006C2063616C6C6564210A00004819FFFFD6
:10EFC0004819FFFFC418FFFFC418FFFFC418FFFF54
:10EFD000C418FFFFC418FFFFC418FFFF4819FFFF44
:10EFE0003819FFFFC418FFFFC418FFFFC418FFFF44
:10EFF000C418FFFF3819FFFF3819FFFF101AFFFF71
:10F00000C418FFFFC418FFFFC418FFFFC418FFFF98
:10F01000C418FFFFC418FFFFC418FFFFC418FFFF88
:10F02000C418FFFFC418FFFFC418FFFFC418FFFF78
:10F03000C418FFFFC418FFFF4819FFFFC019FFFFE6
:10F04000C418FFFFC418FFFFC418FFFFC418FFFF58
:10F05000C418FFFFC418FFFFC418FFFFC418FFFF48
:10F06000C418FFFFC418FFFFC418FFFFC418FFFF38
:10F07000F419FFFFC418FFFFC418FFFFC418FFFFF7
:10F08000C418FFFFC418FFFFC418FFFFC418FFFF18
:10F09000C418FFFFC418FFFFC418FFFFC418FFFF08
:10F0A000C418FFFFC418FFFFC418FFFFC418FFFFF8
:10F0B000C418FFFFC418FFFFC418FFFFC418FFFFE8
:10F0C000C418FFFFC418FFFFC418FFFFC418FFFFD8
:10F0D000C418FFFFC418FFFFC418FFFFC418FFFFC8
:10F0E000C418FFFFC418FFFFC418FFFFC418FFFFB8
:10F0F000C418FFFFC418FFFFC418FFFFC418FFFFA8
:10F10000041AFFFFF017FFFF9418FFFFA018FFFF7E
:10F110007C17FFFF7C17FFFF7C17FFFF7C17FFFFAB
:10F120007C17FFFF7C17FFFF0018FFFF7C17FFFF16
:10F130007C17FFFF7C17FFFF7C17FFFF7818FFFF8E
:10F140000018FFFF80000000800000008000000029
:10F1500080000000800000008000000080000000AF
:10F16000800000008000000080000000800000009F
:10F17000800000008000000080000000800000008F
:10F18000800000000D08FAFDF6F60105FC01FB0702
:10F19000FEFEFAF206F6F9EBE0DAD8D8D6F109026B
:10F1A000112A2533D3C6C3D2F9FFFAF723282F2417
:10F1B000100A110BDFF10625DFEF0D2CE1F11D1C0C
:10F1C000E2F2051AF3000A0BE4EB1815E502170C3E
:10F1D00000F90DFDFB01162000FEF30201EEDAE35B
:10F1E000030E1900F7E1EA19F1E8F924E8E4062B27
:10F1F000EEEF0A202517FFFEFCF0FFFBEBFDF513F9
:10F20000F1FE0C1D1024FCD5341423F82C1D0EFB2C
:10F21000140A2006C8031B1BE4191B15171C27F52D
:10F220001610E7C50114231CEDF0161BDFD6E5FB15
:10F2300001F2F7F308E4F51C1AF4D2041906F401FC
:10F24000FD1401FA111125361D1A1121F9F4F203EA
:10F25000D0D0CDDFFCFBEBEB19FFE0BF130D05DADF
:10F260001636310F081D3534DED3F332E2E2CCFD21
:10F27000FCF5E6E4FFEFF4F010F7FE030C0CF9FFE9
:10F2800015FCF6F380000000800000008000000004
:10F29000800000008000000080000000800000006E
:10F2A000800000008000000080000000800000005E
:10F2B000800000008000000080000000800000004E
:10F2C000800000008000000080000000800000003E
:10F2D000800000008000000080000000800000002E
:10F2E000800000008000000080000000800000001E
:10F2F000800000008000000080000000800000000E
:10F3000080000000800000008000000080000000FD
:10F3100080000000800000008000000080000000ED
:10F3200080000000800000008000000080000000DD
:10F3300080000000800000008000000080000000CD
:10F3400080000000800000008000000080000000BD
:10F3500080000000800000008000000080000000AD
:10F36000800000008000000080000000800000009D
:10F37000800000008000000080000000800000008D
:10F38000800000008000000080000000800000007D
:10F39000800000008000000080000000800000006D
:10F3A000800000008000000080000000800000005D
:10F3B000800000008000000080000000800000004D
:10F3C000800000008000000080000000800000003D
:10F3D000800000008000000080000000800000002D
:10F3E000800000008000000080000000800000001D
:10F3F000800000008000000080000000800000000D
:10F4000080000000800000008000000080000000FC
:10F4100080000000800000008000000080000000EC
:10F4200080000000800000008000000080000000DC
:10F4300080000000800000008000000080000000CC
:10F4400080000000800000008000000080000000BC
:10F4500080000000800000008000000080000000AC
:10F46000800000008000000080000000800000009C
:10F47000800000008000000080000000800000008C
:10F48000800000008000000080000000800000007C
:10F49000800000008000000080000000800000006C
:10F4A000800000008000000080000000800000005C
:10F4B000800000008000000080000000800000004C
:10F4C000800000008000000080000000800000003C
:10F4D000800000008000000080000000800000002C
:10F4E000800000008000000080000000800000001C
:10F4F000800000008000000080000000800000000C
:10F5000080000000800000008000000080000000FB
:10F5100080000000800000008000000080000000EB
:10F5200080000000800000008000000080000000DB
:10F530008000000080000000800000000004000047
:10F5400000040000000400000004000000040000AB
:10F55000000400000004000000040000000400009B
:10F5600000040000C9FBFAE4E6DA1EE3FBE4E72C42
:10F57000F8EDF9E9F21DF61C1E21DAD9DC10F2EDE6
:10F58000E7F4FD3A06FBD5291BFCE92C1CDFFE0342
:10F5900028E9F92E26EBEDD8F7EFEBF322F9FCD6AC
:10F5A0002F24F6E2EBE61CE23201143C2C2AF6FB97
:10F5B0001EFCF8F8FADD28ECECE912E00CEDF82C72
:10F5C000E812DF2725E91BD9021F0EE231DED0E762
:10F5D000ECFD26F027E300FB07E5061427F3F6FD14
:10F5E000DBD7F8DFF8FDFCF902210AE72EF3F5DCA2
:10F5F000E3F3E4FF05F6F5EDDDE60E34E204EBDDC2
:10F60000DDF028EEE12427F92DFA20FB02EDE5E6F6
:10F6100029233AE722DA06ECF6EF3004FA1FE1F884
:10F6200004DD3431EAFBEDE1F1F8D3EB25DB012A0F
:10F63000E6D0EFF5EBE4F0EE1316093507181DD709
:10F64000F3E5F1EEE7EDEFF2DA1CFA3521E5DB1632
:10F6500022D10BF8F4DB2EEC25E0E315E826321A74
:10F66000E836EDE4F2CA18F3E5EF01E5F316291FD9
:10F67000EBD92A2B0DECEB19E52FF1DAF0E7FE3789
:10F68000FCEBF5EC13F1293635EF2A32FAF9EE35B9
:10F69000E7273032DFDB0027D5EF03162CFEE4E549
:10F6A00030F408271B1DCCCD391EDEE80702070702
:10F6B000E5FD2D13142021F32CF3EEF5E92FF7E4EB
:10F6C00007CFCEC1FF32F014F70102F238E40AD5B9
:10F6D00004FDE52D19D63716D721DFEC20F5D4E649
:10F6E0002831D4E2282F14E4F41D31E0D130D1F3D5
:10F6F000D0C7E42BFB11F92A27D81BDFEDF4E5EA8C
:10F7000017E72AFFE811FA31E90124FFF81FDAF0C0
:10F71000FCE6E836D9ED2522CC1BFF2D23E4D923C6
:10F7200005ED08FC0CE4F9E81DFDD90D32F2E1E429
:10F730003AE92F03E2F82EF81422D81D362CD4E330
:10F74000E2D9F8F8E5E3EDEF37CEE63728E2E6E771
:10F750002306ECF8E4F3D42F282FF0F7E7ECD639A2
:10F76000FBDDE4F0FE2201EB1CE9F7CBFDDBFB0B3C
:10F77000393310002EE3DDE6EEE314EE0BFDFFFA65
:10F78000EB06E5F6DBE6DE1BD629EB0F2BEBE832CA
:10F7900027D9E5FDEE39DD302431EFCFF32EED3200
:10F7A0002027DB1DDC39EB2EFB2B17E1FB1E0B1595
:10F7B000ED22E5F9ECEFE4EEFAF2ECDF2EF1E4F6FF
:10F7C000ED2FF0E7FC33E3F6CEE4191BDBFBF8DEAC
:10F7D000EFF6E0FDFE2E1D00EAFEFFD125F6E1F07A
:10F7E00016C9CFE00F2DE70740F237EBDDE9DC2348
:10F7F000FEFC312CE2E53034F8ED2721F336CDE57F
:10F80000092AFDE11BD5F0E539FCDBF634FBE4E722
:10F810001C09FA2906FE302303EF1C26EEDEF7DA78
:10F820001DF0E2FDEA04CF26F1F8CB24EA06DBF76F
:10F83000EB1F37E4D62D11F027DD29E70BFA32E371
:10F840001B361ACE2422FDD421F0252FFC2EFBF3EB
:10F850001D2925F5FAFE23E7281C04FDE205F2F236
:10F86000E713C8EE01D420CC2E1DD8F8D33BF319F2
:10F870003524E93715D3ED0ED11FF4F4030DE8FA62
:10F88000010E2128E02AF5ECFF1B272AF415F725A5
:10F89000E4E5EDF60C0EDB1800F6D6CD2D1DD0FEFE
:10F8A0002FFEE1EE14331DD409E0F9FB00D624F15C
:10F8B00022F4212217DAFEE426EAED2E293414FD83
:10F8C0002EE6EBEA22EA2110EDE306E3DF25E2195A
:10F8D000FB360406F5D516E214CFD4D405E2F43B8A
:10F8E000E001E5F30510DFDBD7FAD7E938E61415B8
:10F8F000E5FAE30CE3EFE7EEEF18EDE5D8DF18E506
:10F90000E7E3FC2EF4E401F1EA1922272A15EC289A
:10F91000D939F0FDEE21E9F91E0AE1D805ECEC3702
:10F9200006F800DEF22EEAE7F701EC232FEFED38C0
:10F930002FDAF0F4D7F02913D12F0B3BF2EE01E0D0
:10F940000B00F22C17F126D221E6F2DFE6F4CF23EA
:10F95000F0E8D9222D4B27EC18F1F5F0F81832E534
:10F960000DEBFCE5E0DE06E9F8ED3AE130E5EFD637
:10F9700036CFFFD125E6E3EDE803FCDBF6E7271BF6
:10F980002736ED31DEE2102ADEDC2220F24435F6A5
:10F99000EFE72500E0E000F5EBCE3139040D03F38D
:10F9A000D8DD15D829D9EDD4EE06F501EA1FEADB3A
:10F9B00021F4F82907F12BDDE2221E2235252FFB49
:10F9C000FDF6D92EEFCEFB10F41CE1F8EAFAD8EDE3
:10F9D000ECE3F61FE5110D31F0D2EEFCD1290C0D50
:10F9E000E12E3D091BF318E51FCFEBFCE03121F8B8
:10F9F000F23128D9EBE326FD13E623DCE9F4FCE23F
:10FA0000FF20F3D9EC26E725EB22E6F533DEF2ED15
:10FA1000FF2C342CC7E028EC3212E832212F29E5E4
:10FA2000D6170400DA001032D11CF70112F71E2697
:10FA3000F1FEF71AEEED192AE72F2414D1FF350055
:10FA4000ED1CD9FA21180F2827DEF8DFD6FCE21CBE
:10FA50000ED8E3D2EB060D04DD32DF30E50FEEF811
:10FA6000F9F3271710EB142BF20CC02002F0F40D61
:10FA70002D29E0D216182A23ECD7DCE31C051D1A29
:10FA80002BFA25F6E02311E2F91B041505ECE9E752
:10FA900028253EDF463DF132E9150B26D4F010252E
:10FAA000EAECD5DE35EC06D60AEB27EED1E0031CF6
:10FAB000D0DF1FF22AE6FC3125D5EA0912FB1CFA39
:10FAC000001826131D322401F1FD22FACBDDCFCE22
:10FAD000CF220FCF250628E337F70A211A2BEFEBA9
:10FAE0002EDC0F002914C3F4EA2C06DC0EF4F1F02E
:10FAF000FCCC14261BF1223CE10B33EFF700EDD3D5
:10FB0000F73809EBDB22E5E5252F100F2BCBC8FCDE
:10FB100019FADD38ED28E2FA0BD9E41DDAEEEDE052
:10FB2000DC0DC9CCC431241833F3F222E0E7C5D38D
:10FB3000D425251B1014D403271AF60905332B20CE
:10FB40000EEA0C0BF506F7F002F40DEAFAF60705DB
:10FB50000A0A0B080F0CDAF507E9140B00F60AFC89
:10FB6000F608F6FDFD08F5F008090413FB0BF0FAA2
:10FB70000817020EF8FEFDF5FFFBF20A010300E490
:10FB800014010907F30213F4020E06FC0AFEF6F54F
:10FB90000B0203FD02FD03EAFF0AE8F7F2FB170D73
:10FBA000F1FF0FFC0BFA05FFF6EE0601F907F3FA79
:10FBB000FA0724ED17050508F20D10F9F5EF03FE1D
:10FBC00002FE040CF50806FD04F9FDFF1B29FF0DDC
:10FBD000F315EAFC04FBFB1801E003010101FF0738
:10FBE000080114FC05F40FFD13E5F01200FFFAFA0A
:10FBF00002EC04FD0DFA06FF0EFEFB0500FD1CFDE8
:10FC0000FEEA03FDFE01001504F6F714FA01F3ED18
:10FC10000BFE00FB0A0B1103D7F922F9F7FEFAFAE3
:10FC200004DB000AFEF5FAF50AF305181917160C9D
:10FC3000F303050303FDF51102F900FCFA0C01F9C9
:10FC4000080A0C0F04DAF6FAE808E7F900FC0400E9
:10FC5000FFF6F9F804F40EF612FE0E061113F91968
:10FC6000ED04EDFCFC0F06F2FDFB040C0DF80005A5
:10FC7000F2FAE714E6F927F5F713F80001EF06E8C2
:10FC800003FC0101F8FC0B0FED062306F0FE121534
:10FC900000F2010DFDED0205F4F601E4F404FC01AF
:10FCA000080A21FFE5E6AD04F7E6FB0D02EDF103DE
:10FCB000FCF5FDDBFBFE01F71DFF0E05D3F9E1FEB0
:10FCC000FFF5EFFB090FFE09FE04FAF701F704FB4D
:10FCD00003FAF0F4F9F11D03EEEAFFF7FDEFFFF68A
:10FCE000090600FCFF05FB0B0DFCFB020DE71103F1
:10FCF000E420F7FB08F3060CFFFBEAFCFEF402FE2F
:10FD00000A0315FA0C0810F8ED0BD6FCF5F9FE0500
:10FD100002F909DE06FE00EF11FD12E5F5F2E6FD3F
:10FD2000291BE8070704F7EEFBF8F222FEF5080AA4
:10FD3000F7FCF703F4DE48F70CD5270405F3F5E0EC
:10FD4000FEEEE6F4F0EF0C01F2090215F0E32C19D7
:10FD500004FF0D0FFDF6FBFC04EFFFDFE4FF05EEF3
:10FD60000706170406BE05FFE6C5EDFD01FDFADE38
:10FD700001F1F2ECFFFAFDEA130C1320CFEBF6478A
:10FD8000F62DF10CFBFC0EEA05F5F30EE80DFCEC8C
:10FD9000E3E8FE12EDDA230D3E1007100C01FDD44E
:10FDA0000805F7F9F5FE03020308132DF3E6DD2538
:10FDB000130A0001E8F2FBD80505EDF5F509E805A1
:10FDC000FA071A17F9FC0E04190AF1EBF8FB04EA1A
:10FDD0000D0802050010F1F8FEEF0F04EA0D1134D2
:10FDE000D4F501F7F6FFF8EEF71CFAF2FB04FA3C43
:10FDF000FBF60DF5F6DDE1080600F400040A050C3B
:10FE00000A19F9DFECFEF4170E14070609F6090FBC
:10FE10000408FA07FB1405EA01F5FDF2F5FFF10508
:10FE200027EBEDF8FC382D1EF21F0DFD020E07EC3E
:10FE30000AD80C170B09E913F3F3E11C09414AD95D
:10FE40000EFD0900F503FB05FC18110B0BF50C1A50
:10FE50000C09F41B06010FEEE1FA0CFD010D05067D
:10FE600005010510140801200001ED23FE2018F300
:10FE70001D0C010AF70FFF0304E401FB0BFB020B4F
:10FE8000F5F9F2FDFB270CFD1A18FFFD0704090226
:10FE900001FCFDECFF05FF10020710F5FA0400EA73
:10FEA00018150200FEFFFE06FFF404120BFEFA1006
:10FEB00004FF09FC070F05FB26150B0AFA0001FFDA
:10FEC000FCED08E703FE0A0EEFF900FCEB01E0FA97
:10FED00000FC0CFB00FBFBF1FE190B1B050C1B02CD
:10FEE000F902190B09F5020BFD1F080002FEFCF3D5
:10FEF000F81EF924F80B0D0CFD18F007E700F7F7D2
:10FF00001626FAFDFAFC0FF8F20201F6FDFE0D09C5
:10FF1000F7FE1924EBD4FD121B16F205FE0008F2C1
:10FF2000F61D060DFF06000201FAEAFCECF3BB1D0C
:10FF30001312EAF8051101F9020DFCEC020203F7B5
:10FF4000130AE2040E17FFFEF80B0008091403F56C
:10FF500001FF031F010FF9000D07EFD3EC18FEE8B6
:10FF6000FD0A050802FF04F6041C06E4EF03F3068D
:10FF7000FE0619DEED00E0FE05F40CF4F90BFB09BA
:10FF8000FAD90FEF0400F300FB07FEE0FEF0F701E3
:10FF900007FCFFFC0208F401FDEEF80B1304030953
:10FFA000F6EFF6F517E715D6FEFE02FDF6FFFDFDAE
:10FFB00003F903ED0EF8FA15FBFBFB01F90608EB5C
:10FFC0000FB2F705FD02FD2006F307F20CF4031251
:10FFD00007F9EBDDF0012803D6FCF7F4020A08FB71
:10FFE00007EE090DFEF91002FF0BE7F20F1A17F6E4
:10FFF000D118E7FE07FEF72603EAFB00010407120B
:02000004800179
:1000000004FA0BF807F506F308F1F70406F8000701
:10001000FFEB03FF0902FF000B0C00F3F3FBEADD2B
:100020001EEB03FFF6F9F6E5FA00011306FE07FDE5
:10003000FEEEF626F8E027031BFE0B0CF800FAF3A1
:10004000FEDBFDFDE3FE0D0AF7F8F72706F5F0F2FB
:10005000FDE10BFE05F7FFFAF0E606F8FF07130DCA
:10006000050802FE16F4F80E0C1AFCF6FD0707F45C
:1000700001F5F8F1F6081AF6120003170401FD1A4B
:100080000123F512EE0002F6FEFAFFF9FF02F82551
:10009000FAF5FDEFF2DAEB0F150406F9FC070AF1A9
:1000A000FDED01FBFCFC09270BFDFE1809F9F10F22
:1000B00007F4FF04FDFC03E1FF1000FDFF0AFC0B49
:1000C00005F8F21E00FFEC04FD12EFF2FF0404F449
:1000D00003FBFC040508FDFFF8EF18EF111310FBFC
:1000E000E0EF07F6FCF700F4001D0C210DF8FA20F4
:1000F000EB0B18EFF3E90004D305F4010F0104162C
:100100000722F302EE00F718FD1510FAF7F5E2FBEF
:100110000003F3FFFEF7FFFDF9FE06E60FFE000009
:100120001AF9EFF0F111E610F8F3EC010AFE00F312
:10013000F8E0FCE70A070A0C05ECFC01E2113A09B9
:100140000DFF0300FAFEF906F81AFAEA1308FBECB1
:10015000050D12F6F0FCC8FD1507FA02F50809E9CD
:1001600008FF020F0EFDFAF01D0102F8EEF1FD0E80
:100170003E1D15F10405FFE0FF1FFA1DFCFAFF020A
:100180001609F7FEDC0F2B1A0D1111F9000AFFF00A
:10019000FE02FE21030CFBFA05FADDF2ECF550033A
:1001A000FDE5FC030604071A03FC18010E0EFEFD14
:1001B000040513F30537E4F6FB24EA0D000CF9EB14
:1001C000FF0303FE1B0701030D00FDF90A00F9FC04
:1001D00008220B0509FBFFDCFFF70B15050E061DBA
:1001E000F7F9E10AF4F604000D2A19FFFE0500FEF6
:1001F000000004FD14FEFA22F2ECDB05F52432F2D5
:1002000009FA0402F9F9061E04F90BF2FD09FEF1E0
:10021000FB03130807ED01F3DD15ED0BFF010DF1F5
:100220000B19FBFC0417FBEBEFF4FAFDF6FBDC0B00
:10023000F425EF01FE0D01F307FA0AF41B050C0685
:10024000FA00E90F1B1007FA02FC0501FAFF080883
:100250000BEA06F503030E0AF1FC01110808F9D7B1
:10026000FA1202010D03030DF7FE07EE0DFFFB006E
:10027000FF040AF5EE11E1030CE800FE0406071185
:100280000F0F0E12010107EB0EF9DFEFFB0BEFF979
:1002900009F007020004F9FFFAE30B100FFFFE0557
:1002A000F3F505F82000FCF5FEFC1907FFFE04E954
:1002B0000202050AF7F607FFF6FF16111FEDE2FB33
:1002C000F339030EF9F305F10417FDF205FAF7FC13
:1002D00002060D0D1A140C0005FE0F0BF1000809A3
:1002E00006E707FBFBF8FB120507FC07FD1016F6F7
:1002F0000A25110E0B0CF2F4090D01FBE5FF0909AB
:10030000FFFF0EE701F6DCFE080C00010DF1FDF920
:100310000421FA0AFB01ECF6020F230616F2D5FFC0
:10032000EFFDF6FC05FD0FFF0C1604F61004FA06AF
:1003300009FA0DF10A201AFEFB2409FA0A0801093C
:10034000FD0EFBF8FC070606100501EB0714FEF294
:10035000F9F30305F809FAF4FD240103F601FEF2AE
:100360000C0A0AF00703F30B101C0007F3FA0A1437
:10037000F51800FE01FFF4FBFD0E03E7F7F0E6F6CB
:10038000FFF900F604040012FFE6031506F2FE0E64
:100390001DF6FDE3FC2918FF03F408FF02FFFC2E05
:1003A000FA1602FC1EF7FBF7F7F5F6E30F10FBF168
:1003B000031803050501FCF2F4F7FD1706ED00EF45
:1003C000FFE80B070B03F5F8FE0CFE100300F8071F
:1003D000FD080305FC02FF100E05F5DF110606ED12
:1003E000F21305F001FA04ECFA0F0E03170308F1FB
:1003F000FC031012FDC608F3EB04FE06FFF606EC44
:1004000009F10BE51EFD0F12E10A17E6D401E21710
:10041000E906EFF3020300FEFF0204EB09F8F52200
:10042000EE0F1EEBBFD0BAE8E500E6FDFE00F70BCD
:10043000F809FBEC01F909160B0A04E8CFEFE80B09
:1004400008DBF4FAFDFCF7EF01E903FFF300FFF02E
:10045000FEFDE9FEF4E516F809F402FD03FEEFF4F3
:1004600004FC0312FAF5F5E604FB1106FA0018FC89
:10047000D6CF090BF900FB0EFBFE0216E60801EED3
:10048000080BF90C0BFA0704EEF5F8FC05FD09144E
:10049000FA0B03EDEB10FFF400F100F6FF09FB048B
:1004A000ECE1FCF4FDF9FAFF01F8FD02FA0C0100A1
:1004B00003F2000F00E2F90D0508F7FFFAFD0DFC4D
:1004C000021A0610E3FEF90A14F3E62CF5E4051708
:1004D00008480DF6FA04FE1101F9F9F21301F3FCD4
:1004E00000F7E901F81A0D06FBEC0BFFFAF808F922
:1004F0000CE9FF03FAF3F005F400EA17FC221AEC0A
:10050000F9F406F1FDFCF600FFCDFBF4F706FCFF65
:100510001407FF1A1215F9FFEA030602FB08FE068C
:10052000F7E803030703021E05FEE918F9150AEEB2
:100530000CFE0200030A07FAFDFF06F5120306107F
:10054000E9F8F9FAFA0FFA06DBF8FFFCFEFF06FD00
:10055000F303000A0EF9040BE9FF08001907D7D1CD
:100560000F05FEFB0507031AFBEA0C0304F3021256
:10057000FAFFF81B0827E300EF06F503FA0AF8274D
:10058000FF13FA0D0BF302FEF7F1E7211F0FF4F84A
:1005900005F205FF090702FFFB00ED070105000E4C
:1005A000F7F4FD1729FE04FCF6F304FD05FDFFFA40
:1005B000061EFD06010605F9F4F309F403DDFA1839
:1005C0002807F70100F9FCE20223F8F2F30502FD27
:1005D000FB03F70F01F8DCFF00100FFB0207F9E740
:1005E0000805FD01FE1AFC09FDFFF505E7EFF6031E
:1005F000F51313FD0E0D0002FF1B0110FBFA0A0498
:1006000002FDF4EA02FFF5010DDDFE040709080D05
:1006100007F0F90CFCFFFC16F3081CD60BF5F4F6FA
:1006200005E507FB0B13FDFC0B02F8FE0A06F5FCC3
:10063000070607F8FE2DE703F80F160B0512010950
:10064000FCEE21E924FEFEF7EF02F4FFF40EF4EDD8
:10065000FBF913FD0400FBD4FF0809F80CFD05FAB3
:10066000F812FBF7F9FE1D011A0F06F2FF0301F560
:10067000FD23FB030EF40901FAFFF5E80902F60A6F
:10068000091805FF070606060CF901D81A02FF161D
:10069000E7FD0A3301160AEF060FEE17000801FD09
:1006A000001DF9E905080B04F6F9FE0CEB10C6FA7B
:1006B000DB13F2FB06FCFEE7F817090C11F1FEF95B
:1006C0000411E3020917F80609EDFC08F70A020D08
:1006D00001EA0901EE01FC05E7F6DC09D113ECD2D1
:1006E0001119FF0200F7FF12F824FAF6F209010EC1
:1006F000020F19C8FAFAD6FA07D7F002010D021252
:10070000FBEC00FE10FE07F906F7F6D3F7F7E7F16A
:1007100022F91307000BFF03FCB805000E07EC13CA
:10072000F1EE0D0516FBECCEFBFC0007F90AFD12FD
:10073000F7FE0804F3030F0DF6FF14102709D0D9B4
:10074000021000FE05F9F7ED05EBEFF0F7FD0308E9
:1007500014F708F6F8F3DB05FEE8EE1003120017B5
:10076000F1FB0202F4040D0FE900FDF1EDF3DD17DA
:10077000203EF5010205F2F50B01FEF911F6F30D2D
:10078000FDFAF0F209010BFD091016F7020E08FC44
:1007900000FE0203FDF40407F6FBF6FF160405F65F
:1007A000FA0701FE020502F407F002F2F003FFFD72
:1007B000FD07F809FFEFDD03F2E5FFF90808091668
:1007C0000AFE09EF1007FC0CFC0AFB0CED0BE0FE27
:1007D000010CFDFF03FFF603010FFCFF090006FFFC
:1007E000001B0402FCEBFFEE0913FD060A0002FEEB
:1007F000010A040310F70BFB05FB0CFBFDF30F0BC9
:1008000003050C07FB0603FCFE0001100305FFFBBC
:10081000F6FC1208FA15E30DF208F801FFF3F500F3
:10082000F91B0811F8F6FFEAE50509F60005E9E805
:10083000EE09F20C01F4F9040510F60F01FC06F9BB
:100840001410F0E909E5FCF20EFAF600FC09FA06CC
:1008500004F9FEF5EFFAFAF800FB1AF4EAECED1EE3
:10086000F108FB0102F1FE020801FFEBF5FF00F6C3
:10087000F10314E4FBE9E7050EEB0B020FF301FEB5
:1008800004FB0CD5F6FF00EB0EFC18E6E5D9F7F0FB
:10089000F8F8F40400F7EFF406F200EDF60F03F5B4
:1008A000100DF8F401FCEA09F4E8FEFC0DFCFEFA78
:1008B00005F4FDF1FEF8FF0010F811FBFEEEF41A4E
:1008C000022803050702050D051303F308090205B5
:1008D000FF060C04F928F7F7D6F509F904FE04F72A
:1008E000FCED10E903F600F9192306081C0A0BF3C6
:1008F00005D4160701F704DAFD2106F4F50A02FA19
:100900000F072506FAEAFAF4111EE903FEF902F2CE
:1009100002410219F704E8F3161843EBE5EC11F273
:100920000BEEFFF212050203001305F10602FF04AD
:100930000C100617050416FE0C2412F5F80FFB0721
:1009400006E002E804FB03FF010AF3E5152315DEC8
:10095000F2F60A040D01FBE007160FEEF1F3F2E4E4
:1009600005F709FDFD14F21619140EF50E0BF9E941
:100970000926050A0503F512060CDCC6F907EE0682
:1009800009060301F4050202FCFA10FA07FE02024E
:10099000090DFFF20A1505E9E6E50A03FDF4F8057D
:1009A000F50914031BF808F4FCFD04E10005E4114B
:1009B000E813F010031216F9001507191AFC0F08B6
:1009C0000502EB030E22F20BFA0A0809F80D0E08D5
:1009D00004F9100B0102020FFB01E9DF041F2BD603
:1009E000F80117F8FAFBFC0FFDF702F006F1FC0A1C
:1009F000F8EA23EDF205F009D304FDFEFCF7010A45
:100A0000FFF116E1030503120E090EDBE4F4B7153E
:100A1000F6F6E802FE0DF802FDF5090214FB0000EF
:100A2000EC1108F5F7E0D2E9E3F9FB06F00301EF7A
:100A300003F5FAF407F60E0FF90A0A0BFFF612ECAB
:100A40001CF7FBF3FE0404E301080507FC0402F2B3
:100A5000F3FAF80405DCF3180919E701FE0DFEF6B8
:100A6000030B06160E04FEFFE8F8F90BEE19E60D6F
:100A70000C280004F907FD0006E6070502FB050740
:100A8000E9FAD7F3EC37FCEFEDAC1A10FFFFFC0AE4
:100A900008EE03F8FEEFFE10ECF8FD16050FE0ED92
:100AA000EBE0FFFAF5FDFDFD03FA06EC0104F11C95
:100AB00009EF06E7F00FE30CEAE4F208100804F986
:100AC00004DD08F10C06FA1BF505F6FBE7F7010259
:100AD000120B05E8FD02FEF5032404360804180392
:100AE000010CF4FA11DEEEF6011D030203F403F229
:100AF000021A0B1D03FF10FAFAEA21F01EE3F0FDC3
:100B0000FFF314EE01FFFCF6F7E903F7090D02E429
:100B100001FC0114FE1205FEF8F5F2FBF10D030FC6
:100B2000FC15FD0F08000AF6EEFAEDDF03F51AEFEB
:100B3000EDFC0DF5F700FE080808FAF6E9F7F8FAFB
:100B4000F707E7E803F9F5FAF0ED0BFBFDEC09FA1E
:100B500003F5FFEFE700F4FDF5FFF5C802DCED0754
:100B60000A0E000000FFFCFCF8F21002FE0803F27F
:100B70001009FB0E0216F9FD2010FFFDF5FEF7FC33
:100B800002F50111200E0AF705EBEB07FAFE2EE243
:100B900007060F010004F801FCEB0B1A0F08FFF920
:100BA0000C0A10E907F0DEF9F0F8F2FC04FB070E7E
:100BB00004EFF1FFFD01F6F207F8260405FEDDDC87
:100BC000FBD801FEFBFBFAF008F000E3F5FBF4DED6
:100BD000F7FDE4FAF3F408F5F8F11104FB0100F471
:100BE000F7EAF9F9ECF904EB0AF00C1FFFFEE60650
:100BF000DDDD09F504FDFE031015F2FEEE0900E34C
:100C00000003081DF7F7D9FDF407EC0AFDF505FE12
:100C1000FCF50216FEFA070115FF08FEE0F70F17B4
:100C2000FD05FA01FDF106F0F6EFFB06F1FBFAFD1A
:100C3000EA01FA09F807FF0B03160D020803F5F0A5
:100C40000417F6F6FDFBF6FCF206FF0702E7EE13CB
:100C5000FF0FF2F6FEF1FA0108FF0BDAEFFAF40DDE
:100C60000D04060F01ED0AF6F2F9FEF903F506038D
:100C7000FDFAFCEC0AFBFC0CFD031D120211F9301D
:100C8000F709FC06EB0202F7F902F100F806F90198
:100C900005080CE6F2F8F100090109FCFCF303F188
:100CA000FC0DF4F8F105FD03180AFBEDF9F308FA61
:100CB000F6EAFC0602EF05F8000B0006F6FD01F966
:100CC000FBFEF20307ECFA0BEFFAF50200F8FF0166
:100CD0000C12F712FA08070403F805F4D0EFFC1819
:100CE000F1F6F402F901EFF1FC05F8FB0C01010B40
:100CF000080CF8F7F7091403DC100303FEF4F803FB
:100D0000F316F4F3EC05FEFD18FDF7F91FF83801B2
:100D1000EBFDE8F6FF04F4F9F4E000E9100800F454
:100D20000708FCF804F13F2402F7F2FAF502F6EEA8
:100D3000FEF505F7FBFA0403EDF702FAEAF91C0FDA
:100D4000FB0207FAF2FFFB0701F3F90A06F5FE01C1
:100D50000502EF021BFA2707FD0EF501FAF6FEFF6A
:100D6000FB02013613F8070B0BFB00160B110804EE
:100D7000EB02F60603FB081F00FC00F215F500FC71
:100D800014030512101609F10CE604F70103070518
:100D900003F308EF02F60AF30305FB05E8EEE5FAB4
:100DA00014E8FEFDF8FD060800FEEA06F4FEFA0E61
:100DB000F6F101EEF7B7250314D7030700F804EAAC
:100DC0000203E2F8F7FEFE0AFF0213FEF8D0CE237C
:100DD000081DF90406F50005030A0BF3FB050A04D8
:100DE000110A20040D02FB1B09280800FCFBFAFB7A
:100DF000FFF603FDF60805F2050BF4261204FE11BA
:100E0000F90B01F502E600E4FFFEF302E410000234
:100E1000EEF4F6DCF9CE0B1125F7FAFDFFF7FE0A2A
:100E20000424FB15E9F6F4F4FE0507FFEBE2F41ADF
:100E300012F1070105FEF8FEFDF1F5F00300FC03D9
:100E4000050AF9FDFF040A0315F91306F9FA0CF275
:100E500000F106F4F60DFEFE02F9FE000F0108F89F
:100E6000F9FBFF01FCF001DC080103F5F8F7FD06D2
:100E7000F9FD0422F4D80B01FA11ED070A1000FD68
:100E80000404FD01F80703F9FB0C1305F1FA001641
:100E90001103FCF8FD00F4EEFB18F8F10D07060550
:100EA0000701F5F4F6F90116DF07060305090B053E
:100EB000010AFD0B09FFEF03FCF7F3F3E8F2150657
:100EC000FAFAFD030E0503F80816F005F9FFFC0217
:100ED000F2FD02FAFFE7E60C0B37EF070406F2F724
:100EE000FE0B0B2D1E03F407F9EDEFEBE70AED0BFC
:100EF0001B47F0EE0211FBFAFA050E1010040D1458
:100F0000F6FBC9FBDF1908FD10EE2AF70B0AFAF60B
:100F1000F8E4FAE002010211F4EFDBF907FF00FD4B
:100F2000E6BA02090101FD080904FEE50101F60324
:100F300006F202D6010DE2FF0BE5E600FE13F3F820
:100F400009F60CEF17FCFF03120D02FCD4FDF4FDB3
:100F500008F1F6050107F415FD02F70B0D08070A65
:100F6000FE02FAF2FAF3F9F7EC3E110503FAFE007D
:100F7000FFF804FC06FA0BF10204191A0EF3FDF453
:100F800006E9050DF60A05FA08EC060EFCFCF5E587
:100F90000BF3F714ED16EDFC0905FBFF05FE07FB4F
:100FA00000FEF810F60B04E8F5020C050BD7FEF274
:100FB000EB00F003FC09030CFF18FC08F8FDFDFF33
:100FC000FF03E60000E5DEF32204040E0AFBFBFD4E
:100FD000FBFE00E7E9FD00FF010412E614E0F01853
:100FE000F60BF6FB040700FCFE12FD0403EF12F7FC
:100FF000F1FFE1FEEFE40A03E404F5FF0AFB00EE73
:10100000FD07EFFAF3FD0401EDFF19E6EDEFFFFB3D
:10101000E700F40904060416FA00F8F9FAE9F704FF
:101020000E0510E2D4DFE10CE0EDEC00F6F3FC2855
:10103000F1FC06F8FCFFF9EF0CFCFFF0E2FECC0936
:101040001AF60001050AFFFB09F107F6EC04F8EABD
:10105000FE04140DFED6D209FAFDF5090EFA0014AD
:10106000030CFC030A0F09F7020605F8E6E3CE0FAE
:10107000224108FD00F405F4060402070409FAF908
:101080000211FE1006E8100108F01601FCFF010E27
:1010900007FF09020CFD0AF1F5110508FB0801061E
:1010A000ED0B11000800FF02F707F5E100F7F00E65
:1010B00001FFF802FCF8DA05F8ECF0FAFDFA001D81
:1010C000F4EBFAEE0613FDF80601F005041BEDFF44
:1010D00000C806FE0D0DFEEFF01505FAEE00FBF65A
:1010E0001105FDFD1DE5F4EB2F080603F2000BFBD7
:1010F000FC0F0C0407FC07FCFCFB17F1F7EF0C1AC4
:10110000FD05F80A09FEF9FDFFF6F61A26FF0BE9C0
:10111000F5F2F5EBFD03F70C03EFE3F103FE0D121F
:10112000150E040712EE01FB010E1501F9182C0132
:10113000E607F7F80C03F402FE04F107F0000119CA
:10114000FF0EFCEC0FDBEEEDFA0AF7FD05FD09FCE6
:101150000500F705F7FFFC03000C12EFE8081B3E43
:10116000E80508FDF5F7F8FA091203F7F40405FE9F
:10117000FD05FCF3FAE7F1F8F5F4FE0313EEF9FED2
:10118000FF0EFBE3F1040302130F24E9F3EEEFFA81
:10119000E803050EFBF5FE10FFF3F6EAFA0605FA82
:1011A0000E02F7F9EBFC0007FAEDFDFF0203FFF179
:1011B00005FA05EE0508F80C0A000CF5EE0103250A
:1011C000EAF005FAFF00030E01F4FEEB1004F6FF4F
:1011D000FA070BE7011DE3F1EEFA0401EEFF03004D
:1011E00006F0062015FBF2EE0B06ED010B22F8F8D7
:1011F000224D0709F5F90500FC07FDF5F6FEF8F7A5
:1012000007FC19E8131801020C61FB1005FDFBFA3D
:101210000B31FA07FD05FB080C0915DBF7FDEFF8AC
:101220000A1A10FD00020915FAFDFDFC0CFCFCFD7C
:1012300011042010011507FF00180905FE0105F92A
:10124000FCF605F9F20F0E00010909F607D5F2E5E3
:10125000EDF5F6FAFCF90C06FF15FEE7FFFDF50CBF
:1012600012F10DFBDD03FB2204F500F9F60205F592
:1012700001F403F3EC09E600FC05F1ECD6F613F9F2
:1012800009FFFBFF08FBFE0AF704FEE8E8FFF60B88
:10129000F6000FFEF9EE17F40CF3160106EE04F457
:1012A000F502FBF6F4FC01FA0F011BE900F5BE0F95
:1012B00017FB05080902FCF1F6EF000D0BFF02DF3A
:1012C00016FF08061116F1FDFE0BF506F80802F8E8
:1012D00002EBFA120F0103030500E4101A2909FBBF
:1012E000130507FAFB0000F4F704F9FB17F9FCFFFC
:1012F000F903FE10F0D3EBEFE3F3FCFEFCFBF3F796
:1013000000F70FE40700F602F10401F0F208BC2137
:10131000E603E903F906FDFE0BF1F6E01EFEF9FF18
:10132000F1F9FB03E5EBFA07FDFDEC02F4F204F042
:10133000FDF0F5E70BFBFD19FDF4EAF7F5F6120DEC
:101340001819F1F3FEFA0013FCF301180D040C0A4E
:10135000F5F2EAED11F652F0F4FBE7FA03FC0607AA
:10136000F7E9FC23FBF1FFF1FDFAFAFB041919FD83
:101370001003F9010CF700220801F8030BF302FA3D
:101380000CFE1709111FE600F2E7F401F3FA0AF761
:10139000F9F9F5E9FE0602ED030C1AF20202C3F8B0
:1013A000FFE4FCF4FDF505F101FFF414FEFF000578
:1013B000EBF4FBFAF6C217F9FE0F000401F102FE8E
:1013C000070AF90BEA05F608ED01F70DF2F8EC2231
:1013D00004FEFA0207F900040400F503F203FAF42C
:1013E0000C07F9FC09F9F611F1F2FEFB01F402EA2F
:1013F00004F90609F806F5E605FE0F15FCEBFC0FEF
:10140000FD01F7FCFFFD01D2FDF7F7F5F3FEFF0745
:1014100005F3F2FCECE914010C09100BF1FC0F07C9
:101420000002F8F5F9F7F50F05F7FCFAF2060C10D3
:1014300015F912F3050301030212FCF200F7F00E96
:101440000C03E4FDF90BFC13160F0801FC0504EF77
:10145000F8F8F706FF0DEAF701F20211FFFE061C8D
:10146000110D08FEFEEEF7DD07010AF7FEFDF71B82
:10147000F4F6021B03EC0AFDF50AF9050904FE1057
:101480000212FD14FD07020AFF080B2C0502F905E4
:10149000FE0BF6FDFB09F7F001070A020BFE00FC4C
:1014A0001301EF05090B0E0B1604FDF9FC050700EF
:1014B000FC02FCF808FCF70CFBEF04F1FC0C19072C
:1014C000F403FF08FE020AF0041A0CEDFD06FAE927
:1014D00006FD061502F8EDFCD51009FE12F6050E04
:1014E000FD0E020DFDFEFCFF07FBFDF8F803F613F1
:1014F00021F300F8F7FF04F2020AF902F2FEE40E0B
:10150000060AF9F4E40AF4070F0EF9FFF6030806D9
:1015100001F600F402F5F5FB07FC0311F4160901CE
:10152000F5F3F501F1EF0601FB0403F5F705FD0AFC
:10153000090B00EF05E4DF18EDDDFC05040AFEF9F8
:10154000F802EDFCFB09F60C070508F401F306F9B7
:10155000FF09FCFB0A0301F400F803EF0E0E09FB80
:101560000208FE05F3F50A0D071108050EFD021924
:10157000FCFDF9000405F808F00FF90C0016EBFF6C
:101580000BFAFAFC12EE000901FB07FDFA05FFF960
:101590001F12F2D9061EDFFAF5F5FA0CFAEB09F97B
:1015A000F3FC03F4FFFBF4EFFEF303F70AEFFAF8A2
:1015B000270FFE0302F2F2ED15FE010D020206F7FF
:1015C000EFFBF311EBFA09FD2502FF09170A0207E9
:1015D000FF1B091102FB01F0F3FDF503F5F3F7FF23
:1015E00009F902F9FFF7071B0AECF20E070CFFF6E8
:1015F0000EFEF7FC0B0F0B000702010804FE0AF9B0
:10160000F0EDFA090311040609FDFF07011711E8BF
:10161000120F04090A00FEF7F503FA0AFEFDF10BAA
:101620000FED02FD050718FCF4080AFDF50902F7A5
:10163000FD080817F904F7FD0FF5F9FC09F20B0591
:10164000F1F704FD020000F6FC0E000AF90900FFA4
:10165000FFFA02F703FD0203130002FB0206070173
:1016600000FC020912F801FCF7F7F8FB00FF02F991
:1016700013FAFAF9020700F3F5FD03FFF7FE05037D
:10168000F90801050707F9FCFDFD09FBFF02FF074B
:10169000030402FBFE00FDF90500060606FFF30049
:1016A000FC0101050AF3FDFB06FEF5FC0705FB083E
:1016B000080007FD03FDF80A11F7F9FCFB0BFD0A12
:1016C00001FAFE0209FEFE01030407FAFC01FC0414
:1016D000FF1B00FCFF0901F80205000B08FF0705CE
:1016E00005FFF7F90305FB02000AFBF80300FE0201
:1016F000F901FD0404F9FAFDF5FA06F011F2FE080D
:10170000FFFE0A0007FB03EBFDFB0602FD07FFF8E7
:10171000F9FCF9FCFBFAF906F4FD030302020403E9
:101720000BFF0A0AF702FB0401FAF7F0FB080BFAB9
:101730000CFDF4F4FCFDF7FF02F0F9FA0205F9FFE5
:10174000FBFBFDF50403FCFBF9FDFAFCFD0607FEBF
:1017500001F0FDFEF90CFE0C04FDFEFCF701F9FCA6
:101760001D0DEFFB000104FAFF0006F5110006F65F
:1017700010FDFAFCFA0C06030FFC01FD040401F94C
:1017800009EC07FE0AFBF7FEFCFDEEFC05F90CFD7B
:101790000403FCF5FE0302FFF703F2FE050004FB61
:1017A000FF03FA030504F6F911FB0702FB0104F637
:1017B000FDFAFDFF0507FDF9FEFE080108FFED003B
:1017C0002108F907FFFBFD01FC070612F2FBFC1ADA
:1017D00003FAE319FEFB290B1D0A06FA0005FC00BB
:1017E000090300FFFC020102EE04F9FDF3FB03FA1A
:1017F000F7EB0E0608FD0112FDE906F106010DF0FA
:10180000F7F6F5000E13E3F2F8D10602F8FC00FD3E
:1018100004FEFEFCF7F8F7FC010E200333FBB7E2F1
:10182000FD1EF801030307FB040500FC0AF3F61B89
:1018300004F7FCF6F605F5FE041FEC05FF07F810AB
:10184000FB11FF0209FAF716F7F1F2F0EA0BD402E6
:10185000040112F3011105FDFB21030F05F101EC59
:10186000FC0A07EE081ADC0C26FA0B06F8FDF8F560
:10187000FC1EFF15F50904F1080EF9ED12F4F10351
:1018800001F701F501FF08EE030A06F606040A0255
:10189000F800FD1BFA0EFBF93007FA020509F408FF
:1018A000021F05FA10F901080F06FEF8F507F40704
:1018B00014020208FEF9FEFC090FFEF907FEFFE91B
:1018C000F512EFFCF81E15FFF800FF0806020603EC
:1018D0001000FBFCF2FEFBF9EFF9F2FC0409E2DF79
:1018E0000516060C04F10203040403E9ED08F602F0
:1018F000120211F00FFADB010C02000B030D03FDC5
:1019000003F80CFA08F508F208FBEEE501F2F2FA2A
:10191000110118F5FE1707FDFB06FE2C0D0004F65D
:10192000FDF8F7F006FBE5E102FF0804FEF8FC0015
:10193000FE22FD14F60A0A0AF002F60D0C00DFFA88
:10194000E41009F5FC05FFF1FF0EFEF10206FB0AAB
:10195000FF042A0A00F7C2082000EF0FED1103E38D
:1019600003F702E60602051EF80AD826EF15EEFF79
:10197000141108F5F20B05FE0FEAF407F6FEFE0857
:10198000F7F1DB1DF811160AF3270AF0F009F6014A
:1019900000E00211FE05F9FDE1F0D30AF10D1AFE97
:1019A000F2E50D07FE0BFCFC07FC0804040306EF40
:1019B000F2031704FA24D709DABFECF6FB0FF4F5AB
:1019C00003EA0EFF05FF0603FFF3FFED101814EE08
:1019D000EDDEE4FEFBFCF31AFFCBFAEF0DFF0C3A51
:1019E000F4EB0F0B00F10BF8C1E8F406FB07022A39
:1019F00004D403D80DFA101C030B01160A0144FB92
:101A0000FCEDF30D0105070200F80714120708EEBC
:101A1000040ED6F502FB1B02F0F11D00FB0208ECE0
:101A200007E2F80EEEFA0BFFEBEEFCF80B0B10F0F2
:101A300016DD1C0215F2010308EFFEFAE00604FEB3
:101A4000FFFF1607FCE7F7FFEFFAFA02FCF20E03BE
:101A5000EBFF0DF4EBF40AD81923171507D8EC198E
:101A6000FEDDECFFFD08110810DCF5081300FE1E7A
:101A7000F9F5E111FEFE200F0802040406F6FCE071
:101A800009F204EEEF070616050A011207F6060032
:101A9000FD000304040405E5F50EF5D501F2040A82
:101AA000FE01FB1BF8DFFC0EEE03FBF702F7ECFA7E
:101AB00002F306F9F0FC08032606F70604EC1413FB
:101AC0003243EAEFFC0704F4FA000021FC01FC0DAC
:101AD000F900D71B010541EDFD09FB02030EFB18C0
:101AE000FFE0FE07FCF20A09EAFBEF080D28E6EE2C
:101AF000E7EA0600FEFF090008D916F310020B0EF4
:101B0000F4F50007181FDCF001DD0007FCF5022AE0
:101B100006F70FFB04FB0E11FF0F181C2A0CB5EB88
:101B2000121CF7F600000DF0FDF6F90607F9F91D95
:101B300000E80413F3E6D900052BFCFDFD02001AB2
:101B4000FA10FE0111070017F5F3DDE8F321F507A0
:101B5000020515F408F7FD06FF0307FE01FCFCE48F
:101B600002130F170A0316EFFFD802070EEBFD044E
:101B7000F81BFF1502FC04D0FD0418FB19DDDE0F75
:101B8000F5010D06FD0402F6F71B04EFE40700154E
:101B9000FC070AE803E1CF0A36F9E504FD01FEFC83
:101BA000040408EE12FDFE12320ADFE801FF160BF4
:101BB00015F406030106FFFC0231070706FFF9FAD8
:101BC000FFFFEEFFEE0026FD0F15E7080000050AF7
:101BD0000718FD090BF9FEF10C13FCF3D90006FE02
:101BE000F6F70005F8070503071004FCEF0BFDF2FC
:101BF0001F0504EE0F0AE2F3F6F608FF030805F2EC
:101C0000F8D50D080F0502060FFBE40B140520EEB6
:101C10000B140DF2080700D9F20B04F300FB0A06BF
:101C20000EF6E91E24FD2BE3400F07F0F807EFF94D
:101C3000FE21FC1209FFFB02FEF8ED0AF0F21FFF85
:101C400015F3FBF4FEF7FBE801D0F9E90BFF01F611
:101C5000F80FFADB02EC17F737FE070DFCF5FEFD77
:101C6000F1FAFE1519FEFAEBFD000CE108DB14FF9A
:101C7000F2E1000105F900F6F80FF014FEF204D5C8
:101C80000A08FCFD09F40C04F418F6FCFE0405DE59
:101C9000041B011CF30DF9E3FCF1FCD3DFF1112E61
:101CA000EDEE14F202FC0500FC00031FF40609002F
:101CB000EBF3FEDE06DB11F7082CF804FDFBFE2536
:101CC00003140402DE0AF8F701F52706F2E5F8230B
:101CD0000119DE04F9FCFA0EFC06F0FF06F5FF021E
:101CE0002EFEE3FB112A0702E4DB050105F7F9E10B
:101CF00004D80FF4F9FDEA06F4F6CA0EEA0B03FB6A
:101D0000F0FC0DF900FDFCED08D5FF02F9FAFEFB31
:101D1000FCFDF624140133FAECE0FA060003FE148D
:101D200001F6F6160BFDFDF7E5F51016FB0500F5BF
:101D300005F903FAF608071DF6C0FAF608F70B12C4
:101D4000FF0911E607161103F6E8F61600F40CFA7F
:101D500007E4FEFB06F80B0F0005F9291109DC1456
:101D60004FFE05FCF90200F6FDD6040112F4FE1246
:101D7000FDEFF234ED1129F925090AFE0AFE00E60D
:101D80000D160413FD01040CFAF4FA2CF5F421F5F8
:101D9000060318F3F9EB08F8EC12FE16F10C10FE2E
:101DA00007F7091F13011926ED030EEB04FEF4F3E8
:101DB000FE19FD03E702FEE6FCFA00FF1EEFEDF25E
:101DC00003FBF9FF100A08EAFAF20809F307FD031A
:101DD00003F8EDDFFFFDFAFE430FEE080504F719E7
:101DE000FFECF61E06FDF8F8EDFB00CFFBD514EE78
:101DF000EFFFF90B0D01F9F7F312FA230EF7FAEFE3
:101E0000FBF9F8F4FF041006F4D7FDF3FE06FBE43B
:101E1000FDFDFB05F201F70DFAE60EDDE301192ADF
:101E2000E8BC02FCFE12062406E6F4F80810081FBF
:101E3000F3E8DFD4E9070AFAE6D0E008010D043A36
:101E4000FAFD0B0EEC11010CFAFF13F3F1E5F9F7B3
:101E5000FB1DE21101130B1BFE0F000D03F4FEFB33
:101E60001D12CDFD0A04E3E50902F40FF001FBDFCA
:101E700004F4F814010FEE03F5F4E0E6FEEB22188B
:101E800011FB0404F9FE04E203DCF82510080BDB67
:101E9000F202EC30090444E5DCD2FEF71104F30948
:101EA000FEF5071C0F0400F2EAF4FAF2F60D23F730
:101EB000EAE40C0E0906F31405D7FDF704E701F573
:101EC000F10E0D00F70D0BF7E6E4E707F9FE08F554
:101ED0000AC2F3F5FA00FEFC09131328EB1BF817EE
:101EE0004901FF09F108FCD90DC8F7092206ED1ECA
:101EF0001BEFF33D053210EE320A1AFC0A0AF7E630
:101F00001101FC02F7FD0DFDF5FF013BEDE81604A4
:101F1000070D1603050300F2EFF9F91CE90015EFB0
:101F2000F601200E2A101520D30F02060802FAED42
:101F300001F9FD21F70104F609FA25FA27030C033C
:101F4000EAEF020600F7FEEE060AFFF80602FD03BE
:101F5000FE0A11F5FBF6EF050F0303FD0BFEEB0286
:101F6000FBF902FFF9F7FF100205FEE4DF01ED09BE
:101F7000D6F50D00F1020407FBFA02E4DDFFFBFFDA
:101F8000FA0A0D0611D0FA02F4B6FB0600040C049E
:101F900000F80EFE0A02FF0B01FA11DF11DCE5F278
:101FA0000AD7FB02110DF3FB00F40109080202F647
:101FB00005F704080520E8FEF5F709020908001CEA
:101FC0000503F31F13FC00EEEC00F30FF40E0AFC04
:101FD000F7F009060504FCFA080C0CFCF6F0FCE12D
:101FE000FB030404FCD3FFEFE30BEF0409F5F6F267
:101FF000FB0BFCF3FFF7F0E90F0015FCEEEE002FF2
:10200000010CF80200FC05F2FA00FF01F800FD03E4
:10201000F2FA0819F9F32508F10818FF06FFFEFA8D
:10202000FB1BFFF8FA02020FF002181505DC01088D
:102030001C00F3FCFBF703FCFA29FC0ADE09FD0097
:102040000A21ECF016DBFB0317E8F8F5FE1506F0A5
:102050000303FB05EF17F3EE0AFA0102DFE2141B9C
:10206000081301FFF90303EAFE28FF0FFD01F90A37
:1020700007FC06F10AEEF60D06FC030605FDFF0758
:10208000F507F5F8EDF9F8F2100220F6E715DE0C89
:102090001601F5F80001091E03EA06F70504F0F041
:1020A000180609F8F853EE0A3D2A100D0611FFF73D
:1020B000FEF705130906EBFE0807E4243F1FFDC4E5
:1020C000EDD2FCFD0503F8FE08FAF6F3FBFF050070
:1020D00001F51B03EED507FDC6E71F080CEE020055
:1020E00001070DF8D918FCED0205F6110CE6F4060F
:1020F000F5ED0407FBFEFC20F0FB100AEBFBFE13E2
:10210000080A210A05EEF3EFD6BEE0F6FEFAFC0D52
:10211000F800F7EA020406F4041E07EC00D6F5E81E
:10212000F740000A2109FDFCFE27FB08F50E00FE22
:102130000700F92AF5E5011506FA1AF303F3F8EAA0
:102140000AFE00F7FA04F6F9FB01E51B1DFB02FD90
:10215000F2D125FB02F308FAF7E206E9E50B07FAEC
:10216000FDFC21FC0BE8DFFAD1C1F10812F80809E7
:10217000F91A03FBFBFFF9F22F11FDF921E1DDF064
:10218000F700ECFBFE0A05FF10100DF710F005102C
:10219000E1FDFD1DEE07FC02000A0F04FE0CF8FC39
:1021A000F5E4190C19F3F01CFCF9DAEC0B3216FF0C
:1021B000DE060E0702F801FCFF15FB07EE050A0517
:1021C000ECEF1E23FF17E9F9011AE7FEFBFE0316E9
:1021D000F207F9FD0601EEFC0BEF0DD0FE1B19F81E
:1021E000DFF1E308F70E051C001BF8FCF60D1707DE
:1021F00004F108DD0AF00AF1D808FBFF000402ED43
:10220000FF0CF3E6DBFC11F4F30EFFF811E4120906
:10221000FE0003F700F5F50B030D0FFE03020001AE
:1022200006FB09E7FD09D902EDF7ECFC050AFD3BC9
:102230000BE00DF5010E10050BFC0FF3FA2CFD1051
:10224000DEDAF70405F40609F710FEFEE703FAF7F5
:10225000EBEC0E01EFD7CB1CE7D9F2F5000AF9EC55
:1022600004F80DF6E90CF8F608040FF3F4D7C013E0
:102270001B19FAF90BFC04F7F6FD0EF9FC170BEF2E
:10228000060B13111202FE110FDD1F1402090EF2CC
:10229000080302F50FFF11F6FB13F7F6FC11EEEC45
:1022A000FAF5FC09FE0C010F070807E10C02F90D15
:1022B00005F6EE07031FCA09DAE0FA0DFE0D150C4C
:1022C00001F0FFE5130B010BFB00F604F01CE10A23
:1022D000FFDB0FF7080002EDF42A1008F306FCFB01
:1022E000080605F725EBEBEF121CF8F0F907FBD910
:1022F000FD1B0826FF0B0DF3F4F31AE826DD06FCA0
:10230000FA0B0AF20503FB040B0E13FD0C0907F888
:10231000EBF10C15FD130809D50EE3FEFF050822AD
:10232000F313FE141B0400E2F106E6F2F20DFEFBCD
:10233000F9F1E9FC020B0A20060E08F4DEEF0A02AE
:10234000F90EE8E80BFAFDE800EEF6FA0505FEECFA
:10235000FBFC06F0070003FCF5F701D7FBFDFA19BB
:10236000CC05F802F60E0400F31C07F2F6030FF892
:10237000FD0D16D7F004CD0707E0FB0104F8F907BF
:10238000FEE008E4FEFD00F50D0A26D0C9EBDC06F0
:10239000F4FEF300F511FD3105CB0307F2F710F75A
:1023A00001220FE6F9F6E6F7DAEB02030900FEEE8A
:1023B000FEF201E60EF6040A090105F706E5F6FD50
:1023C00008E5F9F7FFF305EFFF25FA13F30701E935
:1023D0000BFB00EFF4E9E1062011EA10F705FEE53A
:1023E000F7190B1BF906F8E80EFE03FEF5FCFC13CB
:1023F000282706FDFE07FED8F515FF28000BF6FB83
:1024000000F9ECF1C3061713032213FB010605F6CE
:1024100008F7FF19FDFF0101EDF8D501E2095507A5
:10242000F9ECF2FDFD0402FB06FE06E602FEFF0CDF
:10243000FEFAFCDFF611D7FE073000F7FB0503EDCF
:10244000FCF50202FA0303050311F9F0F8FFF9F7AE
:1024500008130003FBFEF5E0FEE902100C0BF32B62
:102460000100DC03F8FA050A06081608F6F708FB6F
:1024700002DA03ED0B07F826FEF3E8200BFC38F92F
:1024800000F6F6030A06F916FFF707F71FFEFAEF44
:10249000F6F809F8FC23EDF7E516EC0DF90804F859
:1024A0000602F40B000E00F8EEFB06F0FE08EAEA66
:1024B000EE0DEE07FBFEFFFD06120A0A1AFCFE0DEA
:1024C000FBFFE6030E04FDF908FA040CFDFDFB0B0F
:1024D000F8E0FAE2F2F8F9FA0502030D0CFBF1F666
:1024E000F908FD080EF5060D050BFDF121010D0B98
:1024F00000FDFAFCF40CF100F1F3FDF50703030510
:102500000913FB09F4FD0FF50305E7F3F5FDF2E20E
:1025100008F3EF05EDFFF511F0EF010504030007E7
:10252000EA0000FA11F4F201F2FAFD05FFFBF60FE2
:10253000FBF1F40AF102F6FCFFF91C0B0C03D4FCCE
:10254000EB0B010AF613FD01F5F001E8090002FAB0
:102550000E00FEFF0F0EFEF7FB0EF7F80104FEEF74
:10256000FCE8060A0C030801F2ECD614011D1C0954
:102570003B410103F40E04F8FCF5F7181BFE0B09B0
:10258000F4FBEAFFFA260BFC07141D000712F3F018
:1025900010F3F6EE06070106F2FBF7051110F5F34E
:1025A000010FFBFA00F906FFFAF4F7180EF9040A16
:1025B000040D16F0030125F0EAF006FBFDF9F5EC39
:1025C000F9E304FF100A061204FF1601D5F80EFE07
:1025D000F91BEC0502F80918FA0BFF00060F0418A6
:1025E00000FB03EDDD0D041EF02EEE1101FEFEF6E4
:1025F0000AE607E604FA000109FFFC1A02FCF3F3FD
:10260000F504F6FF01FEF3F5FC04F0060DF70206F3
:10261000FBF9F9FEF709170D020408FEFDFAFDFBB0
:1026200002F1EC13ECF70FFCFBFA0F0814EEF705C0
:10263000FCE5FA030F02FA0000020304F9FDFDFEB7
:1026400009010702F6ED02F802FDF30101FBFBFAB6
:102650000A0406F100EEFF030BF4060419E7F30A7F
:10266000DEF6F8FE05FD05D402FEF2F3F3F6010AEC
:10267000E5FBF505E9C806F8BCF4FBFCF6F002EB57
:1026800001FFF6D6FEF4FB11000210E6D6CCE10FF6
:10269000ECF2DE0DF4EF0A02000003E00AFAF6FDA8
:1026A000F7FC09ECB9E4E408EAF8EEFE040400F7EC
:1026B00002FBE9E603FCFA040FF8FBEDC9F0F91F91
:1026C000132A05FC000B060D05F609FD19FD00088F
:1026D00002FD0401041CFFFC01F403FA0803F203E9
:1026E00007FEFA0C07FDFF040D06082700250D0262
:1026F0001B020200F0FF0C06F8FE01FAFDF202F8E0
:102700000809100C131803F8142B040504FF0BF927
:102710000B0606ECEB0706F6110D0610F8F8FAF9B1
:1027200004EA0E0AF8F5F611FFF1FF0B0DFCFFF9B4
:10273000F7F827F8FE0807FA0044EF1705F40DFD37
:10274000050703071D01FC03FC080CFD05F0FB0653
:10275000F32CFCFFFB010B17FDF90EF30FF6020C37
:1027600004FA11FEEB1AED2CFE0EF8FFF4020DFF39
:10277000F5F70502FE01F91F0501DFFADC06521923
:10278000FF0A02F904FA0503F80EFAF1F901040B45
:10279000070A0DFAFDEE0800DAF70406FF00FCFB5D
:1027A0000AEA04F7F4EFF7EFF7FA13F704F7CE1796
:1027B000F80301FEFCFF00FDFD00FEF6FFF10AE953
:1027C0001402F90B07FDE719FC00EFF9FD04FA0408
:1027D000F8F001FE12FF06FA10FBF005081CF0EFFE
:1027E00002FBFFFDFF07FAF508F9120E0E0BFF06BC
:1027F000FBEE0218F3E8F90DE00008FAFB0EFFF01B
:10280000FE0604EC06FEF009F50BF9E9F8E9D6142A
:10281000F6FCE90508FE080402F1F8E01106F904E7
:10282000EFFE04F4E3ECF20CFDFDE2F3FEFB03ED3E
:10283000F8E9FFEA17F3F91106F1F8FFDAF502FFFC
:10284000E6EE0BF907FBF909F7FCFEE80207FC0CC2
:1028500005091FEAFE0EC200DC06EE00020511E0CB
:1028600001ED08FD12FCEBFC0C04E4F31D07F3FD85
:10287000E93602F8060AF9F514F3FE0C03F107FE37
:10288000FCF4E2D8E5E7351D0319E60006FBF7F096
:10289000030307F2F80C06F604EDE5CAEDD845FD92
:1028A00007E810081005FE09F903010B00FCF2E32C
:1028B000FC110BF90A170BFDEEE1F5F2F10202FB38
:1028C00006C406FE1DF003F70802E8F3190B23ED1A
:1028D0000BFA06F7180403FE05C9F5E32B03F321F1
:1028E000010504150410FBE2EABF0209F3030A0E16
:1028F000F7D112F3EBFEFC0AF605E607F326EDFE30
:102900000FFC07F404FE01FE06FD0604060B0AFA9E
:10291000EDFAFC03EEDB4DFFFD08010B0D0204E9AF
:10292000F0DD0012ECF605F0EBF1EF21FC18F702F8
:10293000FFEF1A00FE0405F1F6D209E8021D1602A7
:102940000AF71E1EFEFEEE0FFE01FE08FA14050D2C
:1029500010F8F8EE2EFB0AEE18070022F3060FEB34
:10296000F2ECFAF8EE0413E500E5F309F7F4062BB0
:10297000FAF9EB00F8FC0E050918FE070A0EFBE158
:1029800003DCFF02FEF9FBF4F0F6F5FD19FAF00E98
:10299000150402E703FE0FE6F41E02FBFD0D090518
:1029A000F204FF150806F20D130E0102FF0A07E7F5
:1029B0000CFBFDFAFBFE09F603FD151AF2EBE7D35B
:1029C000240EFAFB09FC08070208FCFA00EF0A05CE
:1029D00007FC1E09F107D304F114000803FD0205EA
:1029E000FF0F05D90E01F417F9FB051B0108D202F0
:1029F000EE34ED05FA0D020708FBFF010F10FB098D
:102A000001FCE81A020102F1F053EEFA11FAFF1587
:102A10000FF8FD0E1000051FFC02ECD3F11317EAAE
:102A200019E40406F602F9F5F51005FCFA14FFE8BE
:102A300008FA1FF7F404EEFFF5E00C0300F9F703C2
:102A400004050502FB02FEF5F7F902030AF1E201B3
:102A5000EBC510F8F704FE1D0ADD07F31905001396
:102A6000EEFA21EFDFFD00FEEECEF60A0A09051EA2
:102A7000FFFDF6F8ECF70C080F260D06FF03F7FC38
:102A80000B02FAFDFCFB01E40613FE06ED02F8F76B
:102A90000810030E00F0F60008FA1B0B0D0E05F3EC
:102AA000FCE609F5E8F8FDEDF3FFE9F301EDF3FDD0
:102AB00001E90700FAF408ED070C0BF9D9150DE14F
:102AC0000B1202EF02DDF906DBF9F006FD10F60A43
:102AD000081FFEFF0A010DE7070A0BF3E9E6F2FD06
:102AE00018FDFA0BFF0C0307FB0008FEF101FAFCCE
:102AF000150EF8FA0209E10118FE100807FB01E7BC
:102B0000FB0AFC12FFFAECF10C01EC0139F506FEB0
:102B1000F90106F7FEF811E5F509FCF5040609EDE3
:102B20000103EA2322FA14061B0405FBFE01FEE260
:102B3000ED170702FB0507F30406E202FCF1060BA2
:102B400010FCFB0908F6FFEBF9FFF706F20FF0E2C5
:102B5000090A2B02F8D7D50D14F803080D060F202B
:102B60000510FBF0FCFD01F6FF0313F9FFFBE1FF8D
:102B700003FB0F0804FE000D0913FEEBE3EE030157
:102B80000211011810E4F9F8F0BBFAF600000DF795
:102B9000FEF909EC0EF108EEFB06FB0906E9F4F577
:102BA000FAE70BFDFDFFF406F4F6F8F418FBE9FC78
:102BB00008FC07ECFCF9E115DFC9FAF507FFFE0D8B
:102BC000061BEF02030DEAF4030DF300F3E808F926
:102BD0000AE90208F7F8F02100F305EFF40AF7F02C
:102BE000160412F204D4E4F9F5FEF6FDF5EF09F847
:102BF000FCF501EAEFF703E00EFF17FD20E7E70120
:102C0000F7FCFEF6080C080FEDFFFD0AFEFEF5F2DC
:102C1000F4F509E5FC10F812F1EC0613FB0A0BF7CA
:102C200007E7F105DB01FE0C1506DEF71A0A3DE8A1
:102C30000F020506F6EE0413FEFDFAFCD3F8E7F2E8
:102C4000F6F910DF0FD1ECEB05F8EB07F8F700EA27
:102C500007FCF5FBF6FD02EB121119E716EC024337
:102C6000E0E7EB09FEFF02F905F6FD04F70402EECA
:102C7000F3FAFBF4F8F72C00E7E40005FAECF7129E
:102C800005F5F5EAF30304040A0216FEECEE160B52
:102C9000FD02FB0606EB0820FEDF06CFFB02FB0A67
:102CA000150E0DFCDB00D404D7FCEBF8F60AFF137D
:102CB00003E503EE0FFFF9EA100304FFF0FFF90943
:102CC000D8C00D0807FEFF1100FBF6F310FFFFF45C
:102CD000030533D6F401B1F5FE0DF6F804F312E561
:102CE0000AFA05EF2B0406FD0703E9D5FBFB07F203
:102CF000F036EFEA010B04E30A01030C05FAF5F2E2
:102D0000FCF9D1CDD2FE2C0BF92EFEEBFA0100E935
:102D100003F105FE010301F9FAF8D1B7E8D2450E37
:102D20000EE00BF9F9FFFE0D040EFE070D02F7EFA2
:102D300004060BF2F9FDFB02EE12F5F6FF09F5F0C1
:102D400004E00A20F7EC11F40305EDFE1D0114F771
:102D50000D26FDFFF10508FAFCD3F7F830F5030165
:102D6000FBF90313FA0C09F4F6CB1001110EFEF275
:102D7000FDD3FDE9F307E5050B05E70D0015EE0CA6
:102D8000FB020504F9F8FC020EE802FEFD0BFEF35F
:102D900004F8EE08FAE531FBF1080801FFFF05F43D
:102DA00002DF0A03FE010AF4E5EC0011F91201FB4F
:102DB00021020C0D02070CE5FBCAFBEDFBFAFB0040
:102DC000FFFD180B091DF020F1FBFD09F1EE0112CA
:102DD0000CEAFDED1B010BEC0C05FD2DEB17F7FBD1
:102DE000FBEDF0F508FE05FBFADFFFF2FCFD090C38
:102DF000EDEBDBEF00F11EFC2011EFE70B0B01E424
:102E000000D4EB1BF305FD0AE8060C09010D06F7DB
:102E10000EF80B09F9EE05EEFA200F0A110D020665
:102E2000FDF2F217050C1500EE090A080CFAF40A77
:102E3000F40D02FE02FB060301FB191C040518DC5D
:102E400014E60200FDFDFF21F9F0FFF9F5FEFF0495
:102E5000EEFFFADF0DF716E8F4F7FCFAFDFAF802D8
:102E6000FFEBFF24FAFD02E5FDFFFAED15F6EFF9A1
:102E700017B1FC0A000D01FDFEF60A0EFEFD01FC75
:102E8000050206FAF8F70406F6CE1CF307FF02EE79
:102E900006F4FBFBFD090C0207F2EC03FEFF0CF24B
:102EA000032502F6FD00030F02DBF303F20AF2F73B
:102EB000F4F30009F2CE1FEE24E8F30205FD0B0740
:102EC000FD000507F5FD01011005FA160A00F214D0
:102ED000182808FE010EF9EEF81B0811FF03EC0D8F
:102EE00001FBD9F10C1A01090B2109FBFF0509DBD4
:102EF000FDF2000C08FDFB1CEEF3E014EE060FDF04
:102F0000FD0CFD0FFA03F6FB01EF0BFFF5020401C8
:102F1000F2080D210CEDFB05041DF100FD11070069
:102F2000011A02080FF20513FD08EC07F805F3FA81
:102F3000F710F6F9FB0C050704EB00F32100042061
:102F4000F1EEEBE4F82C1803FB060C04F90E00F884
:102F500005F107EB11FDFB1DE7F20C0C0A0CF7F471
:102F6000F60AFE00FD0108150A03FDF802FAF5074E
:102F7000F4FEF7140A0406FD25F8F8FEFE0FFA1415
:102F8000FA0CF91406F304E7FEF5D7140D1915FB36
:102F90000FF909F6F90106F30A0103230C020CFFED
:102FA000F7F3040923FE14FE0BF904F90101FDFBFC
:102FB0000122FB0AFE07FF01F3021B1012FBE406CD
:102FC00014EE0600FB0505F5F316FBEDFAFF080904
:102FD00008FD1407F3FDF81D0D0F0607FDF5FB07AF
:102FE000052701FD06030205FE0A1810E30EE10D98
:102FF000E8D5FD060404FF00FFF311FFFF000014F5
:10300000070BEEFE0F0DF3080717FB0502FCFB1A7A
:10301000000106F8FF01F8F90800030F1616E71182
:10302000FC060400FEFD0404010D0AEE0101050882
:103030000BFAFD04F70CFBFE0902F1FF04FEF4F6A7
:10304000FC0A07FE1003F80605FD0403F0F9E6018B
:1030500008BC16FBFB1302E907F801F9020204F7AA
:10306000EF0002ECFAED01F5F7F7100004FB0400A5
:103070000E170112FE0903EEF80D1112EAEEE6FF3B
:1030800006080204060006EF042104EFF90BFBF624
:10309000F00923EEF5E7C0152A1CE200010407FB46
:1030A000FE01020AFB0706FC0719F3FF06E7020C04
:1030B000F710F9FE0A0E02FA070F0BFB020903FCD8
:1030C000F2FB00050907230FFFFFFAFF0108FC07C9
:1030D0000306FDFE0A00FC07060C0EF0FC040C11B2
:1030E000FBEF04F9F304FC09021CEED6DA0CFCF544
:1030F000180D1FD507F2B80D21E70105080A04FADB
:10310000FCF30108FAFDF6EE29FFF4E306E6F6F01B
:10311000060611FE060502DBFFE70D170610FB0988
:10312000F504F90F20EFFDE004031A040612010B69
:1031300006F90300050600F9F803F81BF8F918175B
:10314000EEEB0CF10809FE0A0D1502F9080712E86A
:10315000F514FEF804FC2A0509F310F1F6EE10F060
:10316000FB1CE5DD0606FCD30E021B0C1D1B1E1A04
:1031700015BBFF0E04E30FF2FAFEFCE2E0FAF3DF08
:103180001B0F26030809FC1EE7FAF81304FA1319AB
:10319000F70C01E9EFF9F8E41A16FD3CECE3FF0E39
:1031A00015F409F8F9F0FFECF816090EF405FEE342
:1031B000151331080EF3E715221F0BFEF7FB04D998
:1031C0000423FF06EDFEFEEFFFF3122916FD0A159C
:1031D000091B05ED08F503F9FED907DEF605FEFC2F
:1031E00002FD280CFFF8FD0EF8070E0909FB020A84
:1031F000F7040CE606FE0114FB1E0310021EE5098F
:10320000E3FBED01F6FD0207FE1DF4E6EDFBFAFF20
:10321000031711BDF5E2E9040812F907020701F7E7
:1032200008EF04040302F12604EA15DEEEEFF529A7
:1032300039F605050B0DF1F2FD0503FF14FCF81737
:10324000FBEAFF0FF62FF90C1517000A0A10FC0312
:103250000923F21E020F00FAF202030C0D0FFFD039
:10326000D4EE0802FB01FC0FFFFDECE30102F9F7CD
:10327000F70418DEFA08E509C9F0F8FE070AFBF7BB
:103280000814FF0803F9FAF5FE18FDEEFDE8FF0645
:10329000F30AEEF504100BEC020F0CFE0108081403
:1032A0000002E207F3F80FEC000E04F8FF11F9E753
:1032B000FAFCF91306090F12E6F4F1F4E1094610DD
:1032C0001906F9FBFFF80411F619FB00F0FC0E0DCE
:1032D0000304E90FFCE8190807F3FFFC030BF902EC
:1032E000F6FE00FAFE01FBFF04F5F1F608EAE6F946
:1032F000F8CAFE05F207030AFCF8061A18EF0EFDDD
:10330000FCF804F3011AEF02F0FF01E9FBFD1105DF
:10331000FEF10209FCFE0301FA0908070808F6F0AD
:1033200013D0F903F3FFFB0AF011FF06F7FAFF05CC
:10333000FF04FAF7FDF901121413FC0302FBFF135B
:10334000031404F7F0FDF6FEF5FAED02F801030DA3
:1033500009FB06EFFE0700C5F41FFE0C13F2FBF895
:10336000F9F4E2E7F612FCFC101603F6F6FEFCF3A5
:103370001617FF12F617040AEEFB07F10B0206F808
:10338000070EFEFA000005E5F104FEFB0105FC0650
:1033900006FC0F16FAF9F9001917D3FDF6030022FF
:1033A0000530FA051209FF13F8ECEDE8DD03DAFE4B
:1033B000280CF7F8FD0EFEF0F806F9ED21F4FAFA04
:1033C000F802E4F90217F60E09F41A08F60008F6F6
:1033D00000E800E600F60016E9F1DC18E814E3D690
:1033E00006040901FDFB09FFFAF5F8F9DE00F9050D
:1033F000090115F20902F0FF26F4FDFD091A020D7C
:10340000F9E907FC310DFC0209F0E0E7F2FCFEEE01
:103410000BFB1EF8FC140DFEF3E1FD111706FA0874
:10342000F4F0FF070E2EE6DB2AEE220AFA0CFFFB71
:10343000FB1D07100006FB09F90911154301B1CB6B
:103440000AECFA0C0B04FFF3FBFD0402FEF506F98F
:1034500016FBEC180AF23CF0E4F70400FEF9F7154D
:10346000FCED041314FA0A03F3F8E9F9FDFF14F470
:103470000FFA1003060CF80C09D40FF201F3010542
:10348000FFFA00E70B1BF7F809EB1900000BF80532
:10349000F8F600F9FA010606FD0015F81E0BB9EF63
:1034A0001405FBFD020EFBED03FD052208F7FD19D7
:1034B00002E4E310EA0E43E81E2900070510FD0FA1
:1034C00001F308FEFCF7040BF3F30B05EA0CFBFF1A
:1034D000012B1AFCF50BFEDE0230FF24FC00090470
:1034E0000308ED070F02F307092AF600000FFDDFBE
:1034F0000A19EF17050004ECF6F8E4E601F90112E9
:10350000FC25FCFE06FF08DCFF1305FDFD0D011F79
:10351000F6F51918EAE0E0132C27F802F91305165E
:10352000FC2CFD011406010AFA12E900F708040A4E
:10353000FDFFF1ECF514040CFFFF06FDF60200F8A8
:10354000FE05D8F40224050BE6EFFF0B010F07E59B
:10355000FDF000010300EC0AE507F0DB110705D4DC
:103560000F0A100A01FBF5E4F70406DFEF00F30C85
:10357000110517EE071901F40FFDFF06FD09040DF3
:10358000F9EC06151206FB05FEECE9DFFBF012DF95
:103590000CFDFEFEF00301F604EB0C150DF90AFA22
:1035A000FEFDE5F802F7FCE903F708FE00FC00FB6E
:1035B000FAFDF9FF1B05FF03E50A0E0E00FCE6FD10
:1035C000E3F9F70009FC03FBFD17F902FCFA07E930
:1035D00005FA10FADFF6D8101CFDF603FE0E05DF23
:1035E0000E120019FA13FAFE04FBF40CF0E8F710BF
:1035F000FB3F08F6040EFFF3010DF80E0C14FB0E52
:103600000CF3D7E9CE192204FE1EFFFCFE0704FFCF
:1036100003DCFD1002F907EEF7E2D50FF31E3F09B8
:10362000E119F9F2040200000408FFF9F103F8EDD2
:10363000F7FC01DE0218E6F805F3EEFFFE0501EEE9
:1036400003E90AF405100B040C08FAF102F206F380
:103650000713010403050002FFD8FB03200F022417
:10366000FEF9E2FDF4090BE80DF70D08F906FC1967
:10367000FECFFCFE07F603240305F71208141EFD17
:1036800000E9000CFF08022400EAF30C060500ED37
:1036900008080DDCFE29F7FCD206FC0AFFF4F5074A
:1036A00001ECFCF9F405F5EEFFFAE8F707FD0AE195
:1036B000F90CF80100F302F202FFFF01F913051201
:1036C000F3ED1713F7F602FCFEFB07FE0CF90710EB
:1036D000020C02ECFDEC0E04EF0E1C1309E8F9FAE3
:1036E00004EDF4060E10020200ECFE08150111FFB5
:1036F000F3F803090BFD08050706FDFFFD0004189C
:103700001200FFF3FCFF0D020804DF090C1806D4B9
:10371000FFFF03FE09FD02EDF918FFF80C04F2FEAD
:103720000506ED130EFE1E140DFB10EF0BF905F848
:10373000FA01060AF6FE0BEE00FC010D12F4FD1074
:1037400015F806FC030DFD030A13F60D11F7FFFD36
:10375000E4FF0100F6F01104E6FC08FDFAF601F6BC
:10376000041607F51106FD09FB001D00E108F8FA33
:10377000C7DFF7F4F4000808FCF2FFFCF8090905BC
:1037800009FF0FF9FF0A0900E4CFDC0FFFFC131F4C
:1037900006EB04F8FE1008F2081410D1EEEFF1FC6D
:1037A0002612FEFEE7F400F603FDFD0EF404FBFC1A
:1037B00000FC0205FCEA27111BD51BF9F8F00EF5F9
:1037C00001F902FCF1FD01EC06EF0A08FF070A040B
:1037D000F3C212F808FA0CE60DD505EEFD000AE278
:1037E000F9092BEC06CAF4EC04B4FA050AFFF70A4F
:1037F000FE0108F7FAFB0DEE12FC1BFFF8DDEE27C9
:10380000FF21FBFCFEFBFEE1050600F7FA0F0006B8
:10381000FF01F6080AE8140C181009F00601F8D1A7
:10382000F31203FBFAFBFA18FCF5F5F709DE0AFAC6
:1038300029E424F706F5FBDBFF0CFFEBFF04F5089A
:1038400013041FF7F9F2F906F10002F809ECFBFC8A
:10385000FF1B0309F01902E90202FE0FF4F704222C
:10386000EFFBF50CF20A020FFC14F325000C021614
:10387000FDF901FA11FAE40AF605E60601FD0AF27D
:103880000204F7FFED19F4070B04F91A13FF06FA07
:103890000D0F01FBFA07F8F9000BFBFAFB0DF4F32F
:1038A00006FC001D152F010C28150C03010EFF0549
:1038B000F4FCFE09040DEF03FBF9D618F24012C127
:1038C000E1C11104F602000DF8F800DFF3F9F5E9A3
:1038D00001FF1EF111FACCFFC8AE020607F600FD8B
:1038E000FE0BEED5D8FAF9D3290A2BF405CBC30F7A
:1038F000F4B411FB01EE04D7072503E6DFFCF6DE86
:103900001B3B3B12FDD5E117060BFD04F804FDF14E
:10391000FB210AFCFF02F6EB1808000AEFDA0C0F95
:10392000FFE71A0806F503EAFF1008F3FB02F8DECA
:103930000D13F9F914EAE209173CF80008F705013C
:103940000600F0F4EE0B09DC1DFD19032FEEE52057
:103950000302F3F608FFF4EEF924FB00FE06F7F38A
:1039600003FAFDFFF606EA05022A0E0A0410060411
:1039700000F704F902FBF9F9EBF9F00C0A1DEEF679
:1039800001FB10030C0302F906F503F8FC0508F02F
:103990000DFA10DA18FAF904FAFAE608F202FC1144
:1039A000041302F20FFCF8EF08F21DF3EB0D05050E
:1039B000F807EBFEF30C020500071000F704F1090D
:1039C0000CF8F6FCFD05FDF2DA010AFEFBFA0CFF2D
:1039D000FC02FE08FBF9FB15F2FCFF030E08F602E1
:1039E000F1FF0E010700FB03FB09040200FB03FFCC
:1039F000FC0102FDFD020B05DF00F9FA0408FC0BD7
:103A00000108FDF6F6F70A0503081FF2E50F0DFAA7
:103A100002F00502FEFFFC1E06F1FE0807FF00147F
:103A2000110808F7F50D0F13EAEEFBFAFCFC051779
:103A3000F903F9EFF60601FEF20111F70807FCEFB2
:103A4000FCE0F7FBF40503D9F3320113F309030596
:103A5000FAE914F4ECF8DD202936EEF70B2807ED2F
:103A6000FBE820050500FA0BE4EAC9DDD6FBFCFD06
:103A70002E211800FE1DFCF105EE02F806040509D2
:103A8000DAF3CED6F604EAFB01D01307FDF9FAEF1C
:103A900004EB010D0FFD0511E000021F24F8B8FE34
:103AA000EBE4F111080803FEFFFF0CDF24FFFC2FFD
:103AB00009EAF5DEFA2FE60F00F9DE090A1DFF0715
:103AC000FE1312012FF5FA21E30CE7E3BC29FEFCFB
:103AD000FF25050CF710FE1CFC4D032202FB090A12
:103AE000F410D3F124F3E2F10E0802F90BF906EC1D
:103AF00000260123011309E9E4041BD034F1F7097E
:103B0000EC00080306010309FBF51A0C1E0C03F078
:103B1000E9EFF923EC3EF1DAD30CE90A0907090CC5
:103B2000FF18040C04101700F5080ACBEE0300E29E
:103B3000FA10F9FDFDF70E2C0714FA05040516F727
:103B4000F009CEDE1415EEFBCC01F903030C010FD6
:103B500004E6F9D7FCFFE1F8010606DFEFFDCEF23F
:103B600021100606FAF9F7E201F70CF30209FFE467
:103B70000AFB160B0EF604F71FFB1300F80BFCEA0A
:103B800001E917EE19FA00FEF4F5F2EDDC0504ED9B
:103B900003F81600FB18F8F608D5072EFB0006F808
:103BA000FC09F5F602DEE2D805F4FCF50E0906FB89
:103BB0000E09081AEFF70BFAF2F418F028E4D30A0A
:103BC000F910010505FC05F901FE020103FCFAF8F4
:103BD000FDFFFBFD07F6FE0305FB01FBFE0602FFF2
:103BE000FC05FA03020603FBF900F90101FEFF07D9
:103BF000040005FEFFF90002FCFF0107FD0302FBC4
:103C0000FDF903FF030501FEFB050302FA02FF03B2
:103C1000000103FFF7020405FDFC020000FD04FEA5
:103C2000FC02010101FC020604FAF8FD0106FE0097
:103C30000504F9FF0800FEFDFEF004FE050200FE8B
:103C4000FCFCFF00FAFB0001FFFBFAFF02FBFB0C90
:103C5000FFFAFC02FCFD05FDFAFFF70204FDFF0080
:103C6000FA02FA0000FC00FD02FA04FAFA01FEFE74
:103C700001010BFE0505020003FE04FFFBFB01FF33
:103C800005FF05FA0201FFFB030302020000010524
:103C9000FDFC0904FFFDFF040FFAFEFFF8FFFEF82C
:103CA000FF0103F9F9FEF70201F9FBFFFC02FB0734
:103CB00001FE020000FFF6F9010000FAFDFF000519
:103CC0000408FD0000FD00FCF70004FBF8F6FF0708
:103CD000FE0204FC0502FCFFFD01FF030404FDFEDF
:103CE000FD01080103FE00FE0301FFF9FD01FE02D4
:103CF000FEFC0302FB0002F900FFF901FD000104D4
:103D0000FDFC040107FB0000FAF901FC00FFFCFCCC
:103D100002FB0301FBFD0B0400FFFEFD04FCFDFEA6
:103D200002FAFC060404F9FBEE02FF0302FBFD01AC
:103D300007FEFD000204FEFF04000404FDFF010075
:103D4000191C0705FBFBF8F50410FD04F7FEF6014E
:103D500001FE002BFB09F31205F509FEF604F9EE4E
:103D6000FC0AF4F2F8FEFB1AF202FF2E0CF8E5FA58
:103D7000AF000EF4FEFDFD10FEF8FEECE803F801C6
:103D8000F00B2B141FF7EEF2F31AE20C07FCFA12F9
:103D9000FC160AF80CEFF20B09120FE709F2F0EA31
:103DA000000AFBFFFCF6F3F30D1DF2FEFC04FCF42D
:103DB000FE160A0EFADEC90F23E6FFFEF5F5FCED4E
:103DC000000A05E9F4F600F5180007EBFCDC04F640
:103DD000FCD501F700F7F40AF6EBFEE704FEF7E97D
:103DE000FEFB130BE7D3FAFFE3A4ED060B00073746
:103DF00001FBFFEFFFFD04E01A221FE801F0D601EE
:103E0000FAE501FDFA060805011FFC11F6FCFEE9C2
:103E10002E0EFFE0F318C40EFA050A07F3FC0000AB
:103E200001F60219FF07F1F303EAEDDB1D0810F1BB
:103E30001C0C20040DF009E808050609ED0601E058
:103E400004020702F9EB04FA250FFAF3FEF4FD1C55
:103E500007220A03000000E6000608F702EFE0F67A
:103E600006ECF40C0502072B03F6F81002FE00ED39
:103E7000120706F4111227FB01180203F3F40300E2
:103E8000FCFBF8FCF7FAF40B07F9F7091BF018FE36
:103E9000EC0F0BFF09F00100F710F9E30202F50B3C
:103EA000F5FC070FE9EBD8FD1A0FFA0505FA051D19
:103EB0000322F9FAF2FCFAFE0003F702FB0FFC08FA
:103EC000F1D802F0000208E6FC04F6FCF3F804F571
:103ED0000BFC0701F1EC2F0AEDF00500F90502F6E5
:103EE0000810040CE30A0AF30901FFE2E8F017FBEB
:103EF00002BCF0FBF5FBFD0EFBF4FEEDF5FC06FB52
:103F00000CF8EBEFF0F802140DC2FF0205000104FB
:103F100005CDF6F3F70603E700FEFC1FF0F90500F8
:103F200012150304FAF8FBE803FDF609FF08F40193
:103F30000504E51C060A17F615390B0C000A06E9FC
:103F4000FDE900E5FEECF30A0DFFF5220C0CFE077F
:103F50000F161104080605DB04F3080FFC0DFEFF25
:103F6000ECF6F80D10FA060C182F0EF9FB0303E01F
:103F700001FB09EE09FF040F02F8FC281EFA06F9FE
:103F8000F01F04FF06080EF7FA27FEECF6FDFF11FE
:103F9000FBFE0AE8ECDBCF10211EE704041112F946
:103FA000F31B0A140911F9080303EFEF01FDE903FC
:103FB0001E18F2F50306FAEDF10501F50E12000CDC
:103FC000FAF2EDF2F4160F07130405FA06030006E1
:103FD000FAF6FE0013FFF920F2F205FBF50536F5BF
:103FE000EADF060801FDFC11040204ED0BF1FDFF00
:103FF000FC0D02E0FF27E003FBEF05FD000EF609D4
:10400000F8EF0404F1F3FBF2FC08E8EDEE0711F819
:10401000FB02F600FE0501FD03FCFC1B02FCFDEDAE
:1040200000FAF3F008151DFD1E0DFEFCFC00F5EE78
:1040300004E504F9160507F6E500FB06E404260589
:10404000FFF8F607010002FC030D02F3F109F5F891
:10405000FC070DF0EFF2E405FE100401FF01080A71
:10406000FAFD04E5FF1B03EFF21021E80FE2D8FD93
:10407000050FFCFA05F502F8070F04FF090C07E528
:1040800002FC0AFE02E4ECFCF8ED0AFBFE0D0A035A
:1040900003F400F5030002FCF3000005F3F600F75B
:1040A000E3F1FB08000B0908F105FAED0B05FCFE36
:1040B000000BF7FBFA0FF7FEF6B100F40211FE0C4D
:1040C000FCF103F915F9F9EC08EFE8F91A3022FDD3
:1040D0000AD50002040AFE0DFAF2090DEBFBFFE21D
:1040E000F4FBFAFC10ECF1F0FFF6F50EF503FF021D
:1040F0000A0F01EFFEEF06E609FB1AED1DF5E9FDDB
:10410000FFEFF402FC16FE11F7DE0323120B04EAA4
:10411000FEF3E4FA0130FCE9D2F7FFFA0A0505F0F4
:1041200000E800101E070003F7EFE1F112302FEA5C
:10413000E0FD050A08FF081B0409F405EEF5120B63
:10414000ECF70BFF03F5F8EB02F1F2FF02ED03F9D8
:1041500005F70BFCFFFEFBF117FD0FE1F9DF1D4832
:10416000ED030408FBFDFCF4FD0306F6050509FC60
:10417000F0FDF30E05FC11000C03F7FD0E0800DE48
:10418000010700F1EFF8131405FA0620F3F1F70721
:10419000EF06070408FF00EF0BEE01E7F700020B44
:1041A00001FD09E8ECFBF00CFBF809F9F9FEF61744
:1041B00005E8FBF40100FEF40401FA00EF05F61B2C
:1041C000202EFF0206EC03F911E9F5E402070701CE
:1041D0001401F3071926E3F106F1F6F4FAF011EFF2
:1041E000FE03F4F0FA0301F90E001441FE17F9057D
:1041F00023F808EEFAF4032100FE0FFAFAF9EB06B1
:1042000003F3F2300A2C09FBFB2F061205FDF90D12
:1042100006ECFA080AF9F91B1E01F30E052AEBE772
:10422000071A0A0B0A0108EDF4F209FF04F0EF0B7C
:10423000030A39131401E408F543ED0AFFEBF7EE26
:10424000040C01F614070201F2F10001FDE2FAFE8E
:10425000F9FBEBFDF2F90535F0E408CA19F1101489
:10426000F9FF23DCDB0B1504E504FD0809F3133922
:1042700000F410EF07FD061FF71CFB0CFA153604BF
:104280000107FB00F9F7FDE60E0C09F5E4FE03FA61
:104290000420EDF010E1F4F90CD8050CFF00FBDE72
:1042A00002D40DF0F20200EE07F815D716CDE304A4
:1042B00007DA12FA06FB08F7F70EFCE2F6EB14E257
:1042C0000F1918E6E8E1000DF0F4EB08F8FF00FD27
:1042D000FD1DFD010BFE0DE60A170CEDF2D4DCE727
:1042E00004F60210FF03FBF9FBF000E8E806F5F323
:1042F0001412FAFBFF04D1110FF2F40A0D03F6C9F0
:1043000016F9EC001903010A05F6EDEC34D7251A6D
:10431000FEE801FB03F8F9E0FC0509EFF2F6F3F71C
:10432000FCF7FA23E9CB3DEBD30401FFF902F6D108
:10433000F61FF1F0F1E60CFAFD02F6FEE5E5162CAB
:10434000ECE8FA00000013FA0028FAE9F70FFBF492
:10435000FBFB19FEDE08D909EFFEFB04FF0A08F497
:104360000B12FFF00F06F7010E03EBFFEEFEEA194A
:10437000081500F5FE0404F407FDFF17090FF20409
:10438000FAF8DDFEDC1326090129F702FD0606070F
:1043900007F4111E060203010401E503F20B3DFAC6
:1043A000F5F105FE090106FEF7FE08F9FCF8FBF63B
:1043B00005090B010141DCFC01EF0406FB0AFFF7D4
:1043C000FDF617F4080A02EB0F04F8FA0C11F9F3E2
:1043D000F5E4FE03F608070909E410F913030E0ECD
:1043E000F2F1FD15FBF902EEFDF51106010AF60DDD
:1043F0000AF601EC0809F729FF0B0705F71525EE6A
:1044000007FF0705FBFE0912022704EA02F5FFF188
:10441000F90C2EF2FAF5E901F50FF700FCFBF8F9BB
:10442000FDFF08F3EB130FFDFC09EAFE0EFCF7FCA1
:10443000EE1BF80204FD0DF40C0FF9080BF710FC4D
:104440000105FD090CFB021228F20E09020700010A
:10445000050703070DFE07FC0B1602FDEFED0EEC42
:10446000F5EAFE0307040115070602F5FB0C06FE3C
:104470000C0D06DC0212D80A23FD020BF611FFF622
:104480000BF5070708FDF8EF1A00E7E317F905E257
:10449000FF0706EE040403ECF718140BF9F701020A
:1044A000F1FBF10D1BF82FEFFA030FF9F502F9EE0E
:1044B000FC0C0E13EA030EFCF70AF10616F71011B6
:1044C000F211FA03FAFA04FC071208FDEB010F00DF
:1044D000FEFAF6EEFBF304F90925F3F60C18FCFEE0
:1044E00004F801FE01FB0412E0E6FAEEF904E9FF2C
:1044F0002104FCFCF202FFE90909F71E010105FD98
:10450000F3F2E1F8F522F301F6FB07FC030E08E7EE
:1045100002F1F81CF405FDFCF6F5F8011609030696
:10452000F4E2F303FE0906090B040AEAF80406188C
:10453000EFEE02D30308F2FE1107E701080B0706AE
:10454000001D1004FCEE0013FCFDF7EEE7EDE8F5AE
:104550001BFFFAF6F30F00E3F71FFA0F0602050D33
:1045600009FCFBE8160406E4DF0B00F804FAFCEE95
:1045700004F7FC131507FBF7EEF10BF403000CF640
:10458000F8F2F4F200F9FF08FEE9FA0E0A05FAEA79
:10459000F3F711E6E9161802F903E7F4070AFF1A20
:1045A000FA12FE03090402EAF404F1DAF023F9E551
:1045B000F3F4EC08FF0AF413FFE00FED09FE040327
:1045C000F405FEF5F92D1315F9EA091109EBF50AC1
:1045D000FEE0F6E205E6F206F7FDF70EEF0CD8E591
:1045E000460CFBF20CF401CBF1F205F50800F8F7EC
:1045F0001004FB39F4FA12F3461AFEFE14F8FDE03B
:1046000002EA09001B0A040203EFD71DEBF329EEAF
:1046100014F41EF9FC0300E402EA032307F6130571
:10462000EBFE05F70FF9F9FEEEE9091205EDF814B6
:104630000B05EB0BF4030EFDF90A230111DDC6E3B4
:104640000BE2FD0600FAF5E704E5040DFBFE0AEFB8
:1046500005F9F4FE0BFB10001300F5FF08FF050140
:10466000F9D60416F8FC02FBECE3F4E2011916FD9E
:104670001E3702FB07050204FCFB02ED02EC0AFBFD
:10468000F400FDF91911FAFBFAF31101F9FC08F62F
:10469000F910FD00FAF90BF3EB00170622F9B80A3E
:1046A00003ED0405FC05F70202F3FE050A08061AED
:1046B000FCF9F6F0F1EE0B010514EF060DFF030F08
:1046C000FC1AFF0BFDFF090FEE021007CCF405FFEB
:1046D0000614F604020404060330FC0DF4F6F50596
:1046E000141DD6F1F605FCF314100BF701FF03FCC3
:1046F000FFFEFD0AFE0903E2F1FBFAF701F7F20300
:10470000FCF20CFA04FAFBE701F20C0E02FD0207C0
:104710000CF5050DF602FDF5ECF104040208021695
:10472000010DFEFFF9000A01F70604E0F5FC1BFB92
:10473000E9F5FB00030A031CEE01000403FA07027B
:104740000204FDDE040A0E08DDF6030700FEFCF499
:1047500005F0FB0AF7F9F6080C0305090305E40464
:104760002D100A0900FB04E401EF05F400F8F7F549
:1047700004FBF81D130608F5F4FC1007030AF3E622
:10478000F9FBFFF4FA01FAFBFAEDF910EFF8ED008E
:10479000E6FB00FB07060301FEF7FF0700FFFAF93F
:1047A000010C01FA04EFF819ECF7EB0106F509ED3D
:1047B000FB06FE01FEEA01F2F2FD0AD704E3DF2563
:1047C000E211F60A02FFF408FF1D0814F6010311B6
:1047D000F104F503F9ECF302F6F60507F30F07FE13
:1047E000FCFCFF110409041CE60EF607F900F7F2C1
:1047F0000915F906F405FDFAFF020C0EFF0A10096F
:10480000F8FBF3F0ED0212ED07F8FB02FC0D05E0FA
:1048100001FD041901020C0A07FD16F4070C090931
:10482000EDDAFC02FCF4031E04FA06D70BFFFF15B9
:10483000F401F9DBF70ED607EBFDF207F30EF80CE7
:10484000FDFB08F2EEFE130F061401E3010CEB086A
:104850000502F80DF80AEFE4FF33063303F7FEF71D
:10486000FE01DE0211EF0AF4E91BF701070B05FF59
:10487000FB140A1E04F0051FEEFBFEEF130337F7CF
:1048800010EA10EC0508FE0B00F009201309F6E809
:1048900003F60726F63621EDF6F2F804FEFF0116C0
:1048A0000400041414FFF9EFF1F0E4EEF92F26E30D
:1048B000EB0E0402030F001803F10609FEF7FBFFDD
:1048C00003FEF2F806140200ECF3FEF60202FC030B
:1048D000FCE504FDEDFB0214F300FCEBFD09FEF228
:1048E0005A22ED02FA0301F0F90A17F60504F8035B
:1048F00003FBF922F8F616F92E0D0903070900E665
:10490000021B130501010CFBF2FAED1504E400068D
:10491000F4FF0DEEF1F803FDFDF60011FCFC110CA7
:10492000EC070CF314D0EC0FEDF40605F9EE0E0EC7
:10493000F70A01FCF80A0AF9F6FF19FFF1F7CF1898
:10494000110FF6FE03F60700FBF9E1F5F90BFC1376
:104950000BFCFAFCFB0EF015FEED090DFF04FE0A40
:10496000040D11FEFC0DF3FD00FF0A0CEBF2ECE66A
:10497000030014F9F616FEDEF2E50AF5ECF9FBF891
:10498000FD0DFBFFEDF6EF07F40412EDF105070650
:10499000FE0CFE190804FBF8F9FD0CEBEFFD00FF1F
:1049A000000012060306010000ED10F713F30A1AC7
:1049B00009F5010BF116EDECEF19E70A0308F0FB1E
:1049C000FFF01CF616070106F502F400F501DDFA0A
:1049D00000DB17F90E15F9F40C161E131AFA07FD71
:1049E0000009F00BFDFE13022C14FCFC09FD04F77A
:1049F000F324F81D03030B0400F5F6ECE1E3F7F2F2
:104A00000BFFF7EBFEEFFAF8F61013E7FE0103FADF
:104A1000EDF01E03FCEFE7FB050EFBFD08FA09F5C0
:104A20000317110D100F0EF9F90A00F8FDE9C9FE80
:104A3000F717F1FBED0A040DFE05FF1306F7FEF470
:104A4000F80800DE1306FBEB0900000103F6FDFA8F
:104A500007040200FAF2F71CFCFBFCDBE6EDF9D1DF
:104A6000F529F5F6F7FE06F2EE11FBFD090AFBFA51
:104A7000010C1CC70509D3F91CDC02F7EE08FEF295
:104A8000FED409EB00FD0DFD08F8E6D9E7F1F4F0DE
:104A900028E20908FC0DEFE702E8FF180106F9EF2C
:104AA000000610F519E7FDE5D8E9FEF20906F9F967
:104AB000F9E6FD03FCF010F8FD002300FCFAEF1D01
:104AC000FBDEFD01F2F9010AF6DDFCFBF70508ED5E
:104AD000000102F503F314F0E7E3EFE805EEFB064F
:104AE000F9030312F7F1FC0413FAF00F0415100197
:104AF000C20DE8F702E6051B1109F804EC0A060BE3
:104B00001B16190E2C1218FF0BF8E404F9FDF7031D
:104B10000A0501E1FF0C0DFB0C0601EA08F3EFFAB0
:104B2000141403FFEBF7FAEAF5F4F32904F7F10B99
:104B300002EE111DF9EB3B04F11D25090EF10601F2
:104B400003F4FA18CE0607000902FF1FFFCAFCFF94
:104B5000E9E9030E00F6000E01F5FAD2FAFE06109E
:104B60000F0D220005C9FB17F4E2F80301FA13E563
:104B7000F7E9FFEBF10CFDF01C0D0323E6F3ED1B51
:104B800000400710F1FD0BE40009F5F3E1F2F42217
:104B9000EFFBF711EBC5400F18081C0209FC0BF1E5
:104BA000FC0CF306E902F9270814001CF0CFDE39EB
:104BB00011E2F8F502FFFAECFA0DFC03F20EEC0933
:104BC00002090E17F7DDF111FB02FAFE07FCEEF702
:104BD000FBF3FEF4F222F9F201E80B0BF50C26FED2
:104BE000E805F50203F9F7DBFD2CFDFFFFFCF213EE
:104BF000EAFF1FEE04E1F913DE08FF080EF7000CD0
:104C0000FE16F1ECDA0FFC0719201AF6F5F3D1289D
:104C1000EB05E101000A000900E801E30701F6EAFB
:104C200029F2EFFAFB3008171C29FBEBF20308F618
:104C3000FDF5F7190B0BFB19FBFEE1000E4842D501
:104C40001317F906FA0014FDF8200F06FDFCFE0507
:104C5000EE0A1405E9D7E115F909060DFB0207F97B
:104C6000FF0404FEF30800030D0C0012FAE0D4FB6D
:104C700008190905010C07000E08FBF00701F4F400
:104C80000A131B05E9DCFB06F2D90606F70803F94F
:104C9000FD0BFBF3F9EC00FCF70DF3F8F2EDEFFC84
:104CA000FEFD150A090F00F7FFFFFAF112080502D1
:104CB000080910F7F510DA11EEBA00EE0A1003F544
:104CC000FCFAF5FEF80D05F40402F2E40437FB00EB
:104CD000F509140B06FDFA05F9FFFF0EEDFB0ADFDF
:104CE000F3010BFE0CE5DEF308C907FF02FBFD0C28
:104CF000FF06FA00F0F0FAEE120413CD14D9EEFC20
:104D000007EFFBFB050EFC20FDF0F823000604EA8C
:104D10000F03F6040A3804F7D5E90B020701FAF38A
:104D200008D60E040AF6F802FCE6E2DA2A2444F178
:104D3000FD0A0F02FDDE0200FA130613E709FBFB72
:104D4000EBFB1815F9ECEDF5FE0BFAF8FCF702F9A0
:104D500000EC14FE00030BFA12FAF9DC100E2035F9
:104D6000E9EBEAFF0409030C0A0E022D0C01FDF227
:104D7000EE03040F04F51400F5F909F8F305FBF34D
:104D8000ECEDF5E5FCF5130DEF000718DB0506FD6E
:104D9000EE090C0B16F6031801F600E7E900070E02
:104DA00005FB18F4D9EAD2F21FFCEB02FAFB0B1751
:104DB00000E0FEF5F0FB010B1E0301F9EA0403F924
:104DC000EFB1FFF503EC05F307FBFCE4F400FBF5A2
:104DD000030F0003FAE0F903DDEB10FCFCF30FEF27
:104DE000FFF2F1CFE40B01D40C0529000DD5EF172C
:104DF000E0D6F913FA00FB030121000BE10001DF0B
:104E0000140B18F2F3DBEF1C0509EC0703FBF9FFA9
:104E10000A0EFDFCE50AFCE8130B01F1F1DC110FB1
:104E20000CF5020800F209EE00FC03F5F1FAF7F5C3
:104E30000207210005E9DF151ADA07F005F606D5A5
:104E4000FDF9E7EFE809F2F217F1191619E7070F74
:104E500008CAFE03FBFB03F70400F9F0FA0EE5F6BF
:104E600005FEF01400FAD90F0CF71106000702E551
:104E70000BE2FEF30CF3F3FC0EF9EE08F916FBF16E
:104E8000FEFCFB050209FB0A0701FB00F9FEEDFB36
:104E900005011DDF0C10DE04F915F712FA06FF08F4
:104EA000000002111700030B08F510F30730150777
:104EB0000114F40AF8F9FF18FCEBFA0D16000608C5
:104EC000EFF1ED10031FF904FC0D06FB0A0BF7F0E0
:104ED00001F6FE211AF40115FB0A0708212D0ACD5F
:104EE000FCE1F7F7FF0DFC0507F604F202F804F801
:104EF000040514F6F5011102D7ED11FE01110409A4
:104F0000F3F7FC020A05FFF5F80702F4E7100416B0
:104F1000EAF30707FA02011A040C03F6F3080B0D73
:104F2000D6F4FAFDF0F911F9EAFF02F8F802FDF8FB
:104F300001FC1006FAF40B0207130900F6FF260B1A
:104F4000DAE61202FBFAFE1C020AF9E5FF07FE0090
:104F50000E0925EDF8F5C2FED708F80506FEFDEDB1
:104F600006F106E8190504F9F905EA00F71B051131
:104F7000F624FAFAFF0FF8F507F0FB030C02FDFC2C
:104F800004FFE8FBF815290B031CF8FDF6FEF207F9
:104F90000500FC06F602F1FCF3F1DBE1E00031F282
:104FA000E9DB130AFEF60914FA0904FCFDFE04EC21
:104FB000010B1EEF0613E2FCD3EEE7F4030001F74A
:104FC000F8E111EC0BFA01F7FC0DF2F608FF00F521
:104FD000EFEDE903F9FEFF180AC906F61BFF072EDD
:104FE0000AFA0016F80FFE0DD9D0FE1202FFFD06D8
:104FF000FDCD03F305FA0129000E0908041128ED7F
:10500000FAF102000406F20403F010070D05F1E5C1
:10501000FB0BF3000AF92A0405F607F9F001FCF38B
:1050200001DD0508F3F80CF4FCF0F8FD0B110B039F
:10503000FEED050907F305F8F9E1FDF1060CFF01A6
:1050400006051F07EF10EE03E2F1FD0400FB070366
:1050500013F2F4E708F604EC1502151B0EF8F2FB48
:10506000F3E4EDF8FB0402F3FEE5F90609FAFD1599
:10507000FBF3E4F7F4FA0FFA060A0202050209E963
:1050800007FAFB02F40103FF02F5FC0F0E00000813
:10509000F500040103E8FDE10818FEF90C0902011E
:1050A000FCFA02190DF7EF10040F0B06F2F206F3EB
:1050B000FE0F040DFD0200FF01030B0403F0FE0BC5
:1050C0000DBAF5F5F603FEE1F6D402EEEDFB04EEC3
:1050D000F8F4DBD8EDEB1FFA1305F50AFF09F60E1D
:1050E00010FD10FFFD09FBDCF8F309D8FCE007FF19
:1050F000EEE005F6F7FCF50CFD10F9FFFAFA07EE05
:10510000F6FDFDE710DB07F7EBF00CFB00F0F7090D
:105110000B02010F0815FFEF00E916DA04F3DB0FAD
:10512000FB071F0000F0F9E2F2EA0910F914FFFB97
:10513000FEEAE008F9ECF7F20ADCFFFE0BFEFE0DDA
:10514000FE0A0B10FD10F506F20411FAE4FE1EF43F
:1051500008ECFFF8F90EFD2F08E7F604FCFDEE164B
:105160000801DEE5F5340CF3BFFBF1FBF91203F5A2
:10517000FFF6FE00F5F9FDF4EAEBEFE5DBFEF0FEED
:10518000F80A0318F90408F601BB12F6F5FAF8FE5E
:10519000F700CA521606E7F608EFEC03FD06FFEC2F
:1051A00000EBF9E607ED060401010C2908F50BE90F
:1051B000E2DFFEF3F9F7030AFFF3F7F00E060A0643
:1051C000ECEBFEE9EB02EFEAEB06F3020B0009FD64
:1051D000F8FBFF130304000404240DFF2FF2EB027D
:1051E000FB100505FF07032806E60FFDEEF8070A8A
:1051F000FBFAFAF9FD24FCFBE9FCFE05F2F5EFF9F8
:10520000FE15000E0CF6FA14F40B0A1A13E9E9FD68
:105210001D020BFCF8050AF1FE290204E4FA0A0259
:1052200003FF0C17F6DC10FEEAF7F4FA05F502E0CE
:10523000140605EBEFF7FEDEF7F5FC02EBEA032BB5
:1052400005F0F90DF9F405EAFA0B03F5F7FDFFECAB
:10525000FBF603F4EDC6EA0EE01318FC0B03F9F1BC
:1052600009FCF314FB1A0BCE01FE1BF0FDCFDAF0A4
:10527000212E030BFAF9FCE40B0EFF04F10202D11C
:10528000F80B0A09E605DF02FBD9FB09F008EFED90
:1052900006FD1015F90B04DCF80CED08F700E5012C
:1052A000E817FF0700F00804030DFDE4ED10F70513
:1052B00010FBF3F00AFBCC0B01F9F1EAFC1A0B1F0F
:1052C000FFDFF1D4F30102F801FBF8F30833FE032A
:1052D00000F215FE0DFAF8EB05FA0724F0E9FCD30D
:1052E000FEFAEAF928E9F2EC0DFCF7FEF9F901EA19
:1052F0000507F7FCF1F0F6F5FF0513E32CF3E7FDE6
:10530000F3E20CFF1124062BF8F1042C1000FCE44E
:1053100002F9EAE80D460EEAD50BDB01FF02FE1B9F
:10532000FBE1FC0B1AFFF5FFE9F7D8E925392BE87B
:10533000E3F10006F2E808FE1203FE17F1F5031A86
:10534000E3FB07E90CEAF1E6F805FA01FBF0F900E6
:10535000020800FFF0FA03F9FDFE0FD70BE71F3735
:10536000F5E5FF0AFBF405FAFC050CF6EFFB0FEB85
:10537000F1FFF506F4D81F0DD9F603EE0CF4FEE2AA
:10538000FC150BF2F1F1190B011520F6DBD6EF211C
:10539000DCF7F00AFBFB0B0503F8F4E6EF0A10F963
:1053A000FD0112FECFE3FB18E1FDE1F901FA013244
:1053B0000CEAFDF3F506FDF61509F0FBD418151FF0
:1053C000E916020C08FC03FEFF2EF6EBFF091005A0
:1053D000EB061112FFF5BBFC2F130517ED09F9EFD2
:1053E00003F0FEFFFF12F3FA1011FDFFF5051300A5
:1053F00007FB04050DFFFFEA0205FB11DC1AF2F6BC
:1054000002FC03FC020710EF0F17F80B01020A035E
:10541000F8FEF414EC09FBE7FC031300FAFB1EF69C
:10542000E9E8FE040D0E032BFCF90A031F00010B33
:10543000181F01EB094BDDF5FE050E06FA1701FCFE
:1054400009DA09FC07FE07020D01F6EE243503E038
:105450000A16060E0B0900F500F3FE10F9F2FA2009
:10546000F0E7FF2721EB16EDF50E08FAFE05F8062A
:10547000F50BF7F9FEFF0829FE060BE50D1B11F8E9
:1054800004FAFC05FD0BF622FAEF0C0F240113F9C8
:10549000FDEA09EFF5FF32F4D8F70A040A15F9F42A
:1054A0000000F61312EFF814F4EDE800EE25FFF615
:1054B000DAFEF70D080C0109F70108210C03FD19AC
:1054C000FAF508FA140BFE05FD04F4F3FD0B101BAE
:1054D000FA11070000F80AFC121401EDEE003BF48B
:1054E000F00603FEFDFD070A051CF7E6FEFA17FDB0
:1054F000F2FE09E3E8F3C2F8E9F600FFF80405F06C
:105500000AFF05F7E8F9FAE90F120E07FCDDC51CE2
:10551000FF00F101F7EF0304FCED01CBF9F0F70F09
:10552000090A02FCF0C7F906DD04FD01F7F403FEE9
:1055300010E1F7F1F5FF0DF5110CEC02E405FA0DA1
:10554000D51D06080011041EFC0D06F80505031DF7
:10555000FAFF03050708FB05FB281109F6030707F7
:10556000100B050622F7F8220401E316F52A1405AC
:10557000142DFC16FF050002FDE9FEFD10EE00FFF4
:105580000100E9FA14210E02DF2CDE0102F8FE0D03
:1055900001F90DF404F20B05FE0204ED0D10EBE928
:1055A00005EE02FA0F080809EF0AFBF606F90105F5
:1055B000090B310FFE06E5FDF3EFFB00FDF90004DA
:1055C00002030DF3FAFD040DF609F6FAF8DFEDF922
:1055D000F4B402F402F2FF1706F5FDE4F706080C36
:1055E000F70511E7E9F2F70BF9DEF4FC0101FF1C06
:1055F00003FBF313F4090EF60D1A0608DFFEFBFB9E
:1056000009F8FE0500F005F4F42FFEF9D30102FEBF
:1056100005141714FFE5E0123B0205090A0C12E11C
:10562000FA060804F609F8E00208FA0700D5D619C8
:105630000FFAF9F10C0105CEF91000F0F00C06EBB1
:1056400013120903E9FE14151E020005080CF800E8
:10565000FD0CFA0DF90FFBF10EFB02F8F9F403FE55
:10566000F309F401F6F80303FE2DF9E5E614F40955
:105670000E0515DFFDD6A805E7E9F60CF7FCFDFAE7
:1056800005D50211F009F41515FFEBD810E7D31179
:10569000050B06F902FAFFE409EAFEEF120DE8082D
:1056A0000AF1001C16F00EE51D2210F3FD0DFFF1AE
:1056B000F720030A0606F00CFDFEEB0EF42610FCA4
:1056C000E9020FFAFC0706110702FEE2040909F1DC
:1056D0000AFF0EF8FBFBC5051AF8F9F804F9FADE23
:1056E0000A0C06EF0F08FEE80F080916F70AF10C7E
:1056F000E9260105F8FBF8F6FFFA02FB0808050D9C
:1057000000F8DF07D7053513022EFFF30FF7F70870
:10571000F5FA03FCEE000B0500ECD6F3E60F3110B2
:10572000F0E605F7FEFD060A0B130508EB05FBE79F
:1057300008011EF214FBC808FC0CF400F9FA01E998
:1057400002F416F1031300091AFD20FC08EEF7021B
:10575000F618ED0709070512FBBF0AEB29010A2F0E
:10576000FEF1F2F9DF0E1501E1DEFC0C000BF62470
:1057700003BE06EC04FCF433080DFC1EEE2524E207
:1057800002EA021205F803100BEAFFF1F901F7F241
:105790001313FCEB19F60708F1F8060101F50AF6F8
:1057A000FCE30305F7FAF4FFF8001704FE00E90D27
:1057B00005E3F2FE01FD040813D3FAEC0D0DFFFC26
:1057C00011F232F8EA130316DBE7FDFAF4F5020CE6
:1057D000F80C00FF0C0720FC06141E10F0E9DDDFBA
:1057E000D700F3040109110CFCEAFB0A06F01308C8
:1057F00002F9E8FFF7FFFDFE0E071413060505FF8B
:10580000F604040509F103EF1003EB1C1210EB0F73
:10581000F8FB0DFB08F30AEAF6180AEF08F9FF0E89
:10582000EBF20A130DF70904FE0207F708F6FEDC97
:10583000081E030CEBFBF1F30C170EFF11D514EA55
:10584000FA1B1BFDFA04FD0A00D8F1FB06F2080959
:1058500014F7F01F244B11DEC1C11808F4EE09291A
:1058600002F2F1FED9EBFBF41E0C3A292E1911FAC3
:10587000C6F1021306EE030F0B1C0205D60B03F252
:1058800021012B0F0DECE2DFF802E20507F4FCF634
:10589000081903F2E7190BFC18202015F6DBF402B7
:1058A00009FC0FF4FBF5F806FAF3F903F8FA00081F
:1058B000FC042A1A0DEF2009052A130EFEE10B0B3A
:1058C00007FE0914F60F19EA14051EFB250C08F64D
:1058D000F119F2F6FEE8100EFCF9F5E8F1FF01E42B
:1058E00019FF20F7FA0BFB221012F7F4FFFD03FF5C
:1058F0000915F4000300E4031307E2F3F70CE9F4DD
:1059000004FEFCF6FDFC01EDFA0BF802E70E0C0FAD
:10591000F91205E206DB1006EAF9FDF7F105F517C5
:10592000F8F2FBFE0A050401F8F5FCF4FD18F12F6E
:1059300005F6F30700FAF302F9FDFF0302F5EEF3B3
:1059400010F21DF6FD00F9F9DD07FE09FE000CFB63
:10595000011BFC1B12FB07F904ECE7DD122A2705EB
:10596000C6F4F4F4FC040BF202F40AFBFBF5F80DA8
:10597000ECFD1D15E4BD13F9CFFFF1FBFBEFFA05BC
:10598000FCF9EDDCFC05FD0E080C12F6CDD2DE2193
:10599000F8F2EDF803F5F811FF0C05CEEFF906F675
:1059A000FC0114F9C8E5B3F7E9F3EFF7020B03E6DE
:1059B000FAF109E402F7EEF9090504F8D2ED001056
:1059C000E9F8F8F7FDF90BF2F8FD04F8FDF3FAEE4B
:1059D000FEF30206070F0CFE3009FFFEFE03F41271
:1059E00001E0FF05FD010AF3F509F1E909060903E4
:1059F000131E050409FE021108150207FF0002EE3E
:105A0000FAFF180611FDF607F8DEF90401F70D019B
:105A1000F70803F6F70000EBF9070B0F06F0E610A6
:105A2000EAD4F20204F7FAFF050FFA0203FDFB0FB6
:105A3000FB00F6EF03E61AF619F8F8FDFA0008067F
:105A4000021002F8EF0AF7080BF9090308FB1C0E15
:105A50000904F30B00F20A07FE1200FCEBFAFDFA50
:105A60000E0913010AE5F10BE902F9FB01E9FE0950
:105A7000FBF5FDF3FCEAF7EBFFFC02010EFAE20F87
:105A8000F8E3F8F907F2FD09FDF9FB1A03FAFFEB59
:105A900005F8FFDCF31D0A06DBF1F80504FDFF192C
:105AA000F40DF30A0404FAF801F7F2F9061F0E08E0
:105AB000FD040F050502FE09020D020CDEFBF0E9F4
:105AC000F1F815E80FECFFF3F9F306F7F6FE00F531
:105AD00004140E05F0FAFDE7FFFF15F30FE3F241A2
:105AE000030403FEFFFD06CB030D05F0F7F406E902
:105AF000FB03ED42FED21EF8E41607FDF5F809E1BE
:105B0000050805FE04FD0806F3FE2D0AE2EBFBFF87
:105B1000EA02F00303F401020522E8F7F2F60305B6
:105B2000F90704EEDAE8D716DBF8EAFDFDEFF60B2D
:105B3000F9F0FFF405F4F4F212F516EBC8EEED1DE2
:105B4000DFF501F9F80AF4F2FDED03F807FB02F4C2
:105B5000140804020B1000EFEAD5040406F7FEEF68
:105B6000FDF70F150203EFF00803F61EFF2200FFFA
:105B700012220DFC01FD080FFAF6071405F70AE9D9
:105B8000010A030AF420EFFFF9080200FFFE09F3FF
:105B9000FC050CEE01F706F90901FD190803ED0CEF
:105BA0000B0B00F80BFD0BF106FB012702020DF7B2
:105BB000F60B13010AE21803EA1308F3F4F60AF3EA
:105BC000F402F203090602010B100FF0F8F20DFDCA
:105BD000FA43F80108EEFE0C0108F7EB0BFBFC1C86
:105BE000FBF90901E90C06161524FBFF06FC08F178
:105BF000FCF008F2FF080408FD0EF712F0F9FAE5D0
:105C0000F40708F701FAFDF902040401EDFFFD03B2
:105C1000F30BF8F0F5EA12080D0C00F20B02FFEDA1
:105C200003F002F6FBF6F5FCF6EE21E3F7F9D813E4
:105C30000207FF010BEFFD030206011C07FBFFF546
:105C40001305F8F4F7F9E31CE005020005F9FA0181
:105C5000F409FBFD12020C0100F70FF7020205F137
:105C6000F2FBFB08FEFEFDEE07F000F10508010661
:105C7000FEFDED0BF9CDF01003FBF601FDE6F8E6B5
:105C8000F4FAF4DF0708F900F1000CE7E8DCDB28A0
:105C9000F6ECF8FE0BF8050F0B0200DCFE07F8F33C
:105CA000F41406FCD9E4E80604F6E40908FF13FD41
:105CB000F413FCF508F200010902F6F4DCEA001A1C
:105CC00020D4190A0BF6F3F4F8F1FDF1EDFCFEE82F
:105CD0001302FD050B06FDF8DCB3170B07F9050AE7
:105CE0000710F8DDDF0AEFDE1B0E321412EBF203B1
:105CF000E8C30BF8F9F005F6FA0B04E9D807EDDC78
:105D000018271FFA25D5D8F70CDDF1100601F5EE9E
:105D10000D340204EFE9FCE30A141EE8FAC2E917A5
:105D2000F13300F6FFF00AF1F3240309F20104F95C
:105D3000FF08F61813F6071111260C06F9EB0410EC
:105D4000F609F2FADCFFFBF308FF02F41700FB068A
:105D5000F7EA04FF02F509050AEDFDE3F604F8D8B9
:105D60000F0B0906F1E2E1F802F6EAEE0DFA010482
:105D7000010CF9FDFA04F1ED1218FC02F90FCFF94C
:105D800007FE0EFDF70606F80A00F202F403FB0216
:105D9000EB00DAF6070A35F7C7EB1504FFFEEB1B3D
:105DA0000AEC02FA020C05EAF3E918E6FC35F804FD
:105DB000CA020602FC01FFFDFD00F40DE907F4EA4A
:105DC000201B02FCFB06E4E10207F8FF0A0EFFFFBE
:105DD00000F7F81B180A01F7F3EDEBFFF729190498
:105DE0002B0B130DF40D06EA01F2F40AF2FD080381
:105DF000F9F5F00408FA17F90513F2FFFAE7FD03C5
:105E00000515F5EEE906EE01FB09140BF3F4160E89
:105E1000E2FFF702090CFC12FCEB06F201F5F904B3
:105E200000070BEF0810D0F2F5FDED030913000D8C
:105E300002E9FA0B1307FA04F4FDFCF9FD100EF564
:105E4000C6EBEB0205FBFEDDF7F80E06F0FC07DA09
:105E5000F8E4FAFCF5E6FA0C2A26E803050D02F44C
:105E600004F20D2312EE0206D8F0E601E714F50362
:105E7000F419EEFD0A0CF8240C02090E2CEEFC18A5
:105E8000EDF2D5F716FE03FCF5E712FAFA14020458
:105E9000FCF30B0109F0FE1DEAE219FA313CCD03D7
:105EA000F6D7E9F9F8F5FFEBFA15FFFBF8F6F61E61
:105EB00001FCE8DCE7C8B7F906E1D50005081308DE
:105EC000EFFF01041C0209361B0C04EECECBE3F0FD
:105ED000050CF809010A09270F3001F6040E03101A
:105EE000131AF2D9DB0B1FFEE3DBFF021501FE2ABA
:105EF000FAF706020DE603FCE5E527D228F8FC22B6
:105F0000ECE5170305EBF7D309D40AFB0C0AF5EC13
:105F100010F60A000513E3FDF101EFFA15FF092958
:105F2000FD17E8FBE2EE06FF0108DED606E612EEFC
:105F3000DECF1B0BFBF2F220FAFDF7F0EC091CD0D0
:105F4000F7180BE8E0E8F0ECCEE105FB05DEFA140B
:105F5000F9E8EFF308F119E4021011EFEAD4DA0FCF
:105F60003A000F0A110E040E16DF0BFA08F100F4C6
:105F70001606E62C1C292EE8210014FC0DED01C3A9
:105F80000616F717090304F808E109093B061CE99E
:105F9000F40423FD07E70CE1F9260F0DF20404EBEE
:105FA0000214FF2107CFF807E6F0F5EF09EAF9E957
:105FB000010DF7FAED07EED40B0316F200C1DD3C3C
:105FC00001CA000C11F40410F71DF803EF0D05EFE2
:105FD000F8F0F4F3EAF322F80FDA070709F9FDF312
:105FE000070CFA11FDF8FBE11904FBE7EB002004B4
:105FF0000DC40604FB000A0AF50B0909F10003EFC2
:106000001CFE0AF3EEF81515F1DC100201000F0674
:1060100004D703EAF60B0BE20F0DE324F6D10409D3
:106020000E19FFFC02FDFEFCFBEFFBFE07F9F70972
:10603000ECF50710F2E812051F2AFBFEFCF3FBDF6C
:1060400003FAEF05E701FEEF060E1323001CFC0D1B
:106050001137050C070901D6FCD01101EBFB042018
:106060000FFAF30809F408121F030DFE06F50BEAF8
:106070000BD2FDE10903F013F9EE0D41F21B0526E9
:10608000F70C030BFCF5F500030AFFDBECFEF80947
:10609000F4FA16D1F7DDD00FF511E60307F104E7A6
:1060A000FF1BFBEAEC01F129180C11FCEBF5F51BC9
:1060B000150DEBFFEA040DFC0602FDF3FB18FD2CA9
:1060C00006FEFFFB0A0EF7021309000C01F901EDB1
:1060D000041404EA06F4FD0BF7ED2115F2FA031E91
:1060E000D1F5030807FAF510020500F700010408CE
:1060F000020108E0F7FDEB07D7DBF7031213FF1FE0
:10610000FA0AFD05E702F9E0170601F9FD0CFD00AA
:1061100004F6ECF8EFFDF614F60B02FFF80801FDAB
:106120000AF102F11836EE0A211111FEFDFBFEFE06
:10613000F9ECF3070A05F103FF030603053417E43E
:106140003012F6F7FEFE04F7FC0BF808FDFBFBE24D
:106150000C11F906FCF700091BEDF9FEF9E903F251
:10616000F41DF7FE0DFCF9020DFA1B0104110F15C9
:1061700003DC0B0B00FDFD010AFDF7EFF1F4F9F56F
:106180000808F30E0906020CF607FA0C0B00FA1BBE
:10619000FFFCF9E8F7F8F6FEFAFEE922FCECF3184A
:1061A000F9F7FFF708FBFAEA021503FAEB07F2FB2F
:1061B000FEF90AEDFDDEFD1BF707EF02FCFD02FA1A
:1061C0000512FB00ED0400FB09010414F1D5EE1CDF
:1061D00016E5040604F2FA07FFE000ECFB0502F8FE
:1061E000101314F303FBFFE6FC0F150100FB07116E
:1061F00001DBFAE70702F3DEF905163CFA12DF08C5
:10620000EBF3F703FEF4FBFE0DFEECEDE209FE02FC
:10621000100608CAF8E0C50323FEEF0909E80CF2EE
:10622000F601FDF2F2FCF7021408F1F4F9E1E906D7
:106230000CFFFDFB07F5FDE9FEF609DFF8FAFD09A5
:1062400004F10709E0F6F60B1E00FD070804F8F953
:10625000F719FA0E060EF7F0EF020A1BFDF7EC0D28
:10626000FFE506FC0EF50512FD0005F7FB00FEF547
:10627000070600EC0200E2FFF202EAFC04FDFA1855
:10628000020CFD0DEEFFFA05050AF50128100AE8DB
:106290000A10FEFFFC07FDF6EE150305E2FC00F117
:1062A00012FCE2022B04350F100907F70200FFFF72
:1062B000FA0708231816EC09FCFFEE0409FF48F35F
:1062C000EE1103FEFB06FE1B0211FDFB0C03041185
:1062D0001007F7160C26F3F6ED0412F5010806FA7E
:1062E00005E505040102FE000811FA0E071832EE5A
:1062F000FC150506F9FE0101021EFC06F710FDF271
:1063000008F91CF10BEE00EE1020FA05FD000A0A58
:106310000723030BF403F4F011042CEBF0FDEEF46F
:10632000F5E3F60A0916F813031110FA1BFD090725
:106330000F08F6FA0438F7F4F62906FE00FEFD0908
:1063400001E6FFE61208070FFC100FFD03180AE430
:10635000FA04060203FC0202000EF9F8FEFBFAF84A
:1063600008F90AFA0822FB0EFC24FA0202060615B6
:10637000090DFFF1FAFEF2070201FACEE80A020562
:10638000EFE407010205FE2A06FE0CF40AFD151BC8
:10639000FDFFFFEEFF29E5EDEFF4000802FA06012C
:1063A00003FD00F801FB101D111608090013EA0592
:1063B000E10BFD09FD06F9E80BEB020B090005F7FF
:1063C00012F002071D190003FF05FB08FFFD051968
:1063D000FA03FE141DFBFF0603F6FDF3102111D98D
:1063E000E5F40E0B0AFEFB10020A10EA0FFC07FD93
:1063F000F0F814F1ECF8D3F8DFEF0701F5F6FE1032
:106400000DED04F30801F711FB1401E1F8FAB420D3
:10641000E7F9FAFBFC02F90102DC1AE21AFEFE01BE
:10642000F6050A0DF6DFFEF4FFFDEF010109F9FAAA
:10643000EE02FDF20AF50F0DFF0F07FC04F6FEEB6E
:10644000E8E301F1FFFEF9FAF72BFA06EDF509F69C
:10645000FEF7FEFAEEC619F7D4E7F8F5F7FFF800F5
:10646000F0FCFFDE2006080EFDF3FAEAE7D3E4F8BD
:10647000DBEAF8FAF50AFE1EF7D8050DF100130362
:10648000FAFAFDF9F023ECFC00D7E4F2FDFCFD077D
:1064900006DBF8F8EDF503EF190D0BE3FCECF3D197
:1064A00015EDFE0006FF13EC07E7F60F07FB03FBF5
:1064B000F001F604F2F923100ABE16F705F6F2D839
:1064C000EDE7FCFDFDF9F9F1F9F9F81008EF191302
:1064D0001EDF13FFF8FA0BDCFFDD1903EEF700F007
:1064E000FCF919E6FDBD141010DB0E03F6020106DF
:1064F00006FCFAFB03F50DFF09F608F3F2E70F1DA2
:1065000004290A07FD0000E0050DF90FF40001FD64
:10651000DC02FB1C07C6E8FA2816F8000301F8C8DD
:10652000080AFBFFFEFDFC080CE3F917EBF7F61871
:10653000290AFEF5FE01F9C6141204EFF702ECFE7B
:10654000FE010F19FD040A114F18FBF40DF70AF0B4
:10655000FE370705090302F1ECFD0DFEDADF051336
:10656000DCFA010402FE030EFD19F1140209F21B0C
:10657000E8FC19CDF5EEDA0712E6E5070302FFF9AC
:1065800000F1FCEAF801F8FD0803EAEF021BFD0543
:1065900028FB00F0F6050907FA06F7E00204FEF60C
:1065A00013EAF31AFF2607DF33192AF4F10D090065
:1065B000FD03F4FB071EEA12FA00D827F22A13C3E0
:1065C0000CFCF5F7030A07FFF61CFCF2F7FEFEFFD2
:1065D0000AFF0707F0090201ED0F0908060800FD90
:1065E000001E02FB01F2FEF2FC03F7FEEA0AEA00DB
:1065F0001E030108FC0BFAF5F8F308F809F9F60791
:1066000001F8E2EAEF0BE10605FB0509FD04F310D2
:1066100000E2FFFBFC07F7FD0302F8190004F8FE97
:10662000101BFD07FAF9F4FDFA0906FEFCF4F80464
:106630000F03FBF8FA09E7F70018FC0CFCF9F4EC7F
:10664000FF0710F813FA080A08FEFAFAF6F4EA0649
:106650000CFF0402040603F704F806060805FE0D05
:10666000EC0DFAF001F605EF01100CEF01FFFF1041
:10667000010BFA0C0D0E02FAF3020117050EF4FEDF
:1066800002F6F9FC01FC05FDF82603EBFD01FCFC1C
:10669000FC0A1AE5FBF9A9031817F60E03FFFCF62E
:1066A000060A0704FA1605E90D0DFDECF8F1EFFEF8
:1066B0000819F4000106FD0C00070704FC0501F1B0
:1066C000F4F9F5140D05180A05F90C02FA05FA009B
:1066D000FB06030B090007000C1703FBEDF60AF895
:1066E00008F508080000010DFC1303EBF105FDEBB4
:1066F0001B0B12D3FF0DCDF733E809F9F709FCF9AD
:10670000FEE00C0C0AFDF8F80005F3E603FC1AE0C5
:10671000100012F400050ADA00F10310FBFBFC0480
:106720000102E90D1DF12CD2040312040502FFEE53
:1067300001F304FFFBFF03F2FA07021104F323162F
:1067400019F5FD07FC0510F40917FA03FDFEFFEE2D
:106750000C09F00BFCEBE90BFCECFBFDF9F4FBD2B4
:106760000923F2E7E0F308EB0501190BF6EBEC2740
:106770001DDF03FD0DFB0BEDFC15FEE8FBFBF9FF38
:10678000FC11F202E811F017FB00010A0DFA0618DD
:10679000FB02FAE5080101F50602E71D0100F60E0D
:1067A000FBD301F9F9FD01E6F91EFEF3E402FDF366
:1067B000100107F504DCD3131822E601F7F201D526
:1067C000002BE9F4EDF9EFFF15FD08FFF9CEF91BF9
:1067D000161B0A0008010B01F5EA04F2F600F204A8
:1067E000F70401E9E6090B07F6FA23080108FF267A
:1067F00008E3F8ED06F301F1020FF712F82AE2E6DA
:1068000000E7090B05F70008F00CEDDEECF4FCE303
:10681000270A0FDE02FABC0EFE02F90402F4F6FCAF
:1068200008F104EF030DFDF1FFFA02EF02E1FE09AA
:106830001B050A07FF0A06E4F90303FC0C0A01FF23
:10684000EE03070CE1110EF1070B06FD020202FF39
:10685000F811F7FF08FC040BFD03110708E1D3E969
:10686000F6EF08030D00072101E9F50101FA02EA3C
:10687000110DFCE30609FF07DFF4F605F7040D012F
:1068800007F8FC200F01FBFBFEFBFDFD10050AF2E3
:10689000130AFEF5F909FFE0F70B02F8F811FCF80E
:1068A000FCFF02FB06FD12F311FF04FF0DFAFDEAE7
:1068B000031CFA00F70002F5FC02F9FD08EA0C07D8
:1068C000EE07FD0005FCFFEE00170209F8FA0AFDCD
:1068D000F7040114F1EB0410F635F6FBFB090CF795
:1068E000FFF40318030C090CE6EED30AEEF71B06BF
:1068F0000C4AF4F60409FD0A04ED13FD140C0924F6
:10690000E4EED5FEF93011EAE9E80A06F4FB0720C7
:10691000FFD80CED0BF50A19EDF4090A2016CDEF9E
:10692000F903FAF3FB02FFEEFE0401EBF910F9188C
:10693000FCF81305F2F6E605EF16EF020110FEF083
:1069400000FA0EDC10FE0514FC08E008E0101A0145
:106950001AD709010409F415FE0C0306FF0A09FF02
:10696000F91115FAFBE31CF5FCEE0F0100FC010F19
:10697000010CFF0B09F70CE101012EE721D9EB0116
:10698000FEFCF811FDFF02FE07F9F1FD100200FA0E
:10699000FEFA04F2FC05E70E0807F6F3F001FCF935
:1069A00006FFFF17F807FFFCFA02F2FC16E315FAE0
:1069B000F9EE13FD03F501E8F71FE6F9E60902FD1C
:1069C000FDFDEDFCF2DBF60114FF0006070200FD01
:1069D000061B02F5E80AFBF5140F1FF6DDD3EF20C6
:1069E000E0F5FF090A05F705F713FD08FC0406FFAB
:1069F000FEFE03E501FA01F8DE01F9F1F00101E61E
:106A0000F9F40600F106FF02FAF5FE000E0E07EF9C
:106A10000606EB08F603FEF0F90DF60AF0FCFC01A1
:106A200015F8E1FEFDF6120C080CFFFCFCFA090259
:106A3000FDF906F8F903F9F103FFF7FAFBEA051689
:106A400013EBE915000406FBFBE402190A0E010A28
:106A5000F402FBE40A042BFE1530F50704F6FBF301
:106A600018FB001D31020814ECE6E9F50EFAF6FBFE
:106A700020091902FE01F8FD0100000312EBFFFFDF
:106A8000EAF0DB06FE100BEEFD03F9FE08FE02F64F
:106A9000FCEEF51CF3FEFFFCF4F9F900E9032EFC13
:106AA000FB05F702F9ECEE0EFC11F5FAF50B01FF10
:106AB000E9EB01CBF6CF080D150DE4F80213FD1537
:106AC000FC14F30FF0EE080F00F916E3CFDAD21D35
:106AD0000731F8FB0303FF02F91AEF07FC1101016C
:106AE0000212EAF7FE06EE02F111FFF60CF209EED1
:106AF000FDFC0C18E8FB0611EAF114F91FFB13F971
:106B0000F3DC03F50605FDE207DA0610EE1209FADA
:106B1000F1F206F8FCE81AFD0EF000FCFF0E01FF92
:106B20000015FD15E5F3F9F7F1FAD1D10A1914E9C9
:106B300000EC13060C0CFE2B0BE3F4FB07F8F7112B
:106B4000FDFD05E5FA19010CCFE71C0205F6F8F882
:106B50000CE1F7E30702FD1401F6F706F502E7F88A
:106B6000440EDD02F1060EC209D90D0316FD04061E
:106B700002E5F53FFFF753FE341F0B01090601ED57
:106B8000F3E4FFE61EFE17FBE7E9EA3FF0232EF4ED
:106B900017141DEF0BF305CE071B0011FDFD1F059C
:106BA000F701F5FC17F9EB0EDDECFD09FFF408FD2C
:106BB0000D15F31904F90AE8FEF916F305CFCE0511
:106BC0003F030CF6F5FA07ECF9C81AFE09FA09F1C9
:106BD0000C02F11D22103FE917F80C0605060C1AED
:106BE000FBE7FF05E7EE06E6FEF5E921FFF221EA05
:106BF000F9D60107030303F701FFEC01F802FCF1EA
:106C000005FAF5FF0EBFECFCFDD7F7EB1304FC0013
:106C1000FD06060AF0F7FD01F7F01003220BE11064
:106C2000F5110507FBE9F80D09EAF024FD01020959
:106C3000FAEF0EF1FFD1FA01144AEF0700060AFF3E
:106C4000F22C0123FF030C0FFAFFFE00F30DE30803
:106C5000EC48EEECFB06F71B07080FF6200BFB0CCD
:106C600013FBEDF0F32B100EF22001F2FB14FDE903
:106C7000F6E7F719FE0EF11302EEDD03CC0B35F942
:106C8000FF06F0F1FD03F9E601E8FD15F402F20E4E
:106C9000FEECE53F12FD2F1C23ED01F9F1FD030D84
:106CA00002CEFBF3FDF00EF9F8FAF81EF5EA06F451
:106CB000E9D805FEF5170B0BFFCA03F414E40E0226
:106CC000EAEA02EC071925EFC2F5F813030311F302
:106CD0000FFA000103FC0603F1FD09121203E6DDC1
:106CE0000603FCEBFF05FDFB04F10FF7F9F50F19A7
:106CF000E9EDF122EFC7160619FBFB03F8FCF7F1EB
:106D0000FE000FFA1D0B0714F6F9D30C1FEAE6007C
:106D100006FCF8FAFC00EFED0729FE13EE01011A5C
:106D2000E8070425FAF5EFFC16DB030107E001E4B0
:106D3000F909FDF8F6FC03F8E6F8F5F1EFC6E1F81D
:106D40000EF905F706FAEFE3071CF3E7DF0EFEE79F
:106D5000F800FF11E9E40D03F010FC02070700063C
:106D600005E90D04F90410FAF0FE0A1AFCF0DFFC44
:106D7000C8CF0A11FC02FF2406E60606F6F10DF85C
:106D8000EC0F12FD130807EED1D1E605FDF9F8323C
:106D9000010AF9E7FEE9FDFEFF0B21F127E4AEDE73
:106DA0000C1D0609FE08F1D30205F1E40206FCF60B
:106DB000FFFEF90DF8F5F7121DE709FBF401F8F2F3
:106DC000030C04EE03F7F606FCFEDEEAFF0E09EF05
:106DD00004B22505FD02FFF207F512F5F0FBFED81F
:106DE000F20C26F109CA07FBFEBA010112E90223DF
:106DF000031FFF01F6F8FEDB1C1625EC19E4DAF49C
:106E0000F2100201F60E0200000F0A0700FAFD055B
:106E1000F1010717F3FAF5F8270DFF0BFF08FFDA6A
:106E2000FBFDF606030AFB1005F7DBF0101134EA50
:106E3000180125FE09F0F9F202190C0DF3F9F9E831
:106E4000F50102ECF104FD012403F9F803DFF6FC7F
:106E5000FC17F611E6F1F4D808FA0CD5FCDEF4F6CE
:106E600019F8F608030C081EFF0DF212F2FA08FDDD
:106E7000000800EB10110909E70B040BFD09FFE501
:106E800001EE0011E80EF8FE09F8DB23200F30EDCB
:106E90000F260BFC0808FAEB0D1D07EEF6F900FEB5
:106EA000F7FAF80A0426E1F6070FF1070B0D021DA9
:106EB000FDF20A111105FA060E06E80DFC1CF5D8C4
:106EC0002315FFFFF9FD0ADAFC23F50AEF0AFFE7B5
:106ED000E9F0FB13DCD9D61E4956E4F1FF0801EBBB
:106EE000FE0CFC160518FCFDDBF9CFF8E7FBEB0503
:106EF0003E1B0501F60906F5FE06061213F51417EA
:106F0000F4F9D110EFF0E2F8F6C908EAFB0107F94D
:106F1000FEDF00FBF6ECF0F7EEEDDB1B10F7EEF317
:106F2000EBDEFF0BFFFAFFFCF7F003EC1C06F6FFAD
:106F3000F5F1E9D2DE0FE201F5C7E0F7F71500EF52
:106F400009F409100F020001FE04D3E8D3102EEE5D
:106F500006F00205F4FFFB19F30D0021F4080C0400
:106F6000F7F500D61DE00FE3F8D6FA0E070201147C
:106F7000FCE5FDE1FFE511DDFFF22EF526D7D90A8C
:106F8000ECE9FAFFF60A0800FBD60BF9060002EB63
:106F90001AF1F3E608230AE7EFF0FAF9FCFFFEE046
:106FA00005EBFD01F50D0FE3EF0AE5F41AD536CD3B
:106FB000E40A11FC02F70329FD0DF704E1FDF0F7E7
:106FC000F1F8F0F2F5E4F5E706F9FE01FFEBF40065
:106FD000F700EFD2DDF9F5E4170F1CE1FFD5F94218
:106FE00002EDF1FC04F0FBFCF6031912230902FF89
:106FF0001105F8FFF6EB32FC0603ED04080001F87A
:10700000F6F202F309EC05F9EFFBE427EB0A25E5BC
:1070100005F41602FAFB0AEBFA08FBF7F3FFF60693
:107020000D1217E7F1EFC90D0109F1F5FBE70E3D70
:1070300002F2FEE602FFFEE815EE19E9E803E008B9
:10704000F8E3FFF9FAF4FB1401F4F9F70F13020760
:107050000002FCE20A0203E500040507000C040C30
:1070600002FC0B11F7F403EEFA0304EDFFF2FCFA55
:107070002CECFDFE020301D1FC0C02F8FAEFFDFA44
:1070800007F9EFE0DFCBFC0D110F22EC030404D86D
:1070900006170410FB0DF706FBE7EC07F4FC1305DD
:1070A000DE010EF6040907130CEAF610EF0511EEE7
:1070B000FBF506FD11F317F90504EAFCF902030ECE
:1070C000F815F512050605FE0DEF15EA11EEE304BD
:1070D0000030F2FAFE0B05F40B28FA110A0EF02527
:1070E000F405C6FAEB2AF51D1D350B14FC15FDE35E
:1070F00003F603280F09F23EE8F5BD0FE31F20E376
:1071000014F60300FF02FEEC09E304FC01EFF8F3C0
:10711000060B1C2A121303F0F0050C060F130B10BC
:10712000F201F8F60903F8E7F7FC1023F7FCF5F78E
:10713000EB0DEB0AFE0F04180BCE10F533FF031313
:10714000E702F1F50627FA00DFF5030F0504F1F871
:10715000FDEE0B00FBF00719EF120706240BC0DF52
:107160001B1FFFF003FCF60906ECFBE701F10D061F
:107170000501E910F7FBFC013B040E08F2120502C1
:10718000090500171FF405E9FFEAD60BFFFD00F023
:107190000EED0FF4090BFDE902240041F00111F599
:1071A000DF090D122DD91BD416E209FAFAF0F9F90C
:1071B000F61BFEFDEDF8FCD9F30402F810BCE61A4C
:1071C000FBDF12FEF30406F3FFF1F9F0F003F8E839
:1071D0000AFB1104F501D61705F90204FC03FEFAB7
:1071E000072403F8020101E9080400FDF8F4FF0197
:1071F000FD0DFD01011504F80F15FC0807FEF6EF63
:10720000090BF2EEF2F6F9FA18D91A0204F9F0F7BE
:10721000000D0501FD08FE10F0ED03E9F9FD0C1469
:10722000EA111C0303FDF90E060A0BEC060EEB0631
:1072300006F7FFFF08FFE30EF521F6FFFCFDF90C52
:10724000FFF006F91308F2060B0905FAFAF9EEEF5A
:1072500005040101FD03F8EBEEFD07F5FA0A020152
:107260000A1600F50EFFFDFAF803FE0BFE05F2F319
:10727000EB16EBFF0F0207F701FC0FFAF2FC060D0D
:1072800000F212FA01F108F801FF05F60B040C00F8
:10729000FCFA21FEFA02F309F7FCF1FC11050E13CA
:1072A000FD0202FCF902F4F8F001FFF4F9F4E8F150
:1072B000D8FCF010FC0202090705020CF4FAF6EC07
:1072C0000307FD0007FFEB02F7ECFC0E0700FF10C1
:1072D000FEFF0B05FA07F1FBFBFC0503FC09EA14B2
:1072E000DF170DFBFD0305EAF0F306F0EB0800F0F5
:1072F000F4F7FFEFFBF9EE04E7010205FBFC080BD6
:10730000FD0A0EF0F3F205E30208FFE3F20CE601DA
:10731000F4050100F005080B0ADC0003F1FBFEF1A7
:10732000061906FA1303FA07F2FD0404000701FA2E
:1073300001ED09FFFAFA0EFDFD1118F916F5ECFB47
:10734000D808FBFC0AFCFBFA022BFE000705FB0930
:10735000E80724F1DFEEE910F321FF0E01FEFB0642
:10736000FB0502F30312F607FC0323E9D7F3DE1053
:107370001D200A06010B070309E90EE6FD0D070AA9
:10738000F311100311DAEEE7E8C71005FFFBFB0766
:10739000F3010DF302000303FC14050901ECE6CC34
:1073A0000ACB03F80A07F1FDF7FFFFF6000905F81D
:1073B00009050723EE24E708DCCB00EBFF0E0404ED
:1073C00002E80C0121F5FEF8F1F2D3F2143019F6BF
:1073D000FE060D06030503FAFDF9050AFE0206E4A2
:1073E000E40C18F011E2E4EF1622F306F302FCF2CB
:1073F000F51BFE0FFB0607E52AFC38EC2BDE02F23C
:107400000316F1080708FAFBF422180B15F903F428
:10741000F3FDF70FEDF6E8FD1CFF04FB040B00DCA9
:1074200005190A0AFB06FBF6F7FE0D09170603030A
:107430001BF4F705F5F9FFFE031AF70ED6F603F96C
:10744000EAFEEEF90906F2EB23F5F100FD03FE0872
:10745000F8F40FF7EB06F4EA1FF706BCEE1336312B
:1074600009FAFB03F903020BFC2C051A0302FF05C2
:107470000B1702E70300E80B01F10B0EFD030AF600
:1074800009120A08F9FFF9F0F7000FE9E60A1BF301
:1074900002F007060CFD05FC03D1F8FEFD05FDF525
:1074A00017090CEB072DF2F217141406FA01FC3E33
:1074B0000BE602051811060DFDF5FC1D014B16DA51
:1074C000E2D8FAFCFFF6F7FE030201F6F8F504E352
:1074D000FCFC0CF5E9FF0001FBF8F206F4F8FE15E0
:1074E00004F8F70D02F7F9E0220305E9FF05050EA0
:1074F00000C7EB0E04FBFFFAFF0B01F1E60101DC14
:107500001B1306030ED9F91B07DC0B0105F3FEF074
:1075100006F6FAF8F103FEE91301F00DE9E60815A5
:10752000FA030FF0F1F906F002EDFBF6F6F5FDF9BE
:10753000EE040DD900E3110AFB0505FB0CFC0AF96A
:10754000FF19F4EDF104FEF7FBFE12FDEFD5F31E7B
:107550000D4C020500F702E10B04F70B01F9FCFAF0
:1075600014FDEBF707EBE8041318F9FF0EF1FEDD4D
:10757000FEF0F5E6FC07F6FCF6F11133F20DE62815
:10758000F50600F903F104F903FCEDFCF7FCF5FB4B
:10759000F6F611FCFBE6E10BEF12FE03FEFBFB0728
:1075A000083100FCEA04FB02F80F1E0B09E8E0FEBC
:1075B0000E00F302EEFEFDF103E8EF05F70CF00F0D
:1075C00005FF04F0F9F3100211FE13F6F0F500FFC9
:1075D000E81104FB0509FB0BF2F50D0EF9ED1BFE9E
:1075E000FBFCFC0BFE02FBE9FD0BF500FCF9FF04C4
:1075F000FA0408F108FAEEFBF7F30106FBFA081AA1
:107600000217F811E708F7F812FD0AFE050810FA4C
:10761000FC11EEF6FC0D050EF4F8F614F704F9F67D
:107620000CF703F5072B3421100F02FF0109F4F3C7
:10763000FCF3F3FAFE04F8FBFB0BF807100D24E94A
:1076400016FEFE0203F400F105E107F50303F7F966
:1076500003FCFF0004F1DF0AEEE40E0111F5F80B64
:10766000020EFCE8FD03061204FE0B0CF6FCC50D31
:10767000EAFC0403070C0F0C000CF7F70604F805EE
:10768000FB0CF63003FFF10D073FEA05F9FF080791
:10769000FAFCFB140504F21BFFFCFE0EF81826F89A
:1076A0000320080C030401EDFBFD1BFE0808FCF899
:1076B0000907060FFAE8E6060B1811FB03F5FDF3C0
:1076C000081A02EAF707F1F2F9060F1EEFEEDE07DD
:1076D00001EF01FB0CFE040707FE050602F2F3FDB5
:1076E0000C1B11E7F00524F6EDF7F6FD01F9FD1E80
:1076F000F7060601FAF80117F80E0D0CE9FC151053
:1077000009040CFA03FA03EC03F7FF01FC06FAFE86
:10771000051610ED00E7DD180BF50B02F5010E055F
:1077200007190B06F4FD07FAF412F3F4F8E6F10476
:1077300005ECF80302F502E7F7080CEAF90405F096
:1077400001FEFDEB0DDA1909F7ECFEF80A0E04FC58
:107750000317EF04F0FD06F6FC0911F5F5EAE91C44
:10776000FC020DF7E8080113FCFEF901EB01F91228
:10777000171416F5050FF7FE1200FE0406FAFE03B5
:10778000F1090206FFFFF7EC0B0107FA2FF016F5DF
:10779000FD090AF9FEFC0FEB001401F8FDFFF5DF0F
:1077A0000807F7FC3CD3200BF4EDF7FD0AF908F9C4
:1077B000FAF9EEF2FBF8FDE7F2F116F4FCE0EC1D4D
:1077C000D7DB01FB09F1F50CFE0A05F5FE0DF20908
:1077D000F50A14F2F506C7F8FF09FC0FF90AFCF7E1
:1077E00004F90EEFFE0BFD000205FE110407EB018C
:1077F0001C4003F8030D02CC021A09F6F50802FB3F
:107800000A00E6FECFFB0F0C0F1707FC060E06F072
:10781000FF00071E0CFDFE08FFF0D5E0D81055EF65
:10782000FDCC020405FC0318F7F70A05FBF303F18E
:10783000F8FD0104FE20EFF3F413FAF80207F60056
:1078400001F612FF1F0203F50009F511060CEAEF1D
:10785000FE110200F510FFEBFFED080D17FFF232ED
:10786000F3FBF11A03060CE50C3106F5001003EEEC
:10787000FAF8F80A14060C36F004E1ECE60738FCD6
:1078800003FDFBEF0D020705EF0DFCEE05F706010A
:10789000F5FF15F902F5F9F8D609F700F306F9F93D
:1078A00006050510F20B03F1FA06E5EDF4FAD5E84A
:1078B000EC0FECFFF703080DF7EF0B0D16030CFBB5
:1078C00003010504060600030EE8FF0503FB030C95
:1078D00003D808F4FBFD04F600FAFB080A02F3E8FB
:1078E0001A0AFF01FAF4FC0D0207FEF30FFD03F87C
:1078F000FAF5FFF3FA0DE5F72BE8FB04FD1A080A89
:10790000FDFA100305F801E60D03DBEDF7FBFDF4CE
:107910000AFB0EF3FE00FCEC06F8080BFFFF050562
:10792000EB0104FA38E8ECF009F6F9FF0AFE0AF672
:10793000FBF202F9F4F112FB01FE240012F7D1FF71
:107940000DF0FF03070D020CFEFFF3F6F3FE0B082C
:10795000EEFA04E8FFF107F901DE0D030007051751
:1079600001F2F9F2FFEDF8FA0A00F4FD07F3F3ED86
:10797000C6D2FB0BFDFC07F5FFEEF8F601F6FAE9BF
:107980000AFA2711FEE304F5FFFC06F90600FB00E6
:10799000021F0C18F70BF7FD0AFA09F7F3FC02FBBC
:1079A0000D0A090512FA09FEFC04FEF7F40207F1BC
:1079B000F80410210605F20207171503FFFEF70968
:1079C000FEF9F80F06FB03F906FAE40E1F08F4ECC3
:1079D000F5F8020502FF03F7F8F8FB090EEC00F6D4
:1079E000F9EA031AF905F6EF0DFFF1FF0604FDECC5
:1079F000FA0703ECF20202180505F9F0E8F335F88E
:107A00000B0905FC0802F90301010307FBFB000B4E
:107A1000000D01020C000DF60E08FA0EFD0F060B0C
:107A2000F6EF000610F5FB0B01EBEAE7072714025F
:107A3000F70108FD1006F5F007F3FBFCF201F60173
:107A400005F8EBEBF4140401E50800FBFD0601F179
:107A5000FBE4020F00F2FCF6F606F7FA051C01ED56
:107A60000906F90D0910041106ECF6FF0DF9FF0ED9
:107A7000F9EF020BFDFE30F700160003FE0402FAD8
:107A8000FA0C08FB150108FF09FFF6000DE61C0DB6
:107A9000F5030A03FDF906E3FB0AF30709F70617E6
:107AA000F4EF0AF2FEFEE811FF10F404FFFF05F404
:107AB000F8F4F8FA00F6F30EF004FCF5D714FD0222
:107AC000170B170A0B0202F1F7F7FFEBF5F7FDFAB8
:107AD0002410012207F60E00D7FB13F603FBFA155C
:107AE000FD0D0017FBFFFFFA0601FC14F806FFE688
:107AF000E6BD0E02EEFC011506FE0100E2F20304F3
:107B00001B131BFB16DC0301F3E3F40505FC050D59
:107B1000020800F3050D0209070722E8E2FBF3EE75
:107B20002942010407FEFF04F8F2FA1F040EF216C0
:107B300000040B1109120EFA22F518FF10FEF612BE
:107B4000FDF1FB00EBF50408F5FB1E15FB0C0FF235
:107B5000EB260FFC01FFFAE5FC0205F2E80108FF45
:107B60000D000A1013DE09FE101800F6F9FC01F2F0
:107B70000A1508100802021E0400E10AE306040FB9
:107B80000119FD0DFFF7FBFAF703E9E1FD07051009
:107B9000F4F7152407DC03161416FEF608FAFCF6B3
:107BA000FC33F90401F8FC08F603F0FF00F6DF1BD4
:107BB0001EF7F4FF09F9F8F3FF01FE04F600F201E5
:107BC0000800F4FCFEFCF7150FF60205F80B11FB9C
:107BD0000307F301000B020101F302F2F90E34E78F
:107BE000E906FD05FF0605FBFF32F601F606FE027B
:107BF000F30B2FECF202D004F4E3F20202FFFAFFDF
:107C000008F405F2E8FDF7EA050BEAE8F7E5F7FE08
:107C1000F70204F60A1A05F804E4FE04100300F360
:107C2000F1F40105052206F51B0901FD011007F617
:107C3000F70202F20F06091CF9FB010D0B3727F7BB
:107C400013FA03FC03FD060201F9051208FF09FD02
:107C5000F7000BEE00E81E01E3FAE708F2EBF81D6F
:107C6000FC1BF5F70811FB06FF00DA16031C2AEED1
:107C7000C7E0F2F5F600F007FCCEFEF805030E03B0
:107C80000C0FDD0C1514F5F5E9BADDFD040A011E33
:107C90000BEE05EBE4F4FCF70001D8FAED0AEE0672
:107CA000040DFFF0FC0904D503140420F000EEE6F7
:107CB000F3F2F9F8FDB527122DFE0003ECF10918D7
:107CC0000AF3FC05F202F2F212F7E112FBF30A1BCF
:107CD00011ED1BF00FF7F40501D6FEE41AFAF7F4E4
:107CE000FEFDF1E5F6E927DEDDA311F9FCF9F61B4F
:107CF0000DD00008FF020C060405141CF2FF18D674
:107D000007FD1004010006C204BEF3F1E80A0A0BE5
:107D10000400E619FFEE05EFE616180B020405FA5B
:107D200002E70B1D0BEE0D1FE6E7F011F8FF01FD5A
:107D300014F718F4FF0F02ED0CE6F7E2F314061047
:107D4000161B0608F811E8FFF2FB02F5FB00FBF436
:107D5000F914FE02050B00DCE6F90D23F3F8FD082B
:107D6000FE14F2E8F70900080BDEFE1E0409F81401
:107D7000FE01D72B221B05EE0124F3FB07F301E0E4
:107D8000F507F80CF50C09150109F9363DF426FC48
:107D9000FD0D09F5FC0EFFEFF3FF060AFF050AF7DC
:107DA0000BECEB0F4C3323F5012403FDFC01FCFF2E
:107DB000FF08041E0C04F4FAFAF40517323A1BCC3F
:107DC000DBFCFE02FC09FAEEFD1F090CF7070303BA
:107DD000F5081A0800F4FE12042EF6FFF60F0B0049
:107DE000FB08FDF9F4110D1CE7FEECF2EFFCF6FACE
:107DF0001709FBFDF11308F002F90B060703F90759
:107E0000F100F908FA09FDF7F3E80B0B010202147F
:107E100005F0FBF700FC0603F601F116F30CF9F48C
:107E2000EBD102FF07FE090803FEFCF50509060871
:107E300007FCFEE8EE0CF2040AB0020BFB0AFF0A94
:107E400001EB07E718FDFF040FFCE5EAEC2AFFED64
:107E50000EE41106060AFB0500160B11FC030AFAD4
:107E6000EB08030314E3FAF30C1DFDFE01F4FA0F13
:107E70000709FE0D05F509FF0205090024EBFDE7E2
:107E80000AFDF8010305F71004E0031422050CE7CE
:107E90000BF7E807062CFAFFE10B0405F8050707C6
:107EA000FB03020F2100FB02F702FDEF131C01EEA2
:107EB000EA13FD06F9F7FB000017F813F6F70200C6
:107EC000EC02F9F312EA09F708F9F9F6F401FF06F2
:107ED000F6FB0C00F8F2FC08060000DAFBE90127CB
:107EE000F30FFCFD01F807F4041E0DEE03F913F97E
:107EF000F10CEB05F8EAFEF5D8FD0AEFFDF503E617
:107F0000FB0702F904FE0F0BEB0A14FDE3F1E50099
:107F1000EC02F010F807FD1AFFFDFF0101FB030260
:107F2000040300EDE2D6F1F6E0F8E6FD02FB0B11EA
:107F30000208FBEDFC04FBF20C020EEACD01FA197B
:107F400012FAFFFE00FE02FE00FCFE02FEFAFFFA3D
:107F500004FE0303FDFF02FFFDFDFB04FE0102FB27
:107F600000FFFF020100FE0604FF02FBFAFFFE0411
:107F7000F4FE01FC02030502FFF7FC0105FF020508
:107F80000103FF00FE01FE00FAFF03FF01040002EF
:107F9000FD0000FD0408FA0200FCF803FCFDFFFBF5
:107FA000F9F3040204FBFEFE0001FE01FF040104DC
:107FB0000301FCFEFFFE010108F4F4FFFDFCFE00DE
:107FC000FDFE010001FEFE02FFFEFCFE01FBFEFCC9
:107FD00003FAFE04FFF7FFFFFEFCFE0301030302AA
:107FE000FEFEFC00FCFF04FF0007FF04FC0401F997
:107FF00000FD0103FA0202FF04F902FD02FCFE008B
:108000000800FBFFFF0006FCFFFCFD0100FB01FA7E
:10801000FD01FC03FFFFFA01F0FDFD0004FFFCFD84
:10802000FDFD03FAFD03F7FC00030300000204005A
:10803000F600000001FDFCFD040302FF01FCFC054D
:10804000FD00FF00FBF8FCFE04030403F902FF023D
:10805000FD020306FE010306F700FEFFFAFB03FB29
:10806000F809FC00FF02FF0101FFF9FE020200FA1D
:10807000FAFDFE0303FEFB0003000202FBFD010507
:10808000040300FF000106FF00FD05FE00FF0301E1
:10809000F804FFFAFE04FCFE00FD0001FEFC0203F2
:1080A000FBFCFF05FE04FFFA03FEFBFC05000300DA
:1080B000FC00F701020302FAFE0000FFFEFFFAFFD8
:1080C000CD02F5FFFC080C14FCF211FD1504F315AC
:1080D000F408F6E90E1A0DE7E8E4EF0B08020804CD
:1080E00001F1FA111EFF1011F906F217FB262BFE03
:1080F0001D350C11F906FA0AF1EF01E703E4FDF969
:1081000003FEF4FC0426FCED0003FDFA07000AFB65
:10811000080AEEEDFBFB00EF0D100E0B0AF6E5FD75
:1081200006B90DEBF2F6000303050001EFFB1DFAA3
:10813000F20B1C09FCFA17F6F8F20DFA04F404FA33
:1081400009FFFEFEF8000811000C121207D5E2012B
:10815000EFE6FF0508F60113F60EFBDD06FA131332
:10816000F6F50F0700EEF926ED0A0D0DF404FCF10B
:10817000FEFD00F1000E040F070CDE11060AFBF4F1
:108180000E02F30B07F905F60F11F805F0F5FC06E2
:108190000606F803E8EE170515FA17FF00070DEFBE
:1081A000FEF8F7F105F8FCFF0B090816F402CC2FD6
:1081B0000AFF05F6010907E4F1FC11FF080904EACA
:1081C00016FDF12AFCFAF00C1B0FFDFDFDFCF4FF7F
:1081D000F8FF09FA04FA0B02FBEDEEFE1F0413F59B
:1081E000C40EFEFC0D00EFDD0117FAED0BFC0009DB
:1081F000F1FB1211F0C9E6F6D807060A0DF310EAF2
:108200000805FEF10906F527050C1AD6E5E7C41E98
:10821000EFF9DE02F3FA070EF5F500EC18F8F00AB4
:1082200005F3FA0FCFE4F30E14F4EEF402FDF6F2C8
:10823000F2F007EC07F2FB2301FBF0EDDBF4231275
:1082400000BB0E0AF302FBFCFACB07E0E50505E5EF
:1082500005011BF60800F705D9C70AF600E7030673
:1082600005EF16D5CF0801EA021B330E11E2FCE63A
:10827000BABEFA15F900F619F8EAFCF7D8000CF1C5
:10828000061F16051FD5F9F0F8DBD6FAFDF00E0231
:10829000071506F8FEF905F316150DDA14D9E3F4FF
:1082A00002F409090EF5F8FA01020DF7FBFDFCF9DD
:1082B000FCF81A3F11000102FEF20DF2FAFE01F085
:1082C00007EA05F6F7F4FCF713FCF8204416F6F578
:1082D000F0CB0704F8F7F9EE01F006CEF7ECF8E67C
:1082E000F8F0110A01F1DEF2F1CEFFFCF1FA00F62E
:1082F000FD05FEF6E8FE07F001F7FCD50D01DCED0B
:108300001802FB0D100BF80C0013FF0FE80F142AD6
:10831000F90BF20308F0EEEF1606EF0BF21112FD67
:10832000FD000FF72EF6F3190C01E7F20D1B01010A
:10833000FD0013F20104F80D12E4090B2004F3F51B
:10834000FCFA0E07FB2CF2EBDE18E5FF0909080D1D
:108350000E0B03071EFC04ED16F7EEE10A3F33D8BF
:108360000CF6FEF6F10807061204172007FF0504B5
:10837000EE09FFF60BF62DFE070800FD000317EAD5
:10838000FE03F3FD0AEE09F3FF011407EAEE1F0DE9
:10839000D8F3F6FBFFFCFE0DFFFE06E30CF502131F
:1083A000F3F50BF2D0FAD21404F6FAF50715FF171D
:1083B00000F9080A15F71221F70302F2E2190C017D
:1083C000FD0B04FFFBF903F80B2E0308F4FF02F585
:1083D000000E0709FFE2E30520F1090105FE00E7B1
:1083E000FF26F801EA04FEFC030E0509F8F9F0186F
:1083F00033FE04000406F6F20003F2EB0000F30182
:10840000000902FCFFECE10C04FC0902040A061E50
:10841000020601FF130903F40B05041F0208FE0501
:10842000F223F003FDFF0BF6081604EAFEFD04F24A
:10843000050E09E3FDE8BD022728F80AECF6F5D59C
:10844000001901E90605FEF7120C09E5F8E3FE053F
:108450000DEC07000007FBF201050908FB09FCF31E
:10846000ECF0F901FFFFF5FA0D10150C0404001FE4
:108470000B07FD0A08FE04EA0D1900161106DBDCE5
:10848000F5E602FB0302FF1A050BF7001AFDF2EAFC
:108490001F1BFFC0002DD002F60BF1000AFFFE0CDF
:1084A00003E90D041501F603FB04FAEF000E04E8DE
:1084B000160FED01010D06E2FE1F0419FB0504FA7B
:1084C000F506F5F5F6FF02FD130D08FE0FF6FC0F9D
:1084D0000A14FA04FA00F9FBFA0F04F308DAFDF5BE
:1084E000F2F2120903FE031F00F403FFFFFE05D89A
:1084F0000DFCFDF5021B00F2DF01F2FC06FD060893
:108500000DFFFE0406F8F70514FCE7F7F9220EDF6D
:10851000F20BFF03FF0611FC05F2FEFBF8FE03075A
:1085200005140502F4F6EAF509070AFB00F8FE0B4C
:108530000312F60CFCF709F30906F1F213F6031E19
:10854000D8191CF9FDFE02FDFFF20CEF0505FEFC3B
:10855000FBFB11F2F608D0F9ECE70A1001FC040C61
:10856000000AF3E30EFA02FE100D1AF1F7F8DD042B
:10857000F1D70304F90204DD05F303E7F50200EE89
:1085800013F70100F1EC11070631F6FFFE0C02F1C2
:108590000A1D001F1907F61DFE04DFDEF61B430748
:1085A0000CE90BF90509F2FBFFFB0BFCFDFBFB04DF
:1085B000160101FD0512F300ECFB07000703050C93
:1085C00001F70B0109060FF20AFB14100A0CDBFA83
:1085D000E711070401070900FFFE090F15F5FB0E5F
:1085E0000408F20D080A07FFF823FD09FC0C09E94D
:1085F0000609080D04FD0D22F2FFED01ECF4330D28
:1086000005070AFDF5FB07F9FF18090011FD02FB3C
:10861000F6FE160D02E10813F20D0CFF0BFD0D0B1B
:10862000FC1A0002F70D03E6F80500F1F0F3EFF98C
:10863000FFF4F108F9FD0209EDF00304F0F707EF8C
:10864000180D03F7FFF90318E8F404FBFB0BFEFC1D
:1086500000DEFDF2FD070AF4F508F00502FCEC0669
:108660000F0902FEF70504FEFE01F800FFFA0504FB
:10867000FFFF06EBF309010223020BFB000BFE00D8
:1086800000010605040AFEF205FAF1DAF7F30BFB26
:1086900017FE09FBFD01FA1207FBFB1B05FD0DF29E
:1086A000F5FD00F51BFDF515E8FDF002FEF903F4FC
:1086B000F7DE08F90DFC09FA04F710F415E8DA0002
:1086C0000D26F5F802041405F823F6EAFBF9FF1667
:1086D000020FF120F5E6F91036F00D050202010B4C
:1086E000F50C15F9FD050A210001DCFCF00AF4FB8C
:1086F000E8DD0A0FF704081A08010EF21F0012FB4A
:10870000FBFDFDF40A09DBF303030209F30405F1A1
:10871000FCE9F8FBF0F804DE110B24EE16FFDCDCBC
:108720000F040C0C09F900F6F01005F40A070CFC14
:10873000120EE007FD26ED02F60511F90208F8F722
:10874000F5EF03E90FFE01F3FDEAF2FAF213F4028A
:10875000EBEE140F03FD06FA10FE0EFE01F4F0E33B
:10876000F40605F1FEF0EA03FFF808031006FAF636
:10877000FD09030F030801040416FAFA100701FCAF
:108780000701F109FFF6051BFA110EE707F40505CD
:10879000F7060CF3F711E0163304EB08F609FDF3C6
:1087A000FA1901E7110CF40704050E23EC01E70A9E
:1087B000030CE70C02F803F1FB1209051FFAFEF89F
:1087C000F4F6F20AF704E4150704FB10FD0B0103AD
:1087D00001E00CFA020BFDF7FBF807010008FBDFD4
:1087E000E6EE0807010E08060316F3EAFB11FFF098
:1087F00003120ED10AEAC60204DDF0F7FB08F71DEA
:10880000EE05000D100303F31007FADF01F9BDFFB9
:1088100031FD090FFA06EA12050201011C0000F4FD
:108820002205F1F6F014E8E91600211C030202FD0E
:10883000FB1007E70C0EFC07E606E31B133FEBBB40
:10884000F9C90B0DFAFD01F3FEFBFDF7FC0204E58F
:10885000100223E4F9E3C2020CBC0AFC0EF100F999
:108860000213FFE6FBFFF8EF050421FFF5E5CF0952
:10887000010F08F612FBFFEEFB20F40B0500FBF1E5
:10888000170A1B15E0F10F100121F8FD01FDF2F6AA
:10889000FF12FC110602F6F80805E003C30A360BC6
:1088A000EAFC09000AFD02F70CF5FFF9FC0CFFE7F2
:1088B000F6FA0AEC05F5DE05240607FAFEFC0811B7
:1088C0000506F6F0001602E319FE14FD1516EE1A61
:1088D0000608F10600FF0503F8F006FFF901FAF8B3
:1088E0000904EB02FBF900FC14C5F90B02FEFAF0D7
:1088F0000CD7FBEEFAFAEE060501090DF6FF160895
:10890000FBEA05050102FB11FDF7FEFE0307070464
:108910000A0AF5F7061FF402CBF10307F401FCFD88
:1089200008E8FC05F90DEEE9EFF117000D1229F248
:10893000E311F608FEFC0114FAEF03FDF7FCFF0D4E
:108940001002F3FF08F1EAEAE3FAF5F9FCF9FAEEAE
:10895000F4EB05E9FFF8FDEBFF03111519FCEF320D
:108960000DFC0500FBFE09F7FEF309160BFC03FCEA
:108970000203FF1502FE0E04F0FD15F908EDFB0DD4
:10898000FF0DFDFAFBF9090203091B29010A17FB78
:10899000F701F804FF03FD1F0AFB00F9F505050DBB
:1089A0000FFD0CFAFC09F218E5E904070400F409CC
:1089B000FEE0FB05EBFB02F807010BFD0208F8E403
:1089C000012C05FF02FBF3EAF605FA070CF7000895
:1089D000000F100CFB03EB14FE0B0FF901F9FAEE7C
:1089E000F70402F1F403F909FE0411091005F5FC7E
:1089F000DCF808F700FF010FF7FE0EF2EA000016A0
:108A0000EC0707031104FAF8DEDAECF8FFF50517B6
:108A1000F9F5FEF005EDFF03FF02F8FF13EADFF5BD
:108A2000F7190609000E08F5FAFEFCF3FD0105EF43
:108A30000E080C0DED0ED604FCCB14F301F8F2F584
:108A4000FE0800FAFD03F8F41120F6FDF7FAF7E945
:108A5000F8CA0F0BFFF0F01FFDE605FCF8FD10EB68
:108A6000FF002002FED7F804E5BCFD0D01FA093332
:108A7000FC0603E7F3F609DC1D1826F903DBD41323
:108A800006F7FE04FB0C000E0309FCFB0400F7F2E2
:108A90000E08FFED05FEEF0008021B0408F901E3D4
:108AA000FDE60302E1FAFA0A0E04E1F224E81F06E9
:108AB00000F81FFA09F2F9FE0C0F09FBE5F1FFDBE4
:108AC000FAF100F5FCE905EEFD0FF0F506F100FC0A
:108AD0000527FB0100FCF9E1250910E115DBE4F6AF
:108AE000E7EFF80400FBFB1706F8060D0103F9FB9E
:108AF0000B08EAFB0B0622EFFC04FEFFFBF5FF056B
:108B0000FADF0707E5F6050200F8ED160601120484
:108B1000EA010BFE04F70907001301E9F6F80A0160
:108B2000F5FF04FBEEE8E5FDF601E10F04F7F208BE
:108B3000FFF903EFF3FEF4002E0401FDFDE8E60863
:108B4000F1D0030801F80607FE0CFDF1FAFFFDF372
:108B500003FD11FBF3F6D00F12F90A0702F5FEE34D
:108B6000011BFEF20807FAFA0C0C0B12E4EBDA19FF
:108B70002B1EF9FEFB05FCE9030E04050802FB06AB
:108B8000F4F9DB00CE0F1318142AFCFCFE11FDFED5
:108B9000F701030E0EFC0011FDF8CFF7F10C450EA6
:108BA000F1EAF8040109F906FD0F0B06FD0207FCC6
:108BB000FD0716E4090AD105FC16E203F5FA08EFF1
:108BC000F41C03EE001302F20010071205F6FAF788
:108BD0000631FBF505FD0C0106E5010221080A1529
:108BE000FDFE0702F80410FCF2200705F514032B24
:108BF000FFE001FD0F07FC190C10F31AF2171BF42C
:108C0000FFE4FBFC13F100150516EFE403FAEDEDAC
:108C100006160DF209FFE50CFEFFF60A020509F340
:108C200003F10805020A09E0030200F2F7FAE7F18E
:108C3000FDFCE607FF1307FF0A0402040302FCF32E
:108C4000FA03FD03F808F21401F7050B07FDFFF125
:108C5000F80B05F508FA0BFAFC1B0DF900E1E2EB45
:108C6000E3F1F504090AFE0A01FA0309080009FD07
:108C70000110F4F5FE17F90111F2FEFDF50EFAF9F7
:108C800000EF090F06F5F9FD0600F9FE101907F5CA
:108C900006FB0FECFE10F5F80516FFFFEF07FCFFD3
:108CA000ECF1F5120CED23EAEDF501FE02FFF8EF11
:108CB00007FDFAF6F2FDFDF903F70A0D1AEDF31FB1
:108CC000F30011FE09F7F6ED09EFFFFB090701F0CC
:108CD0000801FEFD0CFE00F4FB18E80D0305F81377
:108CE000F2F2070D0FFEFC0403F2EDED1629F2FA85
:108CF000080E05FDF61D02010716F11010E50F0F15
:108D0000E901EA050E2F020504F609EFFA10FFEE5D
:108D1000F70A0413FFFBFA16E7EAF2FE1E1A06161C
:108D2000FB000200F8F902FFF4090D00FCF6F40C58
:108D3000FBF2EEE8F0F000031813EA060E1500123D
:108D4000F71604F9F908021CF8F02505D8DFE1FD53
:108D5000FC1CFBF00812F50A0818F9010A00F226BB
:108D6000170FF0E3F0010AF0FD13FDFFF6F7F4EC46
:108D70000DFDF9090500020DDEE4EEEEF2EB26151D
:108D8000FAEC15F10CFE01F000EE0013030AFBF5FE
:108D9000FCE40201F5131903FBF3F2F402F80318E3
:108DA000FE12FFFEEEF50311E716FECEF0F2F6F925
:108DB000F6F501070800012B0BDF00EA1BFFFBFCA7
:108DC0000612FAEAF418F7FEE2EA0BF5F9EFFB0CEB
:108DD00002D8FAE7FD0B0807FF01F910EF12E902CC
:108DE000531005FE04F304DB02ED13F3F701FEE07C
:108DF00013F7F142FCF220F01B111BF7F20DFBE51B
:108E0000041005F01308FFF0ECF50D10F4E702F480
:108E1000D9160C0CF70212E505F5FB0BF8F402F974
:108E2000FE111AEEFFFBD91FB7DCE106F5F0FFEEED
:108E300005E9F0F4FDF509E4F9FE2AEB11DDB819B6
:108E4000ED1CF20A0103FCDC043206FF000100F60F
:108E500002030105D7E2D1170921F2FD080902DF5B
:108E600007FB0A09FB17FF15EC0BE0FCE71014F9F0
:108E7000FA2602F2060BF603F702F71B04010311B0
:108E8000FDFDE1F50608220C0E1501FBF506FBFFC2
:108E900005F3FF07040602F7F8E900020B0218F8D1
:108EA000DAE0FF0606F904FBFB1006F31201FE13DD
:108EB000100AF5DBF23CC701FDC2FCF80213FFEF1C
:108EC00006E7FFFC04FD041B0100EFE0F4080BE0E3
:108ED00011E40912F3050202F909FA0903030F0A62
:108EE0000800F7040EEA03E8F6E4100904F709168F
:108EF00003F5070614F3FDFFE5F00C000B06F8146C
:108F000002F4F500FA10001301E50AFF19FB0BE566
:108F100007FDFCE5083F19FAE800EAFEF5050E0436
:108F20000E00F012F8030BF7E6F9E40311033AD848
:108F3000F5100003F5FA0506F80E0801FA06FD0B18
:108F4000EFF2EAFE0DF501F8F8FC0206FFFBF60B66
:108F5000FFFE08ECE7FDF2F20702071002FB00F843
:108F6000F8F8000605100312FEFC0C0E07FF03FEC6
:108F70000B0D0BE5FD07F4EE09F7FB0700F10C05FF
:108F800004FEFEF5FE02000402FAF9F6FAFFF3E22F
:108F9000150510F9F9FBFA04FDEF0801F4FBF10CDB
:108FA00009FDFF0BFDE91B020DF9FD0E06F0FD1B8F
:108FB000FB020BF4F90804FFFFFAFD0001F8EAFBDD
:108FC000F9FBFE000004FAFAFE00FF0807F50705AA
:108FD0000D01EB0B1BF023FC0AF705FBFCF501036D
:108FE00006FFFE1DFFF10608FDF7FA0713FB15F853
:108FF000F9EB05FF02FA0A1908EDF9FDFBF70BFC86
:10900000FBF80CFA072209FB11DC03020204FBFD4A
:10901000FDF9FFF1F602FCF4080A17F40B02ECEE7E
:10902000111701F2FB05F8F605E6031405F9010333
:1090300001FCEE0CF4FD37E9041619FDFE01FE1AE1
:1090400003F6F7EEE700F513EC000807EBF2ED0589
:10905000FF28110504FAFFEE0520FA05F20006F3D9
:10906000040702140BF7F6130B2BF102F80505E8C1
:10907000010AFE17FC000903FBFCFA0DEAFEFF0DD6
:10908000081F0BFA02FD07DAFA09F5FEEA020C15D1
:10909000ECF6051AF0DD09134C16FE070604091B51
:1090A000FD18000BFB030B17F008E603FCFCE806B9
:1090B00006FA01F5FC0A010A0B0309F501FBFE069D
:1090C0000004EC050A0AE3030E07F706FD16F7F0A5
:1090D000000AF90704FCFD05F4FFFEEB010A15EA9E
:1090E0001E1807FD02FE08EA02080606FFFCF3123E
:1090F00004050CF30502F0F308FF0DFB020CFD154F
:10910000F70608F90004F1FA08F8FB060AF6FCFC79
:10911000F90CF2FE0403070A00FB00051BFD01FE2B
:109120000CFCF8EB0C17F807FCF2F906F10604F555
:10913000FCEDFAED0A060200EFF620020212F5FB42
:1091400010E901FFFBFEFA0AFBE107EB01F803FD62
:109150000A12FE1A1A1FF1F4EAA71103FEEAFFFF32
:1091600005FAFBE2E7F901F113FE220F17E6F2F52B
:1091700005C010020EEFF919F62002ECE901FAFA27
:10918000121720180BE3FBFF0FD6F90001F50AFBBD
:10919000FD1104FCE9F8FCF31011140D00DCFD09CD
:1091A000001204F9FBF5FB090012FC07FF01FE02A7
:1091B000FA15F7010AF0F50E0D360B030DECFCFB6A
:1091C0000DFEFC01FF03FEF312FD1D040F180F023C
:1091D000F33B0101FCF3020501FC01F80FF7F2E893
:1091E00002051DFEF40121FA090EF9F30F04000037
:1091F000041F05FEFC07030A0C05ED0F0517FC0B09
:10920000FCF808FFFF02FEF6FAF9FDFFF1FC02018F
:10921000080BF3E6FBF40A12FBFDF5010509FF0656
:109220000007FB0B050306070700FBF5FE200108FE
:109230000EFD01FD0603FE03FB01F505F3F3081027
:1092400008FF180604FD06FCEB05FBF90BFC020306
:10925000000C04100504FEFD04FEF7F2FDF4FA0E06
:10926000F1F815FEFA00F3FD050E01F5F8FDFEF824
:10927000FFFA03F402E40015DF06F6020CFF00F526
:10928000F4F9FCE5EEFE0401FB0516F508E2FE1814
:10929000E4FA040407F8FF050C0400DC0DFF0E09D6
:1092A000090102FFDEFBEA1D08F605FA04FBFDFCDE
:1092B000FF09FAF40701FDFCFAFDF902E8FBE00CF6
:1092C0000813F7FDF205FBFC05020D1002F7EFF99C
:1092D00000EEFA0802E91B0110F4FD0005EAFC0BA0
:1092E000040300190EF5FC0DEA060311E9121D0432
:1092F000ED07FA0108E7052907EB09F00DFE0A0B57
:10930000FF11EFFE140813FAE2EFF41603F6002043
:1093100008F110E1FBF307FB06F6241E1904C40E46
:10932000E31607F1FAF6FEF0FEFFF804F803050273
:1093300001F60BF405D0140706EBF3F9F5F4FB077F
:109340000001F5FCE7F8FE14101405F9E8EAF5163B
:10935000FBF0090314F8010B0FFC06ED080DFCE00F
:10936000050608F308E7DEE7F0EEF5010DFBFA115C
:109370001103020AECF110DB04F90FEE01ECDE0040
:10938000F3EF01080A0902F003D9F8EDEC1003F13C
:109390000E04FC0F03EF0A0DF20701FE00F408F6BD
:1093A00006F1FDF2F8ED000815F603E609EC1206E9
:1093B00029EB07ED10FBFBF10AFEEFF2F8EA02F5EC
:1093C000F8F5FB07E7F6F700F805FB0111060010BA
:1093D000021B0013041104F8F7020505FFEAF50566
:1093E000EB03030203050B0AFDE90EE8E3F8FB09B2
:1093F00000F9F013110BEAF60316F5040403051245
:109400000C2AF010EF0505FC09FCF6172B15DAEB1A
:1094100006FC03F6FB05FBF3001704FCFB05100339
:109420001105F30C1A1D0CFCFE0C0AF9000302F9DD
:10943000F91105090100EDF6FDFCF3FA12041A0416
:10944000E521F7FD011302EAF6FBFD1215F70C0307
:10945000FCFB03FCFEFF08FE0539D703ED08FBFA11
:10946000F2E8012F0201130DE0EAEA04FF0A10F806
:109470001C3300FCEC0CFE1E00F3F9F905E80417A0
:10948000F7E2E6190CFC12F802E004F1FFEF020C1F
:1094900004EDFEE7FAF5070DFE08FD170AEF07F0E9
:1094A000E7F4FF030802080307F1F80F00FCFE00D1
:1094B000EA0211D8F1E703F1C9D5F30B0000FD1959
:1094C000F8080B0C18F4041E04080AEBD6E205E7B2
:1094D0000303F805FE0CF43E08FCFB0615FF0B2009
:1094E0000D0407ED08280901CD02F70AFBF9FD0B71
:1094F000FED5FDFBFEFB0C07FA031AE51FFB1F144C
:10950000F1F004FD04FBFD11FCE00904FE0DF5EA99
:1095100022FAEEFEED031A0BE3F10DF702FB0BFF4F
:1095200001E2F200F7EB0CF3DFFFDA0318E623FBAE
:10953000FCE02303FEFCFE0DF0E4F1E8F2FAFCF59A
:10954000FCF125040500F30FF1E50D08FBF9030C10
:10955000F9FB02E706E410F00A12FE0D10D3D60361
:1095600026FDED09FC04FAF201DE011907E4FE17FD
:10957000F3EFCD28031347FCFC05000200F506DEDF
:10958000FD04EE0A0EFC15FAECFC09250A0C0FFC92
:10959000EF120BFD01E7F8D70425F6F3F904FEFFFF
:1095A000030F0011E6BDE8FBEB05D6FE04FBFDFF53
:1095B000FB0FF5E5EBF8FFE7100514EEF3D1F32C04
:1095C000FCB6FCEEF406FFF90011F6FDDEFFF4E553
:1095D000F30B10F6F1D80D0E1BEAF3070501070D8A
:1095E0000205F21CE5F7F6F41704FED0F2EB1104C5
:1095F0001FB2F302F7FC071008FFEBF0FA0206EEC9
:10960000220C15F6FDF20123F1E50E00F2F612F23E
:1096100009E204EBE20A0BC60610EC21EDD9E716CD
:109620000D15FDF406F8F2E702F0F405F5F4FBF68B
:10963000000900F302D523EE0D1A13FFFAF308090F
:1096400005F0FFE1DC0203D4EFEB0D10F5F01D2572
:109650001B4B000D0BEA03CCFCF3F80BEA04060EDF
:109660000FFB0C0818E4FC00242E13E7020305E2AC
:10967000FEF2FFD80C0BEF0917F0134003FDF022A8
:10968000F4080DFC050005D7FEF7F0EFF00BFDFB2D
:10969000F0E902E70DD8DE07FC14F50BF6F8F6FD4D
:1096A00003240107EE0AFA12FB201D0BFBE6D60E7F
:1096B0001705EAF1FF01F9E6030702F4FA14F120B5
:1096C00003F304F8F506070016FF0DF3020001F797
:1096D000F600FFF70B08F90A05001109FF0A33131A
:1096E000FDE3FDFA010005FD020AF801F603010C95
:1096F000050E0FEFFF04DF0D10E9000B0E00121036
:10970000FA1AEE0BDDFDF5E4FF0C09F106102AF262
:10971000FFFBFEF7F50C0016F6F90C08EE0C01E95C
:109720001707E6F01F473F1118200B040A0E0A1511
:1097300000D80A03FFFE0DFFF6F3F0181B391BC318
:10974000F828FBFFFF03FE0506010803FCFF011BD1
:1097500006F8E122FB1010EADCF303FEF4010AFE36
:10976000F8EEFEEB0CFB001516FDE729F4220DF8D0
:10977000C7E60001060A091201EB06041EE7F91DFF
:10978000F5ECDD0DFB300C040121F2FAF7F90A1CAF
:1097900004E809ED04F10614F7F7F918081BF4F9C9
:1097A00012F8050A05F207FDF9F6070401F5FA15A6
:1097B0000A03001BFE04E5F4F405FEFB03F908DFD1
:1097C000FF010FF012EFFC1205FB0A1AFC08F0F083
:1097D00004FB07F70A05FA1D00EA12E208FC13026F
:1097E000E9FB03F804FE1DEEF7DD04FB00F6040FB1
:1097F000030EF912FAFE0A05FE1E08FB080BE80D1F
:10980000FEF5EF0F01F707FEFC160EE6ED020A0467
:1098100008051DD5F2C9C10BF703060401F60AE2DB
:109820000AF703FB0607FDF30F0FF2F808EEF1202D
:10983000190805F300F6F6F50D26FF03F9F509FA08
:1098400002FBEA07F0FF1C070006F2FCFF04010719
:10985000FE22FB14FC0AFCE60E0202F5F4F507F406
:10986000D5E80704FA13FF090312ECF1F00AFDF73B
:109870002C0A16E0FBFACB0AF2ED0B04FAF60DF90E
:1098800008FF08EDEC00ED161B02F5EB19DF010DEA
:10989000090112FA030507D601FBFFE9F800FA08EF
:1098A0000FF2E81812E53FED241200F2000FFCE180
:1098B000FE1BFF0404010115F8FAD9FA0901460557
:1098C000E005FE01FE0006FD04FB0816F2FE0101A4
:1098D000F909FCE6F0E9F3F52B0DEAF70A0E01FAB7
:1098E000FAD9091B0BF0FD09DEF0EDE0FEE7FEEF13
:1098F0001C0BFA01FC0006F902EB011C03F605EC57
:10990000E9F0EE04EE0912F7FDF004EFFDF900EACC
:10991000F5E60E0807FBFCEFE2EC12FBFB0623006A
:10992000E4E6FCFD0303F70F00DC0404F806000B7B
:10993000E7EF02BEFBE9EBFBF303E9F6FB0DFC2DC1
:10994000FF1E05160300051BE70608E8E60BC90322
:109950001819F410050D08130423F534FBEC08075F
:1099600009F5CA070914EDECE8FBF5EFFC0202EF7C
:10997000F4E7FB0C0AFDFA06F4F3F9EF0A062EF2FF
:10998000FDF3F6F6020A04EC09CC082216FF00E704
:10999000F9FD0533FB0727FDF7F501000006FD0281
:1099A000F003F4200DEFFBF1E7FCEEF7ED1F0EEFF7
:1099B000DFE70D0403F30324FECEF70205F40A04E7
:1099C000EEF405E6FF0E0C00AFF9F706F4F208F02E
:1099D000FDE30BF2F8FC09F81512100BFE08E9067E
:1099E000230FF507FD050AE9FDEC0C042300FC2715
:1099F000FD01F635030F2EFF221C15F60409FFDCCE
:109A0000FC1208060BFC13FDE90BDC260AEFEBFD4C
:109A1000040B150701FA05F6060EFE0201FD080506
:109A2000E9F116F417DDE109E7F00706FDFAFAF6A9
:109A3000000D0014F1F704F1140E1C0607D3E8160C
:109A4000EDF701020A03F41E03E8090D0CF6FF1EF0
:109A50000F05F2F7120319DFC800F505FD10022506
:109A6000FCDE01020AF9061BF4ECE30408F302F041
:109A700008D8F609FF11FEFC09E700040A000F20D0
:109A8000FFFBE8F7FDE717F616FA08F906FF07F1FE
:109A900005E60A0CFF0D190CF0E905F409050EF9AD
:109AA000160217F906070808F6C70F0F0209FBF19F
:109AB000EFF6E11003F631E804FF0AFC161206285F
:109AC000FDF7F51715F80E0DF7EC11F50908EBF693
:109AD000F1090E04FA11F5EDFB05051A21F70D1831
:109AE000FB08EA100718FC0A192EFAFAFD0A02CD43
:109AF0000229FF1608100B2BFAEFDC03DC002A000A
:109B00000F20FFF903FC03E7060A07051A00070EFA
:109B1000F4ED0047F7FA140F321B07FB0408F612A6
:109B2000F41DFCF9FD050A020E06E41AFC1FEEFB0B
:109B3000F5FC02FCFE1705F415FEF6F720FA0FFE01
:109B4000F5FEDFF40F1AF915CFF40B00FD0202E663
:109B5000FEEDFA0C0308030FF0FCF515EE160BF002
:109B6000111EF91009FCF9F6FEFE0102FA00FC10C4
:109B7000F506F314FB130D0220030206EB0B08F4A9
:109B8000F61109FA1C090705FAFDDDEF17E810FDCB
:109B900011E403FCFB08F600F615F9FB130EFA03BB
:109BA000E7F7F0080FDCE90AECDC02FD01FD00F349
:109BB000FE0C17FDFF010005F30C1B12F8E7D61B86
:109BC000F4C4F5090D00FFFBFE12EEF4F40AFEF4F6
:109BD000FEF815FEEEC2CC17F7040BFE01FCFFD910
:109BE000FF21F2F9F7FEF8E9160F18FBF3D3CA14B8
:109BF00013160908F5F8FDDC06281113F51407F310
:109C0000150B0502CBE40D100E18FC05000E060224
:109C10000124012E0715FF0412F8E2FED01A4E09A6
:109C2000E8E91102FA0A0E12FC18FADEE80AF60355
:109C3000090C13F80D17CE06FB05FEF0FD05FDE936
:109C4000F8FC01FDEB15F6101500F9FA280AE515E8
:109C5000FFE91009010BF0E307F40B17EF0FF3FF17
:109C6000F8D8DF001DF8F2F2142B1609F70EFFF0FA
:109C7000FEF40EF10B00F71804FE02EC0BFE2EF9B9
:109C800002E6FD0C0408012802EE09FF1207FFDFBF
:109C9000000800061319F9DDED070304030700F6B9
:109CA00007E107021EFFFAF9EBEBFBFA0A3617028F
:109CB000EA19E612FBFCFF0E09F7090005FDF6099B
:109CC000EFFEE50513FFE7F1F1100008EE13F9F9D7
:109CD000FAE602030BF1060304160008140704F168
:109CE00017F802000E04091410030A10270009FBDC
:109CF000F2060910FBFC0DFC02FF0FFF03010B1124
:109D0000FDFE04FC06FD1BFE03FAFB0FEEF9E60068
:109D1000EEF901F702F902F801E90A06F90607105F
:109D2000F60E090B0502F4F5EFFB09FB07F402FE42
:109D300002EAF2FBF8100D0C0D06200A0606FA0BDB
:109D400003ECFFF901FD0FE4031FFDF0F006F8E559
:109D5000FFF50318F4F5BF02FDEFF708F90003FF64
:109D6000FB0C0408F4F6FBE917FE15DDE500EB1229
:109D70001CFE10F404F7FCE1F413FAF70F0B01E0FA
:109D8000071211FFF2FA0210061713FE090AF50076
:109D9000FF07FFF6150307FD0AF908F6E914F3F7C4
:109DA00000F504FC0B0C060201060DE40DFAEE09A9
:109DB00016FEF4FB0317C1061E0CFFFC0407FDF0A2
:109DC000030C0FF21DFA040303040903F0FDFEE681
:109DD0000F180FFAFD04FAF4022209041203FE110F
:109DE0000831E6FB0BFD04FAFA200F05FC1606F21B
:109DF000FA1A000E010BFC0AEFEDE5FEFDF512026A
:109E0000F805150D020AFA1E042412FA0BEAFBFFEC
:109E100007F90DFD011FE408E307DF0AED0001016A
:109E20000927FF00F1090F07F6101AE3EFF8E8021F
:109E3000EE1AE0FEF40BF9040AF912F816F40E1209
:109E4000020CD3FF061A190304EA120DF40AF816DD
:109E500000EC10F1EF04FD0DE9FFEE07FC1BD1E271
:109E6000F4041C03080DF40401F50CDDE61909FDEA
:109E7000FE0728D5ED0BC1010DDBEFFB030D01251E
:109E8000FCE31EE51602FAF513F7DDC8D70807F460
:109E90000AE41009F9190305FEC214140500F8F8C4
:109EA000FC0B02E219EEF9E704EEFE1212FFFDF3DD
:109EB0000AFF0BFC09081F02E30726FA2DCFCDE5A8
:109EC000ECF0FDFF0C03F3F1FD0E02E9ED050FDEF2
:109ED0000B0508E8F9E0E00518ECF90701F80BE7D5
:109EE000070507DEE9F90CCE160719EEF7E2E01DCB
:109EF00069D7FD010102FCC70B230316E8FEFCC76E
:109F00000E1207F4C0D7EA310C0918F7050B07EE5B
:109F1000FCFBFFF4060803E7F70AE732E4FB131C37
:109F2000EB22FD0B01FCF8101206FAF400F303F229
:109F3000002109DE11E1D4F63D15E200F8F202CF6E
:109F4000F11EF3F3F108F5F728F8160EF6DEEC2211
:109F50002055ECF9F80AF7DAFA09FCFEFE09F91FB8
:109F6000050BD4DAE31DEC0C2F6D1C0010FC06F57C
:109F7000FFE512EE150BEF1FF4F8F628F613E0DA02
:109F8000F7F3F5F9F6FBF602FBEBF5DDF8F0FDE093
:109F9000101206D7150AB301CFF6F4F5FD08F90C37
:109FA000FEFDECE7FE04F2EE10FE0CF5EEF5D9F83E
:109FB000DF13E308050B06F000FE0BF71609ED1999
:109FC000E8FB04EC1021F202180D071002F801F36F
:109FD000F11AF5050A02FD1AF202110D1BF3DBC39B
:109FE000EFFF10FEFFF7FD05FCF110FEFEED0FF593
:109FF000FD0804E8FD0FDE14F9E4F0FFFC0108158C
:10A00000F3FF0A190703FBE500F6E407F420E4F088
:10A010000EE6FFF1020AFD10FD020210EAF105E86A
:10A02000120FFDFA0D0B1EDEF5FBFF070EFA0BF407
:10A03000FF010607F3F7EEECF30502EF1EE4FBED7C
:10A04000EEFDEFF50AFA01F4FE2AFDF4FEFCF4F54C
:10A05000FEF70B08DFF4B90CFB08F50BFF040BE26D
:10A06000FF090009FC0EFD07E6FEE80BE1ECCF134B
:10A070003B4008F80516F7EA0502FB060F00FA1543
:10A08000EAF8D8F9B30B1015183710F7FF09FAFCE6
:10A09000FBECFC2219FFF00DF9EEC6F7E9224005B2
:10A0A000F0E607010709FE06F5F601EC000507F5E5
:10A0B000060204E9F320C010CDD6FB020A1C07FCFF
:10A0C000FFFD20F514000B060011F1FBF801EBFC7D
:10A0D00003D4FD07FE100700FCF20C1B0EF902155D
:10A0E000F709EF06FEF705E1EBFD15FC080B070D80
:10A0F0000BE3080D130A1A1DF10905FD0C082EF7D4
:10A10000FFED020A02FB0E1EFE08FEED0E0A06E13E
:10A1100001021BFD0531CDFAF322FFFB040505EF1B
:10A1200000F70808E2FE03E8FB0ED6F201EAFAD3D4
:10A13000E3FAE0020CF9FE09080A1505F7110DFA19
:10A14000F5FCF70DFDEB02FCEDFCF70C09F4FF1735
:10A1500002F5FFEE000114FB041414F8F1D901ED2F
:10A1600008FA00FC03F1FC210C0401FC0F06FAF5CF
:10A1700005090BE90303E2F527FC0800F4FF04FEE0
:10A1800003F7031107FCF4FC1303D9F5161008CCF0
:10A190001401FCFF0305FCE602FF091AF9FCFCFFB1
:10A1A00001FAE5FE28E213FFF6F018FC000901E2CF
:10A1B000F4F5FC0BF5FE02EFFE1107FD1FD9FB05C0
:10A1C0002B0F08FB0B02F70C00ECFB0D0FF6080140
:10A1D00019EAE9192A2443FA06E913FFFEEBFD2BDD
:10A1E000FEF003FDDBED04060A09180A1DF3FEE587
:10A1F000F7D50A0F09F100F8FE1DF4FAF000FFFF91
:10A20000FA031E060AD5CDF104E0EE0CFAF0FFF2D7
:10A21000050506FAFA0AF8F816162DF912EDD71FF9
:10A22000022F02F70DF4FFFE020CF60E09050809D5
:10A23000FA17EEE511EA32F71446030601F6F90BB8
:10A24000F714F708EC110AE40BEB0EF42718F3F9F6
:10A250000352FCF4F9FA02EF0210FE04EE01F3CE11
:10A260000E0BF1E40419F7080D11FCF9040009FEC6
:10A270000508FD02F4FAF7EAF9FAEFE60519FCF130
:10A2800001FE05FAFF07F6DC01E2040A0115F905F3
:10A29000FFF3EF01FBFB07060C0105FEFC0AFC2A9D
:10A2A00000F9FC082EFBF80501F0EDDFF9240BFDA9
:10A2B0001505F003FB15FF10FFF10C0B17EEF9F875
:10A2C000E7F9F4EB06121F04FA0D080F001406E874
:10A2D0000103051D05FDFF12F4FBE2DE1307FFE499
:10A2E000F81503FF04FCF8E0FCED0CEBFEF9FF0BA6
:10A2F000FAFC04200ED82901F2FBFD020503051526
:10A30000F6F500EA02FE0115F1020D1903F2FAF466
:10A31000EC0EF4020EFDF808F01A02F5FDF412023C
:10A32000ED0E11F6EC00C6E7E8EBF2F304F40009D9
:10A330000321EC14F2F301FEEC0113D8E7E1E2088B
:10A3400008110DFDFF030211F50B0209FC00010BC2
:10A3500010FB0111020A12FDDEEDF80CF6F9FEE623
:10A360000B1206F80A0011F707FD0123F61A261D45
:10A37000F2FEF9F406FBFF1105EFFAF104F9F01B08
:10A38000FCFDF20BFD28080AFCFB010E00FFF60D98
:10A39000FDED00F105F9FD0D1711EB22F20BFB06A7
:10A3A0001308FF07FCFBF3DFF606EFFCF5F2FFFBFB
:10A3B000FE03240504E503160FE3FFFF04FA0AE594
:10A3C000FB0B0AF2FB030115070A0901E5E7F2019D
:10A3D0000620FF0200FE060B08F003ED170B050A2E
:10A3E00009030DF2E7EEFB06FEF4120306F9001175
:10A3F00003F1FEF105090DFB060F1120F106F6FC35
:10A40000F3F9010006EB02FDFF12E6F2DFFEFCF8B5
:10A41000081118DFFAE1F00E12F00000FBEAFFDE8F
:10A42000FEF702F7EDFFFDFE05030308F0D4E0138D
:10A4300014E00B090C0802DF0200FBEAED03FBF35A
:10A44000180307FADC06FA0C1C0405FB01FCFCFDF2
:10A45000FF1D0AFDED1501F100091923F7EDEDF9D6
:10A46000C9E4FE0B13FC040B0B07FBF9E6FEF9F144
:10A47000080916F20AD2C709DAF6FFFCF5FFFCF666
:10A480000505F90FEF03EEF90E0603DB0DFACF1405
:10A49000FBFBF200F80E00ED1504FEF10A16F403C2
:10A4A00002FB0603090D18FD17090202FA03FAF66A
:10A4B000FE12030E01F50501FE08E5050015FF0B70
:10A4C000FA21F905070B01F5FDE2050AFF03020475
:10A4D000F5FAFCFA0FF52DF9EF00F9FB0001FD117B
:10A4E000FFEF091209EC0007EAF6F4F40201E8F8BC
:10A4F00027E1151109FFFF02FBFDFAD908F8070D46
:10A50000F4050FF911F2C4E9FDD003F2FBF0F8F104
:10A510000B04F109F301F9FBFC05310827EEBB0D33
:10A52000F30706FB000000F3FCE50D0A1607FB2508
:10A53000EFFFEDF1FD010F032301ED020205F81518
:10A54000112CFE1A09FD0708F907FBDFF1FBFC05DA
:10A55000110DF4F6F917FF0A0340FE23FE01FAD9A4
:10A560000C0EDBD016320B0005F0F7FAF80002F5FE
:10A57000F4F702080701E5D8FFF60CD50D08F6F848
:10A580000A02FCF90508F6DCF2060009FDF70302F1
:10A59000F4EFF721F6E709FD10F0FF0500000021B8
:10A5A0000405090613F10CEB0FF7EFE5E60FF8F0E1
:10A5B000F0F90300F908FE16FED7040C16FD04F8A6
:10A5C000F407F7E6E93024FFF5FD010AFFF701FD86
:10A5D00008F8FFFE0EF6FC020002F8F00D07D5E2C7
:10A5E0003614FD060AF701F600F8FBFEFFF9F10F3D
:10A5F00008F3FE0201011A03180704F1F603FDE552
:10A600000CE702F202F8030D01F5F004F60FFE0A62
:10A610000D051706F50E06F2F50CFC12F8FC07FC0A
:10A62000F30700080BDFF1FE25F30F08040DFAFA1B
:10A63000040BFC06F0FB05EBED0A08EE10CEE9FB7F
:10A64000C3E603FCF20EF80F04D40601FFFBF92564
:10A65000EE0BEBE0FFF632EDF70001050508001800
:10A6600001EDFB060BF70215F3EBECF21B01F2F325
:10A67000DBE0FA080300FE0CFDCD071D09FD140CFC
:10A6800002F6DDFE08061B00F1D315FEFCF90111F0
:10A69000FAD8F8F2F1F60B19F3F3EEF7190410D328
:10A6A0001E01FDEBFEFC06FF0AE3FD1C000600F4A4
:10A6B000EEF90A20F1D911F9F3E0E40B0D06EC1BD9
:10A6C000F8FA0A1A0CFC0A02F1E6E9160510E6107F
:10A6D00003030AE9FA16F6EF0FF5FD0621FF001253
:10A6E000FBFCE40707141D01F407FEF50AFBFFDF7E
:10A6F000FD0EF9160B060B19F6F20217EAF32EFA05
:10A700000C230CFF00F409C3070805F7F80CF52229
:10A71000FE00FF27F9DBFE1D2614EB0BF80FFEFFF2
:10A72000FF1E0010FFF902110AEEC802020B11FA17
:10A73000FD08FDE7F8050704011BF70014070126D3
:10A74000E9F6ECF1FC22F70F040014FC03FB00EC2B
:10A75000FFF5F311EE050A17EDFEFE0EE8010B08FA
:10A760000A01EE12F701F8FE01F2FC04EC03F91005
:10A770000AFBFCFD040F12022106FDFEF60901EFA3
:10A78000FDFAF503190306FA08F2D9EE1BE937EAD8
:10A7900022F609F00103FDE9FC01F60B13FF08FEA8
:10A7A000E8E5EB1113160FFA13F50B00F60000E4C1
:10A7B000010CF90411FA0A06F9F907200204FDE96F
:10A7C0001DE8F7F7FEFEEDF204F90825060105EC99
:10A7D000FF00DBF0121F47E9F402EFFAFFFBF10F75
:10A7E000FADAFB1BEEF3FCF1FBFA02EA161710F0A3
:10A7F00007FF1DFD050307020B09F602E5FAFAEB58
:10A80000F80220021817E202FE02FC0404F5F5FB30
:10A81000FE0AFF03FF0609F502EE1AEC10FABF1656
:10A82000FFDEECFEFFFD0AE603EDFC14F704FE0379
:10A83000E7E6F1ECE6C137070F2EEBFBFCF9F3007E
:10A84000031AEB1DEA090302E7F711FFF2DDEE0937
:10A85000124206FBFEFF08F9031EE914EE0E00FA91
:10A860001100EAEAFE10F00CEF050300F80008EB17
:10A87000F7E9FF0BF0FDF4D4EDE6FFF5FC01FDE98F
:10A88000FBF60CEE06FAF6D3FFDFF015F7F5F6222D
:10A8900007EA0505EE0016FD2A000AF2FE05FA1F7A
:10A8A000060CFEF30AFFF007F4FDD8DCF51222FCDB
:10A8B00003E90FFCF60802F8F5DCF80309F3E604F7
:10A8C000EBE3D3F5F01B0A16DC080B06FC0509F1D7
:10A8D0000D06060A08FEF911F1EBEBFBF506070081
:10A8E000232DFCFEFEFBFCC203F511ED05FAF6FD7F
:10A8F000F5FBF937100532F9F01AF1FF05F8F1FD13
:10A90000F4EAEEF10A040F06F0070312FD01DDEF91
:10A91000D4240101FD06FA07F517060106F708021F
:10A92000E505FF03E1E8E40FF8F8D6F5F401FDECE6
:10A93000F916F2F6FCF605FEEEEE1CE5E7CBFA0B97
:10A94000F2F40707FDFB06FD11CE02F4070507EA46
:10A950000FFAEBED0B15F8EF21D3020605FD07E723
:10A9600002F0FD1404F3020A15F7F102081821F5AC
:10A9700007DBF8070AFAF91AF411F81204F4000BCD
:10A9800023F61404031225FD12270108090207F219
:10A99000F408FDFAFF0607060A08FE180FF71B2247
:10A9A000F8F706FA09FAFE0C04FB0715EFFCFEFDAA
:10A9B000FAF20E14FBF70F04F92FFCFF01081AE658
:10A9C000FE15F312EC040314FB08300CF0C5E4137D
:10A9D000E03BE6F3FBFD0329010EEDEAF8FA03196B
:10A9E000110B2A05D8072E1AED16E5000E01F907FE
:10A9F000FE0800FD0801F8190A07FDFFF01B2922D7
:10AA0000FC00F9FFFFF409080D11F4F2ED02010753
:10AA1000EEFB1AF7FDF1090CDBF2030904F8F6016D
:10AA200004FA03DBE1F40300050627FAFEECDC067A
:10AA300009E30004F5F819ECFC0BFCF2EBFBFBE777
:10AA400031151AF8F2D6111BF8F5F806070E14099D
:10AA5000FEF1FCE9FEFD0DE005050400FAF1F51735
:10AA600018FD00FFF4FC07F60507F9EEEFF4030309
:10AA7000E8F109240DDBE9120EE710110002F5F8E8
:10AA80000524F8E1070E0EFD120D01FC0EDCE81C9A
:10AA9000E6EB04FEF5F203F7FBFB02C804FCF1F160
:10AAA00008FE230013EBF422FEFAED04070008E889
:10AAB000F4EE03F403F9FBF210030201F0FDEF1DC5
:10AAC000DFCD120D0AF10B08EF1407F4F00F02EDC1
:10AAD000F7012AF9F9FCD6F9F1C7021300F2FD1BC0
:10AAE00011FAFAC7E701FAE62B212CE713C4CF04C9
:10AAF000E8B9050AFDFCFACE011105DDDF10FCE620
:10AB0000291A1904F6CDF00C0E05EEFA0B01FCF52E
:10AB1000FE2AFF00180D0A0E141B1511FAF9161360
:10AB20000ED90B0F09F3EDFEFB040AE6EE0C02ED65
:10AB3000120E0610FFFAEE0B05F90E02F9FFF906E8
:10AB4000FDFC0AF603F2FAE41DEE15E43613D50314
:10AB5000EB111504050105D5FE390A0E05FFF2E5D6
:10AB60000608F3010EE7E8032C0808F8F21DF9F1D6
:10AB7000F83100160C110621F0F6E8F4E00525F393
:10AB8000040F180BF90BFA0AF524FD06FB02F9ED88
:10AB9000FDF611080813E701DD10F201EFFC0706CE
:10ABA000FA1F030A0BF907E9F90316EA091FF21E57
:10ABB000E018E803F916FB05FBE20000020EFFFBBC
:10ABC0000A0BEBF80A3607010620FC040C08F9FE14
:10ABD000FFE205230DFEFB11F0FCE002020D0DEB80
:10ABE000FE0612FDF908F90DFF181002F50F0C0210
:10ABF000FE0322E9F30EF80DF5EDFB02FD0EF31650
:10AC000010E511F00302F8F90C0AF8E0D7F60D0789
:10AC1000F7FDFCF80611050700CCFB1213F2170C28
:10AC2000FA09F9EF0CF70DF406FC020DF8F0FC013F
:10AC300004EF0CEC09FC0D18F50612FA0E080906D3
:10AC4000F6DF0913FEF6F90B08FA0CDBF000FDE75E
:10AC500006040BFB09E1D619D1CD1EF2FEE500F189
:10AC6000060EF5BAECFB03C6110F2B10FDB8CD1282
:10AC7000F9B10C1407EB06E70207FCDBC60CFFD1A9
:10AC80002220241DFDCFD30C0415FA0A03FF020471
:10AC90000E38FA16FAF7FAF11C281E06E2DC1B0C35
:10ACA000061710030FF202FAFA2405EB0308FEFF61
:10ACB000EF051200160AD60AFADF08FCFFE5F2EAF1
:10ACC000F70601FBEE1205E81EFDFFE12E0ADC1778
:10ACD0000104F2F3050CFCECF7F61400F409E8EAC1
:10ACE000EDF4F5E30813C502142406FFFB07F9F0A1
:10ACF000F80500FF0400ED01090DE2EB1008FBE888
:10AD000003E7030303FBF2150C0102FF0EF8F0F456
:10AD10000E0208ED0B0701EDEC12EF06F41202FE35
:10AD2000FCE812FB33F8010011F3FAE9F33CF114EB
:10AD30000E25F7FB03F8F703F5F40DF2FEF8F8041F
:10AD4000F5F7F6FDF309EEE2F2120D080804F7FD3F
:10AD50000BF1FD130F000016E9FFE5F9190F0CE3E5
:10AD6000FBF90F020103F719FEFE070BF6F818F8BE
:10AD7000F90011EF0109E409ECFAF114080CF90BE0
:10AD800008FB0AFA17FD03F8041117F2DE16F005A6
:10AD9000F9F9FF07F908FD1002EE0BF506FE0800B1
:10ADA000E80409F0CE04F6F4F70008070305000FE5
:10ADB000F9FFFE0DF5070101FC0BFA02F5F70C187F
:10ADC000F9E5F7F903FA02F20116FF05E606FDFBC5
:10ADD000F0FF03F5E8CE1C03F8F0FEF9F9040109D1
:10ADE0000AF9091BF90002FEF200FCDEDFCAF0EEF0
:10ADF00001DD09050305F4180DE41615080110FA24
:10AE0000E5E8F2D40F23E5F803CF060401FDFC20AA
:10AE1000FEE106F504FE0D00FC1135FA1506B9F544
:10AE20001CDEFDFA02FF03FA03FBFB080209F40231
:10AE30000AEE071DF512FD02F5330E08060A0CF2A4
:10AE40000300070D0FF0E608F900DD020128070AEC
:10AE5000061A1B0302070502FE09060AED0202E5B7
:10AE6000F705FCEC01F912040CF5F407FDF0FE0007
:10AE70000815061DFDF313DCFC0402E117E5EBF6F3
:10AE8000FD0208FFF6F8FBE7FEF81201EB0108FEF1
:10AE9000E5040316FDF9EBF83110E0F9FE07F5F0D3
:10AEA0000B0F0EFD07FC011C080AE1F2FCFB1EFD66
:10AEB00032E609FDF9FC06F60A09FFEA0B0802F77B
:10AEC000E5FBF404FCEFF50BFE0302FFF802FCE8DF
:10AED000F90A0B08010902FDF30517DDE10CF6F88C
:10AEE000FD09F504FDFF0506031A0103FB13030D1D
:10AEF000010A15E90A04F4FF0B010B03FC09010325
:10AF0000FAF5120CF9F8F8E9FFF4EEFD07F6F9F49A
:10AF1000001706FAEE01F9FC09150116FC070900F5
:10AF20001101F3F11618FCE11010140BF800F5FBF9
:10AF3000FF000B020C01F3F9FFF5F110FEF203EC38
:10AF4000EC1D15FF0C040E03F5EC00F70307F9EAFE
:10AF50000BFF0EF30106DDF6F5F80904FCFCF7FF24
:10AF600005080C17F5F00C02040D0F0B0335010B4F
:10AF7000F9F6FF0E0203FE0A01FEEB09EDF300FFF6
:10AF80000EFEF9E122070CFB0FFCE400F9FE0305BD
:10AF900004FCFFFBF9F3030A0406F6EE2215F900A0
:10AFA00006040EFC12F70D0AFF10FFF0F901F9FD7F
:10AFB000120C3407040ACD0FEF0A000C04EDFE0159
:10AFC000FD1609F0DD00FD010A101FFEF6B9D7F8E5
:10AFD000FEE401FBF5FDFD1BFDF2FBDD10EBFEF1D8
:10AFE00019001FF5E303F415ECE2EDFBF5F90D1183
:10AFF000FB050FFBFA04FD02FC100423FDEDDDFD53
:10B00000FCFB0E0A08F1F70A0B290AE6EAF2FEF742
:10B01000FB1129D7F3F3E705E5EA0314F2FCFE116F
:10B02000F005F5E5EEF3F9FF220A11DFF1C8D700CC
:10B03000FFE4FA0103FDF5E3030006F4E703F1ED95
:10B04000211D01D7F4EB0517F2F5F101F80C0223ED
:10B050000214F9040AFFFBF6FAFB09F200F9E0E733
:10B06000F6F3190A0CFD021500EEECDBE6F803EF2F
:10B070001A0410EE03F5B004F2E2FC0303ED041130
:10B08000FBFB06DFEE09F2E91D0C0CF71ADFDA0E06
:10B09000F7000C040709FFF9F9FE05E807F4FDE8DD
:10B0A00015071E0D1EE3FA01DCDCF10A170003FF91
:10B0B0000A06FFF8FBFC02EA080605F110DADA15C9
:10B0C00038F5FF0E020B040308D8FC0600F314F752
:10B0D000070DF90F120D37F4EFB51DFDFEF7F81649
:10B0E0000BEFFDDFF2F6F3010E080C0F0CEBE8FF9F
:10B0F000E7C110030BE4070D001DF6F7E1FBFBD5DC
:10B10000131B3A1234E6D9F7EEEDED0204FA01FA18
:10B11000082AFB05F60802EE181214EB02DEEB1605
:10B120000C1F0CFAF9F207F60322FA130100FDFBDB
:10B13000F40DF4F402D9F8132F2D130107EFF609DB
:10B14000000F00FFECFE03FD1400120B0702ED1BC5
:10B150000A18020205EFFAFEFE06F5E809F6F7E521
:10B160000C1204F70A0AF9FE04F207FCFEF30106CA
:10B17000FD0D03F8FD02F0E20A02E9081707E3EE0D
:10B1800000F70802FF05F5FCFE03EF0EF5FDF20ADD
:10B190000501F7FD03FC1502FB030AFDFB0A000B8A
:10B1A000FFF6100617EFFCF713FB00F8FC23150160
:10B1B000030301FDFDFE080AF9FF01F8000E01F886
:10B1C000F9F614F2FAF520F8E405110109FFFCFF85
:10B1D00006FD010F0A01F80FF0F806F60A14F8024E
:10B1E000000A06FBF503F3090AF90707FBFF01074D
:10B1F000F7F813F902F91410F311FB0504F80AF833
:10B20000F90CFDE5F800F802010815020EF9081D19
:10B21000050DFBFFFBF4FA02F51A0AEDFDF309FD3B
:10B22000060F0707EFFAEC1BF106F9F6FD0FFF0713
:10B23000020F000BFA010EE6F50A04EE0302FA090A
:10B2400011B105FBFC03060602BEFEDF0F00FFF294
:10B250000FFBE5FBF50E57FB00ED07EC070AFE2799
:10B2600006FCF800FC0306D701FBFB0609EE20F202
:10B27000FBE204FE04FDFD0401F0010BDCFF11F50F
:10B28000010425F63304F2EFF7C9EF110BF9020AB6
:10B29000F9F9F5EDF5F6F0F9020A21F023D3B7F547
:10B2A0000D4002FE08EC01D501F9E808FD13FC068B
:10B2B000EEF2F12718DA2DF1162F0BFCF1FE010644
:10B2C0000001EE180AF5F305FEE8E90C092510F176
:10B2D0000B1A16FE05F3F8DD04FE01F3F8F6F7E5A8
:10B2E00005F109FC070300FD13E2FBF6F90CFDF480
:10B2F000FA0AFFFEF804FBED13F811F1F5ECF20881
:10B30000F9180B0404FCF6EB01E406FA05F1F93533
:10B31000F3F30E2BFFF417F9171CF508F60EF909D5
:10B3200006FFF2F82703F63C06F0F10E0B30160F7D
:10B33000130002F0F7FAFB2707F7FB050F030207DC
:10B34000F0EB11FC061FE303EF13060AF407FEF906
:10B350000708F8231A0A01FEE604ECF40E2310EEA7
:10B36000FA03F90E03FEFC03F9F60C0FFCFFFB0CCD
:10B37000EE04F50FFDFB1801DDFEF7F5FFFEF8F515
:10B38000FA0C06F80EFB0AF6F80604FE160E0C067A
:10B390000605F205F8010B030606F5F004FE170E8C
:10B3A000F0F0F4F8F626FDFFDF0001F40707FB01DB
:10B3B00004F405F10402020DFD0502F6E513260969
:10B3C000E9D4EDFB0C0607FB05F60CFCE40401FBDD
:10B3D000F304F1EBDFE60C0103F1ED01FFF4F3F808
:10B3E000F9E10B1F0E0EFE0AFCF2EDE6F8FA02F28E
:10B3F000F740FF0402FD02FBFCFB061728F30205E1
:10B40000EDEFD4FAFD131502FBF4F8F202F4FB079A
:10B41000EAECEF0C06F403F8EDE4F109F70725FC7C
:10B42000F2E20005FCF001FF06F205FC00F5050E56
:10B43000F6FD02DEF2DDE5FFEBF7DAFC0D070005B5
:10B44000050904FD0603FE00F201F1F6D9FFED0146
:10B450000DFAFFF8FCFCFF0AF9F5F42502F60607E1
:10B460001DFDDAFEFB04F5E7EFD5040100F603F756
:10B47000FBF1FC08F9FE0200FDEDFFEB15EEFF0A03
:10B4800000E502FD1305FE01FEC6FE1E1707FCEED9
:10B4900001F7F709112C1DF3D9E602FE0603030E8E
:10B4A00001F1F11B05F8FAECEDF3E403041D2CF6B1
:10B4B000FAE30DFCF8F6FB22FBE3F5FF0C0DFE179B
:10B4C000ECF100F40D11DF05BCF4F60503E9FAF127
:10B4D000F8F500E8F3F109FD060E0F2306EEF11270
:10B4E000470CF104FAFAFDE107E208F612F8FA1443
:10B4F000F1F7FB3DF60030FE25170404000AFEE8D4
:10B500000808FEF9FB0305F7FBF6F54712F5190BE2
:10B51000080B0C07F7F3FFCF041FFBFB060B000221
:10B52000F603080C0DE6FD0AF1F20FFAF6FD00F63F
:10B53000040302FDF8F704F1F402070103EEEC1B2B
:10B54000FD0C06080A03FEEA1027120EFB08FD0593
:10B550000600F60DF509F81204100D111704FF0F7F
:10B56000F5030402020C0B0FF9FFFCFFF7010EEAD2
:10B570002617140B021405EC02F900ECFA0A070472
:10B58000FAF302E6FEFCF6050F3A1E12FE0A01026D
:10B59000031601000E09000702071600FF0EEFE870
:10B5A000FCFB0207FF0F02FEF2FE06F509F8FE0C97
:10B5B00024FB07F6FF3AE8F2E4FA00F5000009FF81
:10B5C000FADF1DEE2B08070F1314F5E6F22304CE65
:10B5D000F016070D01FF06F40622FA0AFDEA0E0234
:10B5E000FA05EF05070EF4FF1D34FAF7FB03FCF331
:10B5F0000123FB03FA00050EFBF5FBF701E4F1F272
:10B6000005F4F4FDFF0D001701F80BFE20F7050D02
:10B6100002F7FDFEFD28FA050FFF08FCFF0904FFF5
:10B620000720091F18FD1003F6060BF0FA14EFF4BB
:10B63000F519F10EFF0501FFF21CFF3206EFFFFFC7
:10B64000F6F5EDEE09F6FCFE190207F9FF01FD0023
:10B65000FC020A1BF909EF0BFD02FED104FE10EB00
:10B66000E40B050A02F2F601F92207DEEAF5050B02
:10B67000EB0203D9F9E6CCFBD7EAF7FD070201FCA0
:10B68000F8F106D80EFC0EFE05051DCDD7F2CA0254
:10B69000F908E8041201080702EFFF100702FAFA9E
:10B6A0000203FFDFE5E4F4EE0FFBEC0604FE02010B
:10B6B0000404FFEFFFF405090AFE01E0E5FE0E0BAE
:10B6C000FF22F709050FFF07FD1A05190304FF0FF5
:10B6D000ED0A07FAECFB04091026E708050EF80648
:10B6E00002ED0F0916FD0117E3E5C8E8FEFA06F2C0
:10B6F000E8CFF8FE0B0EF502FBE908FE1CF3FC0A8E
:10B70000EBFAEFF9081206F4F9CF09FBF8F702EFAC
:10B71000F3FC01010309040FFBFE11F305E6F3F44A
:10B72000F4C50A050413F40EFEF9020105F5F20949
:10B73000F5E8F9ECEE11F7FE03EA0204FD02022B34
:10B74000FC1806360EF303FEE9E7EFCFF52212FFF1
:10B75000FDF3F5F70604FDEB0715000F0A020EFDD9
:10B76000F202FB021007E2E7E4ED04F4F7FC04CF79
:10B7700003FBFA140103FFDEEAF701F911EEFD0500
:10B780000F080AF7FC0A010404070A021F0F0AFB4C
:10B79000E7F2EB37F80630EE16FEF40AF70E0A0071
:10B7A0000321F715FF00FFFD010610DCE8FFF40898
:10B7B00002EF05F3FFFD06F9F711FBFDF9090200A1
:10B7C000ED12E6EEFE0CE818E8FE1212FE0801FE8D
:10B7D00003000DEAF3FDF41302F9F10AFD12D7E5B7
:10B7E000040F0909FF0B02EDFF07FFF3FA0802142B
:10B7F00001FF03F00814EFFD2C0EF50402020CF516
:10B8000001020BF6FF0DF4F4F9FBE3FC08FF39FC31
:10B81000150521F0FF09FD0EF5E8FD0EF8FD02FF0C
:10B820000702E7F9131817F40D0C13FF0F000E1E93
:10B83000FA020F160207FD04F8FDFE1E2015F4CCD7
:10B84000E8DDECFE070204FE021E04FCF11902060C
:10B85000ED020FE2E2F0DFFF0017F9060A0E080A18
:10B860001A010AF5FC16FA0EF603F2F0E6E1E2041C
:10B870002305FFF9FA13FED6FF0517FE0D0306FA9E
:10B88000E6F9EE05ECF1D3F50AF613F6070306F731
:10B89000FB06030F15F8F6FCFD1109F5FA1AF2EE96
:10B8A000F9C40D03020DEB0F05F30FDA0F060706BF
:10B8B0000EFBF829053DE700EDA601FFF820030780
:10B8C00003EA1AF72EF70B14FDF9D2EE033DDDEC77
:10B8D000F0D3140FFB1C00FBFF260B1BFDFD010525
:10B8E000F9FFEAFF1C03E8DB1621F0FD0108090758
:10B8F000F81C0218FEF40EFFF2FE27BB11D8FD055E
:10B90000010C05FB0706FE09FE0F090E2A0A0AEFC5
:10B91000DDFD070D0401DFF6E508F20D080FFD0659
:10B92000FC0B1304290805D5F0F6F1E8031EEEFB25
:10B93000DE05E909F8070812FD070A12FEFE07FBFB
:10B94000E3F9E7F810100700F4FB02F7F9070FFA24
:10B95000F4F703EAFBFEFB00130C01C4E20515F447
:10B96000F2000103FC0F0B05000BF6EAFEFD06FFDB
:10B97000010C1FEAED07A70B1CE317FE080709EEF1
:10B98000F8CC14F6050004EA0A1107CFEFF9C7DF77
:10B99000F203090303FAFC0902DD0507F7F900F5D4
:10B9A000FFFD10F703D9FDE81A020103FAF3F1F5E0
:10B9B000F7FCFC06000713F5090201E70CDCF2F8BE
:10B9C000DEDA0BF9F90804F303CC06F410FC04FAF0
:10B9D000FEF6F7D1FAF92CF50EF9F9FD060402028C
:10B9E000F4F0051807F207EC07FEFCE70FEF100371
:10B9F00000DE06F000FDFF0A0600F51514FFF5DC79
:10BA0000F9F506E914061F01FBD1FDF6F901F7E58A
:10BA10000121FD08010600FF02EE01B4F4FA252A17
:10BA2000F03603FA0A03F6F80CECFC1BEF0E0300E9
:10BA3000F4F0EBECFBCF26E5E63F0B0B03000B210C
:10BA400009F50814EB11000101011B09F4F3FC17BF
:10BA5000054DEBFDFF07000FFE11EEFC10FCF30F90
:10BA600010FCD8F81A2107FEFCC403F6FDFEEFE037
:10BA700008DBFCF4F704F302ECEDCB0DD01406EC7C
:10BA8000FFF6FB0106F8F8D901CE091CEB0303FB16
:10BA900008F3E139040042F50AEF06F7FFFBF5145D
:10BAA000FCDFF5FF11FC0901E20A0F2A021BFBED86
:10BAB0000ADC13FAF511090FFFC5FD0012EA080BA5
:10BAC000FAFF0BFBE7161004E7EEFEFBF806F9FDA4
:10BAD000F8E1FBFF040A07F9FDFDF74A0107E90D4C
:10BAE000521DEDFDFAF9F4E502CC070501FAF72D38
:10BAF000FCFADC37FB1825E6491A0DFD040102D3D8
:10BB0000FAFFFF10F602080BFC070E2508FF1501CF
:10BB1000070219F2FFF502EBFF05120EFFFA07FE0E
:10BB2000FAFF08240EFE002DE0120DF7FFFE03ECD5
:10BB3000FF19F201F30103EAFCEC0CFF0AF8F4012F
:10BB4000040DFB120304F9E80B22010BF304FD0DB5
:10BB50000C01F208F61AE506DE180B0FFE190910A3
:10BB6000F2FCFC09F80BF2FEF1F8FCF1F105F60825
:10BB70000AF314170212F6E5FDF110EBE70605DCF7
:10BB8000F80F04F9020DF8FB12FB02FF0004FBF4AE
:10BB900001FD0A0706FBFAEA11142BCD0508F5F999
:10BBA000F41E0B110017F700FAF812E008FBF81367
:10BBB0002201F0100166E0EADE0E07FBF50AF92B20
:10BBC00002E120D83DEB0E15EF0EF502032FE8E65B
:10BBD000F6ED0CF2040DF3D5FB30080228FEFDF75C
:10BBE000FD0EF7181B1215FF150A10F2FD0602F2E2
:10BBF000FE2FFF1D0C1C0317F61C07D4F9F8F1FAF1
:10BC000015110FE501070409F20913E11FFC060EE7
:10BC1000FBF90F15FE18E302EBF6E603061400F736
:10BC2000F616080A181B10F5F6120AF6EEFABDF71A
:10BC3000E919DF09FE070B00FA2310FE1CFA11E9CF
:10BC40001505E2060A1F0FF6E5020509FE0C03FDC5
:10BC50000601FB14F300F515FE01E2CAFC040FD047
:10BC6000241916F809F8F8140A1102E8E81AFE0374
:10BC7000FE0420B4FD18AD0433E308030313F512EA
:10BC800000F005E70B0B09E50FF9DAAAE8E6D4F6B0
:10BC900007F40CFB080D04FDFBC40746FB05091166
:10BCA000EB0D0CE824C7FABA01E103FD0404F9F234
:10BCB00010FC01E8070D0305FD090AF011F1D4F8A5
:10BCC000061EF5F4F80207F603210B0CF406050234
:10BCD000F9FDF5EFEEFCFC160719FEF7030E0AFB63
:10BCE00002EF0F00040FF811E9F1E9DAF309EEFCB5
:10BCF0003D2B0AF8FC0602E409EC04F408F80A05F6
:10BD0000ECF1EFFFFF06D4EEF8D511F7F207FCE7F0
:10BD100002FFF6FD05F70D01FAF6181518F5C2F445
:10BD200001EBEC07FCF90104090411E710FC04081D
:10BD300007F7EFF7EA27F3031005E2F80007F5131A
:10BD4000FC0F0A0000FC0506DF0602F6D80702F722
:10BD50000400FE05F80AFEEFFC5802341BF703E866
:10BD6000FF00CCE51CFFE3F60D1A09FA04FDFAF812
:10BD7000091A0815040E0102EE110FDA14FB030470
:10BD80000B0F09FBF9F9F9E4050309151A0404E599
:10BD9000EFFD0312EB22F3F5F10604FD03FDFE16A1
:10BDA000FA1FFEFC050D00DEF80EEEDBE9090600C9
:10BDB000F5F1FF14F50FFD1007EEFC02090106DD99
:10BDC000F101DFEAFF3008FEEBF509FE05F707F9A0
:10BDD000FDD9FFF305F8F7000A0AE907EC0EC7E8FA
:10BDE0000F060BF60A02F8E203F20DEF0111FBFA5F
:10BDF00013FF0904070E1005320D0DF701FEFEE0DA
:10BE000002E211F5120E0CF503EFFAFEDD0018F058
:10BE1000FAF01CFCF90601FAFFE60C0816F908EE28
:10BE2000FC0CF9E806DBEBF3FBFA0607FD0AFFF76B
:10BE30000F1F01190206000AF8032AF025CED1FED1
:10BE400017D1F91BFA08FFFD031BFFF0FF02FDDC11
:10BE50000708FCDEF4DCEB0B0DE9F4F802F5FBD788
:10BE6000FF32F4E9F1FC03E1220421F901D0E623D9
:10BE700025C71207FDF003C2031403F3E3F0FBD55B
:10BE80001C1241FEF1CCF52CFC0F110902F9F6044D
:10BE9000FB43F1FCF20E06EBF903E816DBE50E04BA
:10BEA0000300FFFCF3EE0408FF17EBEAE50901F4D9
:10BEB00011100AEFFEE3DF014700F8F0F7E303E0BB
:10BEC0000323F309FC0E02F30E0502F21AFCF22022
:10BED00019530204FFFEFDD6070F030FEE0EF00903
:10BEE000F704F9F90213FF0F1F2216F7020EFDF5F2
:10BEF0000A0705FFF403FA210507E111E302EFE168
:10BF0000FCF5030BFFF60816F5ECFAE204F8FCEB7F
:10BF1000120504DE1327E2F1EA0EEF0C00F5F01033
:10BF200006F202F6020AE8050AE821F8F926FC0FF3
:10BF30000429EBFF01060CEE07FC10FA180FF816A7
:10BF400001020018F92DE4F6060B21FEFA07FC02A7
:10BF50000F05030219F6F30AE701F2171A01F7E3D6
:10BF6000DCF8080205FDF71908F005FC09F7FDF0FB
:10BF7000E4F314F6F60AF2FEECE7EC09FA0000FE30
:10BF8000FE1806040BF40A000A1707EFEA0001FE88
:10BF9000FFE500FB07FE0E0200F2021304F2FC08AC
:10BFA000FD07F6FEF10B0CEB1CF90F060A06FE0767
:10BFB000FFEDF70C03F8F401F7F704EB09FA090FAA
:10BFC000DF01F9060A04EFED04F20907031001FE90
:10BFD000FF09070B03E319FCBFFB1601050007135C
:10BFE00001F505FA040405FBF7F7EB0EF4FD140068
:10BFF000E505F603F9FE062009CA12FAFA010A0657
:10C0000009FDDEEFE81C12F800B21AF811FDFC156C
:10C01000F9E30CE911F5051D04F709F90901E1C778
:10C02000210F08FFFCFEF0F005E2FF1C02FDFD05FC
:10C030000EF2F41DFE2C27F8F712070FFA09FDFE89
:10C0400000D308EB1DFAF513F8F3F804F00FE8EF4E
:10C05000F4031AFA140303E80925082108091DFE50
:10C06000E106F70C18E6FB03240901FCFA0602E6D8
:10C07000FA390824FBFF1309F909FBFA0AE9EDE58F
:10C08000162C12FDFB1004E003030DF3FCF90A2348
:10C09000EAEF0524E9D4E50F4C32EB01FDFA04FB8D
:10C0A000052217191611070EF410D5FFF6FEE30E40
:10C0B0000800E9EEF60AFA0FF91609FE060FFAFC77
:10C0C000FD10E30A0A07F2F4FEFC070D0509FBEC7C
:10C0D000FEF9FD09F814F508E6FBE6B4F4062BE6D4
:10C0E000FC0DFF01FB0403FD0216ECE90005F10A5B
:10C0F0000E0715E5FC1EF1E916F009FD0616031EF4
:10C10000F5E220060C00FFFA0708E6DCFAF71CEC63
:10C1100017F90502F8040AFB09F4F5250F0708FFD3
:10C12000EBF2F4D626F901C8FCF20A01FB08F9F596
:10C130000BE40AFD07FFFDFCF6021515F00FFDF1FB
:10C14000F9D20803FC040A0EFFE509F7F8F8FB032F
:10C150000F01FDDAFFF512FEF9D207FE02F704F037
:10C16000F9FFF4DAF9F300DD1A03270115D7ED0B17
:10C17000FCAA0602FBE608E9F520F9FCC50502E089
:10C18000261B2D07FDCAF6190813E6FD08F802FD67
:10C19000F92704F7F111FEEE13040F0FE0E8FD1686
:10C1A000FAF30EFCFDEEF9140C05F2F9F80F0AF59E
:10C1B000FB1304FE08DAE4031A1DF1FAF4F500EFAC
:10C1C0000716F609ED0D02EC240900001FFFF51516
:10C1D00016FCF700FD04FCFB0112F707F00EF3F06C
:10C1E000FC00ECEEF61BF2FC101316FA000A0AF142
:10C1F000F5FEF9F4040AF109FB05E206EC1EE5E799
:10C20000F6E30D070308F1FD02E3FEF0F4FFF7ED9E
:10C210001406F81423081CEC16FFFDFBFA05030AAC
:10C2200003E305FF1EECF4F700F10C0D0C1A1F08D8
:10C23000091AFCFBFA0A00FEFBE7FF0F17F5F313E0
:10C24000F7F3E300FF0D04EAEEF8F401F50404FB54
:10C25000F505050D0DFA0325F1FBF80B0F07ECE9C9
:10C26000160B0506F80C001104F0FA1206F1060A86
:10C27000FA030AF407081806010AFC04000FF70580
:10C28000F510F9060B0A090C01021107F90E050752
:10C2900007F1F602F7FEFE12F91E031AEAED0C088A
:10C2A000F2FDE70CFAFF0705F9EEFE01F903F90EBE
:10C2B000FEFDFF0DEEF9F5F5F20609FAEF03F611B2
:10C2C000EFF90D0009FBFD04FBF506F3F700FE0195
:10C2D000040513FB0800E6FEF9D2091206F7FB2459
:10C2E000FBF50ADFEB04EF04100B1C0103FEE7FC77
:10C2F000D3B0130602F90604FAF9FEEBFB0604F1CB
:10C30000150D20121E0101F7F5F9E702FDFE04FFED
:10C31000FB210E02FC040201130D01050105F0F6DC
:10C320000FFF0D0104FFFB05F70DFFF9FC01FBF604
:10C3300018FBFF130D0CEEFBFA1D040B02F8020DA7
:10C34000FFFE04ED02F808E505F90A071B01E5FE0A
:10C35000F2F303FFFD0007FC001709F502F6F6EE05
:10C360000B1212F108F6EEFFF905FC000304FAFEC9
:10C37000FE0F0012FCFCFEF60612EDF802EFEFF6DF
:10C38000020308F7FFF90111FC1EFD07020303F782
:10C39000F90009090800F204060B050AF802040E68
:10C3A0000B161903090205020E080EF8FD0502FC22
:10C3B00000FFFD03FF0001F901080B03F8090DFD63
:10C3C0000B0E0FFDFEEDFDF8E505FA070908FC0769
:10C3D000FF05FF0A01F60200070DFCE0FA1206F95C
:10C3E00001000DFCFAFBFB0BFA0A01F0F20306F860
:10C3F0000D000BE407EEF303F4F0F8080CF9FB0072
:10C40000FEF20CDEFC0DFEFF0A0302F0FCE8F70F63
:10C41000F9F70502060B0000FDFE05EA05FD0BF528
:10C4200006FC0F0714ECF4FAFCF7FE03FEF8F71411
:10C43000040001F5FF0503F4090200F8FBFBFC1BF7
:10C44000E0C1FE0108000B0508E9F3DBF50601FA7F
:10C45000EDFDFB02F4FC09EBE2D213FB04F1061242
:10C46000F5F704F2D607FCF209113507FCD3EADC34
:10C47000C9E8E90DF0EFFD23F0DFFC09E51503EC59
:10C480000FF7111506F7FCF3EAC9E7FF10FB0606E4
:10C49000FED704F3F5FB02ED1B15FBF30806ECF5E4
:10C4A0001D19FFEF0601FCF9FFF7030802F9F2F985
:10C4B00007F5EF351111140D130923FDFFF509ECF4
:10C4C000FAE6FEF1FDF6F5FB0E020921340FF0E766
:10C4D000FCF216FAFD03F3E602E618F103ED07E7B6
:10C4E000F000041615DEFFE5FCE4F9FFFBFEFEF8A4
:10C4F000F806FE0300FEF4111BFD09FC200718F8E6
:10C500000A0F0509EE00FDFBF91D030709050E22C0
:10C51000F100F018FBC60100152108FFFFFFFAEA41
:10C52000F60105F32DF80026FEFFEB01FF2A1103AB
:10C530001C020A01FCF10204FF05F6EC080BFD07E2
:10C54000E8F4FA030A180EF9F400F3010E0EF600EF
:10C55000FBF800FC070009F003F713ECE7291305CB
:10C56000F5FAFCFEFD13F6FBF60B001501F5FC14C5
:10C570000405F2CD0AF911FDEFF4F20303000CFCFF
:10C5800007EA0104F6F805F2EAFE0DF301FB2211B9
:10C59000FFFD0E05050203F303E601F4F9000E06A4
:10C5A000F1EB01F10A19FFF5E0FEE900FA0501F8E7
:10C5B000FDF603ED0B03F20EF2030309EB2C000D65
:10C5C00011F5EDF2FDFF01EB0614F4070206FF0181
:10C5D000F4F9F2F8EBCC0D11192BE1F8090A00F18E
:10C5E0000008031508050706EDF3E3FECF03130E5D
:10C5F0004249FAF9EF2300F7FEDD070515070E1B88
:10C60000DFF6CDEFF41806FD1EDF290C0008061B2F
:10C6100009EDFCF300EAFE12EEF0E8FA0A11DEE39F
:10C620000200F8FF020EF30C09F6ECFCFBFAF4082A
:10C6300003E6FC05DE0C0FFCD9FAFE07020FFBFB3C
:10C64000FCE00D001104F826F4FBEB0FDA0AF9F810
:10C65000090710FF020F02090724100E071010131C
:10C66000F217FA1A0ADDCF1A22FBFE06FCF3FDF0E0
:10C670000D17FF2204FC27E8F4F711FD1EDEFAE98E
:10C68000040E00050CFCFCEC01F707F8FFFF08099D
:10C69000F6F9030BF706EC08350DFAF2F20302F691
:10C6A000F90A0117F60B0304F201FCFAF7EA041683
:10C6B000010006FDF005FD02FA190308F30005FB71
:10C6C000F400DDF809E5E9F61BF20107FC01EFDEF5
:10C6D000FD0F01F8E6020707F0FB01B9FFE70B10B9
:10C6E000FD0501F605FB04EF031009FDF6FEFC0A4B
:10C6F000FE0D14EFFD02FEFCEF090106FE0E031114
:10C70000FA07FD140E0AFE0DEBFE07E1EB0807F336
:10C710000F10DF0D01FBFE1BF3F2FD0701F907FA15
:10C720001405F5EDFA09EDF1EBF8FA0500F9081931
:10C7300002D702ED0714FB0116090A0AF811E705F2
:10C740001B02F8F703FEFEF00904FDF7EAFFFEF511
:10C7500002FE060F00E8DB0A0801F8F0FFF7FDE132
:10C76000F31BFBFCEF03F9EF02011A0C03EE0418B4
:10C7700000F5F7FDFBF303FEF80406F0F6F4FB0BFF
:10C780000111FBFEF0FCFA10F6F60CFD03F8FC1AA2
:10C7900005FB00E4050607ED0204E9160B08F806A0
:10C7A000F5F8F00002050AE80222FCEFE9FFFDFCC3
:10C7B000030008F6FBDACC131C06EEFEFCE9FCD9FC
:10C7C000FF160005F7FE01FD120903F2F2CEF31485
:10C7D0000D11FBFBFD000301FEE003FD0809F7E579
:10C7E000FB0614E1E103170AFD080F0EFF00FD1C14
:10C7F00005E3FEEE040300F20F0E080BF513DFE075
:10C80000F4EA0AFEFBFA0CFEF9FFF5E8F1F2F6F0A5
:10C81000211C1AD21AFBB1F419F5F7F802F9FB1A28
:10C8200002E4FEF5F809E3EF05FAEFEE11F1F40783
:10C83000040504000D0203D904040901F700FAF607
:10C84000FBFD0802F2F20AE70C0304FCFD07FA0202
:10C8500004250E0F03FC08F1000D0BFC05DAD2F1E4
:10C86000F1F009040808020FFDEA0310F9FF06EAD7
:10C87000090D00EB181724EFE401F402FEF8FC1692
:10C8800008E9040EF8F6F2F9FDF7F8F9041810E8D3
:10C8900008F70004FF06F4EFF81600F8EBF8F610BE
:10C8A000010C0902EDEBF0F106000FF9FD07FFEABC
:10C8B000F51BFC0FF202FEEBF9EBFBEF19E80D02A2
:10C8C000FD00F5FDF50BF206FEF0F1FF020802FC9B
:10C8D000FAFFEC01FAE935010C14E9F202F601065F
:10C8E0000CF00413FEE90F01F301F3060AFE0DF349
:10C8F0001B1D0C10F6F6081703DB05F40CFC14FEE8
:10C90000FBFC1E072011E8F0FBDC000106FD010E18
:10C9100004FD0BD7F7FF01FB010D141014E6B9EA73
:10C920000430F4F605F906FD07F7F2100CFCF8FCEC
:10C93000EAF0F20AF2E0220917F705FA00F9EEFD33
:10C940000F07FC08FAFCFA17FCFFEBFAEF0BFD08E7
:10C95000FB1F010802F4090301FCFE09EF130FF9A4
:10C96000050317F80D0407122F07FBFD04F0F6FD71
:10C9700010FFFE09FAFCFFE20805FFFB16FDE3FBD2
:10C98000FEF80001FFF801F904FD0C16EC02F313A8
:10C9900001F40107F6FAEE0B0BF50D06F70C04FF98
:10C9A0000808061601FBFE06FFF7E4ED030F181159
:10C9B00004EB11F9FFFDF811FD07FA0DFEF5040077
:10C9C000E7FFFC00E907F5FE1012FCFE080106F681
:10C9D000030CFDFB03F9F1F50CFFFAF21307090C48
:10C9E000E004FB000800F7ECFA00070202F5F30B85
:10C9F000E703181EF8F23301F01C08FDF90606ECF7
:10CA00000F12FCF902060907F4FC0C34000CFC1AA6
:10CA1000F10AF600FD0607FFF12EF6E712050AFB04
:10CA2000E4EEFFF5E0EDD812F5FBF7FCF80AF103B0
:10CA3000030404EAFE0106110A0901EEF00B1D05CC
:10CA400001F903FDFDFEF7060508FDF9F8070A05E3
:10CA5000FDFB00E8FC01F309E608EEFBFD00FC022B
:10CA600011FBFDF606FC0AF206080FF4FCF0EE03DB
:10CA70000704FA06050207F1FC01F9F102F9FAFAD6
:10CA8000FBF6F500FEEDFB020AF20707FAFAFF02D9
:10CA90000403F7FE010803FBFA01EFFBF30B0500AB
:10CAA00011E909F707FAFCFDF7F2F80202F7FC01B9
:10CAB00001030701FCFDFEF5F6FD05FBFBFBFB0694
:10CAC000060302FE0A030603F1FFFF05FF0CFA004E
:10CAD0000104F70505030805FCF507FB040B01003D
:10CAE00004070CFF08FBF8FD010BFC08FE02FCF537
:10CAF00007F90702FF0A071001FD100CFBFFF808F9
:10CB000001010400FC0303F7FDFD06F90102021018
:10CB1000FCFA0605FAF4FFF8E7FD0CF50608030039
:10CB200000FCF1F4EEFF02FAFA010509FDF7F9FD48
:10CB30000D0000FEF7F604000DFF040704020CFDD3
:10CB40001108FDFE0902F8FC16070406070DFAF7A6
:10CB5000F8FD0403F8070501FFF50501FB02041CBD
:10CB6000020902FD000702FBFA03040006F9FEF7C2
:10CB7000010DF8120001050901FFFD03FE0600F991
:10CB8000FC08FCFAFF09FD0B0709F9F60002F001A9
:10CB9000F9080CFEFC04F10403F800FD0005FD0596
:10CBA000FB02FFFF051300F8E104FAFAF6FC04FFAC
:10CBB00003FE000902FDF7F20805FBFE0D0301F874
:10CBC000FB19F606020908FBFF1BFB0808FC030221
:10CBD000F805FEF8FFF7080BF8F6E7F5FC09F9F998
:10CBE000020902181DF60919F3F3F712F403FC12F7
:10CBF000FA3BFA0102100809FEE70D1104FF0412C6
:10CC0000EF00E709F62C07F303F91206F603010912
:10CC100005EAEFEB03060907FA03FC0BFA0AF8E34F
:10CC200017C3FE01050803050BF9F70B0BFB050CF9
:10CC300007F4FD01EA0C14FEFBC1FCFF07F2F6F954
:10CC400004E90AEF10F9FD1EFD07FC04E0F1E80815
:10CC5000F3DB15FC04FC1004FE0BF909FC07161AA3
:10CC6000FE04F6F90EFAE409F343FB0B0D0806ED9A
:10CC70000102F31CF6FB13F5FF06030E0AE802EAB5
:10CC8000091AF6F8FF0306E911F201FEFA00FF0B9C
:10CC9000FCF10421F7F30E0A2914FDFB050207F647
:10CCA000001AFB16FFFC04FFF4F3FA0DF3E2E600B2
:10CCB0000C0A00FEF70101060313FC08FE01F2FE58
:10CCC000F803DFFD06F4F5FC12F6ECF70B0702EEB5
:10CCD0000506F8EFF60BF50C02F502D103F813F296
:10CCE000EC0902F705FFFEF5FA200202FE01011130
:10CCF000EAFF01E8FADFFC00F0FA02F901020302A0
:10CD000006F6F8FE0F02F20E00FB02EBED00020247
:10CD1000F4FEF5FC05FCFC12F5EE00F1FEF9FAFA62
:10CD200014FD00EDFE0CF8F8E7F4F803FB0500FE37
:10CD3000F8EB04DA04FC08090EE70501F511EFED44
:10CD4000C6C8FF040FF2F8F900ED04E5EB0805F39F
:10CD500001FF15F301F3FE01F7E2FA0A00F3F819F7
:10CD600005FDFEFCEBF307DC250C0FE706D40006FF
:10CD7000F5CFFCFEFFF8FCFE0316F8F4E2020EDE2F
:10CD80000F0E24FE08E5EA170B20F10201FCFAF66B
:10CD9000FDF6ED03F1FF05E10A0D010304EFF307D2
:10CDA00004EE11F901FDFCE905ED0DFBF4FBFDFAC4
:10CDB0000BFFFE0A0AEEFFFFFE010FF2F7F9F8057E
:10CDC000F9FAE8E9EF01FEF2FAEC140C07DEE611DD
:10CDD000F73FFFFB02FD08DDFE000BFFEC03F5EF64
:10CDE0001201011401E0EAFE163709F90802FEEC0F
:10CDF000F8F8FDED0303F8F1FF02020DFF0FEF2439
:10CE0000F6150EFFF4FEFBF2FE04FC02E9FEF4044C
:10CE1000F8F808F801F3E0F90D0BF30BFBFA000F3B
:10CE2000FC13F8060507F11D0A091B02020C040693
:10CE30000AFEFEF8F90205FFFBEDFB0CFA0AF310FF
:10CE40000204FF01130C08000E090607FB03FE0194
:10CE500000F4FCFB0B0AF80DF6E8F81805030C03C8
:10CE6000FEFF06F70B0901F6FF1A090C02FBF3FDA2
:10CE7000FE04FCF00306190CF2FAFA08F902101786
:10CE80000101FE0CF3FE0500FCF010FEF004290089
:10CE9000EDF9F601080904140C00FB020302FEFB85
:10CEA0000FFFEA0BF314211DDC1502F605FEF70255
:10CEB000F9EB04000C0B040CF909FB07E71727F04A
:10CEC0001AFA0E0D0EF40102F400FEF20BFE04DD60
:10CED000FCFD04E9FDF7E301210E07FEF400100854
:10CEE000EFFD0512200C09F40101FEFD01F608F327
:10CEF000CC1702FAF9020CEE01F7F603FF09F0E392
:10CF00001C11EE01090A29F3052BF3E508FA02EFDB
:10CF1000FC15EE1B000AFDF1EBF2E3AFC70F551352
:10CF2000F8010CF100F8FE10F4010B120601FCF5FB
:10CF300005F4FBFD0218100ADD11FDF8FE04FD03E7
:10CF400002D9FE0CF40801EEF306270714030CF2D5
:10CF5000FDE6E4FF03F91008FBBFF6FB06EE011146
:10CF60001608F0110F0EF4F4E1ACEB01F3FEFAF940
:10CF7000FDD2F7ECF9FBF01CFCFBF510E3042C1BD5
:10CF800010F601FCFE0B12FA0BF9FE1CFC10030755
:10CF9000F700E00606023FF7FEF214FB0306060F59
:10CFA000FCE90814D6FE0AEAEB101B2508010CF276
:10CFB000D6E113FDFEF3FA0705DBF7F0FC010100F3
:10CFC0002519121014F00509E7E1F3F9F3F1030A4A
:10CFD000FEC8FEDDF9040AE5060DF425FFF9EA2294
:10CFE0002BF5F603F20B04E103EEFD1809F7FC3014
:10CFF000FFF1E41DE9FD35F11FF9030101FEFAFA25
:10D00000FF11FCFEEF021602F40BFB08FFFD2910D6
:10D01000F3141E09F7EC03F7FBF0FE0CE106110A0E
:10D020000E06041D4518071B050FFCF810F5F40645
:10D0300001FCFB08FC02FDF1F9F427FEFE1EF4DF03
:10D0400000D20D05FC07010206E0FDF9F3F7FFE64B
:10D050000CF9ECFB0AFB0BF700E7F205FAFFFE0AFE
:10D06000FAF2000B06ED07000504FFF6FD0A0FFDBE
:10D070004546FB0507F8FC0701170412050405EAFD
:10D0800000010E0F0B1D0C0A0D060B06040602ED27
:10D090000310FBFCF905FEF4060CF30F15000EFD62
:10D0A000FF1C00FEFCF9FCE108F9FB060C02020F74
:10D0B000EF08F7FAFEFD15FAF10E0DFEF700000776
:10D0C0000901F6FBF80B0FF4FFFB1702F40015F94A
:10D0D0000240FB040BF60215F609F5D0EC05080436
:10D0E000151600F702F305060221FE0C0BFE02FFE7
:10D0F000F9DFF7DD03FB0AEEF7F309070C02F7325D
:10D10000FA02F7F8F5FE03ED0AF9F90CF705FD064A
:10D1100008FE03D6FF031913FB07F1F2FDFB0524FC
:10D120000B17FEFFF6F1F5FDFBF410F903F8000F05
:10D1300004E3EB0703FAF9EDFDFDF418F20104F442
:10D14000F60C12F601F402FBEB0BFDFAFB06F801FC
:10D1500000010712F0FC050002F50CF40BFDFA20AB
:10D16000C0ED05FC00F1FCCB030807E8E9F3F90585
:10D17000EFF7111CEFB7FD0BC6FB08FB01E807F446
:10D180000510FED0ECF9001002094BDDD4E1B60E1B
:10D19000D3EECF1103F4F50CF50405D5F4F2F9EB59
:10D1A0000C1C05F6B4E6FA25F3F2D4FD07FAF8F5FF
:10D1B00001EAF4E1F9EFECFC070AF3EFC4F51335EB
:10D1C00003D0FB0EF4F30904F6E9F2EBE9FB0BF9EB
:10D1D000F5FC14F8EDD8F003F3C71C0A04FC0AFDB3
:10D1E000F60503EDE91315E6F9141E0BF7D3BDFAA6
:10D1F000F513F902FF03FBF604F90513030BFCDE3C
:10D2000001010314E7EDE9F1FBE8FB0306FFFFFB77
:10D21000F9FD01FC0908EFE2030EFAFAE8F902024F
:10D22000E332040310F402F3070EF8E3F90CFD06F1
:10D23000F308FE08F9EFD80AC5DF0BFAEE08FB1A6F
:10D24000FFFAFAD0F612F9EE0EFEFDEE2235DAF113
:10D25000F2E10BF8030900F6FB00F901EBF302E938
:10D2600005FDFE012FD6DBF0FBEBE3020AF4F6EC42
:10D27000EF05F8EFF6EC08FB090712D025FFF2F9ED
:10D2800007E5F6F60A0AFB20FD030B0311FAFDF091
:10D29000EEEEECE20536F9DBD4F8F6F8FE06030410
:10D2A000FAF002152FFDFE080DFBE8DD2B3B2AE509
:10D2B000DB0D010408FC010EFDFD080AE903050C65
:10D2C000F0F902F9FF0DF0E91C28FBF805F3F70B64
:10D2D000FEEAFE0B0606FDEE07F90AE6041F3532EC
:10D2E00017EFEF07F20AFCF1F11400F4FDFE22EE55
:10D2F00006F6F90EEDCA30F2EA070200F4050DDB7E
:10D30000FAFE02EA01E81D09110B0810F6E0160802
:10D31000DEEBF10504FA0DF7F9DA00D8020A13FD85
:10D32000F9020001C7E5F71EF7FAF3F90206FE0459
:10D33000FDF0F5FA00030010140DEEF7CE0E2F17D6
:10D34000CAD0100109FC0606F301FFE5010702043B
:10D3500009FE09F7FD08DFFFEADBFC08FF16F816F7
:10D3600000EE1AD2F8FEFDF9FC051DE2F4DBD2FF57
:10D37000CCF10A090BFF05FC00F106E70002EC0303
:10D3800010FD08F2FEF8FC0419F409010E10F8EB88
:10D39000F9FB06020CEEFD010E0109F62102D6E5AD
:10D3A0001CE50800F903F9FD02E6F6F307F9020FA0
:10D3B0001BFB032D021FE0E5F424F6110F08F80E05
:10D3C000080700F61FF20B22FAFB030DF105DCE55E
:10D3D000EAF70309F71B01080221FAFA0CFB050A18
:10D3E000FD13F50610F1EDF2142AF6F70C0804F51A
:10D3F000FC31F62003030306F7EFDDE7F2E706064C
:10D400000D24121404F9F3E00A4D0B0501F8FDEBAD
:10D41000F0001105F2ECC9032527F4FF1109FAF514
:10D42000032C0DFAF20B03EEEC0AF9FA00EAEEFB1C
:10D43000F705F507FB080316F9FC0DFD0205FBE6F1
:10D440000018ECEC0CF62A0702F2F90102F5F6F8E6
:10D45000FFF6FCFBFC00F004FC00F3DDE907F8F745
:10D4600001EF060D01080005F90BF6EAF3090600C5
:10D470002C0833C5F404D60A3FEE070C02080AEB69
:10D48000F5EB18F904FEDDEC21F8F4C8D9D80FF952
:10D4900028ED18FAFC05FB0FFDDA060E0FF301E686
:10D4A0000301000713EFFBE124000704F3FF040B63
:10D4B0000311FBF8F5F507FE0A0B19071CE8E9163E
:10D4C000FB270005FB0BFE01F9EC08F50205FCEB60
:10D4D000FD0108F9FBEBD903FBB80F0C04F9FDFCC7
:10D4E000F5F601E2FC03FBEA180F33F20DDBD2F98B
:10D4F000FEC2FFFE02FB0F05072604EFF40507EE50
:10D500000B1D493102D8EB08EF15E4000B0302F3C1
:10D51000011603FD08FEFB010C0BFDFFE6E6F60914
:10D5200009E610F6FCF4F5020209FFF0F80210EC2F
:10D53000FF00F10B05E2E516F81B1305FDF5F407F6
:10D54000010EFFEDE602F3E611F515FE2508EC03EA
:10D5500001EAFFFFFBF804F3061704E9EEF9F1E432
:10D560001A051CF90CE7E5010B01FBF4FA0209F5B9
:10D57000FE0A0DF2F6F0F10004FEF3F3E309E20C0B
:10D5800006FE1303F90A0A0100F6E914FA0600F987
:10D59000FBF903E116020B0400EDEFF7FBFF0A3283
:10D5A0000B03F10D0BFB01ED04FA01070515241720
:10D5B000F1F8FEF1FDF1FEFE020EEA03EEFCFE02C2
:10D5C000FC0106F20AF1F5FDEEF4F8EFFE000502AB
:10D5D000F5FE000AF104FCF5000302F9EEFF1D1A46
:10D5E000F00803FDFDFCFFF0FC07FFFFFCFE05F467
:10D5F000FB03F6FAF9D2F709FFFD01FE07F004027A
:10D600000D0001E3EA051402FE013A00EAF0EF1111
:10D61000EC06F30408FBFE0D16F1FDE5F5F908F53F
:10D62000220EF5F6DA030D3304F70709F2F70305C6
:10D63000FCECFBF1F405F4F00EF00AF7EBF9FF1C3B
:10D6400010F8FC07F9020002070402FDF80602FCCC
:10D65000FF02FC01F3FA030AF404030106000106C9
:10D66000FF00FAFFFC07FE07F904FDFF05FE00FEC0
:10D67000FE04050000F307FAFF0009FDFFF5FA03B9
:10D68000FE0806FBF7FDFD0800F108FDFEFCFB06A9
:10D69000F5FE0702FDFAFDFBF90506F901FE00FCA7
:10D6A000FF05FBF50104FEFFFC0200010706F3FD88
:10D6B000F902FC01FC0202FA05F6FF060A05FBFE70
:10D6C000F6FD0605FD00FC000103FE01FE03FE035E
:10D6D000FCF6FFFDFD07FBFCFBF601000201FCFC74
:10D6E00006FCFBF9FA01FD040DFCFD01FDFFFC0346
:10D6F000FAFA00FAF9F7F7FF0B01F2FC000200FE5C
:10D70000FBF702FCFDF900020501FE0006F903FB30
:10D710000C05FE0501FFFBFB0701F80B01FDFBF902
:10D72000FD020604020301FCF903FFF7FFFDFAFF07
:10D73000F9FF04F8FDFD00FE030105FF03FEFBFEFB
:10D74000FEFFF5F6FBF9FBFEF5040A02F501FE010A
:10D7500000FDFBFCFD0404F802FB01FDFB0207F7E2
:10D7600001F801080802FDFE01FF0202FA04F900B7
:10D77000FF00FBF501010101FF050002FBFA09FCB6
:10D78000050209FA0402FA05F20107FAFE0300068F
:10D79000F4FFFDFAFAFD060703040004F701FC009C
:10D7A00000FD000AFC00030500FDFE000100FE0470
:10D7B00001F7FD00FFFBFFFEFB030A060BFA00FD6D
:10D7C00010190DFAFEFBFFF00A06000002FF02FF2F
:10D7D00002FAF1FE0AF2EE0AEE21F809011905DF5C
:10D7E000F104FA130504FE08F6F8E60CDE0720FF44
:10D7F0003A450BFFF90F06FBFDFE000D06F7070E7D
:10D80000F3E5DB12F91402F204E326FE0305F7F553
:10D81000FCE00107F5FB0300EFEDDE1A0EFE0FFD45
:10D82000E4E8EF010402020001F70002FEEFF9064E
:10D83000FF000DE60A08EE07F517E10C0102FEEE07
:10D84000FC02040C120E03110AFB00F5DE0CFBEACD
:10D85000012AF9FC0E040121F60805121D14122EEE
:10D86000F4FB05F50406080CFC241305F8FDFEFD89
:10D870000ADE0DE516F906FBFF001F26FAFC11096A
:10D88000EAE1F0030410ED180305050A0EFA00F1B1
:10D8900017F7EDE4F70A0D1004EEFB04FFEFFAFDB5
:10D8A000FDEFFCF7F4F7ECF6F400FBF71AEEFDFAE7
:10D8B00006F81504FF050801FD03ED02FEF801025C
:10D8C00007FA11FD05EC0A09090EF013FDF3FD0D31
:10D8D000080906EBF6F306ED08FB1BFE21FAEC2F18
:10D8E000E5F3010900F702ED010A07FA0EFB0DFC52
:10D8F000E4F6EF17EBD028F9C81202FBF3F0FFE0D3
:10D90000FD0705F8F7000503EAFD13E3DEECFBF97C
:10D91000E400E408FAEDF609040DF5E0ECF9EAFD9F
:10D92000FE0C15E8B7DAD012C9E4E500F6010A18D2
:10D93000F6ECF8E400F9EA000AF8F0F0BCF5DD21B5
:10D94000F8050405FB01FDF0010D00FD0A04F70ACE
:10D95000F8FBF008FEF105FE240B07FDFF050AEDBC
:10D9600004FF02160EF1F9070CF0F70EFD0C1CF285
:10D970002330F503FD0000F10003FE0F13FE03F654
:10D9800006FCFC07021909010DF20813FB0907FA4E
:10D99000FFF5FB0207F6FFF3F903F611FAFB05F8B2
:10D9A000FE0001031007F8F200FEFD020BFEF60672
:10D9B000FE07EDF100020AF9E608FC04FC0507F990
:10D9C00002EDFDFD1401070A0302FFFCFA0DF9F850
:10D9D0000A05060C0E00EE03FB0303F6F9000B002C
:10D9E000FFF9060F00F4030BF01000F9F5F504F948
:10D9F000080C0AEF09FF05F1F5F8FD2804F4E4E846
:10DA000007F8EFFFF703F50A03EDFE0404000C0B23
:10DA10000AEAF2F003060D06EEEC0001FDF00AFD45
:10DA2000FEE7000E0A01E3F2F9F804181AF4050102
:10DA3000F403210108F303FDFCFFF51607FC09F8C8
:10DA400003F90C1A04D7F0FF0E1AE804F8EFFD01F1
:10DA5000FB1CFCF800F3F70209FD10F216F1FF10B1
:10DA6000BF01F903FAF8FCF004FB040513FFF915F4
:10DA7000EEF703F5F0D206FEB609FCFD0AFC06E659
:10DA80000519F5ECF1FE060FE6081CD5D4D7E60F14
:10DA9000E6FCE00A00EDFD0E0106F3D401FFF0FB09
:10DAA000F7021CEBBAEBB5F9F3F4E4FDFDF7FE0069
:10DAB00004F0FAF2FAFDF3F20C04F6EFD20BF41FC5
:10DAC0001909070C00000C00FFF4F7F405FAFFFD3C
:10DAD0000600F1060C15FEFF12FC02FF0301F60022
:10DAE000F8E7FCFDF50801FC0FFF15F90E0109111F
:10DAF0002D4CF803FAFD07FB0821F50FF3FC04F4A5
:10DB0000020312080205F9030DF80402FC0A020AD6
:10DB100004100408FA1305E20B09070A15F70C01B3
:10DB20000C1FEFFDF706F6F2FE0D01F60F0A0109D4
:10DB3000FB08FCFA17040F0105DD04F503F204F9F4
:10DB400004F0F4F9FA010AF7FE0511F90AFD1701CC
:10DB5000FC14FF0803FD070A000DFDE2FA030500AF
:10DB60000E030DF7EFE714192010E6F700F005FC9F
:10DB700006F2F7DE09F207FCF307EF06F1F7F515F9
:10DB8000F6F703F80CFAFDFE0201F72303FE03FC8F
:10DB90000207F9EE00161D08F50702F803000C0055
:10DBA000F912F31B0901FE04000203E80AF3170B44
:10DBB000D8FCFD07FCEC01FDFCFEFB11ECF4FC0DB8
:10DBC000080208F805E3EB05F601FBF60205F8F795
:10DBD000FF030106F2F7FFF40DFAFFE70DF410332F
:10DBE000BF010CF401FA06EEFB090DF0F6F2070F87
:10DBF000ED0118FFF9BB0705D7F80905FEE6060099
:10DC00001010FACDE1F4011D01FF3BE1C2C8BF2AAB
:10DC1000C5F3D30BFFF7FA040304F7CA0F06F1EEBE
:10DC20001C0E02F4BCDBDC0CD5F1F000EFF206FFB9
:10DC300001F4FEF1F902F0E32D10F3EBBAFB0E3420
:10DC400005060000000000000000000000000000C9
:10DC500002030000000000000000000000000000BF
:10DC6000FCFA0000000000000000000000000000BE
:10DC700002F00000000000000000000000000000B2
:10DC800001DF0000000000000000000000000000B4
:10DC9000FD12000000000000000000000000000075
:10DCA000FF1700000000000000000000000000005E
:10DCB000040F000000000000000000000000000051
:10DCC0000AF2000000000000000000000000000058
:10DCD000FEEF000000000000000000000000000057
:10DCE000060300000000000000000000000000002B
:10DCF000FA1E00000000000000000000000000000C
:10DD000002120000000000000000000000000000FF
:10DD100008080000000000000000000000000000F3
:10DD200007FF0000000000000000000000000000ED
:10DD3000FC100000000000000000000000000000D7
:10DD4000071F0000000000000000000000000000AD
:10DD5000043300000000000000000000000000008C
:10DD6000003700000000000000000000000000007C
:10DD7000FF2500000000000000000000000000007F
:10DD8000FAED0000000000000000000000000000AC
:10DD9000FD01000000000000000000000000000085
:10DDA000021A000000000000000000000000000057
:10DDB0000B1B00000000000000000000000000003D
:10DDC0000E0A00000000000000000000000000003B
:10DDD0000001E90000000000000000000000000059
:10DDE00000E7CD000000000000000000000000007F
:10DDF00000E8E0000000000000000000000000005B
:10DE000000E9D60000000000000000000000000053
:10DE1000000BE60000000000000000000000000011
:10DE200000FB1000000000000000000000000000E7
:10DE3000002B1400000000000000000000000000A3
:10DE400000290B000000000000000000000000009E
:10DE500000380F000000000000000000000000007B
:10DE600000FAFB00000000000000000000000000BD
:10DE7000001BFE0000000000000000000000000089
:10DE80000029150000000000000000000000000054
:10DE900000201E0000000000000000000000000044
:10DEA00000FE25000000000000000000000000004F
:10DEB00000D9FF000000000000000000000000008A
:10DEC000000F1A0000000000000000000000000029
:10DED00000F6FB0000000000000000000000000051
:10DEE0000006F2000000000000000000000000003A
:10DEF00000FCF50000000000000000000000000031
:10DF000000FEF9000000000000000000000000001A
:10DF100000D3CF000000000000000000000000005F
:10DF200000E6E40000000000000000000000000027
:10DF30000012FD00000000000000000000000000D2
:10DF400000FCFD00000000000000000000000000D8
:10DF500000EA0100000000000000000000000000D6
:10DF600000000503000000000000000000000000A9
:10DF70000000090800000000000000000000000090
:10DF8000000002F10000000000000000000000009E
:10DF90000000D801000000000000000000000000A8
:10DFA0000000EA1B0000000000000000000000006C
:10DFB00000000DFC00000000000000000000000058
:10DFC00000000E0A00000000000000000000000039
:10DFD0000000FDEB00000000000000000000000059
:10DFE0000000EA0B0000000000000000000000003C
:10DFF0000000E52500000000000000000000000017
:10E00000000007F600000000000000000000000013
:10E010000000F90600000000000000000000000001
:10E02000000006E600000000000000000000000004
:10E030000000ED11000000000000000000000000E2
:10E040000000E130000000000000000000000000BF
:10E0500000003FF900000000000000000000000088
:10E060000000240C00000000000000000000000080
:10E070000000160100000000000000000000000089
:10E080000000FAFF00000000000000000000000097
:10E090000000EF140000000000000000000000007D
:10E0A00000004B0200000000000000000000000023
:10E0B000000027EE0000000000000000000000004B
:10E0C00000000FF800000000000000000000000049
:10E0D000000006F800000000000000000000000042
:10E0E0000000F60600000000000000000000000034
:10E0F000000000E405000000000000000000000037
:10E1000000000000EC000000000000000000000023
:10E11000000000EBFE000000000000000000000016
:10E12000000000F5ED00000000000000000000000D
:10E13000000000FDF50000000000000000000000ED
:10E14000000000EDE70000000000000000000000FB
:10E150000000002219000000000000000000000084
:10E16000000000FBFB0000000000000000000000B9
:10E17000000000F1E80000000000000000000000C6
:10E18000000000FAE50000000000000000000000B0
:10E190000000000CF600000000000000000000007D
:10E1A0000000001204000000000000000000000059
:10E1B0000000000F08000000000000000000000048
:10E1C000000000FCEA000000000000000000000069
:10E1D000000000FF00000000000000000000000040
:10E1E0000000000D1600000000000000000000000C
:10E1F0000000000707000000000000000000000011
:10E20000000000120B0000000000000000000000F1
:10E21000000000F1F200000000000000000000001B
:10E2200000000008030000000000000000000000E3
:10E23000000000120F0000000000000000000000BD
:10E240000000000C060000000000000000000000BC
:10E25000000000271F000000000000000000000078
:10E26000000000F6FF0000000000000000000000B9
:10E27000000000EDED0000000000000000000000C4
:10E2800000000000F2F300000000000000000000A9
:10E2900000000000F3020000000000000000000089
:10E2A0000000000006010000000000000000000067
:10E2B000000000000BFA0000000000000000000059
:10E2C0000000000006020000000000000000000046
:10E2D00000000000F002000000000000000000004C
:10E2E00000000000EEF70000000000000000000049
:10E2F00000000000FAFC0000000000000000000028
:10E30000000000001EFA00000000000000000000F5
:10E3100000000000060400000000000000000000F3
:10E3200000000000F9FF00000000000000000000F5
:10E3300000000000EEEE0000000000000000000001
:10E3400000000000F00100000000000000000000DC
:10E3500000000000230B000000000000000000008F
:10E360000000000009FB00000000000000000000A9
:10E3700000000000EF0000000000000000000000AE
:10E38000000000000102000000000000000000008A
:10E390000000000004F30000000000000000000086
:10E3A00000000000F806000000000000000000006F
:10E3B0000000000008140000000000000000000041
:10E3C0000000000002FE000000000000000000004D
:10E3D000000000000EFA0000000000000000000035
:10E3E00000000000F5F9000000000000000000003F
:10E3F00000000000FD070000000000000000000019
:10E4000000000000FC0A0000000000000000000006
:10E410000000000000FE0B000000000000000000F3
:10E4200000000000001A03000000000000000000CF
:10E4300000000000002609000000000000000000AD
:10E4400000000000001F04000000000000000000A9
:10E4500000000000001DEF000000000000000000B0
:10E4600000000000000D020000000000000000009D
:10E470000000000000170400000000000000000081
:10E48000000000000030F20000000000000000006A
:10E4900000000000001CF30000000000000000006D
:10E4A000000000000022FE0000000000000000004C
:10E4B0000000000000040400000000000000000054
:10E4C000000000000025F80000000000000000002F
:10E4D000000000000032F300000000000000000017
:10E4E000000000000022FC0000000000000000000E
:10E4F000000000000025ED0000000000000000000A
:10E5000000000000002F01000000000000000000DB
:10E5100000000000001EFA000000000000000000E3
:10E5200000000000002403000000000000000000C4
:10E53000000000000029FC000000000000000000B6
:10E54000000000000009F3000000000000000000CF
:10E5500000000000001BFD000000000000000000A3
:10E560000000000000380200000000000000000071
:10E5700000000000002A0000000000000000000071
:10E58000000000000004F500000000000000000092
:10E590000000000000010500000000000000000075
:10E5A000000000000000FDF400000000000000007A
:10E5B000000000000000F7F500000000000000006F
:10E5C000000000000000F0F5000000000000000066
:10E5D000000000000000F4F2000000000000000055
:10E5E000000000000000FAF600000000000000003B
:10E5F000000000000000F4F1000000000000000036
:10E6000000000000000003EE000000000000000019
:10E61000000000000000FF060000000000000000F5
:10E62000000000000000FFFF0000000000000000EC
:10E6300000000000000001FD0000000000000000DC
:10E6400000000000000002F50000000000000000D3
:10E65000000000000000FE020000000000000000BA
:10E660000000000000000EF80000000000000000A4
:10E6700000000000000002F20000000000000000A6
:10E68000000000000000FBED0000000000000000A2
:10E69000000000000000FBF6000000000000000089
:10E6A0000000000000000CFF00000000000000005F
:10E6B0000000000000001108000000000000000041
:10E6C000000000000000FEFB000000000000000051
:10E6D000000000000000FE1000000000000000002C
:10E6E000000000000000F7E900000000000000004A
:10E6F000000000000000180E0000000000000000F4
:10E70000000000000000090A0000000000000000F6
:10E71000000000000000FB000000000000000000FE
:10E7200000000000000007F90000000000000000E9
:10E730000000000000000008FA00000000000000D7
:10E74000000000000000000E0900000000000000B2
:10E7500000000000000000F91B00000000000000A5
:10E7600000000000000000FE10000000000000009B
:10E7700000000000000000CAE700000000000000E8
:10E780000000000000000005F20000000000000092
:10E790000000000000000023FC000000000000005A
:10E7A000000000000000001F0F000000000000003B
:10E7B00000000000000000142C0000000000000019
:10E7C00000000000000000D30C000000000000006A
:10E7D00000000000000000DEED000000000000006E
:10E7E00000000000000000FCF50000000000000038
:10E7F000000000000000000F030000000000000007
:10E8000000000000000000F22400000000000000F2
:10E8100000000000000000D417000000000000000D
:10E8200000000000000000EAF2000000000000000C
:10E8300000000000000000D1D30000000000000034
:10E8400000000000000000FAF800000000000000D6
:10E8500000000000000000F62100000000000000A1
:10E8600000000000000000DD0500000000000000C6
:10E8700000000000000000F60000000000000000A2
:10E8800000000000000000C8E000000000000000E0
:10E890000000000000000000D500000000000000A3
:10E8A00000000000000000F608000000000000006A
:10E8B00000000000000000EA0C0000000000000062
:10E8C0000000000000000000FAF600000000000058
:10E8D0000000000000000000000500000000000033
:10E8E0000000000000000000FAFD00000000000031
:10E8F0000000000000000000080E00000000000002
:10E900000000000000000000F9000000000000000E
:10E9100000000000000000000101000000000000F5
:10E920000000000000000000FBE900000000000003
:10E930000000000000000000FFF6000000000000E2
:10E940000000000000000000000D000000000000BA
:10E9500000000000000000000308000000000000AC
:10E960000000000000000000F9F9000000000000B5
:10E970000000000000000000F8020000000000009D
:10E980000000000000000000F1FC0000000000009A
:10E99000000000000000000009140000000000005A
:10E9A0000000000000000000010500000000000061
:10E9B0000000000000000000FCFD0000000000005E
:10E9C0000000000000000000F8F600000000000059
:10E9D0000000000000000000F1F300000000000053
:10E9E000000000000000000006F60000000000002B
:10E9F0000000000000000000F8F700000000000028
:10EA00000000000000000000FF08000000000000FF
:10EA10000000000000000000F2F400000000000010
:10EA200000000000000000000D03000000000000D6
:10EA30000000000000000000F1FA000000000000EB
:10EA40000000000000000000F0FB000000000000DB
:10EA5000000000000000000000F4FE0000000000C4
:10EA6000000000000000000000F8080000000000A6
:10EA7000000000000000000000F40D000000000095
:10EA80000000000000000000001707000000000068
:10EA90000000000000000000000EFA00000000006E
:10EAA000000000000000000000F915000000000058
:10EAB000000000000000000000C103000000000092
:10EAC00000000000000000000009EF00000000004E
:10EAD0000000000000000000004FE2000000000005
:10EAE00000000000000000000047E30000000000FC
:10EAF000000000000000000000E80D000000000021
:10EB00000000000000000000000AE9000000000012
:10EB100000000000000000000039DB0000000000E1
:10EB20000000000000000000004AC80000000000D3
:10EB30000000000000000000001ADE0000000000DD
:10EB400000000000000000000002060000000000BD
:10EB500000000000000000000013E70000000000BB
:10EB600000000000000000000025EA000000000096
:10EB700000000000000000000003EE0000000000A4
:10EB8000000000000000000000BCF40000000000D5
:10EB900000000000000000000006EF000000000080
:10EBA00000000000000000000001ED000000000077
:10EBB000000000000000000000EF0B00000000005B
:10EBC000000000000000000000DC15000000000054
:10EBD000000000000000000000DC07000000000052
:10EBE00000000000000000000000F9040000000028
:10EBF00000000000000000000000F0030000000022
:10EC000000000000000000000000020300000000FF
:10EC100000000000000000000000121C00000000C6
:10EC2000000000000000000000002D19000000009E
:10EC300000000000000000000000FDF800000000DF
:10EC400000000000000000000000FF1200000000B3
:10EC5000000000000000000000000AF300000000B7
:10EC6000000000000000000000000216000000008C
:10EC7000000000000000000000001F1E0000000057
:10EC800000000000000000000000EFFB000000009A
:10EC900000000000000000000000F00E0000000076
:10ECA000000000000000000000000E0D0000000049
:10ECB00000000000000000000000231E0000000013
:10ECC000000000000000000000001A190000000011
:10ECD00000000000000000000000FBFE000000003B
:10ECE00000000000000000000000020B0000000017
:10ECF00000000000000000000000FD2200000000F5
:10ED000000000000000000000000FA0E00000000FB
:10ED100000000000000000000000FF0000000000F4
:10ED2000000000000000000000000C0E00000000C9
:10ED300000000000000000000000011200000000C0
:10ED400000000000000000000000F91500000000B5
:10ED500000000000000000000000F80100000000BA
:10ED600000000000000000000000FB0300000000A5
:10ED7000000000000000000000000009FA00000090
:10ED8000000000000000000000000000060000007D
:10ED90000000000000000000000000071600000056
:10EDA000000000000000000000000013F700000059
:10EDB00000000000000000000000000EE90000005C
:10EDC0000000000000000000000000F40D00000042
:10EDD0000000000000000000000000080200000029
:10EDE000000000000000000000000009E500000035
:10EDF0000000000000000000000000F6E400000039
:10EE00000000000000000000000000F8E700000023
:10EE1000000000000000000000000007E00000000B
:10EE2000000000000000000000000007DB00000000
:10EE300000000000000000000000000005000000CD
:10EE40000000000000000000000000F12F000000A2
:10EE50000000000000000000000000F72500000096
:10EE600000000000000000000000000A1200000086
:10EE70000000000000000000000000EA3A0000006E
:10EE80000000000000000000000000F4440000004A
:10EE90000000000000000000000000E62900000063
:10EEA0000000000000000000000000EBE90000008E
:10EEB0000000000000000000000000F30600000059
:10EEC0000000000000000000000000F8EA00000060
:10EED0000000000000000000000000FECC00000068
:10EEE0000000000000000000000000EFD100000062
:10EEF0000000000000000000000000E3DA00000055
:10EF000000000000000000000000000001ED000013
:10EF1000000000000000000000000000FB180000DE
:10EF2000000000000000000000000000EA000000F7
:10EF300000000000000000000000000001D50000FB
:10EF400000000000000000000000000018CF0000DA
:10EF5000000000000000000000000000FCE60000CF
:10EF600000000000000000000000000013FD000091
:10EF70000000000000000000000000000C3D000048
:10EF8000000000000000000000000000DE5400004F
:10EF9000000000000000000000000000DF3400005E
:10EFA000000000000000000000000000EF0700006B
:10EFB0000000000000000000000000001FEA000048
:10EFC00000000000000000000000000033C000004E
:10EFD00000000000000000000000000034F000000D
:10EFE0000000000000000000000000001F1D0000E5
:10EFF000000000000000000000000000E819000010
:10F00000000000000000000000000000D416000016
:10F01000000000000000000000000000DEFC000016
:10F0200000000000000000000000000002F70000E7
:10F0300000000000000000000000000005F80000D3
:10F0400000000000000000000000000015FF0000AC
:10F05000000000000000000000000000F3FB0000C2
:10F06000000000000000000000000000F8040000A4
:10F07000000000000000000000000000F2E10000BD
:10F08000000000000000000000000000F8EE00009A
:10F0900000000000000000000000000000FCFB0079
:10F0A0000000000000000000000000000003060057
:10F0B00000000000000000000000000000E6020068
:10F0C00000000000000000000000000000F5030048
:10F0D00000000000000000000000000000FFFD0034
:10F0E00000000000000000000000000000F1FA0035
:10F0F00000000000000000000000000000F1FA0025
:10F1000000000000000000000000000000E8000017
:10F1100000000000000000000000000000F8EE0009
:10F120000000000000000000000000000015F400D6
:10F1300000000000000000000000000000F2F700E6
:10F140000000000000000000000000000005ED00CD
:10F15000000000000000000000000000000DEF00B3
:10F16000000000000000000000000000000002009D
:10F17000000000000000000000000000000F04007C
:10F1800000000000000000000000000000F7EF0099
:10F1900000000000000000000000000000EEF90088
:10F1A0000000000000000000000000000001F1006D
:10F1B00000000000000000000000000000F6040055
:10F1C0000000000000000000000000000014120019
:10F1D0000000000000000000000000000041F000FE
:10F1E000000000000000000000000000001C1A00E9
:10F1F000000000000000000000000000001B0400F0
:10F20000000000000000000000000000001FFF00E0
:10F2100000000000000000000000000000091200D3
:10F22000000000000000000000000000000029F0C5
:10F23000000000000000000000000000000030138B
:10F240000000000000000000000000000000240F8B
:10F250000000000000000000000000000000260B7D
:10F2600000000000000000000000000000000B068D
:10F27000000000000000000000000000000028FD69
:10F2800000000000000000000000000000001F035C
:10F2900000000000000000000000000000000F1D42
:10F2A0000000000000000000000000000000001846
:10F2B0000000000000000000000000000000FD0C45
:10F2C0000000000000000000000000000000040436
:10F2D000000000000000000000000000000008FC2A
:10F2E0000000000000000000000000000000090C09
:10F2F00000000000000000000000000000000A15EF
:10F3000000000000000000000000000000000D18D8
:10F310000000000000000000000000000000F410E9
:10F320000000000000000000000000000000EDEC04
:10F330000000000000000000000000000000FDEBE5
:10F340000000000000000000000000000000F1F5D7
:10F350000000000000000000000000000000FAF5BE
:10F36000000000000000000000000000000000009D
:10F370000000000000000000000000000000F6F5A2
:10F380000000000000000000000000000000F4F594
:10F390000000000000000000000000000000F7EF87
:10F3A0000000000000000000000000000000F4EC7D
:10F3B000010B07E700000000000000000000000053
:10F3C000062D15DD00000000000000000000000018
:10F3D000053A0FEB000000000000000000000000F4
:10F3E0000A3221F3000000000000000000000000CD
:10F3F000031719EC000000000000000000000000EE
:10F40000FDFFFDE60000000000000000000000001D
:10F41000000F1EDD000000000000000000000000E2
:10F42000071233EA000000000000000000000000A6
:10F43000FE041AF3000000000000000000000000BD
:10F4400009FF23E6000000000000000000000000AB
:10F4500000FCEDF1000000000000000000000000D2
:10F46000FFFFE1F4000000000000000000000000C9
:10F4700002F5EFF7000000000000000000000000AF
:10F48000FF03150000000000000000000000000065
:10F4900006FC1BF50000000000000000000000005A
:10F4A000FEF719F700000000000000000000000057
:10F4B000F4ECEEFC00000000000000000000000082
:10F4C000F8EFEF070000000000000000000000005F
:10F4D000F5EBF01900000000000000000000000043
:10F4E000F6ED13170000000000000000000000000F
:10F4F00004FE0EFC00000000000000000000000000
:10F5000010FEF6EF00000000000000000000000008
:10F51000060601F4000000000000000000000000EA
:10F5200001F2E8FF00000000000000000000000001
:10F5300008ECE60F000000000000000000000000E2
:10F540000000E402F0E30000000000000000000002
:10F550000000E6F8EAE700000000000000000000FC
:10F560000000E71902E800000000000000000000B1
:10F570000000C8FF02E000000000000000000000E2
:10F580000000E203F3EB00000000000000000000B8
:10F590000000E916FFDC0000000000000000000091
:10F5A0000000F60F08EB0000000000000000000063
:10F5B0000000E91603E20000000000000000000067
:10F5C0000000BBFAE4E800000000000000000000BA
:10F5D0000000EB0DFCE50000000000000000000052
:10F5E0000000F92A18ED00000000000000000000F3
:10F5F0000000F31B18E10000000000000000000004
:10F600000000D2F9F5D90000000000000000000061
:10F610000000E602EAEA000000000000000000002E
:10F620000000060E0CFA00000000000000000000C0
:10F630000000EE281CE300000000000000000000B5
:10F640000000EF2116DC00000000000000000000B8
:10F650000000FAE8F7EF00000000000000000000E2
:10F6600000002A01EEFA0000000000000000000087
:10F67000000022F4F402000000000000000000007E
:10F680000000DF111CF60000000000000000000078
:10F690000000ED161904000000000000000000004A
:10F6A00000000AFC08030000000000000000000049
:10F6B00000001EF0F8FE0000000000000000000046
:10F6C000000019FBFEFA000000000000000000002E
:10F6D00000000000FBEC00F500000000000000004E
:10F6E00000000000FA2EF0E300000000000000001F
:10F6F00000000000DD1B05140000000000000000F9
:10F70000000000002BF21438000000000000000090
:10F710000000000001F5EC07000000000000000000
:10F720000000000001F11F35000000000000000093
:10F73000000000001FEDF0140000000000000000B9
:10F7400000000000F1E918C5000000000000000002
:10F75000000000001EDD1A03000000000000000091
:10F7600000000000F0E808020000000000000000B7
:10F77000000000001DEE5913000000000000000012
:10F780000000000029DA0D0C00000000000000005D
:10F7900000000000E8DF18D60000000000000000B4
:10F7A0000000000018D333F000000000000000004B
:10F7B00000000000F8D22FE400000000000000006C
:10F7C0000000000018F2320A0000000000000000F3
:10F7D000000000003CE520F50000000000000000F3
:10F7E00000000000F1DEEBF100000000000000006E
:10F7F0000000000003E72AE5000000000000000010
:10F800000000000005FDF8E400000000000000001A
:10F8100000000000F8F420FC0000000000000000E0
:10F82000000000001CE9FAF00000000000000000E9
:10F8300000000000EFF6F7000000000000000000EC
:10F840000000000001F522D80000000000000000C8
:10F8500000000000F4EA0BF40000000000000000CB
:10F86000000000000000FA0F06EA0000000000009F
:10F87000000000000000EBF7EBE9000000000000D2
:10F88000000000000000FAE4DEF1000000000000CB
:10F89000000000000000F8F9F9CE000000000000B0
:10F8A00000000000000007FB0FFF00000000000048
:10F8B000000000000000011732E30000000000001B
:10F8C000000000000000F4F310F800000000000049
:10F8D00000000000000018E0D1E00000000000007F
:10F8E0000000000000001B23CACF00000000000041
:10F8F00000000000000028F11403000000000000D8
:10F9000000000000000020082C2E00000000000075
:10F9100000000000000004D32327000000000000C6
:10F9200000000000000024F9F4C400000000000002
:10F9300000000000000031FAC7FC000000000000D9
:10F9400000000000000046EE251A00000000000044
:10F950000000000000001BF902230000000000006E
:10F96000000000000000FCFE0B2100000000000071
:10F9700000000000000014FDD2AA000000000000FA
:10F980000000000000002CF7D5200000000000005F
:10F990000000000000001FDC2C0700000000000039
:10F9A000000000000000081BF50B00000000000034
:10F9B000000000000000101A02D600000000000045
:10F9C00000000000000000F5E2DF00000000000081
:10F9D00000000000000020CFFF1600000000000023
:10F9E00000000000000004E2150800000000000014
:10F9F0000000000000000000E6CE12190000000028
:10FA00000000000000000000C8D10BF5000000005D
:10FA10000000000000000000CCE805F90000000034
:10FA20000000000000000000EA0801F300000000F0
:10FA300000000000000000001D1705FD0000000090
:10FA40000000000000000000F9CCFD1F00000000D5
:10FA50000000000000000000E9CF071A00000000CD
:10FA60000000000000000000D4C2261B00000000BF
:10FA70000000000000000000C6E1330800000000A4
:10FA80000000000000000000DE0637160000000045
:10FA9000000000000000000003FE0C140000000045
:10FAA000000000000000000008C109130000000071
:10FAB0000000000000000000FFA6FD0B0000000099
:10FAC0000000000000000000DFC50B2B000000005C
:10FAD0000000000000000000CBE914190000000045
:10FAE00000000000000000000B151D1F00000000BA
:10FAF00000000000000000001307111900000000C2
:10FB000000000000000000002526FF10000000009B
:10FB100000000000000000001926031C0000000087
:10FB2000000000000000000003EEFC1500000000D3
:10FB300000000000000000002A22ED130000000079
:10FB400000000000000000002643F2130000000047
:10FB500000000000000000002D32F802000000004C
:10FB600000000000000000001B21221C000000001B
:10FB7000000000000000000011EC180A0000000066
:10FB8000000000000000000000000C1DF521000036
:10FB9000000000000000000000001217F821000023
:10FBA00000000000000000000000001AF81F000024
:10FBB00000000000000000000000F212EE0F000044
:10FBC00000000000000000000000FF0AEF0200003B
:10FBD00000000000000000000000040FE900000029
:10FBE000000000000000000000001835FB200000AD
:10FBF000000000000000000000000E14E21D0000E4
:10FC000000000000000000000000021CE70B0000E4
:10FC1000000000000000000000000107F2EA000000
:10FC200000000000000000000000F50EE2EB000004
:10FC300000000000000000000000F812F40B0000BB
:10FC400000000000000000000000F012CD130000D2
:10FC500000000000000000000000EF1CE5010000B3
:10FC600000000000000000000000FA06E8ED0000BF
:10FC700000000000000000000000EE0E0410000074
:10FC800000000000000000000000F6F715EC000086
:10FC900000000000000000000000EEF8160A00005E
:10FCA00000000000000000000000E9FD07EE000079
:10FCB00000000000000000000000F1F5F2E100008B
:10FCC0000000000000000000000010F83CF0000000
:10FCD00000000000000000000000FEDA2FF100002C
:10FCE0000000000000000000000009F00C0400000B
:10FCF0000000000000000000000000FDFFFC00000C
:10FD000000000000000000000000FCFD1AFB0000E5
:10FD1000000000000000000000000000F1F2FFF30E
:10FD2000000000000000000000000000F7F4E20006
:10FD3000000000000000000000000000F6ECE4F607
:10FD4000000000000000000000000000FECBE7F50E
:10FD500000000000000000000000000008D4FAEEDF
:10FD60000000000000000000000000000AE9EDF9BA
:10FD7000000000000000000000000000F61406F182
:10FD8000000000000000000000000000E613F4F096
:10FD9000000000000000000000000000E817F4E789
:10FDA000000000000000000000000000EE0D03ED68
:10FDB0000000000000000000000000000AE50CF751
:10FDC0000000000000000000000000000E2B2406D0
:10FDD000000000000000000000000000FE492CFFB1
:10FDE0000000000000000000000000000A4C1108A4
:10FDF000000000000000000000000000EB13EEF225
:10FE000000000000000000000000000007E80BFDFB
:10FE100000000000000000000000000016CC1B02E3
:10FE200000000000000000000000000015E22DFFAF
:10FE300000000000000000000000000016103E1648
:10FE4000000000000000000000000000F420010796
:10FE5000000000000000000000000000EE0DF804AB
:10FE6000000000000000000000000000F90306FD93
:10FE7000000000000000000000000000EEDE14F5AD
:10FE800000000000000000000000000003B411F4B6
:10FE9000000000000000000000000000F4E50AFD82
:10FEA000FF110B050DF7FD010308FDF4FA0FFAFB36
:10FEB000FF080302F5041806FEEFEE0FFB17FB0A1E
:10FEC00004030913080D1308FF08F5F0ED000211F3
:10FED0000913FFFF0BFC0A0BF61DF8FFEDF3F0070B
:10FEE0000A3A22020313130F0B10FDEC1C0904FC49
:10FEF00007090BF5FC1000F00FF505FB20FF03E7E9
:10FF000008FFFE04FD0BFDFC07F70B100F0F14F6A6
:10FF10001112EA100A0009070C0907030624080950
:10FF20000B33061613F216FA021F06EC1C100F1400
:10FF300007351E0304F409F21114FCF42AF20CFC38
:10FF400007F305D8E010D7FEFCE3180116F912F705
:10FF5000080817E4E31CE3E901EC1BFF132E1B0068
:10FF60000D0C31E7E70FE3EEF70315F51404100865
:10FF7000102717E0F600D4FDF20EFBEB0CE7FCFFB8
:10FF8000FC240DE8F4F3F4F6F30AF2DB0FC3FCF300
:10FF9000010F14CCE121D3E3F5D721FBEF132000AF
:10FFA000061B21E0E31EE2EDEDDF1D130F1D19100E
:10FFB000052836D8E504EB00DFD80FFE1203050C48
:10FFC000033249D6E226EFFDD9EBFEDE02D9F0FD81
:10FFD00006232BE7E60FF700EAEEECDFF5DDE3F5AD
:10FFE000FA271EE0DF0BF4EFF5FB0C0114F3FE091A
:10FFF000FF0C1B04FA0C06FAEFF6FD06E205FB09FE
:02000004800278
:100000000709190AFD07FFEEDCF3F1FCE60EEE032B
:100010000A0B1803F60203E7EB04F8F100F5FB0105
:10002000011F4204F704FFEBFD06FEF72122FBEF60
:100030000014002117EA1AF74D24F4EE1309FA1AF6
:1000400006F2FA10FFF109D71B10FFEB06F606F9CE
:10005000F8E3010AFCF202EB0606FEFFF3EA000AEF
:10006000FCFAF7F8F9F207F8FCDEF901EEFF02FFFF
:10007000FB08020803F908F9EDF8F80AECFAFF05A5
:100080000FF4FA1404EB03F83A2CF90D1406FE1ED3
:10009000FDF7E908F30105E9030D05F609FEFEF198
:1000A000FCFEEA0DFCFF0706F3E2FCFD00E8FB00A6
:1000B000FF04EAFB05F1030CE901FDEAEEE3FCF6BF
:1000C000F910FC0200F00F00FC06EEFAFEDDF5F779
:1000D00001F6EB1004E301F71D19F7F709E8F7152E
:1000E000F101E302F2F702F3F2E5F1F5E6E2EDEBFE
:1000F000FB09000804FE0B0FE6F2F4F7E7DDF6F962
:10010000051C1DFAFAFD0201F80EEFF3F3F1F5F705
:100110000611180209F80A03FA18EF0003EAF4FBC3
:1001200004F7DB06FBF9F8F2FEFFF3F8F4E9F81048
:10013000F60DE804F1F20AFFE2D7ECF1DCE7F4FE99
:10014000FD0C0D0A06FB0802EB14F0EFF2E9F1F3E7
:10015000FF031204020504FF030BEFEFFDEFEE02B5
:1001600006070508080A0B110E15F7FA05F9FDF642
:100170000004E200F6EC08EDF3E2EFFCD6F8EB0742
:10018000FA06F11D00FE16FCEDECF200E0FDF7FDB5
:10019000F909061211FB02F8FA09FAF5F3F6F4F977
:1001A000FEFCF803FF08010F090404F0FA09FCFA49
:1001B000020703110F0D06060F06FEFA050EFFF8E3
:1001C000457870656374656420203D2025640A00CD
:1001D000507265646963746564203D2025640A007B
:1001E000526573756C74203A2025642F310A000023
:1001F00063726564656E63653A2025640A000000D9
:10020000656E763030303300696D61676520257327
:100210003A20256420696E737472756374696F6E19
:10022000730A0000696D6167652025733A202564B3
:10023000206379636C65730A000000002573206FEA
:100240007574206F6620626F756E647320256C75FF
:10025000203E20256C750A00556E6B6E6F776E2000
:1002600050474D2066696C6520666F726D61740041
:1002700050474D20696D6167652073697A65206418
:100280006F6573206E6F74206D6174636820617296
:100290007261792073697A65000000006672656199
:1002A000642829206E756D626572206F6620726504
:1002B0006164206F626A656374732028256C7529F8
:1002C00020646966666572656E74207468616E206C
:1002D00065787065637465642028257529205B64E2
:1002E0006174615D0A0000006672656164282920FE
:1002F0006E756D626572206F662072656164206F35
:10030000626A656374732028256C752920646966A8
:10031000666572656E74207468616E2065787065BC
:10032000637465642028257529205B6F757470756A
:1003300074546172676574735D0A0000454F46200E
:100340006E6F7420726561636865642C2046696C09
:1003500065206572726F72202121000072656164F0
:100360005F6D6E6973745F696E7075740000000074
:10037000000102020303030304040404040404044C
:10038000050505050505050505050505050505051D
:1003900006060606060606060606060606060606FD
:1003A00006060606060606060606060606060606ED
:1003B00007070707070707070707070707070707CD
:1003C00007070707070707070707070707070707BD
:1003D00007070707070707070707070707070707AD
:1003E000070707070707070707070707070707079D
:1003F000080808080808080808080808080808087D
:10040000080808080808080808080808080808086C
:10041000080808080808080808080808080808085C
:10042000080808080808080808080808080808084C
:10043000080808080808080808080808080808083C
:10044000080808080808080808080808080808082C
:10045000080808080808080808080808080808081C
:10046000080808080808080808080808080808080C
:10047000494E4600696E66004E414E006E616E0048
:1004800030313233343536373839414243444546CA
:10049000000000003031323334353637383961628C
:1004A0006364656600000000286E756C6C290000AE
:1004B00030000000A84D0080E4470080E447008041
:1004C0009C4D0080E4470080E4470080E4470080C2
:1004D000E4470080E4470080E4470080A04C0080AF
:1004E0008C4D0080E4470080B84C0080C44C0080F4
:1004F000E44700804C4D0080B0470080B04700804A
:10050000B0470080B0470080B0470080B04700800F
:10051000B0470080B0470080B0470080E4470080CB
:10052000E4470080E4470080E4470080E44700801F
:10053000E4470080E4470080E4470080E44700800F
:10054000E4470080204D00800C4B0080E447008091
:100550000C4B0080E4470080E4470080E4470080C3
:10056000E4470080C04D0080E4470080E4470080FD
:10057000A44E0080E4470080E4470080E447008008
:10058000E4470080E4470080CC4D0080E4470080D1
:10059000E4470080B8590080E4470080E4470080C9
:1005A000E4470080E4470080E4470080E44700809F
:1005B000E4470080E4470080E4470080E44700808F
:1005C000644D0080FC4B00800C4B00800C4B008085
:1005D0000C4B0080584D0080FC4B0080E4470080AD
:1005E000E4470080BC490080E4470080C04F0080A1
:1005F000904F0080584F0080BC490080E447008045
:10060000F04E0080E4470080C04E0080E447008048
:10061000E4470080105A0080202020202020202045
:10062000202020202020202030303030303030304A
:100630003030303030303030506D0080B069008064
:10064000B0690080446D0080B0690080B0690080AE
:10065000B0690080B0690080B0690080B069008036
:10066000A46C0080346D0080B0690080B46C0080A0
:10067000C06C0080B0690080286D00807C690080BB
:100680007C6900807C6900807C6900807C690080D6
:100690007C6900807C6900807C6900807C690080C6
:1006A000B0690080B0690080B0690080B0690080E6
:1006B000B0690080B0690080B0690080B0690080D6
:1006C000B0690080B0690080146D0080B06900805E
:1006D000B0690080B0690080B0690080B0690080B6
:1006E000B0690080B0690080B0690080B0690080A6
:1006F000B0690080D46D0080B0690080B06900806E
:10070000B0690080B0690080B0690080886D0080A9
:10071000B0690080B06900806C740080B0690080AE
:10072000B0690080B0690080B0690080B069008065
:10073000B0690080B0690080B0690080B069008055
:10074000B0690080686D0080006C0080B069008036
:10075000B0690080B06900809C6E0080006C0080F1
:10076000B0690080B0690080086B0080B0690080CB
:10077000646E00803C6E0080306F0080086B0080EB
:10078000B0690080D06E0080B0690080A86E0080E3
:10079000B0690080B0690080C074008020202020F3
:1007A0002020202020202020202020203030303009
:1007B00030303030303030303030303043000000B6
:1007C000504F5349580000002E000000496E6669E2
:1007D0006E697479000000004E614E0042616C6CDD
:1007E0006F63207375636365656465640000000072
:1007F0002E2E2F2E2E2F2E2E2F2E2E2F2E2E2F2E14
:100800002E2F7372632F6E65776C69622F6E65771A
:100810006C69622F6C6962632F7374646C69622FF8
:1008200064746F612E6300002E2E2F2E2E2F2E2E1D
:100830002F2E2E2F2E2E2F2E2E2F7372632F6E659E
:10084000776C69622F6E65776C69622F6C69626381
:100850002F7374646C69622F6D707265632E630010
:1008600005000000190000007D00000000000000ED
:10087000000000000000F03F0000000000002440E5
:1008800000000000000059400000000000408F40C0
:10089000000000000088C34000000000006AF8402B
:1008A0000000000080842E4100000000D01263414F
:1008B0000000000084D797410000000065CDCD41C5
:1008C000000000205FA00242000000E876483742A6
:1008D000000000A2941A6D42000040E59C30A24244
:1008E0000000901EC4BCD64200003426F56B0C43B9
:1008F0000080E03779C3414300A0D8855734764360
:1009000000C84E676DC1AB43003D9160E458E143C0
:10091000408CB5781DAF154450EFE2D6E41A4B4435
:1009200092D54D06CFF08044F64AE1C7022DB5447A
:10093000B49DD9794378EA44BC89D897B2D29C3C1B
:1009400033A7A8D523F649393DA7F444FD0FA532B6
:100950009D978CCF08BA5B25436FAC642806C80A04
:100960000080E03779C34143176E05B5B5B89346AB
:10097000F5F93FE9034F384D321D30F94877825A77
:100980003CBF737FDD4F15750020202020202020E4
:10099000202028282828282020202020202020202F
:1009A000202020202020202020881010101010103F
:1009B000101010101010101010040404040404048B
:1009C0000404041010101010101041414141414125
:1009D0000101010101010101010101010101010107
:1009E0000101010110101010101042424242424217
:1009F00002020202020202020202020202020202D7
:100A0000020202021010101020000000000000007E
:100A100000000000000000000000000000000000D6
:100A200000000000000000000000000000000000C6
:100A300000000000000000000000000000000000B6
:100A400000000000000000000000000000000000A6
:100A50000000000000000000000000000000000096
:100A60000000000000000000000000000000000086
:100A70000000000000000000000000000000000076
:100A80000000000000000000000000002C2066753F
:100A90006E6374696F6E3A200000000061737365C5
:100AA0007274696F6E2022257322206661696C65FD
:100AB000643A2066696C6520222573222C206C69BB
:100AC0006E65202564257325730A000034D10080EB
:100AD000E0CF00808CCF0080E0D000808CCF008001
:100AE000F0CF00808CCF0080E0D00080E0CF00808D
:100AF000E0CF0080F0CF0080E0D000806CD000809C
:0C0B00006CD000806CD00080F0CF008032
:100B0C001000000000000000037A5200017C01017B
:100B1C001B0D020010000000180000000416FEFF60
:100B2C00DC04000000000000100000002C0000009D
:0C0B3C00CC1AFEFF900400000000000036
:100B4800000000100000000000000000000000008D
:100B5800000000000000000000000000000000008D
:100B6800000000000000000050350A323420323402
:100B78000A3235350A0000000000000000000000BD
:100B8800000000000000000000000000000000005D
:100B9800000000000000000000000000000000004D
:100BA800000000000000000000000000000000003D
:100BB800000000000000000000000000000000002D
:100BC800000000000005040000000000000002D240
:100BD80042000000000000000000000007B387008A
:100BE80000000000000064FE5C000000000000003F
:100BF800000000006FFE9D00000000000003CBFE17
:100C0800360000000000000000000020E7FE66003B
:100C1800000000000024FED81200000000000000C0
:100C28000000007EFEB300000000000000ACFE3BA8
:100C3800000000000000000000002EFCEA12000086
:100C48000000000005E2F52300000000000000009D
:100C5800000080FE660000000000000025FEA900DC
:100C68000000000000000000001AF1FB1300000063
:100C780000000000AAFE550000000000000000006F
:100C8800002EFEC20000000000000009E7F6230065
:100C980000000000000000000076FF981D00000022
:100CA80000000074FEB60000000000000000000014
:100CB8000076FEFEF3D7D7D7CAB985D1FE830011D7
:100CC8000000000000000000003EF3FEFEFEFEFEF5
:100CD800FEFEFEFEFEE89D2300000000000000006E
:100CE80000004684944649616161BBFEF922040014
:100CF80000000000000000000000000000000000EC
:100D08000000AEFE710000000000000000000000BE
:100D180000000000000000000016EEFE3500000094
:100D280000000000000000000000000000000000BB
:100D38000073FE9F0100000000000000000000009A
:100D4800000000000000000000AEFE61000000008E
:100D5800000000000000000000000000000000008B
:100D680000D7FE7300000000000000000000000033
:100D7800000000000000000055FBFE6900000000B4
:100D8800000000000000000000000000000000005B
:100D980054F2880A00000000000000000000000073
:100DA800000000000000000000000000000000003B
:100DB8000000000000040000000000000000000027
:100DC800030000005C1D0280000000005C1D028022
:100DD800C41D02802C1E02800000000000000000DC
:100DE80000000000000000000000000000000000FB
:100DF80000000000000000000000000000000000EB
:100E080000000000000000000000000000000000DA
:100E180000000000000000000000000000000000CA
:100E280000000000000000000000000000000000BA
:100E380000000000000000000000000000000000AA
:100E4800000000000000000000000000000000009A
:100E5800000000000000000000000000000000008A
:100E680001000000000000000E33CDAB34126DE627
:100E7800ECDE05000B000000000000000000000090
:100E8800000000000000000000000000000000005A
:100E9800000000000000000000000000000000004A
:100EA800000000000000000000000000000000003A
:100EB800000000000000000000000000000000002A
:100EC800000000000000000000000000000000001A
:100ED800000000000000000000000000000000000A
:100EE80000000000000000000000000000000000FA
:100EF800F00E0280F00E0280F80E0280F80E0280DA
:100F0800000F0280000F0280080F0280080F028085
:100F1800100F0280100F0280180F0280180F028035
:100F2800200F0280200F0280280F0280280F0280E5
:100F3800300F0280300F0280380F0280380F028095
:100F4800400F0280400F0280480F0280480F028045
:100F5800500F0280500F0280580F0280580F0280F5
:100F6800600F0280600F0280680F0280680F0280A5
:100F7800700F0280700F0280780F0280780F028055
:100F8800800F0280800F0280880F0280880F028005
:100F9800900F0280900F0280980F0280980F0280B5
:100FA800A00F0280A00F0280A80F0280A80F028065
:100FB800B00F0280B00F0280B80F0280B80F028015
:100FC800C00F0280C00F0280C80F0280C80F0280C5
:100FD800D00F0280D00F0280D80F0280D80F028075
:100FE800E00F0280E00F0280E80F0280E80F028025
:100FF800F00F0280F00F0280F80F0280F80F0280D5
:101008000010028000100280081002800810028080
:101018001010028010100280181002801810028030
:1010280020100280201002802810028028100280E0
:101038003010028030100280381002803810028090
:101048004010028040100280481002804810028040
:1010580050100280501002805810028058100280F0
:1010680060100280601002806810028068100280A0
:101078007010028070100280781002807810028050
:101088008010028080100280881002808810028000
:1010980090100280901002809810028098100280B0
:1010A800A0100280A0100280A8100280A810028060
:1010B800B0100280B0100280B8100280B810028010
:1010C800C0100280C0100280C8100280C8100280C0
:1010D800D0100280D0100280D8100280D810028070
:1010E800E0100280E0100280E8100280E810028020
:1010F800F0100280F0100280F8100280F8100280D0
:10110800001102800011028008110280081102807B
:10111800101102801011028018110280181102802B
:1011280020110280201102802811028028110280DB
:10113800301102803011028038110280381102808B
:10114800401102804011028048110280481102803B
:1011580050110280501102805811028058110280EB
:10116800601102806011028068110280681102809B
:10117800701102807011028078110280781102804B
:1011880080110280801102808811028088110280FB
:1011980090110280901102809811028098110280AB
:1011A800A0110280A0110280A8110280A81102805B
:1011B800B0110280B0110280B8110280B81102800B
:1011C800C0110280C0110280C8110280C8110280BB
:1011D800D0110280D0110280D8110280D81102806B
:1011E800E0110280E0110280E8110280E81102801B
:1011F800F0110280F0110280F8110280F8110280CB
:101208000012028000120280081202800812028076
:101218001012028010120280181202801812028026
:1012280020120280201202802812028028120280D6
:101238003012028030120280381202803812028086
:101248004012028040120280481202804812028036
:1012580050120280501202805812028058120280E6
:101268006012028060120280681202806812028096
:101278007012028070120280781202807812028046
:1012880080120280801202808812028088120280F6
:1012980090120280901202809812028098120280A6
:1012A800A0120280A0120280A8120280A812028056
:1012B800B0120280B0120280B8120280B812028006
:1012C800C0120280C0120280C8120280C8120280B6
:1012D800D0120280D0120280D8120280D812028066
:1012E800E0120280E0120280E8120280E812028016
:1012F80043000000000000000000000000000000A3
:1013080000000000000000000000000000000000D5
:101318004300000000000000000000000000000082
:1013280000000000000000000000000000000000B5
:101338004300000000000000000000000000000062
:101348000000000000000000000000000000000095
:101358004300000000000000000000000000000042
:101368000000000000000000000000000000000075
:101378004300000000000000000000000000000022
:101388000000000000000000000000000000000055
:101398004300000000000000000000000000000002
:1013A8000000000000000000000000000000000035
:1013B80043000000000000000000000000000000E2
:1013C8000000000000000000000000000000000015
:1013D800BCB70080C89F0080000000008809028018
:1013E800C807028038020280380202803802028070
:1013F80038020280380202803802028038020280F5
:101408003802028038020280FFFFFFFFFFFFFFFF64
:10141800FFFFFFFFFFFF0000010041534349490060
:1014280000000000000000000000000000000000B4
:10143800000000000000000000004153434949003B
:101448000000000000000000000000000000000094
:0C14580000000000000000000000000088
:10146800FFFFFFFFFFFFEF7F000000000000F83FD5
:1014780061436F63A787D23FB3C8608B288AC63F92
:10148800FB799F501344D33F000000000000F03F59
:1014980000000000000024400000000000001C4084
:1014A8000000000000001440000000000000E03FC1
:1014B80050200280D00D0280FFFFFFFF00000200D5
:0400000580000080F7
:00000001FF
