Copyright 1986-2022 Xilinx, Inc. All Rights Reserved. Copyright 2022-2023 Advanced Micro Devices, Inc. All Rights Reserved.
------------------------------------------------------------------------------------------------------------------------------------------------------------------------------------------------------------------------------------------
| Tool Version : Vivado v.2023.2 (lin64) Build 4029153 Fri Oct 13 20:13:54 MDT 2023
| Date         : Fri May  1 13:57:29 2026
| Host         : kador running 64-bit Ubuntu 22.04.4 LTS
| Command      : report_timing_summary -max_paths 10 -report_unconstrained -file cva6_zybo_z7_20_timing_summary_routed.rpt -pb cva6_zybo_z7_20_timing_summary_routed.pb -rpx cva6_zybo_z7_20_timing_summary_routed.rpx -warn_on_violation
| Design       : cva6_zybo_z7_20
| Device       : 7z020-clg400
| Speed File   : -1  PRODUCTION 1.12 2019-11-22
| Design State : Routed
------------------------------------------------------------------------------------------------------------------------------------------------------------------------------------------------------------------------------------------

Timing Summary Report

------------------------------------------------------------------------------------------------
| Timer Settings
| --------------
------------------------------------------------------------------------------------------------

  Enable Multi Corner Analysis               :  Yes
  Enable Pessimism Removal                   :  Yes
  Pessimism Removal Resolution               :  Nearest Common Node
  Enable Input Delay Default Clock           :  No
  Enable Preset / Clear Arcs                 :  No
  Disable Flight Delays                      :  No
  Ignore I/O Paths                           :  No
  Timing Early Launch at Borrowing Latches   :  No
  Borrow Time for Max Delay Exceptions       :  Yes
  Merge Timing Exceptions                    :  Yes
  Inter-SLR Compensation                     :  Conservative

  Corner  Analyze    Analyze    
  Name    Max Paths  Min Paths  
  ------  ---------  ---------  
  Slow    Yes        Yes        
  Fast    Yes        Yes        


------------------------------------------------------------------------------------------------
| Report Methodology
| ------------------
------------------------------------------------------------------------------------------------

Rule       Severity  Description                                           Violations  
---------  --------  ----------------------------------------------------  ----------  
DPIR-1     Warning   Asynchronous driver check                             72          
LUTAR-1    Warning   LUT drives async reset alert                          4           
SYNTH-10   Warning   Wide multiplier                                       4           
TIMING-10  Warning   Missing property on synchronizer                      1           
TIMING-16  Warning   Large setup violation                                 83          
TIMING-18  Warning   Missing input or output delay                         3           
TIMING-24  Warning   Overridden Max delay datapath only                    3           
TIMING-28  Warning   Auto-derived clock referenced by a timing constraint  1           
XDCH-2     Warning   Same min and max delay values on IO port              3           

Note: This report is based on the most recent report_methodology run and may not be up-to-date. Run report_methodology on the current design for the latest report.



check_timing report

Table of Contents
-----------------
1. checking no_clock (0)
2. checking constant_clock (0)
3. checking pulse_width_clock (0)
4. checking unconstrained_internal_endpoints (0)
5. checking no_input_delay (2)
6. checking no_output_delay (1)
7. checking multiple_clock (0)
8. checking generated_clocks (0)
9. checking loops (0)
10. checking partial_input_delay (3)
11. checking partial_output_delay (0)
12. checking latch_loops (0)

1. checking no_clock (0)
------------------------
 There are 0 register/latch pins with no clock.


2. checking constant_clock (0)
------------------------------
 There are 0 register/latch pins with constant_clock.


3. checking pulse_width_clock (0)
---------------------------------
 There are 0 register/latch pins which need pulse_width check


4. checking unconstrained_internal_endpoints (0)
------------------------------------------------
 There are 0 pins that are not constrained for maximum delay.

 There are 0 pins that are not constrained for maximum delay due to constant clock.


5. checking no_input_delay (2)
------------------------------
 There are 2 input ports with no input delay specified. (HIGH)

 There are 0 input ports with no input delay but user has a false path constraint.


6. checking no_output_delay (1)
-------------------------------
 There is 1 port with no output delay specified. (HIGH)

 There are 0 ports with no output delay but user has a false path constraint

 There are 0 ports with no output delay but with a timing clock defined on it or propagating through it


7. checking multiple_clock (0)
------------------------------
 There are 0 register/latch pins with multiple clocks.


8. checking generated_clocks (0)
--------------------------------
 There are 0 generated clocks that are not connected to a clock source.


9. checking loops (0)
---------------------
 There are 0 combinational loops in the design.


10. checking partial_input_delay (3)
------------------------------------
 There are 3 input ports with partial input delay specified. (HIGH)


11. checking partial_output_delay (0)
-------------------------------------
 There are 0 ports with partial output delay specified.


12. checking latch_loops (0)
----------------------------
 There are 0 combinational latch loops in the design through latch input



------------------------------------------------------------------------------------------------
| Design Timing Summary
| ---------------------
------------------------------------------------------------------------------------------------

    WNS(ns)      TNS(ns)  TNS Failing Endpoints  TNS Total Endpoints      WHS(ns)      THS(ns)  THS Failing Endpoints  THS Total Endpoints     WPWS(ns)     TPWS(ns)  TPWS Failing Endpoints  TPWS Total Endpoints  
    -------      -------  ---------------------  -------------------      -------      -------  ---------------------  -------------------     --------     --------  ----------------------  --------------------  
     -3.489     -322.524                    386                44375        0.020        0.000                      0                44375        2.000        0.000                       0                 15332  


Timing constraints are not met.


------------------------------------------------------------------------------------------------
| Clock Summary
| -------------
------------------------------------------------------------------------------------------------

Clock                    Waveform(ns)         Period(ns)      Frequency(MHz)
-----                    ------------         ----------      --------------
clk_sys                  {0.000 4.000}        8.000           125.000         
  clk_out1_xlnx_clk_gen  {0.000 12.500}       25.000          40.000          
  clkfbout_xlnx_clk_gen  {0.000 4.000}        8.000           125.000         
tck                      {0.000 50.000}       100.000         10.000          


------------------------------------------------------------------------------------------------
| Intra Clock Table
| -----------------
------------------------------------------------------------------------------------------------

Clock                        WNS(ns)      TNS(ns)  TNS Failing Endpoints  TNS Total Endpoints      WHS(ns)      THS(ns)  THS Failing Endpoints  THS Total Endpoints     WPWS(ns)     TPWS(ns)  TPWS Failing Endpoints  TPWS Total Endpoints  
-----                        -------      -------  ---------------------  -------------------      -------      -------  ---------------------  -------------------     --------     --------  ----------------------  --------------------  
clk_sys                                                                                                                                                                    2.000        0.000                       0                     1  
  clk_out1_xlnx_clk_gen       -3.489     -322.524                    386                32357        0.020        0.000                      0                32357       11.250        0.000                       0                 15069  
  clkfbout_xlnx_clk_gen                                                                                                                                                    5.845        0.000                       0                     3  
tck                            0.778        0.000                      0                  453        0.100        0.000                      0                  453       49.500        0.000                       0                   259  


------------------------------------------------------------------------------------------------
| Inter Clock Table
| -----------------
------------------------------------------------------------------------------------------------

From Clock    To Clock          WNS(ns)      TNS(ns)  TNS Failing Endpoints  TNS Total Endpoints      WHS(ns)      THS(ns)  THS Failing Endpoints  THS Total Endpoints  
----------    --------          -------      -------  ---------------------  -------------------      -------      -------  ---------------------  -------------------  


------------------------------------------------------------------------------------------------
| Other Path Groups Table
| -----------------------
------------------------------------------------------------------------------------------------

Path Group             From Clock             To Clock                   WNS(ns)      TNS(ns)  TNS Failing Endpoints  TNS Total Endpoints      WHS(ns)      THS(ns)  THS Failing Endpoints  THS Total Endpoints  
----------             ----------             --------                   -------      -------  ---------------------  -------------------      -------      -------  ---------------------  -------------------  
**async_default**      clk_out1_xlnx_clk_gen  clk_out1_xlnx_clk_gen       20.771        0.000                      0                11565        0.541        0.000                      0                11565  


------------------------------------------------------------------------------------------------
| User Ignored Path Table
| -----------------------
------------------------------------------------------------------------------------------------

Path Group             From Clock             To Clock             
----------             ----------             --------             
(none)                 clk_out1_xlnx_clk_gen  clk_out1_xlnx_clk_gen  
(none)                 tck                    clk_out1_xlnx_clk_gen  
(none)                                        tck                    
(none)                 clk_out1_xlnx_clk_gen  tck                    


------------------------------------------------------------------------------------------------
| Unconstrained Path Table
| ------------------------
------------------------------------------------------------------------------------------------

Path Group             From Clock             To Clock             
----------             ----------             --------             
(none)                 clk_out1_xlnx_clk_gen                         
(none)                 clkfbout_xlnx_clk_gen                         
(none)                                        clk_out1_xlnx_clk_gen  


------------------------------------------------------------------------------------------------
| Timing Details
| --------------
------------------------------------------------------------------------------------------------


---------------------------------------------------------------------------------------------------
From Clock:  clk_sys
  To Clock:  clk_sys

Setup :           NA  Failing Endpoints,  Worst Slack           NA  ,  Total Violation           NA
Hold  :           NA  Failing Endpoints,  Worst Slack           NA  ,  Total Violation           NA
PW    :            0  Failing Endpoints,  Worst Slack        2.000ns,  Total Violation        0.000ns
---------------------------------------------------------------------------------------------------


Pulse Width Checks
--------------------------------------------------------------------------------------
Clock Name:         clk_sys
Waveform(ns):       { 0.000 4.000 }
Period(ns):         8.000
Sources:            { clk_sys }

Check Type        Corner  Lib Pin            Reference Pin  Required(ns)  Actual(ns)  Slack(ns)  Location         Pin
Min Period        n/a     MMCME2_ADV/CLKIN1  n/a            1.249         8.000       6.751      MMCME2_ADV_X1Y2  i_xlnx_clk_gen/inst/mmcm_adv_inst/CLKIN1
Max Period        n/a     MMCME2_ADV/CLKIN1  n/a            100.000       8.000       92.000     MMCME2_ADV_X1Y2  i_xlnx_clk_gen/inst/mmcm_adv_inst/CLKIN1
Low Pulse Width   Slow    MMCME2_ADV/CLKIN1  n/a            2.000         4.000       2.000      MMCME2_ADV_X1Y2  i_xlnx_clk_gen/inst/mmcm_adv_inst/CLKIN1
Low Pulse Width   Fast    MMCME2_ADV/CLKIN1  n/a            2.000         4.000       2.000      MMCME2_ADV_X1Y2  i_xlnx_clk_gen/inst/mmcm_adv_inst/CLKIN1
High Pulse Width  Slow    MMCME2_ADV/CLKIN1  n/a            2.000         4.000       2.000      MMCME2_ADV_X1Y2  i_xlnx_clk_gen/inst/mmcm_adv_inst/CLKIN1
High Pulse Width  Fast    MMCME2_ADV/CLKIN1  n/a            2.000         4.000       2.000      MMCME2_ADV_X1Y2  i_xlnx_clk_gen/inst/mmcm_adv_inst/CLKIN1



---------------------------------------------------------------------------------------------------
From Clock:  clk_out1_xlnx_clk_gen
  To Clock:  clk_out1_xlnx_clk_gen

Setup :          386  Failing Endpoints,  Worst Slack       -3.489ns,  Total Violation     -322.524ns
Hold  :            0  Failing Endpoints,  Worst Slack        0.020ns,  Total Violation        0.000ns
PW    :            0  Failing Endpoints,  Worst Slack       11.250ns,  Total Violation        0.000ns
---------------------------------------------------------------------------------------------------


Max Delay Paths
--------------------------------------------------------------------------------------
Slack (VIOLATED) :        -3.489ns  (required time - arrival time)
  Source:                 i_ariane/i_cva6/issue_stage_i/i_issue_read_operands/branch_valid_q_reg[0]/C
                            (rising edge-triggered cell FDCE clocked by clk_out1_xlnx_clk_gen  {rise@0.000ns fall@12.500ns period=25.000ns})
  Destination:            i_ariane/gen_example_coprocessor.i_cvxif_coprocessor/i_copro_alu/result_q_reg[13]/D
                            (rising edge-triggered cell FDCE clocked by clk_out1_xlnx_clk_gen  {rise@0.000ns fall@12.500ns period=25.000ns})
  Path Group:             clk_out1_xlnx_clk_gen
  Path Type:              Setup (Max at Slow Process Corner)
  Requirement:            25.000ns  (clk_out1_xlnx_clk_gen rise@25.000ns - clk_out1_xlnx_clk_gen rise@0.000ns)
  Data Path Delay:        28.474ns  (logic 13.302ns (46.716%)  route 15.172ns (53.284%))
  Logic Levels:           34  (CARRY4=13 DSP48E1=2 LUT2=1 LUT3=2 LUT4=1 LUT5=4 LUT6=10 MUXF7=1)
  Clock Path Skew:        -0.013ns (DCD - SCD + CPR)
    Destination Clock Delay (DCD):    -1.630ns = ( 23.370 - 25.000 ) 
    Source Clock Delay      (SCD):    -1.050ns
    Clock Pessimism Removal (CPR):    0.567ns
  Clock Uncertainty:      0.082ns  ((TSJ^2 + DJ^2)^1/2) / 2 + PE
    Total System Jitter     (TSJ):    0.071ns
    Discrete Jitter          (DJ):    0.149ns
    Phase Error              (PE):    0.000ns

    Location             Delay type                Incr(ns)  Path(ns)    Netlist Resource(s)
  -------------------------------------------------------------------    -------------------
                         (clock clk_out1_xlnx_clk_gen rise edge)
                                                      0.000     0.000 r  
    K17                                               0.000     0.000 r  clk_sys (IN)
                         net (fo=0)                   0.000     0.000    i_xlnx_clk_gen/inst/clk_in1
    K17                  IBUF (Prop_ibuf_I_O)         1.475     1.475 r  i_xlnx_clk_gen/inst/clkin1_ibufg/O
                         net (fo=1, routed)           1.285     2.760    i_xlnx_clk_gen/inst/clk_in1_xlnx_clk_gen
    MMCME2_ADV_X1Y2      MMCME2_ADV (Prop_mmcme2_adv_CLKIN1_CLKOUT0)
                                                     -7.759    -4.999 r  i_xlnx_clk_gen/inst/mmcm_adv_inst/CLKOUT0
                         net (fo=1, routed)           2.206    -2.793    i_xlnx_clk_gen/inst/clk_out1_xlnx_clk_gen
    BUFGCTRL_X0Y16       BUFG (Prop_bufg_I_O)         0.101    -2.692 r  i_xlnx_clk_gen/inst/clkout1_buf/O
                         net (fo=15067, routed)       1.642    -1.050    i_ariane/i_cva6/issue_stage_i/i_issue_read_operands/clk_out1
    SLICE_X40Y82         FDCE                                         r  i_ariane/i_cva6/issue_stage_i/i_issue_read_operands/branch_valid_q_reg[0]/C
  -------------------------------------------------------------------    -------------------
    SLICE_X40Y82         FDCE (Prop_fdce_C_Q)         0.456    -0.594 r  i_ariane/i_cva6/issue_stage_i/i_issue_read_operands/branch_valid_q_reg[0]/Q
                         net (fo=120, routed)         0.780     0.186    i_ariane/i_cva6/ex_stage_i/branch_valid_id_ex
    SLICE_X36Y80         LUT3 (Prop_lut3_I1_O)        0.124     0.310 r  i_ariane/i_cva6/ex_stage_i/i___34_i_2/O
                         net (fo=173, routed)         0.626     0.936    i_ariane/i_cva6/issue_stage_i/i_issue_read_operands/p_0_in
    SLICE_X37Y80         LUT5 (Prop_lut5_I4_O)        0.150     1.086 r  i_ariane/i_cva6/issue_stage_i/i_issue_read_operands/mem_q[1][sbe][result][0]_i_17/O
                         net (fo=2, routed)           0.668     1.753    i_ariane/i_cva6/issue_stage_i/i_issue_read_operands/mem_q[1][sbe][result][0]_i_17_n_0
    SLICE_X37Y80         LUT6 (Prop_lut6_I5_O)        0.326     2.079 r  i_ariane/i_cva6/issue_stage_i/i_issue_read_operands/mem_q[1][sbe][result][0]_i_9_replica/O
                         net (fo=33, routed)          0.792     2.872    i_ariane/i_cva6/ex_stage_i/csr_valid_q_reg[0]_3_repN_alias
    SLICE_X37Y77         LUT6 (Prop_lut6_I5_O)        0.124     2.996 r  i_ariane/i_cva6/ex_stage_i/mem_q[1][sbe][result][0]_i_15/O
                         net (fo=1, routed)           0.423     3.418    i_ariane/i_cva6/ex_stage_i/mem_q[1][sbe][result][0]_i_15_n_0
    SLICE_X38Y76         CARRY4 (Prop_carry4_S[0]_CO[3])
                                                      0.637     4.055 r  i_ariane/i_cva6/ex_stage_i/mem_q_reg[1][sbe][result][0]_i_7/CO[3]
                         net (fo=1, routed)           0.000     4.055    i_ariane/i_cva6/ex_stage_i/mem_q_reg[1][sbe][result][0]_i_7_n_0
    SLICE_X38Y77         CARRY4 (Prop_carry4_CI_O[1])
                                                      0.323     4.378 f  i_ariane/i_cva6/ex_stage_i/mem_q_reg[1][sbe][result][7]_i_10/O[1]
                         net (fo=2, routed)           0.683     5.062    i_ariane/i_cva6/ex_stage_i/adder_result[5]
    SLICE_X42Y77         LUT4 (Prop_lut4_I0_O)        0.306     5.368 f  i_ariane/i_cva6/ex_stage_i/i___2_i_26/O
                         net (fo=1, routed)           0.437     5.805    i_ariane/i_cva6/ex_stage_i/i___2_i_26_n_0
    SLICE_X47Y78         LUT5 (Prop_lut5_I4_O)        0.124     5.929 f  i_ariane/i_cva6/ex_stage_i/i___2_i_21/O
                         net (fo=1, routed)           1.004     6.932    i_ariane/i_cva6/ex_stage_i/i___2_i_21_n_0
    SLICE_X47Y81         LUT6 (Prop_lut6_I3_O)        0.124     7.056 r  i_ariane/i_cva6/ex_stage_i/i___2_i_19_comp_1/O
                         net (fo=1, routed)           0.308     7.364    i_ariane/i_cva6/issue_stage_i/i_issue_read_operands/data0
    SLICE_X48Y81         LUT6 (Prop_lut6_I2_O)        0.124     7.488 r  i_ariane/i_cva6/issue_stage_i/i_issue_read_operands/i___2_i_18/O
                         net (fo=1, routed)           0.000     7.488    i_ariane/i_cva6/issue_stage_i/i_issue_read_operands/i___2_i_18_n_0
    SLICE_X48Y81         MUXF7 (Prop_muxf7_I1_O)      0.217     7.705 r  i_ariane/i_cva6/issue_stage_i/i_issue_read_operands/i___2_i_6/O
                         net (fo=3, routed)           0.335     8.040    i_ariane/i_cva6/issue_stage_i/i_issue_read_operands/i___2_i_6_n_0
    SLICE_X48Y80         LUT5 (Prop_lut5_I4_O)        0.299     8.339 r  i_ariane/i_cva6/issue_stage_i/i_issue_read_operands/i___2_i_2/O
                         net (fo=45, routed)          0.683     9.022    i_ariane/i_cva6/issue_stage_i/i_issue_read_operands/fu_data_q_reg[0][operation][5]_0
    SLICE_X47Y80         LUT6 (Prop_lut6_I0_O)        0.124     9.146 f  i_ariane/i_cva6/issue_stage_i/i_issue_read_operands/i___33__0_i_1_replica_1/O
                         net (fo=1, routed)           0.996    10.142    i_ariane/i_cva6/id_stage_i/branch_predict_o_reg[cf][2]_0_repN_9_alias
    SLICE_X32Y84         LUT6 (Prop_lut6_I4_O)        0.124    10.266 r  i_ariane/i_cva6/id_stage_i/i__i_12_comp_2/O
                         net (fo=5, routed)           0.844    11.110    i_ariane/i_cva6/id_stage_i/i__i_12_n_0
    SLICE_X34Y85         LUT6 (Prop_lut6_I5_O)        0.124    11.234 f  i_ariane/i_cva6/id_stage_i/i___104_i_3/O
                         net (fo=100, routed)         0.918    12.152    i_ariane/i_cva6/issue_stage_i/i_scoreboard/fu_data_q_reg[0][operand_b][0]
    SLICE_X37Y86         LUT5 (Prop_lut5_I0_O)        0.124    12.276 r  i_ariane/i_cva6/issue_stage_i/i_scoreboard/i__i_7_comp/O
                         net (fo=37, routed)          0.688    12.964    i_ariane/i_cva6/id_stage_i/fu_data_q_reg[0][operand_b][0]_0
    SLICE_X37Y85         LUT6 (Prop_lut6_I3_O)        0.124    13.088 r  i_ariane/i_cva6/id_stage_i/i___176_i_2/O
                         net (fo=7, routed)           0.641    13.729    i_ariane/i_cva6/id_stage_i/issue_q_reg[0][sbe][result][31]_0[27]
    SLICE_X36Y85         LUT2 (Prop_lut2_I0_O)        0.124    13.853 r  i_ariane/i_cva6/id_stage_i/result_n3__0_i_20/O
                         net (fo=4, routed)           0.582    14.435    i_ariane/gen_example_coprocessor.i_cvxif_coprocessor/i_copro_alu/result_n4__1_0[12]
    DSP48_X2Y33          DSP48E1 (Prop_dsp48e1_A[12]_P[0])
                                                      3.841    18.276 r  i_ariane/gen_example_coprocessor.i_cvxif_coprocessor/i_copro_alu/result_n4__0/P[0]
                         net (fo=1, routed)           0.895    19.171    i_ariane_n_7
    SLICE_X35Y75         CARRY4 (Prop_carry4_S[0]_CO[3])
                                                      0.656    19.827 r  i_copro_alu/result_n2_i_5/CO[3]
                         net (fo=1, routed)           0.000    19.827    i_copro_alu/result_n2_i_5_n_0
    SLICE_X35Y76         CARRY4 (Prop_carry4_CI_CO[3])
                                                      0.114    19.941 r  i_copro_alu/result_n2_i_4/CO[3]
                         net (fo=1, routed)           0.000    19.941    i_copro_alu/result_n2_i_4_n_0
    SLICE_X35Y77         CARRY4 (Prop_carry4_CI_CO[3])
                                                      0.114    20.055 r  i_copro_alu/result_n2_i_3/CO[3]
                         net (fo=1, routed)           0.000    20.055    i_copro_alu/result_n2_i_3_n_0
    SLICE_X35Y78         CARRY4 (Prop_carry4_CI_CO[3])
                                                      0.114    20.169 r  i_copro_alu/result_n2_i_2/CO[3]
                         net (fo=1, routed)           0.000    20.169    i_copro_alu/result_n2_i_2_n_0
    SLICE_X35Y79         CARRY4 (Prop_carry4_CI_CO[3])
                                                      0.114    20.283 r  i_copro_alu/result_n2_i_1/CO[3]
                         net (fo=1, routed)           0.000    20.283    i_copro_alu/result_n2_i_1_n_0
    SLICE_X35Y80         CARRY4 (Prop_carry4_CI_CO[3])
                                                      0.114    20.397 r  i_copro_alu/result_n2_i_8/CO[3]
                         net (fo=1, routed)           0.000    20.397    i_copro_alu/result_n2_i_8_n_0
    SLICE_X35Y81         CARRY4 (Prop_carry4_CI_CO[3])
                                                      0.114    20.511 r  i_copro_alu/result_n2_i_7/CO[3]
                         net (fo=1, routed)           0.000    20.511    i_ariane/gen_example_coprocessor.i_cvxif_coprocessor/i_copro_alu/result_n2__0_2[0]
    SLICE_X35Y82         CARRY4 (Prop_carry4_CI_O[2])
                                                      0.239    20.750 r  i_ariane/gen_example_coprocessor.i_cvxif_coprocessor/i_copro_alu/result_n2_i_6/O[2]
                         net (fo=18, routed)          0.879    21.629    i_ariane/gen_example_coprocessor.i_cvxif_coprocessor/i_copro_alu/result_n3__2[30]
    DSP48_X2Y31          DSP48E1 (Prop_dsp48e1_A[29]_P[20])
                                                      2.255    23.884 r  i_ariane/gen_example_coprocessor.i_cvxif_coprocessor/i_copro_alu/result_n2__0/P[20]
                         net (fo=2, routed)           0.994    24.879    i_ariane/gen_example_coprocessor.i_cvxif_coprocessor/p_0_in[5]
    SLICE_X33Y80         LUT3 (Prop_lut3_I2_O)        0.124    25.003 r  i_ariane/gen_example_coprocessor.i_cvxif_coprocessor/i___43/O
                         net (fo=1, routed)           0.000    25.003    i_ariane/gen_example_coprocessor.i_cvxif_coprocessor/i_copro_alu/result_q[4]_i_5_3[1]
    SLICE_X33Y80         CARRY4 (Prop_carry4_S[1]_CO[3])
                                                      0.550    25.553 r  i_ariane/gen_example_coprocessor.i_cvxif_coprocessor/i_copro_alu/result_n0__246_carry__0/CO[3]
                         net (fo=1, routed)           0.000    25.553    i_ariane/gen_example_coprocessor.i_cvxif_coprocessor/i_copro_alu/result_n0__246_carry__0_n_0
    SLICE_X33Y81         CARRY4 (Prop_carry4_CI_CO[3])
                                                      0.114    25.667 r  i_ariane/gen_example_coprocessor.i_cvxif_coprocessor/i_copro_alu/result_n0__246_carry__1/CO[3]
                         net (fo=1, routed)           0.000    25.667    i_ariane/gen_example_coprocessor.i_cvxif_coprocessor/i_copro_alu/result_n0__246_carry__1_n_0
    SLICE_X33Y82         CARRY4 (Prop_carry4_CI_O[1])
                                                      0.334    26.001 r  i_ariane/gen_example_coprocessor.i_cvxif_coprocessor/i_copro_alu/result_n0__246_carry__2/O[1]
                         net (fo=1, routed)           0.710    26.711    i_ariane/i_cva6/id_stage_i/result_q_reg[31]_0[2]
    SLICE_X26Y84         LUT6 (Prop_lut6_I0_O)        0.303    27.014 f  i_ariane/i_cva6/id_stage_i/result_q[13]_i_4/O
                         net (fo=1, routed)           0.286    27.300    i_ariane/i_cva6/id_stage_i/result_q[13]_i_4_n_0
    SLICE_X26Y84         LUT6 (Prop_lut6_I4_O)        0.124    27.424 r  i_ariane/i_cva6/id_stage_i/result_q[13]_i_1/O
                         net (fo=1, routed)           0.000    27.424    i_ariane/gen_example_coprocessor.i_cvxif_coprocessor/i_copro_alu/result_q_reg[31]_1[13]
    SLICE_X26Y84         FDCE                                         r  i_ariane/gen_example_coprocessor.i_cvxif_coprocessor/i_copro_alu/result_q_reg[13]/D
  -------------------------------------------------------------------    -------------------

                         (clock clk_out1_xlnx_clk_gen rise edge)
                                                     25.000    25.000 r  
    K17                                               0.000    25.000 r  clk_sys (IN)
                         net (fo=0)                   0.000    25.000    i_xlnx_clk_gen/inst/clk_in1
    K17                  IBUF (Prop_ibuf_I_O)         1.404    26.404 r  i_xlnx_clk_gen/inst/clkin1_ibufg/O
                         net (fo=1, routed)           1.162    27.566    i_xlnx_clk_gen/inst/clk_in1_xlnx_clk_gen
    MMCME2_ADV_X1Y2      MMCME2_ADV (Prop_mmcme2_adv_CLKIN1_CLKOUT0)
                                                     -7.814    19.752 r  i_xlnx_clk_gen/inst/mmcm_adv_inst/CLKOUT0
                         net (fo=1, routed)           2.012    21.764    i_xlnx_clk_gen/inst/clk_out1_xlnx_clk_gen
    BUFGCTRL_X0Y16       BUFG (Prop_bufg_I_O)         0.091    21.855 r  i_xlnx_clk_gen/inst/clkout1_buf/O
                         net (fo=15067, routed)       1.515    23.370    i_ariane/gen_example_coprocessor.i_cvxif_coprocessor/i_copro_alu/clk_out1
    SLICE_X26Y84         FDCE                                         r  i_ariane/gen_example_coprocessor.i_cvxif_coprocessor/i_copro_alu/result_q_reg[13]/C
                         clock pessimism              0.567    23.937    
                         clock uncertainty           -0.082    23.855    
    SLICE_X26Y84         FDCE (Setup_fdce_C_D)        0.081    23.936    i_ariane/gen_example_coprocessor.i_cvxif_coprocessor/i_copro_alu/result_q_reg[13]
  -------------------------------------------------------------------
                         required time                         23.936    
                         arrival time                         -27.424    
  -------------------------------------------------------------------
                         slack                                 -3.489    

Slack (VIOLATED) :        -3.439ns  (required time - arrival time)
  Source:                 i_ariane/i_cva6/issue_stage_i/i_issue_read_operands/branch_valid_q_reg[0]/C
                            (rising edge-triggered cell FDCE clocked by clk_out1_xlnx_clk_gen  {rise@0.000ns fall@12.500ns period=25.000ns})
  Destination:            i_ariane/gen_example_coprocessor.i_cvxif_coprocessor/i_copro_alu/result_q_reg[8]/D
                            (rising edge-triggered cell FDCE clocked by clk_out1_xlnx_clk_gen  {rise@0.000ns fall@12.500ns period=25.000ns})
  Path Group:             clk_out1_xlnx_clk_gen
  Path Type:              Setup (Max at Slow Process Corner)
  Requirement:            25.000ns  (clk_out1_xlnx_clk_gen rise@25.000ns - clk_out1_xlnx_clk_gen rise@0.000ns)
  Data Path Delay:        28.375ns  (logic 13.072ns (46.069%)  route 15.303ns (53.931%))
  Logic Levels:           33  (CARRY4=12 DSP48E1=2 LUT2=1 LUT3=2 LUT4=1 LUT5=4 LUT6=10 MUXF7=1)
  Clock Path Skew:        -0.063ns (DCD - SCD + CPR)
    Destination Clock Delay (DCD):    -1.680ns = ( 23.320 - 25.000 ) 
    Source Clock Delay      (SCD):    -1.050ns
    Clock Pessimism Removal (CPR):    0.567ns
  Clock Uncertainty:      0.082ns  ((TSJ^2 + DJ^2)^1/2) / 2 + PE
    Total System Jitter     (TSJ):    0.071ns
    Discrete Jitter          (DJ):    0.149ns
    Phase Error              (PE):    0.000ns

    Location             Delay type                Incr(ns)  Path(ns)    Netlist Resource(s)
  -------------------------------------------------------------------    -------------------
                         (clock clk_out1_xlnx_clk_gen rise edge)
                                                      0.000     0.000 r  
    K17                                               0.000     0.000 r  clk_sys (IN)
                         net (fo=0)                   0.000     0.000    i_xlnx_clk_gen/inst/clk_in1
    K17                  IBUF (Prop_ibuf_I_O)         1.475     1.475 r  i_xlnx_clk_gen/inst/clkin1_ibufg/O
                         net (fo=1, routed)           1.285     2.760    i_xlnx_clk_gen/inst/clk_in1_xlnx_clk_gen
    MMCME2_ADV_X1Y2      MMCME2_ADV (Prop_mmcme2_adv_CLKIN1_CLKOUT0)
                                                     -7.759    -4.999 r  i_xlnx_clk_gen/inst/mmcm_adv_inst/CLKOUT0
                         net (fo=1, routed)           2.206    -2.793    i_xlnx_clk_gen/inst/clk_out1_xlnx_clk_gen
    BUFGCTRL_X0Y16       BUFG (Prop_bufg_I_O)         0.101    -2.692 r  i_xlnx_clk_gen/inst/clkout1_buf/O
                         net (fo=15067, routed)       1.642    -1.050    i_ariane/i_cva6/issue_stage_i/i_issue_read_operands/clk_out1
    SLICE_X40Y82         FDCE                                         r  i_ariane/i_cva6/issue_stage_i/i_issue_read_operands/branch_valid_q_reg[0]/C
  -------------------------------------------------------------------    -------------------
    SLICE_X40Y82         FDCE (Prop_fdce_C_Q)         0.456    -0.594 r  i_ariane/i_cva6/issue_stage_i/i_issue_read_operands/branch_valid_q_reg[0]/Q
                         net (fo=120, routed)         0.780     0.186    i_ariane/i_cva6/ex_stage_i/branch_valid_id_ex
    SLICE_X36Y80         LUT3 (Prop_lut3_I1_O)        0.124     0.310 r  i_ariane/i_cva6/ex_stage_i/i___34_i_2/O
                         net (fo=173, routed)         0.626     0.936    i_ariane/i_cva6/issue_stage_i/i_issue_read_operands/p_0_in
    SLICE_X37Y80         LUT5 (Prop_lut5_I4_O)        0.150     1.086 r  i_ariane/i_cva6/issue_stage_i/i_issue_read_operands/mem_q[1][sbe][result][0]_i_17/O
                         net (fo=2, routed)           0.668     1.753    i_ariane/i_cva6/issue_stage_i/i_issue_read_operands/mem_q[1][sbe][result][0]_i_17_n_0
    SLICE_X37Y80         LUT6 (Prop_lut6_I5_O)        0.326     2.079 r  i_ariane/i_cva6/issue_stage_i/i_issue_read_operands/mem_q[1][sbe][result][0]_i_9_replica/O
                         net (fo=33, routed)          0.792     2.872    i_ariane/i_cva6/ex_stage_i/csr_valid_q_reg[0]_3_repN_alias
    SLICE_X37Y77         LUT6 (Prop_lut6_I5_O)        0.124     2.996 r  i_ariane/i_cva6/ex_stage_i/mem_q[1][sbe][result][0]_i_15/O
                         net (fo=1, routed)           0.423     3.418    i_ariane/i_cva6/ex_stage_i/mem_q[1][sbe][result][0]_i_15_n_0
    SLICE_X38Y76         CARRY4 (Prop_carry4_S[0]_CO[3])
                                                      0.637     4.055 r  i_ariane/i_cva6/ex_stage_i/mem_q_reg[1][sbe][result][0]_i_7/CO[3]
                         net (fo=1, routed)           0.000     4.055    i_ariane/i_cva6/ex_stage_i/mem_q_reg[1][sbe][result][0]_i_7_n_0
    SLICE_X38Y77         CARRY4 (Prop_carry4_CI_O[1])
                                                      0.323     4.378 f  i_ariane/i_cva6/ex_stage_i/mem_q_reg[1][sbe][result][7]_i_10/O[1]
                         net (fo=2, routed)           0.683     5.062    i_ariane/i_cva6/ex_stage_i/adder_result[5]
    SLICE_X42Y77         LUT4 (Prop_lut4_I0_O)        0.306     5.368 f  i_ariane/i_cva6/ex_stage_i/i___2_i_26/O
                         net (fo=1, routed)           0.437     5.805    i_ariane/i_cva6/ex_stage_i/i___2_i_26_n_0
    SLICE_X47Y78         LUT5 (Prop_lut5_I4_O)        0.124     5.929 f  i_ariane/i_cva6/ex_stage_i/i___2_i_21/O
                         net (fo=1, routed)           1.004     6.932    i_ariane/i_cva6/ex_stage_i/i___2_i_21_n_0
    SLICE_X47Y81         LUT6 (Prop_lut6_I3_O)        0.124     7.056 r  i_ariane/i_cva6/ex_stage_i/i___2_i_19_comp_1/O
                         net (fo=1, routed)           0.308     7.364    i_ariane/i_cva6/issue_stage_i/i_issue_read_operands/data0
    SLICE_X48Y81         LUT6 (Prop_lut6_I2_O)        0.124     7.488 r  i_ariane/i_cva6/issue_stage_i/i_issue_read_operands/i___2_i_18/O
                         net (fo=1, routed)           0.000     7.488    i_ariane/i_cva6/issue_stage_i/i_issue_read_operands/i___2_i_18_n_0
    SLICE_X48Y81         MUXF7 (Prop_muxf7_I1_O)      0.217     7.705 r  i_ariane/i_cva6/issue_stage_i/i_issue_read_operands/i___2_i_6/O
                         net (fo=3, routed)           0.335     8.040    i_ariane/i_cva6/issue_stage_i/i_issue_read_operands/i___2_i_6_n_0
    SLICE_X48Y80         LUT5 (Prop_lut5_I4_O)        0.299     8.339 r  i_ariane/i_cva6/issue_stage_i/i_issue_read_operands/i___2_i_2/O
                         net (fo=45, routed)          0.683     9.022    i_ariane/i_cva6/issue_stage_i/i_issue_read_operands/fu_data_q_reg[0][operation][5]_0
    SLICE_X47Y80         LUT6 (Prop_lut6_I0_O)        0.124     9.146 f  i_ariane/i_cva6/issue_stage_i/i_issue_read_operands/i___33__0_i_1_replica_1/O
                         net (fo=1, routed)           0.996    10.142    i_ariane/i_cva6/id_stage_i/branch_predict_o_reg[cf][2]_0_repN_9_alias
    SLICE_X32Y84         LUT6 (Prop_lut6_I4_O)        0.124    10.266 r  i_ariane/i_cva6/id_stage_i/i__i_12_comp_2/O
                         net (fo=5, routed)           0.844    11.110    i_ariane/i_cva6/id_stage_i/i__i_12_n_0
    SLICE_X34Y85         LUT6 (Prop_lut6_I5_O)        0.124    11.234 f  i_ariane/i_cva6/id_stage_i/i___104_i_3/O
                         net (fo=100, routed)         0.918    12.152    i_ariane/i_cva6/issue_stage_i/i_scoreboard/fu_data_q_reg[0][operand_b][0]
    SLICE_X37Y86         LUT5 (Prop_lut5_I0_O)        0.124    12.276 r  i_ariane/i_cva6/issue_stage_i/i_scoreboard/i__i_7_comp/O
                         net (fo=37, routed)          0.688    12.964    i_ariane/i_cva6/id_stage_i/fu_data_q_reg[0][operand_b][0]_0
    SLICE_X37Y85         LUT6 (Prop_lut6_I3_O)        0.124    13.088 r  i_ariane/i_cva6/id_stage_i/i___176_i_2/O
                         net (fo=7, routed)           0.641    13.729    i_ariane/i_cva6/id_stage_i/issue_q_reg[0][sbe][result][31]_0[27]
    SLICE_X36Y85         LUT2 (Prop_lut2_I0_O)        0.124    13.853 r  i_ariane/i_cva6/id_stage_i/result_n3__0_i_20/O
                         net (fo=4, routed)           0.582    14.435    i_ariane/gen_example_coprocessor.i_cvxif_coprocessor/i_copro_alu/result_n4__1_0[12]
    DSP48_X2Y33          DSP48E1 (Prop_dsp48e1_A[12]_P[0])
                                                      3.841    18.276 r  i_ariane/gen_example_coprocessor.i_cvxif_coprocessor/i_copro_alu/result_n4__0/P[0]
                         net (fo=1, routed)           0.895    19.171    i_ariane_n_7
    SLICE_X35Y75         CARRY4 (Prop_carry4_S[0]_CO[3])
                                                      0.656    19.827 r  i_copro_alu/result_n2_i_5/CO[3]
                         net (fo=1, routed)           0.000    19.827    i_copro_alu/result_n2_i_5_n_0
    SLICE_X35Y76         CARRY4 (Prop_carry4_CI_CO[3])
                                                      0.114    19.941 r  i_copro_alu/result_n2_i_4/CO[3]
                         net (fo=1, routed)           0.000    19.941    i_copro_alu/result_n2_i_4_n_0
    SLICE_X35Y77         CARRY4 (Prop_carry4_CI_CO[3])
                                                      0.114    20.055 r  i_copro_alu/result_n2_i_3/CO[3]
                         net (fo=1, routed)           0.000    20.055    i_copro_alu/result_n2_i_3_n_0
    SLICE_X35Y78         CARRY4 (Prop_carry4_CI_CO[3])
                                                      0.114    20.169 r  i_copro_alu/result_n2_i_2/CO[3]
                         net (fo=1, routed)           0.000    20.169    i_copro_alu/result_n2_i_2_n_0
    SLICE_X35Y79         CARRY4 (Prop_carry4_CI_CO[3])
                                                      0.114    20.283 r  i_copro_alu/result_n2_i_1/CO[3]
                         net (fo=1, routed)           0.000    20.283    i_copro_alu/result_n2_i_1_n_0
    SLICE_X35Y80         CARRY4 (Prop_carry4_CI_CO[3])
                                                      0.114    20.397 r  i_copro_alu/result_n2_i_8/CO[3]
                         net (fo=1, routed)           0.000    20.397    i_copro_alu/result_n2_i_8_n_0
    SLICE_X35Y81         CARRY4 (Prop_carry4_CI_CO[3])
                                                      0.114    20.511 r  i_copro_alu/result_n2_i_7/CO[3]
                         net (fo=1, routed)           0.000    20.511    i_ariane/gen_example_coprocessor.i_cvxif_coprocessor/i_copro_alu/result_n2__0_2[0]
    SLICE_X35Y82         CARRY4 (Prop_carry4_CI_O[2])
                                                      0.239    20.750 r  i_ariane/gen_example_coprocessor.i_cvxif_coprocessor/i_copro_alu/result_n2_i_6/O[2]
                         net (fo=18, routed)          0.879    21.629    i_ariane/gen_example_coprocessor.i_cvxif_coprocessor/i_copro_alu/result_n3__2[30]
    DSP48_X2Y31          DSP48E1 (Prop_dsp48e1_A[29]_P[20])
                                                      2.255    23.884 r  i_ariane/gen_example_coprocessor.i_cvxif_coprocessor/i_copro_alu/result_n2__0/P[20]
                         net (fo=2, routed)           0.994    24.879    i_ariane/gen_example_coprocessor.i_cvxif_coprocessor/p_0_in[5]
    SLICE_X33Y80         LUT3 (Prop_lut3_I2_O)        0.124    25.003 r  i_ariane/gen_example_coprocessor.i_cvxif_coprocessor/i___43/O
                         net (fo=1, routed)           0.000    25.003    i_ariane/gen_example_coprocessor.i_cvxif_coprocessor/i_copro_alu/result_q[4]_i_5_3[1]
    SLICE_X33Y80         CARRY4 (Prop_carry4_S[1]_CO[3])
                                                      0.550    25.553 r  i_ariane/gen_example_coprocessor.i_cvxif_coprocessor/i_copro_alu/result_n0__246_carry__0/CO[3]
                         net (fo=1, routed)           0.000    25.553    i_ariane/gen_example_coprocessor.i_cvxif_coprocessor/i_copro_alu/result_n0__246_carry__0_n_0
    SLICE_X33Y81         CARRY4 (Prop_carry4_CI_O[0])
                                                      0.222    25.775 r  i_ariane/gen_example_coprocessor.i_cvxif_coprocessor/i_copro_alu/result_n0__246_carry__1/O[0]
                         net (fo=1, routed)           0.529    26.304    i_ariane/gen_example_coprocessor.i_cvxif_coprocessor/i_copro_alu/data9[8]
    SLICE_X31Y80         LUT6 (Prop_lut6_I5_O)        0.299    26.603 f  i_ariane/gen_example_coprocessor.i_cvxif_coprocessor/i_copro_alu/result_q[8]_i_5/O
                         net (fo=1, routed)           0.598    27.201    i_ariane/i_cva6/id_stage_i/result_q_reg[8]_0
    SLICE_X32Y77         LUT6 (Prop_lut6_I5_O)        0.124    27.325 r  i_ariane/i_cva6/id_stage_i/result_q[8]_i_1/O
                         net (fo=1, routed)           0.000    27.325    i_ariane/gen_example_coprocessor.i_cvxif_coprocessor/i_copro_alu/result_q_reg[31]_1[8]
    SLICE_X32Y77         FDCE                                         r  i_ariane/gen_example_coprocessor.i_cvxif_coprocessor/i_copro_alu/result_q_reg[8]/D
  -------------------------------------------------------------------    -------------------

                         (clock clk_out1_xlnx_clk_gen rise edge)
                                                     25.000    25.000 r  
    K17                                               0.000    25.000 r  clk_sys (IN)
                         net (fo=0)                   0.000    25.000    i_xlnx_clk_gen/inst/clk_in1
    K17                  IBUF (Prop_ibuf_I_O)         1.404    26.404 r  i_xlnx_clk_gen/inst/clkin1_ibufg/O
                         net (fo=1, routed)           1.162    27.566    i_xlnx_clk_gen/inst/clk_in1_xlnx_clk_gen
    MMCME2_ADV_X1Y2      MMCME2_ADV (Prop_mmcme2_adv_CLKIN1_CLKOUT0)
                                                     -7.814    19.752 r  i_xlnx_clk_gen/inst/mmcm_adv_inst/CLKOUT0
                         net (fo=1, routed)           2.012    21.764    i_xlnx_clk_gen/inst/clk_out1_xlnx_clk_gen
    BUFGCTRL_X0Y16       BUFG (Prop_bufg_I_O)         0.091    21.855 r  i_xlnx_clk_gen/inst/clkout1_buf/O
                         net (fo=15067, routed)       1.465    23.320    i_ariane/gen_example_coprocessor.i_cvxif_coprocessor/i_copro_alu/clk_out1
    SLICE_X32Y77         FDCE                                         r  i_ariane/gen_example_coprocessor.i_cvxif_coprocessor/i_copro_alu/result_q_reg[8]/C
                         clock pessimism              0.567    23.887    
                         clock uncertainty           -0.082    23.805    
    SLICE_X32Y77         FDCE (Setup_fdce_C_D)        0.081    23.886    i_ariane/gen_example_coprocessor.i_cvxif_coprocessor/i_copro_alu/result_q_reg[8]
  -------------------------------------------------------------------
                         required time                         23.886    
                         arrival time                         -27.325    
  -------------------------------------------------------------------
                         slack                                 -3.439    

Slack (VIOLATED) :        -3.407ns  (required time - arrival time)
  Source:                 i_ariane/i_cva6/issue_stage_i/i_issue_read_operands/branch_valid_q_reg[0]/C
                            (rising edge-triggered cell FDCE clocked by clk_out1_xlnx_clk_gen  {rise@0.000ns fall@12.500ns period=25.000ns})
  Destination:            i_ariane/gen_example_coprocessor.i_cvxif_coprocessor/i_copro_alu/result_q_reg[14]/D
                            (rising edge-triggered cell FDCE clocked by clk_out1_xlnx_clk_gen  {rise@0.000ns fall@12.500ns period=25.000ns})
  Path Group:             clk_out1_xlnx_clk_gen
  Path Type:              Setup (Max at Slow Process Corner)
  Requirement:            25.000ns  (clk_out1_xlnx_clk_gen rise@25.000ns - clk_out1_xlnx_clk_gen rise@0.000ns)
  Data Path Delay:        28.338ns  (logic 13.206ns (46.601%)  route 15.132ns (53.399%))
  Logic Levels:           34  (CARRY4=13 DSP48E1=2 LUT2=1 LUT3=2 LUT4=1 LUT5=4 LUT6=10 MUXF7=1)
  Clock Path Skew:        -0.063ns (DCD - SCD + CPR)
    Destination Clock Delay (DCD):    -1.680ns = ( 23.320 - 25.000 ) 
    Source Clock Delay      (SCD):    -1.050ns
    Clock Pessimism Removal (CPR):    0.567ns
  Clock Uncertainty:      0.082ns  ((TSJ^2 + DJ^2)^1/2) / 2 + PE
    Total System Jitter     (TSJ):    0.071ns
    Discrete Jitter          (DJ):    0.149ns
    Phase Error              (PE):    0.000ns

    Location             Delay type                Incr(ns)  Path(ns)    Netlist Resource(s)
  -------------------------------------------------------------------    -------------------
                         (clock clk_out1_xlnx_clk_gen rise edge)
                                                      0.000     0.000 r  
    K17                                               0.000     0.000 r  clk_sys (IN)
                         net (fo=0)                   0.000     0.000    i_xlnx_clk_gen/inst/clk_in1
    K17                  IBUF (Prop_ibuf_I_O)         1.475     1.475 r  i_xlnx_clk_gen/inst/clkin1_ibufg/O
                         net (fo=1, routed)           1.285     2.760    i_xlnx_clk_gen/inst/clk_in1_xlnx_clk_gen
    MMCME2_ADV_X1Y2      MMCME2_ADV (Prop_mmcme2_adv_CLKIN1_CLKOUT0)
                                                     -7.759    -4.999 r  i_xlnx_clk_gen/inst/mmcm_adv_inst/CLKOUT0
                         net (fo=1, routed)           2.206    -2.793    i_xlnx_clk_gen/inst/clk_out1_xlnx_clk_gen
    BUFGCTRL_X0Y16       BUFG (Prop_bufg_I_O)         0.101    -2.692 r  i_xlnx_clk_gen/inst/clkout1_buf/O
                         net (fo=15067, routed)       1.642    -1.050    i_ariane/i_cva6/issue_stage_i/i_issue_read_operands/clk_out1
    SLICE_X40Y82         FDCE                                         r  i_ariane/i_cva6/issue_stage_i/i_issue_read_operands/branch_valid_q_reg[0]/C
  -------------------------------------------------------------------    -------------------
    SLICE_X40Y82         FDCE (Prop_fdce_C_Q)         0.456    -0.594 r  i_ariane/i_cva6/issue_stage_i/i_issue_read_operands/branch_valid_q_reg[0]/Q
                         net (fo=120, routed)         0.780     0.186    i_ariane/i_cva6/ex_stage_i/branch_valid_id_ex
    SLICE_X36Y80         LUT3 (Prop_lut3_I1_O)        0.124     0.310 r  i_ariane/i_cva6/ex_stage_i/i___34_i_2/O
                         net (fo=173, routed)         0.626     0.936    i_ariane/i_cva6/issue_stage_i/i_issue_read_operands/p_0_in
    SLICE_X37Y80         LUT5 (Prop_lut5_I4_O)        0.150     1.086 r  i_ariane/i_cva6/issue_stage_i/i_issue_read_operands/mem_q[1][sbe][result][0]_i_17/O
                         net (fo=2, routed)           0.668     1.753    i_ariane/i_cva6/issue_stage_i/i_issue_read_operands/mem_q[1][sbe][result][0]_i_17_n_0
    SLICE_X37Y80         LUT6 (Prop_lut6_I5_O)        0.326     2.079 r  i_ariane/i_cva6/issue_stage_i/i_issue_read_operands/mem_q[1][sbe][result][0]_i_9_replica/O
                         net (fo=33, routed)          0.792     2.872    i_ariane/i_cva6/ex_stage_i/csr_valid_q_reg[0]_3_repN_alias
    SLICE_X37Y77         LUT6 (Prop_lut6_I5_O)        0.124     2.996 r  i_ariane/i_cva6/ex_stage_i/mem_q[1][sbe][result][0]_i_15/O
                         net (fo=1, routed)           0.423     3.418    i_ariane/i_cva6/ex_stage_i/mem_q[1][sbe][result][0]_i_15_n_0
    SLICE_X38Y76         CARRY4 (Prop_carry4_S[0]_CO[3])
                                                      0.637     4.055 r  i_ariane/i_cva6/ex_stage_i/mem_q_reg[1][sbe][result][0]_i_7/CO[3]
                         net (fo=1, routed)           0.000     4.055    i_ariane/i_cva6/ex_stage_i/mem_q_reg[1][sbe][result][0]_i_7_n_0
    SLICE_X38Y77         CARRY4 (Prop_carry4_CI_O[1])
                                                      0.323     4.378 f  i_ariane/i_cva6/ex_stage_i/mem_q_reg[1][sbe][result][7]_i_10/O[1]
                         net (fo=2, routed)           0.683     5.062    i_ariane/i_cva6/ex_stage_i/adder_result[5]
    SLICE_X42Y77         LUT4 (Prop_lut4_I0_O)        0.306     5.368 f  i_ariane/i_cva6/ex_stage_i/i___2_i_26/O
                         net (fo=1, routed)           0.437     5.805    i_ariane/i_cva6/ex_stage_i/i___2_i_26_n_0
    SLICE_X47Y78         LUT5 (Prop_lut5_I4_O)        0.124     5.929 f  i_ariane/i_cva6/ex_stage_i/i___2_i_21/O
                         net (fo=1, routed)           1.004     6.932    i_ariane/i_cva6/ex_stage_i/i___2_i_21_n_0
    SLICE_X47Y81         LUT6 (Prop_lut6_I3_O)        0.124     7.056 r  i_ariane/i_cva6/ex_stage_i/i___2_i_19_comp_1/O
                         net (fo=1, routed)           0.308     7.364    i_ariane/i_cva6/issue_stage_i/i_issue_read_operands/data0
    SLICE_X48Y81         LUT6 (Prop_lut6_I2_O)        0.124     7.488 r  i_ariane/i_cva6/issue_stage_i/i_issue_read_operands/i___2_i_18/O
                         net (fo=1, routed)           0.000     7.488    i_ariane/i_cva6/issue_stage_i/i_issue_read_operands/i___2_i_18_n_0
    SLICE_X48Y81         MUXF7 (Prop_muxf7_I1_O)      0.217     7.705 r  i_ariane/i_cva6/issue_stage_i/i_issue_read_operands/i___2_i_6/O
                         net (fo=3, routed)           0.335     8.040    i_ariane/i_cva6/issue_stage_i/i_issue_read_operands/i___2_i_6_n_0
    SLICE_X48Y80         LUT5 (Prop_lut5_I4_O)        0.299     8.339 r  i_ariane/i_cva6/issue_stage_i/i_issue_read_operands/i___2_i_2/O
                         net (fo=45, routed)          0.683     9.022    i_ariane/i_cva6/issue_stage_i/i_issue_read_operands/fu_data_q_reg[0][operation][5]_0
    SLICE_X47Y80         LUT6 (Prop_lut6_I0_O)        0.124     9.146 f  i_ariane/i_cva6/issue_stage_i/i_issue_read_operands/i___33__0_i_1_replica_1/O
                         net (fo=1, routed)           0.996    10.142    i_ariane/i_cva6/id_stage_i/branch_predict_o_reg[cf][2]_0_repN_9_alias
    SLICE_X32Y84         LUT6 (Prop_lut6_I4_O)        0.124    10.266 r  i_ariane/i_cva6/id_stage_i/i__i_12_comp_2/O
                         net (fo=5, routed)           0.844    11.110    i_ariane/i_cva6/id_stage_i/i__i_12_n_0
    SLICE_X34Y85         LUT6 (Prop_lut6_I5_O)        0.124    11.234 f  i_ariane/i_cva6/id_stage_i/i___104_i_3/O
                         net (fo=100, routed)         0.918    12.152    i_ariane/i_cva6/issue_stage_i/i_scoreboard/fu_data_q_reg[0][operand_b][0]
    SLICE_X37Y86         LUT5 (Prop_lut5_I0_O)        0.124    12.276 r  i_ariane/i_cva6/issue_stage_i/i_scoreboard/i__i_7_comp/O
                         net (fo=37, routed)          0.688    12.964    i_ariane/i_cva6/id_stage_i/fu_data_q_reg[0][operand_b][0]_0
    SLICE_X37Y85         LUT6 (Prop_lut6_I3_O)        0.124    13.088 r  i_ariane/i_cva6/id_stage_i/i___176_i_2/O
                         net (fo=7, routed)           0.641    13.729    i_ariane/i_cva6/id_stage_i/issue_q_reg[0][sbe][result][31]_0[27]
    SLICE_X36Y85         LUT2 (Prop_lut2_I0_O)        0.124    13.853 r  i_ariane/i_cva6/id_stage_i/result_n3__0_i_20/O
                         net (fo=4, routed)           0.582    14.435    i_ariane/gen_example_coprocessor.i_cvxif_coprocessor/i_copro_alu/result_n4__1_0[12]
    DSP48_X2Y33          DSP48E1 (Prop_dsp48e1_A[12]_P[0])
                                                      3.841    18.276 r  i_ariane/gen_example_coprocessor.i_cvxif_coprocessor/i_copro_alu/result_n4__0/P[0]
                         net (fo=1, routed)           0.895    19.171    i_ariane_n_7
    SLICE_X35Y75         CARRY4 (Prop_carry4_S[0]_CO[3])
                                                      0.656    19.827 r  i_copro_alu/result_n2_i_5/CO[3]
                         net (fo=1, routed)           0.000    19.827    i_copro_alu/result_n2_i_5_n_0
    SLICE_X35Y76         CARRY4 (Prop_carry4_CI_CO[3])
                                                      0.114    19.941 r  i_copro_alu/result_n2_i_4/CO[3]
                         net (fo=1, routed)           0.000    19.941    i_copro_alu/result_n2_i_4_n_0
    SLICE_X35Y77         CARRY4 (Prop_carry4_CI_CO[3])
                                                      0.114    20.055 r  i_copro_alu/result_n2_i_3/CO[3]
                         net (fo=1, routed)           0.000    20.055    i_copro_alu/result_n2_i_3_n_0
    SLICE_X35Y78         CARRY4 (Prop_carry4_CI_CO[3])
                                                      0.114    20.169 r  i_copro_alu/result_n2_i_2/CO[3]
                         net (fo=1, routed)           0.000    20.169    i_copro_alu/result_n2_i_2_n_0
    SLICE_X35Y79         CARRY4 (Prop_carry4_CI_CO[3])
                                                      0.114    20.283 r  i_copro_alu/result_n2_i_1/CO[3]
                         net (fo=1, routed)           0.000    20.283    i_copro_alu/result_n2_i_1_n_0
    SLICE_X35Y80         CARRY4 (Prop_carry4_CI_CO[3])
                                                      0.114    20.397 r  i_copro_alu/result_n2_i_8/CO[3]
                         net (fo=1, routed)           0.000    20.397    i_copro_alu/result_n2_i_8_n_0
    SLICE_X35Y81         CARRY4 (Prop_carry4_CI_CO[3])
                                                      0.114    20.511 r  i_copro_alu/result_n2_i_7/CO[3]
                         net (fo=1, routed)           0.000    20.511    i_ariane/gen_example_coprocessor.i_cvxif_coprocessor/i_copro_alu/result_n2__0_2[0]
    SLICE_X35Y82         CARRY4 (Prop_carry4_CI_O[2])
                                                      0.239    20.750 r  i_ariane/gen_example_coprocessor.i_cvxif_coprocessor/i_copro_alu/result_n2_i_6/O[2]
                         net (fo=18, routed)          0.879    21.629    i_ariane/gen_example_coprocessor.i_cvxif_coprocessor/i_copro_alu/result_n3__2[30]
    DSP48_X2Y31          DSP48E1 (Prop_dsp48e1_A[29]_P[20])
                                                      2.255    23.884 r  i_ariane/gen_example_coprocessor.i_cvxif_coprocessor/i_copro_alu/result_n2__0/P[20]
                         net (fo=2, routed)           0.994    24.879    i_ariane/gen_example_coprocessor.i_cvxif_coprocessor/p_0_in[5]
    SLICE_X33Y80         LUT3 (Prop_lut3_I2_O)        0.124    25.003 r  i_ariane/gen_example_coprocessor.i_cvxif_coprocessor/i___43/O
                         net (fo=1, routed)           0.000    25.003    i_ariane/gen_example_coprocessor.i_cvxif_coprocessor/i_copro_alu/result_q[4]_i_5_3[1]
    SLICE_X33Y80         CARRY4 (Prop_carry4_S[1]_CO[3])
                                                      0.550    25.553 r  i_ariane/gen_example_coprocessor.i_cvxif_coprocessor/i_copro_alu/result_n0__246_carry__0/CO[3]
                         net (fo=1, routed)           0.000    25.553    i_ariane/gen_example_coprocessor.i_cvxif_coprocessor/i_copro_alu/result_n0__246_carry__0_n_0
    SLICE_X33Y81         CARRY4 (Prop_carry4_CI_CO[3])
                                                      0.114    25.667 r  i_ariane/gen_example_coprocessor.i_cvxif_coprocessor/i_copro_alu/result_n0__246_carry__1/CO[3]
                         net (fo=1, routed)           0.000    25.667    i_ariane/gen_example_coprocessor.i_cvxif_coprocessor/i_copro_alu/result_n0__246_carry__1_n_0
    SLICE_X33Y82         CARRY4 (Prop_carry4_CI_O[2])
                                                      0.239    25.906 r  i_ariane/gen_example_coprocessor.i_cvxif_coprocessor/i_copro_alu/result_n0__246_carry__2/O[2]
                         net (fo=1, routed)           0.461    26.367    i_ariane/i_cva6/id_stage_i/result_q_reg[31]_0[3]
    SLICE_X32Y79         LUT6 (Prop_lut6_I1_O)        0.302    26.669 f  i_ariane/i_cva6/id_stage_i/result_q[14]_i_5/O
                         net (fo=1, routed)           0.496    27.164    i_ariane/i_cva6/id_stage_i/result_q[14]_i_5_n_0
    SLICE_X32Y77         LUT6 (Prop_lut6_I5_O)        0.124    27.288 r  i_ariane/i_cva6/id_stage_i/result_q[14]_i_1/O
                         net (fo=1, routed)           0.000    27.288    i_ariane/gen_example_coprocessor.i_cvxif_coprocessor/i_copro_alu/result_q_reg[31]_1[14]
    SLICE_X32Y77         FDCE                                         r  i_ariane/gen_example_coprocessor.i_cvxif_coprocessor/i_copro_alu/result_q_reg[14]/D
  -------------------------------------------------------------------    -------------------

                         (clock clk_out1_xlnx_clk_gen rise edge)
                                                     25.000    25.000 r  
    K17                                               0.000    25.000 r  clk_sys (IN)
                         net (fo=0)                   0.000    25.000    i_xlnx_clk_gen/inst/clk_in1
    K17                  IBUF (Prop_ibuf_I_O)         1.404    26.404 r  i_xlnx_clk_gen/inst/clkin1_ibufg/O
                         net (fo=1, routed)           1.162    27.566    i_xlnx_clk_gen/inst/clk_in1_xlnx_clk_gen
    MMCME2_ADV_X1Y2      MMCME2_ADV (Prop_mmcme2_adv_CLKIN1_CLKOUT0)
                                                     -7.814    19.752 r  i_xlnx_clk_gen/inst/mmcm_adv_inst/CLKOUT0
                         net (fo=1, routed)           2.012    21.764    i_xlnx_clk_gen/inst/clk_out1_xlnx_clk_gen
    BUFGCTRL_X0Y16       BUFG (Prop_bufg_I_O)         0.091    21.855 r  i_xlnx_clk_gen/inst/clkout1_buf/O
                         net (fo=15067, routed)       1.465    23.320    i_ariane/gen_example_coprocessor.i_cvxif_coprocessor/i_copro_alu/clk_out1
    SLICE_X32Y77         FDCE                                         r  i_ariane/gen_example_coprocessor.i_cvxif_coprocessor/i_copro_alu/result_q_reg[14]/C
                         clock pessimism              0.567    23.887    
                         clock uncertainty           -0.082    23.805    
    SLICE_X32Y77         FDCE (Setup_fdce_C_D)        0.077    23.882    i_ariane/gen_example_coprocessor.i_cvxif_coprocessor/i_copro_alu/result_q_reg[14]
  -------------------------------------------------------------------
                         required time                         23.882    
                         arrival time                         -27.288    
  -------------------------------------------------------------------
                         slack                                 -3.407    

Slack (VIOLATED) :        -3.380ns  (required time - arrival time)
  Source:                 i_ariane/i_cva6/issue_stage_i/i_issue_read_operands/branch_valid_q_reg[0]/C
                            (rising edge-triggered cell FDCE clocked by clk_out1_xlnx_clk_gen  {rise@0.000ns fall@12.500ns period=25.000ns})
  Destination:            i_ariane/gen_example_coprocessor.i_cvxif_coprocessor/i_copro_alu/result_q_reg[9]/D
                            (rising edge-triggered cell FDCE clocked by clk_out1_xlnx_clk_gen  {rise@0.000ns fall@12.500ns period=25.000ns})
  Path Group:             clk_out1_xlnx_clk_gen
  Path Type:              Setup (Max at Slow Process Corner)
  Requirement:            25.000ns  (clk_out1_xlnx_clk_gen rise@25.000ns - clk_out1_xlnx_clk_gen rise@0.000ns)
  Data Path Delay:        28.309ns  (logic 13.188ns (46.586%)  route 15.121ns (53.414%))
  Logic Levels:           33  (CARRY4=12 DSP48E1=2 LUT2=1 LUT3=2 LUT4=1 LUT5=4 LUT6=10 MUXF7=1)
  Clock Path Skew:        -0.018ns (DCD - SCD + CPR)
    Destination Clock Delay (DCD):    -1.635ns = ( 23.365 - 25.000 ) 
    Source Clock Delay      (SCD):    -1.050ns
    Clock Pessimism Removal (CPR):    0.567ns
  Clock Uncertainty:      0.082ns  ((TSJ^2 + DJ^2)^1/2) / 2 + PE
    Total System Jitter     (TSJ):    0.071ns
    Discrete Jitter          (DJ):    0.149ns
    Phase Error              (PE):    0.000ns

    Location             Delay type                Incr(ns)  Path(ns)    Netlist Resource(s)
  -------------------------------------------------------------------    -------------------
                         (clock clk_out1_xlnx_clk_gen rise edge)
                                                      0.000     0.000 r  
    K17                                               0.000     0.000 r  clk_sys (IN)
                         net (fo=0)                   0.000     0.000    i_xlnx_clk_gen/inst/clk_in1
    K17                  IBUF (Prop_ibuf_I_O)         1.475     1.475 r  i_xlnx_clk_gen/inst/clkin1_ibufg/O
                         net (fo=1, routed)           1.285     2.760    i_xlnx_clk_gen/inst/clk_in1_xlnx_clk_gen
    MMCME2_ADV_X1Y2      MMCME2_ADV (Prop_mmcme2_adv_CLKIN1_CLKOUT0)
                                                     -7.759    -4.999 r  i_xlnx_clk_gen/inst/mmcm_adv_inst/CLKOUT0
                         net (fo=1, routed)           2.206    -2.793    i_xlnx_clk_gen/inst/clk_out1_xlnx_clk_gen
    BUFGCTRL_X0Y16       BUFG (Prop_bufg_I_O)         0.101    -2.692 r  i_xlnx_clk_gen/inst/clkout1_buf/O
                         net (fo=15067, routed)       1.642    -1.050    i_ariane/i_cva6/issue_stage_i/i_issue_read_operands/clk_out1
    SLICE_X40Y82         FDCE                                         r  i_ariane/i_cva6/issue_stage_i/i_issue_read_operands/branch_valid_q_reg[0]/C
  -------------------------------------------------------------------    -------------------
    SLICE_X40Y82         FDCE (Prop_fdce_C_Q)         0.456    -0.594 r  i_ariane/i_cva6/issue_stage_i/i_issue_read_operands/branch_valid_q_reg[0]/Q
                         net (fo=120, routed)         0.780     0.186    i_ariane/i_cva6/ex_stage_i/branch_valid_id_ex
    SLICE_X36Y80         LUT3 (Prop_lut3_I1_O)        0.124     0.310 r  i_ariane/i_cva6/ex_stage_i/i___34_i_2/O
                         net (fo=173, routed)         0.626     0.936    i_ariane/i_cva6/issue_stage_i/i_issue_read_operands/p_0_in
    SLICE_X37Y80         LUT5 (Prop_lut5_I4_O)        0.150     1.086 r  i_ariane/i_cva6/issue_stage_i/i_issue_read_operands/mem_q[1][sbe][result][0]_i_17/O
                         net (fo=2, routed)           0.668     1.753    i_ariane/i_cva6/issue_stage_i/i_issue_read_operands/mem_q[1][sbe][result][0]_i_17_n_0
    SLICE_X37Y80         LUT6 (Prop_lut6_I5_O)        0.326     2.079 r  i_ariane/i_cva6/issue_stage_i/i_issue_read_operands/mem_q[1][sbe][result][0]_i_9_replica/O
                         net (fo=33, routed)          0.792     2.872    i_ariane/i_cva6/ex_stage_i/csr_valid_q_reg[0]_3_repN_alias
    SLICE_X37Y77         LUT6 (Prop_lut6_I5_O)        0.124     2.996 r  i_ariane/i_cva6/ex_stage_i/mem_q[1][sbe][result][0]_i_15/O
                         net (fo=1, routed)           0.423     3.418    i_ariane/i_cva6/ex_stage_i/mem_q[1][sbe][result][0]_i_15_n_0
    SLICE_X38Y76         CARRY4 (Prop_carry4_S[0]_CO[3])
                                                      0.637     4.055 r  i_ariane/i_cva6/ex_stage_i/mem_q_reg[1][sbe][result][0]_i_7/CO[3]
                         net (fo=1, routed)           0.000     4.055    i_ariane/i_cva6/ex_stage_i/mem_q_reg[1][sbe][result][0]_i_7_n_0
    SLICE_X38Y77         CARRY4 (Prop_carry4_CI_O[1])
                                                      0.323     4.378 f  i_ariane/i_cva6/ex_stage_i/mem_q_reg[1][sbe][result][7]_i_10/O[1]
                         net (fo=2, routed)           0.683     5.062    i_ariane/i_cva6/ex_stage_i/adder_result[5]
    SLICE_X42Y77         LUT4 (Prop_lut4_I0_O)        0.306     5.368 f  i_ariane/i_cva6/ex_stage_i/i___2_i_26/O
                         net (fo=1, routed)           0.437     5.805    i_ariane/i_cva6/ex_stage_i/i___2_i_26_n_0
    SLICE_X47Y78         LUT5 (Prop_lut5_I4_O)        0.124     5.929 f  i_ariane/i_cva6/ex_stage_i/i___2_i_21/O
                         net (fo=1, routed)           1.004     6.932    i_ariane/i_cva6/ex_stage_i/i___2_i_21_n_0
    SLICE_X47Y81         LUT6 (Prop_lut6_I3_O)        0.124     7.056 r  i_ariane/i_cva6/ex_stage_i/i___2_i_19_comp_1/O
                         net (fo=1, routed)           0.308     7.364    i_ariane/i_cva6/issue_stage_i/i_issue_read_operands/data0
    SLICE_X48Y81         LUT6 (Prop_lut6_I2_O)        0.124     7.488 r  i_ariane/i_cva6/issue_stage_i/i_issue_read_operands/i___2_i_18/O
                         net (fo=1, routed)           0.000     7.488    i_ariane/i_cva6/issue_stage_i/i_issue_read_operands/i___2_i_18_n_0
    SLICE_X48Y81         MUXF7 (Prop_muxf7_I1_O)      0.217     7.705 r  i_ariane/i_cva6/issue_stage_i/i_issue_read_operands/i___2_i_6/O
                         net (fo=3, routed)           0.335     8.040    i_ariane/i_cva6/issue_stage_i/i_issue_read_operands/i___2_i_6_n_0
    SLICE_X48Y80         LUT5 (Prop_lut5_I4_O)        0.299     8.339 r  i_ariane/i_cva6/issue_stage_i/i_issue_read_operands/i___2_i_2/O
                         net (fo=45, routed)          0.683     9.022    i_ariane/i_cva6/issue_stage_i/i_issue_read_operands/fu_data_q_reg[0][operation][5]_0
    SLICE_X47Y80         LUT6 (Prop_lut6_I0_O)        0.124     9.146 f  i_ariane/i_cva6/issue_stage_i/i_issue_read_operands/i___33__0_i_1_replica_1/O
                         net (fo=1, routed)           0.996    10.142    i_ariane/i_cva6/id_stage_i/branch_predict_o_reg[cf][2]_0_repN_9_alias
    SLICE_X32Y84         LUT6 (Prop_lut6_I4_O)        0.124    10.266 r  i_ariane/i_cva6/id_stage_i/i__i_12_comp_2/O
                         net (fo=5, routed)           0.844    11.110    i_ariane/i_cva6/id_stage_i/i__i_12_n_0
    SLICE_X34Y85         LUT6 (Prop_lut6_I5_O)        0.124    11.234 f  i_ariane/i_cva6/id_stage_i/i___104_i_3/O
                         net (fo=100, routed)         0.918    12.152    i_ariane/i_cva6/issue_stage_i/i_scoreboard/fu_data_q_reg[0][operand_b][0]
    SLICE_X37Y86         LUT5 (Prop_lut5_I0_O)        0.124    12.276 r  i_ariane/i_cva6/issue_stage_i/i_scoreboard/i__i_7_comp/O
                         net (fo=37, routed)          0.688    12.964    i_ariane/i_cva6/id_stage_i/fu_data_q_reg[0][operand_b][0]_0
    SLICE_X37Y85         LUT6 (Prop_lut6_I3_O)        0.124    13.088 r  i_ariane/i_cva6/id_stage_i/i___176_i_2/O
                         net (fo=7, routed)           0.641    13.729    i_ariane/i_cva6/id_stage_i/issue_q_reg[0][sbe][result][31]_0[27]
    SLICE_X36Y85         LUT2 (Prop_lut2_I0_O)        0.124    13.853 r  i_ariane/i_cva6/id_stage_i/result_n3__0_i_20/O
                         net (fo=4, routed)           0.582    14.435    i_ariane/gen_example_coprocessor.i_cvxif_coprocessor/i_copro_alu/result_n4__1_0[12]
    DSP48_X2Y33          DSP48E1 (Prop_dsp48e1_A[12]_P[0])
                                                      3.841    18.276 r  i_ariane/gen_example_coprocessor.i_cvxif_coprocessor/i_copro_alu/result_n4__0/P[0]
                         net (fo=1, routed)           0.895    19.171    i_ariane_n_7
    SLICE_X35Y75         CARRY4 (Prop_carry4_S[0]_CO[3])
                                                      0.656    19.827 r  i_copro_alu/result_n2_i_5/CO[3]
                         net (fo=1, routed)           0.000    19.827    i_copro_alu/result_n2_i_5_n_0
    SLICE_X35Y76         CARRY4 (Prop_carry4_CI_CO[3])
                                                      0.114    19.941 r  i_copro_alu/result_n2_i_4/CO[3]
                         net (fo=1, routed)           0.000    19.941    i_copro_alu/result_n2_i_4_n_0
    SLICE_X35Y77         CARRY4 (Prop_carry4_CI_CO[3])
                                                      0.114    20.055 r  i_copro_alu/result_n2_i_3/CO[3]
                         net (fo=1, routed)           0.000    20.055    i_copro_alu/result_n2_i_3_n_0
    SLICE_X35Y78         CARRY4 (Prop_carry4_CI_CO[3])
                                                      0.114    20.169 r  i_copro_alu/result_n2_i_2/CO[3]
                         net (fo=1, routed)           0.000    20.169    i_copro_alu/result_n2_i_2_n_0
    SLICE_X35Y79         CARRY4 (Prop_carry4_CI_CO[3])
                                                      0.114    20.283 r  i_copro_alu/result_n2_i_1/CO[3]
                         net (fo=1, routed)           0.000    20.283    i_copro_alu/result_n2_i_1_n_0
    SLICE_X35Y80         CARRY4 (Prop_carry4_CI_CO[3])
                                                      0.114    20.397 r  i_copro_alu/result_n2_i_8/CO[3]
                         net (fo=1, routed)           0.000    20.397    i_copro_alu/result_n2_i_8_n_0
    SLICE_X35Y81         CARRY4 (Prop_carry4_CI_CO[3])
                                                      0.114    20.511 r  i_copro_alu/result_n2_i_7/CO[3]
                         net (fo=1, routed)           0.000    20.511    i_ariane/gen_example_coprocessor.i_cvxif_coprocessor/i_copro_alu/result_n2__0_2[0]
    SLICE_X35Y82         CARRY4 (Prop_carry4_CI_O[2])
                                                      0.239    20.750 r  i_ariane/gen_example_coprocessor.i_cvxif_coprocessor/i_copro_alu/result_n2_i_6/O[2]
                         net (fo=18, routed)          0.879    21.629    i_ariane/gen_example_coprocessor.i_cvxif_coprocessor/i_copro_alu/result_n3__2[30]
    DSP48_X2Y31          DSP48E1 (Prop_dsp48e1_A[29]_P[20])
                                                      2.255    23.884 r  i_ariane/gen_example_coprocessor.i_cvxif_coprocessor/i_copro_alu/result_n2__0/P[20]
                         net (fo=2, routed)           0.994    24.879    i_ariane/gen_example_coprocessor.i_cvxif_coprocessor/p_0_in[5]
    SLICE_X33Y80         LUT3 (Prop_lut3_I2_O)        0.124    25.003 r  i_ariane/gen_example_coprocessor.i_cvxif_coprocessor/i___43/O
                         net (fo=1, routed)           0.000    25.003    i_ariane/gen_example_coprocessor.i_cvxif_coprocessor/i_copro_alu/result_q[4]_i_5_3[1]
    SLICE_X33Y80         CARRY4 (Prop_carry4_S[1]_CO[3])
                                                      0.550    25.553 r  i_ariane/gen_example_coprocessor.i_cvxif_coprocessor/i_copro_alu/result_n0__246_carry__0/CO[3]
                         net (fo=1, routed)           0.000    25.553    i_ariane/gen_example_coprocessor.i_cvxif_coprocessor/i_copro_alu/result_n0__246_carry__0_n_0
    SLICE_X33Y81         CARRY4 (Prop_carry4_CI_O[1])
                                                      0.334    25.887 r  i_ariane/gen_example_coprocessor.i_cvxif_coprocessor/i_copro_alu/result_n0__246_carry__1/O[1]
                         net (fo=1, routed)           0.531    26.418    i_ariane/gen_example_coprocessor.i_cvxif_coprocessor/i_copro_alu/data9[9]
    SLICE_X31Y80         LUT6 (Prop_lut6_I2_O)        0.303    26.721 f  i_ariane/gen_example_coprocessor.i_cvxif_coprocessor/i_copro_alu/result_q[9]_i_5/O
                         net (fo=1, routed)           0.414    27.135    i_ariane/i_cva6/id_stage_i/result_q_reg[9]_0
    SLICE_X27Y80         LUT6 (Prop_lut6_I5_O)        0.124    27.259 r  i_ariane/i_cva6/id_stage_i/result_q[9]_i_1/O
                         net (fo=1, routed)           0.000    27.259    i_ariane/gen_example_coprocessor.i_cvxif_coprocessor/i_copro_alu/result_q_reg[31]_1[9]
    SLICE_X27Y80         FDCE                                         r  i_ariane/gen_example_coprocessor.i_cvxif_coprocessor/i_copro_alu/result_q_reg[9]/D
  -------------------------------------------------------------------    -------------------

                         (clock clk_out1_xlnx_clk_gen rise edge)
                                                     25.000    25.000 r  
    K17                                               0.000    25.000 r  clk_sys (IN)
                         net (fo=0)                   0.000    25.000    i_xlnx_clk_gen/inst/clk_in1
    K17                  IBUF (Prop_ibuf_I_O)         1.404    26.404 r  i_xlnx_clk_gen/inst/clkin1_ibufg/O
                         net (fo=1, routed)           1.162    27.566    i_xlnx_clk_gen/inst/clk_in1_xlnx_clk_gen
    MMCME2_ADV_X1Y2      MMCME2_ADV (Prop_mmcme2_adv_CLKIN1_CLKOUT0)
                                                     -7.814    19.752 r  i_xlnx_clk_gen/inst/mmcm_adv_inst/CLKOUT0
                         net (fo=1, routed)           2.012    21.764    i_xlnx_clk_gen/inst/clk_out1_xlnx_clk_gen
    BUFGCTRL_X0Y16       BUFG (Prop_bufg_I_O)         0.091    21.855 r  i_xlnx_clk_gen/inst/clkout1_buf/O
                         net (fo=15067, routed)       1.510    23.365    i_ariane/gen_example_coprocessor.i_cvxif_coprocessor/i_copro_alu/clk_out1
    SLICE_X27Y80         FDCE                                         r  i_ariane/gen_example_coprocessor.i_cvxif_coprocessor/i_copro_alu/result_q_reg[9]/C
                         clock pessimism              0.567    23.932    
                         clock uncertainty           -0.082    23.850    
    SLICE_X27Y80         FDCE (Setup_fdce_C_D)        0.029    23.879    i_ariane/gen_example_coprocessor.i_cvxif_coprocessor/i_copro_alu/result_q_reg[9]
  -------------------------------------------------------------------
                         required time                         23.879    
                         arrival time                         -27.259    
  -------------------------------------------------------------------
                         slack                                 -3.380    

Slack (VIOLATED) :        -3.296ns  (required time - arrival time)
  Source:                 i_ariane/i_cva6/issue_stage_i/i_issue_read_operands/branch_valid_q_reg[0]/C
                            (rising edge-triggered cell FDCE clocked by clk_out1_xlnx_clk_gen  {rise@0.000ns fall@12.500ns period=25.000ns})
  Destination:            i_ariane/gen_example_coprocessor.i_cvxif_coprocessor/i_copro_alu/result_q_reg[15]/D
                            (rising edge-triggered cell FDCE clocked by clk_out1_xlnx_clk_gen  {rise@0.000ns fall@12.500ns period=25.000ns})
  Path Group:             clk_out1_xlnx_clk_gen
  Path Type:              Setup (Max at Slow Process Corner)
  Requirement:            25.000ns  (clk_out1_xlnx_clk_gen rise@25.000ns - clk_out1_xlnx_clk_gen rise@0.000ns)
  Data Path Delay:        28.229ns  (logic 13.284ns (47.058%)  route 14.945ns (52.942%))
  Logic Levels:           34  (CARRY4=13 DSP48E1=2 LUT2=1 LUT3=2 LUT4=1 LUT5=4 LUT6=10 MUXF7=1)
  Clock Path Skew:        -0.061ns (DCD - SCD + CPR)
    Destination Clock Delay (DCD):    -1.678ns = ( 23.322 - 25.000 ) 
    Source Clock Delay      (SCD):    -1.050ns
    Clock Pessimism Removal (CPR):    0.567ns
  Clock Uncertainty:      0.082ns  ((TSJ^2 + DJ^2)^1/2) / 2 + PE
    Total System Jitter     (TSJ):    0.071ns
    Discrete Jitter          (DJ):    0.149ns
    Phase Error              (PE):    0.000ns

    Location             Delay type                Incr(ns)  Path(ns)    Netlist Resource(s)
  -------------------------------------------------------------------    -------------------
                         (clock clk_out1_xlnx_clk_gen rise edge)
                                                      0.000     0.000 r  
    K17                                               0.000     0.000 r  clk_sys (IN)
                         net (fo=0)                   0.000     0.000    i_xlnx_clk_gen/inst/clk_in1
    K17                  IBUF (Prop_ibuf_I_O)         1.475     1.475 r  i_xlnx_clk_gen/inst/clkin1_ibufg/O
                         net (fo=1, routed)           1.285     2.760    i_xlnx_clk_gen/inst/clk_in1_xlnx_clk_gen
    MMCME2_ADV_X1Y2      MMCME2_ADV (Prop_mmcme2_adv_CLKIN1_CLKOUT0)
                                                     -7.759    -4.999 r  i_xlnx_clk_gen/inst/mmcm_adv_inst/CLKOUT0
                         net (fo=1, routed)           2.206    -2.793    i_xlnx_clk_gen/inst/clk_out1_xlnx_clk_gen
    BUFGCTRL_X0Y16       BUFG (Prop_bufg_I_O)         0.101    -2.692 r  i_xlnx_clk_gen/inst/clkout1_buf/O
                         net (fo=15067, routed)       1.642    -1.050    i_ariane/i_cva6/issue_stage_i/i_issue_read_operands/clk_out1
    SLICE_X40Y82         FDCE                                         r  i_ariane/i_cva6/issue_stage_i/i_issue_read_operands/branch_valid_q_reg[0]/C
  -------------------------------------------------------------------    -------------------
    SLICE_X40Y82         FDCE (Prop_fdce_C_Q)         0.456    -0.594 r  i_ariane/i_cva6/issue_stage_i/i_issue_read_operands/branch_valid_q_reg[0]/Q
                         net (fo=120, routed)         0.780     0.186    i_ariane/i_cva6/ex_stage_i/branch_valid_id_ex
    SLICE_X36Y80         LUT3 (Prop_lut3_I1_O)        0.124     0.310 r  i_ariane/i_cva6/ex_stage_i/i___34_i_2/O
                         net (fo=173, routed)         0.626     0.936    i_ariane/i_cva6/issue_stage_i/i_issue_read_operands/p_0_in
    SLICE_X37Y80         LUT5 (Prop_lut5_I4_O)        0.150     1.086 r  i_ariane/i_cva6/issue_stage_i/i_issue_read_operands/mem_q[1][sbe][result][0]_i_17/O
                         net (fo=2, routed)           0.668     1.753    i_ariane/i_cva6/issue_stage_i/i_issue_read_operands/mem_q[1][sbe][result][0]_i_17_n_0
    SLICE_X37Y80         LUT6 (Prop_lut6_I5_O)        0.326     2.079 r  i_ariane/i_cva6/issue_stage_i/i_issue_read_operands/mem_q[1][sbe][result][0]_i_9_replica/O
                         net (fo=33, routed)          0.792     2.872    i_ariane/i_cva6/ex_stage_i/csr_valid_q_reg[0]_3_repN_alias
    SLICE_X37Y77         LUT6 (Prop_lut6_I5_O)        0.124     2.996 r  i_ariane/i_cva6/ex_stage_i/mem_q[1][sbe][result][0]_i_15/O
                         net (fo=1, routed)           0.423     3.418    i_ariane/i_cva6/ex_stage_i/mem_q[1][sbe][result][0]_i_15_n_0
    SLICE_X38Y76         CARRY4 (Prop_carry4_S[0]_CO[3])
                                                      0.637     4.055 r  i_ariane/i_cva6/ex_stage_i/mem_q_reg[1][sbe][result][0]_i_7/CO[3]
                         net (fo=1, routed)           0.000     4.055    i_ariane/i_cva6/ex_stage_i/mem_q_reg[1][sbe][result][0]_i_7_n_0
    SLICE_X38Y77         CARRY4 (Prop_carry4_CI_O[1])
                                                      0.323     4.378 f  i_ariane/i_cva6/ex_stage_i/mem_q_reg[1][sbe][result][7]_i_10/O[1]
                         net (fo=2, routed)           0.683     5.062    i_ariane/i_cva6/ex_stage_i/adder_result[5]
    SLICE_X42Y77         LUT4 (Prop_lut4_I0_O)        0.306     5.368 f  i_ariane/i_cva6/ex_stage_i/i___2_i_26/O
                         net (fo=1, routed)           0.437     5.805    i_ariane/i_cva6/ex_stage_i/i___2_i_26_n_0
    SLICE_X47Y78         LUT5 (Prop_lut5_I4_O)        0.124     5.929 f  i_ariane/i_cva6/ex_stage_i/i___2_i_21/O
                         net (fo=1, routed)           1.004     6.932    i_ariane/i_cva6/ex_stage_i/i___2_i_21_n_0
    SLICE_X47Y81         LUT6 (Prop_lut6_I3_O)        0.124     7.056 r  i_ariane/i_cva6/ex_stage_i/i___2_i_19_comp_1/O
                         net (fo=1, routed)           0.308     7.364    i_ariane/i_cva6/issue_stage_i/i_issue_read_operands/data0
    SLICE_X48Y81         LUT6 (Prop_lut6_I2_O)        0.124     7.488 r  i_ariane/i_cva6/issue_stage_i/i_issue_read_operands/i___2_i_18/O
                         net (fo=1, routed)           0.000     7.488    i_ariane/i_cva6/issue_stage_i/i_issue_read_operands/i___2_i_18_n_0
    SLICE_X48Y81         MUXF7 (Prop_muxf7_I1_O)      0.217     7.705 r  i_ariane/i_cva6/issue_stage_i/i_issue_read_operands/i___2_i_6/O
                         net (fo=3, routed)           0.335     8.040    i_ariane/i_cva6/issue_stage_i/i_issue_read_operands/i___2_i_6_n_0
    SLICE_X48Y80         LUT5 (Prop_lut5_I4_O)        0.299     8.339 r  i_ariane/i_cva6/issue_stage_i/i_issue_read_operands/i___2_i_2/O
                         net (fo=45, routed)          0.683     9.022    i_ariane/i_cva6/issue_stage_i/i_issue_read_operands/fu_data_q_reg[0][operation][5]_0
    SLICE_X47Y80         LUT6 (Prop_lut6_I0_O)        0.124     9.146 f  i_ariane/i_cva6/issue_stage_i/i_issue_read_operands/i___33__0_i_1_replica_1/O
                         net (fo=1, routed)           0.996    10.142    i_ariane/i_cva6/id_stage_i/branch_predict_o_reg[cf][2]_0_repN_9_alias
    SLICE_X32Y84         LUT6 (Prop_lut6_I4_O)        0.124    10.266 r  i_ariane/i_cva6/id_stage_i/i__i_12_comp_2/O
                         net (fo=5, routed)           0.844    11.110    i_ariane/i_cva6/id_stage_i/i__i_12_n_0
    SLICE_X34Y85         LUT6 (Prop_lut6_I5_O)        0.124    11.234 f  i_ariane/i_cva6/id_stage_i/i___104_i_3/O
                         net (fo=100, routed)         0.918    12.152    i_ariane/i_cva6/issue_stage_i/i_scoreboard/fu_data_q_reg[0][operand_b][0]
    SLICE_X37Y86         LUT5 (Prop_lut5_I0_O)        0.124    12.276 r  i_ariane/i_cva6/issue_stage_i/i_scoreboard/i__i_7_comp/O
                         net (fo=37, routed)          0.688    12.964    i_ariane/i_cva6/id_stage_i/fu_data_q_reg[0][operand_b][0]_0
    SLICE_X37Y85         LUT6 (Prop_lut6_I3_O)        0.124    13.088 r  i_ariane/i_cva6/id_stage_i/i___176_i_2/O
                         net (fo=7, routed)           0.641    13.729    i_ariane/i_cva6/id_stage_i/issue_q_reg[0][sbe][result][31]_0[27]
    SLICE_X36Y85         LUT2 (Prop_lut2_I0_O)        0.124    13.853 r  i_ariane/i_cva6/id_stage_i/result_n3__0_i_20/O
                         net (fo=4, routed)           0.582    14.435    i_ariane/gen_example_coprocessor.i_cvxif_coprocessor/i_copro_alu/result_n4__1_0[12]
    DSP48_X2Y33          DSP48E1 (Prop_dsp48e1_A[12]_P[0])
                                                      3.841    18.276 r  i_ariane/gen_example_coprocessor.i_cvxif_coprocessor/i_copro_alu/result_n4__0/P[0]
                         net (fo=1, routed)           0.895    19.171    i_ariane_n_7
    SLICE_X35Y75         CARRY4 (Prop_carry4_S[0]_CO[3])
                                                      0.656    19.827 r  i_copro_alu/result_n2_i_5/CO[3]
                         net (fo=1, routed)           0.000    19.827    i_copro_alu/result_n2_i_5_n_0
    SLICE_X35Y76         CARRY4 (Prop_carry4_CI_CO[3])
                                                      0.114    19.941 r  i_copro_alu/result_n2_i_4/CO[3]
                         net (fo=1, routed)           0.000    19.941    i_copro_alu/result_n2_i_4_n_0
    SLICE_X35Y77         CARRY4 (Prop_carry4_CI_CO[3])
                                                      0.114    20.055 r  i_copro_alu/result_n2_i_3/CO[3]
                         net (fo=1, routed)           0.000    20.055    i_copro_alu/result_n2_i_3_n_0
    SLICE_X35Y78         CARRY4 (Prop_carry4_CI_CO[3])
                                                      0.114    20.169 r  i_copro_alu/result_n2_i_2/CO[3]
                         net (fo=1, routed)           0.000    20.169    i_copro_alu/result_n2_i_2_n_0
    SLICE_X35Y79         CARRY4 (Prop_carry4_CI_CO[3])
                                                      0.114    20.283 r  i_copro_alu/result_n2_i_1/CO[3]
                         net (fo=1, routed)           0.000    20.283    i_copro_alu/result_n2_i_1_n_0
    SLICE_X35Y80         CARRY4 (Prop_carry4_CI_CO[3])
                                                      0.114    20.397 r  i_copro_alu/result_n2_i_8/CO[3]
                         net (fo=1, routed)           0.000    20.397    i_copro_alu/result_n2_i_8_n_0
    SLICE_X35Y81         CARRY4 (Prop_carry4_CI_CO[3])
                                                      0.114    20.511 r  i_copro_alu/result_n2_i_7/CO[3]
                         net (fo=1, routed)           0.000    20.511    i_ariane/gen_example_coprocessor.i_cvxif_coprocessor/i_copro_alu/result_n2__0_2[0]
    SLICE_X35Y82         CARRY4 (Prop_carry4_CI_O[2])
                                                      0.239    20.750 r  i_ariane/gen_example_coprocessor.i_cvxif_coprocessor/i_copro_alu/result_n2_i_6/O[2]
                         net (fo=18, routed)          0.879    21.629    i_ariane/gen_example_coprocessor.i_cvxif_coprocessor/i_copro_alu/result_n3__2[30]
    DSP48_X2Y31          DSP48E1 (Prop_dsp48e1_A[29]_P[20])
                                                      2.255    23.884 r  i_ariane/gen_example_coprocessor.i_cvxif_coprocessor/i_copro_alu/result_n2__0/P[20]
                         net (fo=2, routed)           0.994    24.879    i_ariane/gen_example_coprocessor.i_cvxif_coprocessor/p_0_in[5]
    SLICE_X33Y80         LUT3 (Prop_lut3_I2_O)        0.124    25.003 r  i_ariane/gen_example_coprocessor.i_cvxif_coprocessor/i___43/O
                         net (fo=1, routed)           0.000    25.003    i_ariane/gen_example_coprocessor.i_cvxif_coprocessor/i_copro_alu/result_q[4]_i_5_3[1]
    SLICE_X33Y80         CARRY4 (Prop_carry4_S[1]_CO[3])
                                                      0.550    25.553 r  i_ariane/gen_example_coprocessor.i_cvxif_coprocessor/i_copro_alu/result_n0__246_carry__0/CO[3]
                         net (fo=1, routed)           0.000    25.553    i_ariane/gen_example_coprocessor.i_cvxif_coprocessor/i_copro_alu/result_n0__246_carry__0_n_0
    SLICE_X33Y81         CARRY4 (Prop_carry4_CI_CO[3])
                                                      0.114    25.667 r  i_ariane/gen_example_coprocessor.i_cvxif_coprocessor/i_copro_alu/result_n0__246_carry__1/CO[3]
                         net (fo=1, routed)           0.000    25.667    i_ariane/gen_example_coprocessor.i_cvxif_coprocessor/i_copro_alu/result_n0__246_carry__1_n_0
    SLICE_X33Y82         CARRY4 (Prop_carry4_CI_O[3])
                                                      0.313    25.980 r  i_ariane/gen_example_coprocessor.i_cvxif_coprocessor/i_copro_alu/result_n0__246_carry__2/O[3]
                         net (fo=1, routed)           0.309    26.289    i_ariane/i_cva6/id_stage_i/result_q_reg[31]_0[4]
    SLICE_X32Y80         LUT6 (Prop_lut6_I0_O)        0.306    26.595 f  i_ariane/i_cva6/id_stage_i/result_q[15]_i_5/O
                         net (fo=1, routed)           0.460    27.055    i_ariane/i_cva6/id_stage_i/result_q[15]_i_5_n_0
    SLICE_X32Y78         LUT6 (Prop_lut6_I5_O)        0.124    27.179 r  i_ariane/i_cva6/id_stage_i/result_q[15]_i_1/O
                         net (fo=1, routed)           0.000    27.179    i_ariane/gen_example_coprocessor.i_cvxif_coprocessor/i_copro_alu/result_q_reg[31]_1[15]
    SLICE_X32Y78         FDCE                                         r  i_ariane/gen_example_coprocessor.i_cvxif_coprocessor/i_copro_alu/result_q_reg[15]/D
  -------------------------------------------------------------------    -------------------

                         (clock clk_out1_xlnx_clk_gen rise edge)
                                                     25.000    25.000 r  
    K17                                               0.000    25.000 r  clk_sys (IN)
                         net (fo=0)                   0.000    25.000    i_xlnx_clk_gen/inst/clk_in1
    K17                  IBUF (Prop_ibuf_I_O)         1.404    26.404 r  i_xlnx_clk_gen/inst/clkin1_ibufg/O
                         net (fo=1, routed)           1.162    27.566    i_xlnx_clk_gen/inst/clk_in1_xlnx_clk_gen
    MMCME2_ADV_X1Y2      MMCME2_ADV (Prop_mmcme2_adv_CLKIN1_CLKOUT0)
                                                     -7.814    19.752 r  i_xlnx_clk_gen/inst/mmcm_adv_inst/CLKOUT0
                         net (fo=1, routed)           2.012    21.764    i_xlnx_clk_gen/inst/clk_out1_xlnx_clk_gen
    BUFGCTRL_X0Y16       BUFG (Prop_bufg_I_O)         0.091    21.855 r  i_xlnx_clk_gen/inst/clkout1_buf/O
                         net (fo=15067, routed)       1.467    23.322    i_ariane/gen_example_coprocessor.i_cvxif_coprocessor/i_copro_alu/clk_out1
    SLICE_X32Y78         FDCE                                         r  i_ariane/gen_example_coprocessor.i_cvxif_coprocessor/i_copro_alu/result_q_reg[15]/C
                         clock pessimism              0.567    23.889    
                         clock uncertainty           -0.082    23.807    
    SLICE_X32Y78         FDCE (Setup_fdce_C_D)        0.077    23.884    i_ariane/gen_example_coprocessor.i_cvxif_coprocessor/i_copro_alu/result_q_reg[15]
  -------------------------------------------------------------------
                         required time                         23.884    
                         arrival time                         -27.179    
  -------------------------------------------------------------------
                         slack                                 -3.296    

Slack (VIOLATED) :        -3.277ns  (required time - arrival time)
  Source:                 i_ariane/i_cva6/issue_stage_i/i_issue_read_operands/branch_valid_q_reg[0]/C
                            (rising edge-triggered cell FDCE clocked by clk_out1_xlnx_clk_gen  {rise@0.000ns fall@12.500ns period=25.000ns})
  Destination:            i_ariane/gen_example_coprocessor.i_cvxif_coprocessor/i_copro_alu/result_q_reg[7]/D
                            (rising edge-triggered cell FDCE clocked by clk_out1_xlnx_clk_gen  {rise@0.000ns fall@12.500ns period=25.000ns})
  Path Group:             clk_out1_xlnx_clk_gen
  Path Type:              Setup (Max at Slow Process Corner)
  Requirement:            25.000ns  (clk_out1_xlnx_clk_gen rise@25.000ns - clk_out1_xlnx_clk_gen rise@0.000ns)
  Data Path Delay:        28.211ns  (logic 12.947ns (45.893%)  route 15.264ns (54.107%))
  Logic Levels:           32  (CARRY4=11 DSP48E1=2 LUT2=1 LUT3=2 LUT4=1 LUT5=4 LUT6=10 MUXF7=1)
  Clock Path Skew:        -0.061ns (DCD - SCD + CPR)
    Destination Clock Delay (DCD):    -1.678ns = ( 23.322 - 25.000 ) 
    Source Clock Delay      (SCD):    -1.050ns
    Clock Pessimism Removal (CPR):    0.567ns
  Clock Uncertainty:      0.082ns  ((TSJ^2 + DJ^2)^1/2) / 2 + PE
    Total System Jitter     (TSJ):    0.071ns
    Discrete Jitter          (DJ):    0.149ns
    Phase Error              (PE):    0.000ns

    Location             Delay type                Incr(ns)  Path(ns)    Netlist Resource(s)
  -------------------------------------------------------------------    -------------------
                         (clock clk_out1_xlnx_clk_gen rise edge)
                                                      0.000     0.000 r  
    K17                                               0.000     0.000 r  clk_sys (IN)
                         net (fo=0)                   0.000     0.000    i_xlnx_clk_gen/inst/clk_in1
    K17                  IBUF (Prop_ibuf_I_O)         1.475     1.475 r  i_xlnx_clk_gen/inst/clkin1_ibufg/O
                         net (fo=1, routed)           1.285     2.760    i_xlnx_clk_gen/inst/clk_in1_xlnx_clk_gen
    MMCME2_ADV_X1Y2      MMCME2_ADV (Prop_mmcme2_adv_CLKIN1_CLKOUT0)
                                                     -7.759    -4.999 r  i_xlnx_clk_gen/inst/mmcm_adv_inst/CLKOUT0
                         net (fo=1, routed)           2.206    -2.793    i_xlnx_clk_gen/inst/clk_out1_xlnx_clk_gen
    BUFGCTRL_X0Y16       BUFG (Prop_bufg_I_O)         0.101    -2.692 r  i_xlnx_clk_gen/inst/clkout1_buf/O
                         net (fo=15067, routed)       1.642    -1.050    i_ariane/i_cva6/issue_stage_i/i_issue_read_operands/clk_out1
    SLICE_X40Y82         FDCE                                         r  i_ariane/i_cva6/issue_stage_i/i_issue_read_operands/branch_valid_q_reg[0]/C
  -------------------------------------------------------------------    -------------------
    SLICE_X40Y82         FDCE (Prop_fdce_C_Q)         0.456    -0.594 r  i_ariane/i_cva6/issue_stage_i/i_issue_read_operands/branch_valid_q_reg[0]/Q
                         net (fo=120, routed)         0.780     0.186    i_ariane/i_cva6/ex_stage_i/branch_valid_id_ex
    SLICE_X36Y80         LUT3 (Prop_lut3_I1_O)        0.124     0.310 r  i_ariane/i_cva6/ex_stage_i/i___34_i_2/O
                         net (fo=173, routed)         0.626     0.936    i_ariane/i_cva6/issue_stage_i/i_issue_read_operands/p_0_in
    SLICE_X37Y80         LUT5 (Prop_lut5_I4_O)        0.150     1.086 r  i_ariane/i_cva6/issue_stage_i/i_issue_read_operands/mem_q[1][sbe][result][0]_i_17/O
                         net (fo=2, routed)           0.668     1.753    i_ariane/i_cva6/issue_stage_i/i_issue_read_operands/mem_q[1][sbe][result][0]_i_17_n_0
    SLICE_X37Y80         LUT6 (Prop_lut6_I5_O)        0.326     2.079 r  i_ariane/i_cva6/issue_stage_i/i_issue_read_operands/mem_q[1][sbe][result][0]_i_9_replica/O
                         net (fo=33, routed)          0.792     2.872    i_ariane/i_cva6/ex_stage_i/csr_valid_q_reg[0]_3_repN_alias
    SLICE_X37Y77         LUT6 (Prop_lut6_I5_O)        0.124     2.996 r  i_ariane/i_cva6/ex_stage_i/mem_q[1][sbe][result][0]_i_15/O
                         net (fo=1, routed)           0.423     3.418    i_ariane/i_cva6/ex_stage_i/mem_q[1][sbe][result][0]_i_15_n_0
    SLICE_X38Y76         CARRY4 (Prop_carry4_S[0]_CO[3])
                                                      0.637     4.055 r  i_ariane/i_cva6/ex_stage_i/mem_q_reg[1][sbe][result][0]_i_7/CO[3]
                         net (fo=1, routed)           0.000     4.055    i_ariane/i_cva6/ex_stage_i/mem_q_reg[1][sbe][result][0]_i_7_n_0
    SLICE_X38Y77         CARRY4 (Prop_carry4_CI_O[1])
                                                      0.323     4.378 f  i_ariane/i_cva6/ex_stage_i/mem_q_reg[1][sbe][result][7]_i_10/O[1]
                         net (fo=2, routed)           0.683     5.062    i_ariane/i_cva6/ex_stage_i/adder_result[5]
    SLICE_X42Y77         LUT4 (Prop_lut4_I0_O)        0.306     5.368 f  i_ariane/i_cva6/ex_stage_i/i___2_i_26/O
                         net (fo=1, routed)           0.437     5.805    i_ariane/i_cva6/ex_stage_i/i___2_i_26_n_0
    SLICE_X47Y78         LUT5 (Prop_lut5_I4_O)        0.124     5.929 f  i_ariane/i_cva6/ex_stage_i/i___2_i_21/O
                         net (fo=1, routed)           1.004     6.932    i_ariane/i_cva6/ex_stage_i/i___2_i_21_n_0
    SLICE_X47Y81         LUT6 (Prop_lut6_I3_O)        0.124     7.056 r  i_ariane/i_cva6/ex_stage_i/i___2_i_19_comp_1/O
                         net (fo=1, routed)           0.308     7.364    i_ariane/i_cva6/issue_stage_i/i_issue_read_operands/data0
    SLICE_X48Y81         LUT6 (Prop_lut6_I2_O)        0.124     7.488 r  i_ariane/i_cva6/issue_stage_i/i_issue_read_operands/i___2_i_18/O
                         net (fo=1, routed)           0.000     7.488    i_ariane/i_cva6/issue_stage_i/i_issue_read_operands/i___2_i_18_n_0
    SLICE_X48Y81         MUXF7 (Prop_muxf7_I1_O)      0.217     7.705 r  i_ariane/i_cva6/issue_stage_i/i_issue_read_operands/i___2_i_6/O
                         net (fo=3, routed)           0.335     8.040    i_ariane/i_cva6/issue_stage_i/i_issue_read_operands/i___2_i_6_n_0
    SLICE_X48Y80         LUT5 (Prop_lut5_I4_O)        0.299     8.339 r  i_ariane/i_cva6/issue_stage_i/i_issue_read_operands/i___2_i_2/O
                         net (fo=45, routed)          0.683     9.022    i_ariane/i_cva6/issue_stage_i/i_issue_read_operands/fu_data_q_reg[0][operation][5]_0
    SLICE_X47Y80         LUT6 (Prop_lut6_I0_O)        0.124     9.146 f  i_ariane/i_cva6/issue_stage_i/i_issue_read_operands/i___33__0_i_1_replica_1/O
                         net (fo=1, routed)           0.996    10.142    i_ariane/i_cva6/id_stage_i/branch_predict_o_reg[cf][2]_0_repN_9_alias
    SLICE_X32Y84         LUT6 (Prop_lut6_I4_O)        0.124    10.266 r  i_ariane/i_cva6/id_stage_i/i__i_12_comp_2/O
                         net (fo=5, routed)           0.844    11.110    i_ariane/i_cva6/id_stage_i/i__i_12_n_0
    SLICE_X34Y85         LUT6 (Prop_lut6_I5_O)        0.124    11.234 f  i_ariane/i_cva6/id_stage_i/i___104_i_3/O
                         net (fo=100, routed)         0.918    12.152    i_ariane/i_cva6/issue_stage_i/i_scoreboard/fu_data_q_reg[0][operand_b][0]
    SLICE_X37Y86         LUT5 (Prop_lut5_I0_O)        0.124    12.276 r  i_ariane/i_cva6/issue_stage_i/i_scoreboard/i__i_7_comp/O
                         net (fo=37, routed)          0.688    12.964    i_ariane/i_cva6/id_stage_i/fu_data_q_reg[0][operand_b][0]_0
    SLICE_X37Y85         LUT6 (Prop_lut6_I3_O)        0.124    13.088 r  i_ariane/i_cva6/id_stage_i/i___176_i_2/O
                         net (fo=7, routed)           0.641    13.729    i_ariane/i_cva6/id_stage_i/issue_q_reg[0][sbe][result][31]_0[27]
    SLICE_X36Y85         LUT2 (Prop_lut2_I0_O)        0.124    13.853 r  i_ariane/i_cva6/id_stage_i/result_n3__0_i_20/O
                         net (fo=4, routed)           0.582    14.435    i_ariane/gen_example_coprocessor.i_cvxif_coprocessor/i_copro_alu/result_n4__1_0[12]
    DSP48_X2Y33          DSP48E1 (Prop_dsp48e1_A[12]_P[0])
                                                      3.841    18.276 r  i_ariane/gen_example_coprocessor.i_cvxif_coprocessor/i_copro_alu/result_n4__0/P[0]
                         net (fo=1, routed)           0.895    19.171    i_ariane_n_7
    SLICE_X35Y75         CARRY4 (Prop_carry4_S[0]_CO[3])
                                                      0.656    19.827 r  i_copro_alu/result_n2_i_5/CO[3]
                         net (fo=1, routed)           0.000    19.827    i_copro_alu/result_n2_i_5_n_0
    SLICE_X35Y76         CARRY4 (Prop_carry4_CI_CO[3])
                                                      0.114    19.941 r  i_copro_alu/result_n2_i_4/CO[3]
                         net (fo=1, routed)           0.000    19.941    i_copro_alu/result_n2_i_4_n_0
    SLICE_X35Y77         CARRY4 (Prop_carry4_CI_CO[3])
                                                      0.114    20.055 r  i_copro_alu/result_n2_i_3/CO[3]
                         net (fo=1, routed)           0.000    20.055    i_copro_alu/result_n2_i_3_n_0
    SLICE_X35Y78         CARRY4 (Prop_carry4_CI_CO[3])
                                                      0.114    20.169 r  i_copro_alu/result_n2_i_2/CO[3]
                         net (fo=1, routed)           0.000    20.169    i_copro_alu/result_n2_i_2_n_0
    SLICE_X35Y79         CARRY4 (Prop_carry4_CI_CO[3])
                                                      0.114    20.283 r  i_copro_alu/result_n2_i_1/CO[3]
                         net (fo=1, routed)           0.000    20.283    i_copro_alu/result_n2_i_1_n_0
    SLICE_X35Y80         CARRY4 (Prop_carry4_CI_CO[3])
                                                      0.114    20.397 r  i_copro_alu/result_n2_i_8/CO[3]
                         net (fo=1, routed)           0.000    20.397    i_copro_alu/result_n2_i_8_n_0
    SLICE_X35Y81         CARRY4 (Prop_carry4_CI_CO[3])
                                                      0.114    20.511 r  i_copro_alu/result_n2_i_7/CO[3]
                         net (fo=1, routed)           0.000    20.511    i_ariane/gen_example_coprocessor.i_cvxif_coprocessor/i_copro_alu/result_n2__0_2[0]
    SLICE_X35Y82         CARRY4 (Prop_carry4_CI_O[2])
                                                      0.239    20.750 r  i_ariane/gen_example_coprocessor.i_cvxif_coprocessor/i_copro_alu/result_n2_i_6/O[2]
                         net (fo=18, routed)          0.879    21.629    i_ariane/gen_example_coprocessor.i_cvxif_coprocessor/i_copro_alu/result_n3__2[30]
    DSP48_X2Y31          DSP48E1 (Prop_dsp48e1_A[29]_P[20])
                                                      2.255    23.884 r  i_ariane/gen_example_coprocessor.i_cvxif_coprocessor/i_copro_alu/result_n2__0/P[20]
                         net (fo=2, routed)           0.994    24.879    i_ariane/gen_example_coprocessor.i_cvxif_coprocessor/p_0_in[5]
    SLICE_X33Y80         LUT3 (Prop_lut3_I2_O)        0.124    25.003 r  i_ariane/gen_example_coprocessor.i_cvxif_coprocessor/i___43/O
                         net (fo=1, routed)           0.000    25.003    i_ariane/gen_example_coprocessor.i_cvxif_coprocessor/i_copro_alu/result_q[4]_i_5_3[1]
    SLICE_X33Y80         CARRY4 (Prop_carry4_S[1]_O[3])
                                                      0.640    25.643 r  i_ariane/gen_example_coprocessor.i_cvxif_coprocessor/i_copro_alu/result_n0__246_carry__0/O[3]
                         net (fo=1, routed)           0.618    26.261    i_ariane/gen_example_coprocessor.i_cvxif_coprocessor/i_copro_alu/data9[7]
    SLICE_X34Y77         LUT6 (Prop_lut6_I0_O)        0.306    26.567 f  i_ariane/gen_example_coprocessor.i_cvxif_coprocessor/i_copro_alu/result_q[7]_i_5/O
                         net (fo=1, routed)           0.470    27.037    i_ariane/i_cva6/id_stage_i/result_q_reg[7]_0
    SLICE_X36Y78         LUT6 (Prop_lut6_I5_O)        0.124    27.161 r  i_ariane/i_cva6/id_stage_i/result_q[7]_i_1/O
                         net (fo=1, routed)           0.000    27.161    i_ariane/gen_example_coprocessor.i_cvxif_coprocessor/i_copro_alu/result_q_reg[31]_1[7]
    SLICE_X36Y78         FDCE                                         r  i_ariane/gen_example_coprocessor.i_cvxif_coprocessor/i_copro_alu/result_q_reg[7]/D
  -------------------------------------------------------------------    -------------------

                         (clock clk_out1_xlnx_clk_gen rise edge)
                                                     25.000    25.000 r  
    K17                                               0.000    25.000 r  clk_sys (IN)
                         net (fo=0)                   0.000    25.000    i_xlnx_clk_gen/inst/clk_in1
    K17                  IBUF (Prop_ibuf_I_O)         1.404    26.404 r  i_xlnx_clk_gen/inst/clkin1_ibufg/O
                         net (fo=1, routed)           1.162    27.566    i_xlnx_clk_gen/inst/clk_in1_xlnx_clk_gen
    MMCME2_ADV_X1Y2      MMCME2_ADV (Prop_mmcme2_adv_CLKIN1_CLKOUT0)
                                                     -7.814    19.752 r  i_xlnx_clk_gen/inst/mmcm_adv_inst/CLKOUT0
                         net (fo=1, routed)           2.012    21.764    i_xlnx_clk_gen/inst/clk_out1_xlnx_clk_gen
    BUFGCTRL_X0Y16       BUFG (Prop_bufg_I_O)         0.091    21.855 r  i_xlnx_clk_gen/inst/clkout1_buf/O
                         net (fo=15067, routed)       1.467    23.322    i_ariane/gen_example_coprocessor.i_cvxif_coprocessor/i_copro_alu/clk_out1
    SLICE_X36Y78         FDCE                                         r  i_ariane/gen_example_coprocessor.i_cvxif_coprocessor/i_copro_alu/result_q_reg[7]/C
                         clock pessimism              0.567    23.889    
                         clock uncertainty           -0.082    23.807    
    SLICE_X36Y78         FDCE (Setup_fdce_C_D)        0.077    23.884    i_ariane/gen_example_coprocessor.i_cvxif_coprocessor/i_copro_alu/result_q_reg[7]
  -------------------------------------------------------------------
                         required time                         23.884    
                         arrival time                         -27.161    
  -------------------------------------------------------------------
                         slack                                 -3.277    

Slack (VIOLATED) :        -3.240ns  (required time - arrival time)
  Source:                 i_ariane/i_cva6/issue_stage_i/i_issue_read_operands/branch_valid_q_reg[0]/C
                            (rising edge-triggered cell FDCE clocked by clk_out1_xlnx_clk_gen  {rise@0.000ns fall@12.500ns period=25.000ns})
  Destination:            i_ariane/gen_example_coprocessor.i_cvxif_coprocessor/i_copro_alu/result_q_reg[10]/D
                            (rising edge-triggered cell FDCE clocked by clk_out1_xlnx_clk_gen  {rise@0.000ns fall@12.500ns period=25.000ns})
  Path Group:             clk_out1_xlnx_clk_gen
  Path Type:              Setup (Max at Slow Process Corner)
  Requirement:            25.000ns  (clk_out1_xlnx_clk_gen rise@25.000ns - clk_out1_xlnx_clk_gen rise@0.000ns)
  Data Path Delay:        28.169ns  (logic 13.092ns (46.477%)  route 15.077ns (53.523%))
  Logic Levels:           33  (CARRY4=12 DSP48E1=2 LUT2=1 LUT3=2 LUT4=1 LUT5=4 LUT6=10 MUXF7=1)
  Clock Path Skew:        -0.066ns (DCD - SCD + CPR)
    Destination Clock Delay (DCD):    -1.683ns = ( 23.317 - 25.000 ) 
    Source Clock Delay      (SCD):    -1.050ns
    Clock Pessimism Removal (CPR):    0.567ns
  Clock Uncertainty:      0.082ns  ((TSJ^2 + DJ^2)^1/2) / 2 + PE
    Total System Jitter     (TSJ):    0.071ns
    Discrete Jitter          (DJ):    0.149ns
    Phase Error              (PE):    0.000ns

    Location             Delay type                Incr(ns)  Path(ns)    Netlist Resource(s)
  -------------------------------------------------------------------    -------------------
                         (clock clk_out1_xlnx_clk_gen rise edge)
                                                      0.000     0.000 r  
    K17                                               0.000     0.000 r  clk_sys (IN)
                         net (fo=0)                   0.000     0.000    i_xlnx_clk_gen/inst/clk_in1
    K17                  IBUF (Prop_ibuf_I_O)         1.475     1.475 r  i_xlnx_clk_gen/inst/clkin1_ibufg/O
                         net (fo=1, routed)           1.285     2.760    i_xlnx_clk_gen/inst/clk_in1_xlnx_clk_gen
    MMCME2_ADV_X1Y2      MMCME2_ADV (Prop_mmcme2_adv_CLKIN1_CLKOUT0)
                                                     -7.759    -4.999 r  i_xlnx_clk_gen/inst/mmcm_adv_inst/CLKOUT0
                         net (fo=1, routed)           2.206    -2.793    i_xlnx_clk_gen/inst/clk_out1_xlnx_clk_gen
    BUFGCTRL_X0Y16       BUFG (Prop_bufg_I_O)         0.101    -2.692 r  i_xlnx_clk_gen/inst/clkout1_buf/O
                         net (fo=15067, routed)       1.642    -1.050    i_ariane/i_cva6/issue_stage_i/i_issue_read_operands/clk_out1
    SLICE_X40Y82         FDCE                                         r  i_ariane/i_cva6/issue_stage_i/i_issue_read_operands/branch_valid_q_reg[0]/C
  -------------------------------------------------------------------    -------------------
    SLICE_X40Y82         FDCE (Prop_fdce_C_Q)         0.456    -0.594 r  i_ariane/i_cva6/issue_stage_i/i_issue_read_operands/branch_valid_q_reg[0]/Q
                         net (fo=120, routed)         0.780     0.186    i_ariane/i_cva6/ex_stage_i/branch_valid_id_ex
    SLICE_X36Y80         LUT3 (Prop_lut3_I1_O)        0.124     0.310 r  i_ariane/i_cva6/ex_stage_i/i___34_i_2/O
                         net (fo=173, routed)         0.626     0.936    i_ariane/i_cva6/issue_stage_i/i_issue_read_operands/p_0_in
    SLICE_X37Y80         LUT5 (Prop_lut5_I4_O)        0.150     1.086 r  i_ariane/i_cva6/issue_stage_i/i_issue_read_operands/mem_q[1][sbe][result][0]_i_17/O
                         net (fo=2, routed)           0.668     1.753    i_ariane/i_cva6/issue_stage_i/i_issue_read_operands/mem_q[1][sbe][result][0]_i_17_n_0
    SLICE_X37Y80         LUT6 (Prop_lut6_I5_O)        0.326     2.079 r  i_ariane/i_cva6/issue_stage_i/i_issue_read_operands/mem_q[1][sbe][result][0]_i_9_replica/O
                         net (fo=33, routed)          0.792     2.872    i_ariane/i_cva6/ex_stage_i/csr_valid_q_reg[0]_3_repN_alias
    SLICE_X37Y77         LUT6 (Prop_lut6_I5_O)        0.124     2.996 r  i_ariane/i_cva6/ex_stage_i/mem_q[1][sbe][result][0]_i_15/O
                         net (fo=1, routed)           0.423     3.418    i_ariane/i_cva6/ex_stage_i/mem_q[1][sbe][result][0]_i_15_n_0
    SLICE_X38Y76         CARRY4 (Prop_carry4_S[0]_CO[3])
                                                      0.637     4.055 r  i_ariane/i_cva6/ex_stage_i/mem_q_reg[1][sbe][result][0]_i_7/CO[3]
                         net (fo=1, routed)           0.000     4.055    i_ariane/i_cva6/ex_stage_i/mem_q_reg[1][sbe][result][0]_i_7_n_0
    SLICE_X38Y77         CARRY4 (Prop_carry4_CI_O[1])
                                                      0.323     4.378 f  i_ariane/i_cva6/ex_stage_i/mem_q_reg[1][sbe][result][7]_i_10/O[1]
                         net (fo=2, routed)           0.683     5.062    i_ariane/i_cva6/ex_stage_i/adder_result[5]
    SLICE_X42Y77         LUT4 (Prop_lut4_I0_O)        0.306     5.368 f  i_ariane/i_cva6/ex_stage_i/i___2_i_26/O
                         net (fo=1, routed)           0.437     5.805    i_ariane/i_cva6/ex_stage_i/i___2_i_26_n_0
    SLICE_X47Y78         LUT5 (Prop_lut5_I4_O)        0.124     5.929 f  i_ariane/i_cva6/ex_stage_i/i___2_i_21/O
                         net (fo=1, routed)           1.004     6.932    i_ariane/i_cva6/ex_stage_i/i___2_i_21_n_0
    SLICE_X47Y81         LUT6 (Prop_lut6_I3_O)        0.124     7.056 r  i_ariane/i_cva6/ex_stage_i/i___2_i_19_comp_1/O
                         net (fo=1, routed)           0.308     7.364    i_ariane/i_cva6/issue_stage_i/i_issue_read_operands/data0
    SLICE_X48Y81         LUT6 (Prop_lut6_I2_O)        0.124     7.488 r  i_ariane/i_cva6/issue_stage_i/i_issue_read_operands/i___2_i_18/O
                         net (fo=1, routed)           0.000     7.488    i_ariane/i_cva6/issue_stage_i/i_issue_read_operands/i___2_i_18_n_0
    SLICE_X48Y81         MUXF7 (Prop_muxf7_I1_O)      0.217     7.705 r  i_ariane/i_cva6/issue_stage_i/i_issue_read_operands/i___2_i_6/O
                         net (fo=3, routed)           0.335     8.040    i_ariane/i_cva6/issue_stage_i/i_issue_read_operands/i___2_i_6_n_0
    SLICE_X48Y80         LUT5 (Prop_lut5_I4_O)        0.299     8.339 r  i_ariane/i_cva6/issue_stage_i/i_issue_read_operands/i___2_i_2/O
                         net (fo=45, routed)          0.683     9.022    i_ariane/i_cva6/issue_stage_i/i_issue_read_operands/fu_data_q_reg[0][operation][5]_0
    SLICE_X47Y80         LUT6 (Prop_lut6_I0_O)        0.124     9.146 f  i_ariane/i_cva6/issue_stage_i/i_issue_read_operands/i___33__0_i_1_replica_1/O
                         net (fo=1, routed)           0.996    10.142    i_ariane/i_cva6/id_stage_i/branch_predict_o_reg[cf][2]_0_repN_9_alias
    SLICE_X32Y84         LUT6 (Prop_lut6_I4_O)        0.124    10.266 r  i_ariane/i_cva6/id_stage_i/i__i_12_comp_2/O
                         net (fo=5, routed)           0.844    11.110    i_ariane/i_cva6/id_stage_i/i__i_12_n_0
    SLICE_X34Y85         LUT6 (Prop_lut6_I5_O)        0.124    11.234 f  i_ariane/i_cva6/id_stage_i/i___104_i_3/O
                         net (fo=100, routed)         0.918    12.152    i_ariane/i_cva6/issue_stage_i/i_scoreboard/fu_data_q_reg[0][operand_b][0]
    SLICE_X37Y86         LUT5 (Prop_lut5_I0_O)        0.124    12.276 r  i_ariane/i_cva6/issue_stage_i/i_scoreboard/i__i_7_comp/O
                         net (fo=37, routed)          0.688    12.964    i_ariane/i_cva6/id_stage_i/fu_data_q_reg[0][operand_b][0]_0
    SLICE_X37Y85         LUT6 (Prop_lut6_I3_O)        0.124    13.088 r  i_ariane/i_cva6/id_stage_i/i___176_i_2/O
                         net (fo=7, routed)           0.641    13.729    i_ariane/i_cva6/id_stage_i/issue_q_reg[0][sbe][result][31]_0[27]
    SLICE_X36Y85         LUT2 (Prop_lut2_I0_O)        0.124    13.853 r  i_ariane/i_cva6/id_stage_i/result_n3__0_i_20/O
                         net (fo=4, routed)           0.582    14.435    i_ariane/gen_example_coprocessor.i_cvxif_coprocessor/i_copro_alu/result_n4__1_0[12]
    DSP48_X2Y33          DSP48E1 (Prop_dsp48e1_A[12]_P[0])
                                                      3.841    18.276 r  i_ariane/gen_example_coprocessor.i_cvxif_coprocessor/i_copro_alu/result_n4__0/P[0]
                         net (fo=1, routed)           0.895    19.171    i_ariane_n_7
    SLICE_X35Y75         CARRY4 (Prop_carry4_S[0]_CO[3])
                                                      0.656    19.827 r  i_copro_alu/result_n2_i_5/CO[3]
                         net (fo=1, routed)           0.000    19.827    i_copro_alu/result_n2_i_5_n_0
    SLICE_X35Y76         CARRY4 (Prop_carry4_CI_CO[3])
                                                      0.114    19.941 r  i_copro_alu/result_n2_i_4/CO[3]
                         net (fo=1, routed)           0.000    19.941    i_copro_alu/result_n2_i_4_n_0
    SLICE_X35Y77         CARRY4 (Prop_carry4_CI_CO[3])
                                                      0.114    20.055 r  i_copro_alu/result_n2_i_3/CO[3]
                         net (fo=1, routed)           0.000    20.055    i_copro_alu/result_n2_i_3_n_0
    SLICE_X35Y78         CARRY4 (Prop_carry4_CI_CO[3])
                                                      0.114    20.169 r  i_copro_alu/result_n2_i_2/CO[3]
                         net (fo=1, routed)           0.000    20.169    i_copro_alu/result_n2_i_2_n_0
    SLICE_X35Y79         CARRY4 (Prop_carry4_CI_CO[3])
                                                      0.114    20.283 r  i_copro_alu/result_n2_i_1/CO[3]
                         net (fo=1, routed)           0.000    20.283    i_copro_alu/result_n2_i_1_n_0
    SLICE_X35Y80         CARRY4 (Prop_carry4_CI_CO[3])
                                                      0.114    20.397 r  i_copro_alu/result_n2_i_8/CO[3]
                         net (fo=1, routed)           0.000    20.397    i_copro_alu/result_n2_i_8_n_0
    SLICE_X35Y81         CARRY4 (Prop_carry4_CI_CO[3])
                                                      0.114    20.511 r  i_copro_alu/result_n2_i_7/CO[3]
                         net (fo=1, routed)           0.000    20.511    i_ariane/gen_example_coprocessor.i_cvxif_coprocessor/i_copro_alu/result_n2__0_2[0]
    SLICE_X35Y82         CARRY4 (Prop_carry4_CI_O[2])
                                                      0.239    20.750 r  i_ariane/gen_example_coprocessor.i_cvxif_coprocessor/i_copro_alu/result_n2_i_6/O[2]
                         net (fo=18, routed)          0.879    21.629    i_ariane/gen_example_coprocessor.i_cvxif_coprocessor/i_copro_alu/result_n3__2[30]
    DSP48_X2Y31          DSP48E1 (Prop_dsp48e1_A[29]_P[20])
                                                      2.255    23.884 r  i_ariane/gen_example_coprocessor.i_cvxif_coprocessor/i_copro_alu/result_n2__0/P[20]
                         net (fo=2, routed)           0.994    24.879    i_ariane/gen_example_coprocessor.i_cvxif_coprocessor/p_0_in[5]
    SLICE_X33Y80         LUT3 (Prop_lut3_I2_O)        0.124    25.003 r  i_ariane/gen_example_coprocessor.i_cvxif_coprocessor/i___43/O
                         net (fo=1, routed)           0.000    25.003    i_ariane/gen_example_coprocessor.i_cvxif_coprocessor/i_copro_alu/result_q[4]_i_5_3[1]
    SLICE_X33Y80         CARRY4 (Prop_carry4_S[1]_CO[3])
                                                      0.550    25.553 r  i_ariane/gen_example_coprocessor.i_cvxif_coprocessor/i_copro_alu/result_n0__246_carry__0/CO[3]
                         net (fo=1, routed)           0.000    25.553    i_ariane/gen_example_coprocessor.i_cvxif_coprocessor/i_copro_alu/result_n0__246_carry__0_n_0
    SLICE_X33Y81         CARRY4 (Prop_carry4_CI_O[2])
                                                      0.239    25.792 r  i_ariane/gen_example_coprocessor.i_cvxif_coprocessor/i_copro_alu/result_n0__246_carry__1/O[2]
                         net (fo=1, routed)           0.736    26.528    i_ariane/gen_example_coprocessor.i_cvxif_coprocessor/i_copro_alu/data9[10]
    SLICE_X32Y75         LUT6 (Prop_lut6_I2_O)        0.302    26.830 f  i_ariane/gen_example_coprocessor.i_cvxif_coprocessor/i_copro_alu/result_q[10]_i_5/O
                         net (fo=1, routed)           0.165    26.994    i_ariane/i_cva6/id_stage_i/result_q_reg[10]_0
    SLICE_X32Y75         LUT6 (Prop_lut6_I5_O)        0.124    27.118 r  i_ariane/i_cva6/id_stage_i/result_q[10]_i_1/O
                         net (fo=1, routed)           0.000    27.118    i_ariane/gen_example_coprocessor.i_cvxif_coprocessor/i_copro_alu/result_q_reg[31]_1[10]
    SLICE_X32Y75         FDCE                                         r  i_ariane/gen_example_coprocessor.i_cvxif_coprocessor/i_copro_alu/result_q_reg[10]/D
  -------------------------------------------------------------------    -------------------

                         (clock clk_out1_xlnx_clk_gen rise edge)
                                                     25.000    25.000 r  
    K17                                               0.000    25.000 r  clk_sys (IN)
                         net (fo=0)                   0.000    25.000    i_xlnx_clk_gen/inst/clk_in1
    K17                  IBUF (Prop_ibuf_I_O)         1.404    26.404 r  i_xlnx_clk_gen/inst/clkin1_ibufg/O
                         net (fo=1, routed)           1.162    27.566    i_xlnx_clk_gen/inst/clk_in1_xlnx_clk_gen
    MMCME2_ADV_X1Y2      MMCME2_ADV (Prop_mmcme2_adv_CLKIN1_CLKOUT0)
                                                     -7.814    19.752 r  i_xlnx_clk_gen/inst/mmcm_adv_inst/CLKOUT0
                         net (fo=1, routed)           2.012    21.764    i_xlnx_clk_gen/inst/clk_out1_xlnx_clk_gen
    BUFGCTRL_X0Y16       BUFG (Prop_bufg_I_O)         0.091    21.855 r  i_xlnx_clk_gen/inst/clkout1_buf/O
                         net (fo=15067, routed)       1.462    23.317    i_ariane/gen_example_coprocessor.i_cvxif_coprocessor/i_copro_alu/clk_out1
    SLICE_X32Y75         FDCE                                         r  i_ariane/gen_example_coprocessor.i_cvxif_coprocessor/i_copro_alu/result_q_reg[10]/C
                         clock pessimism              0.567    23.884    
                         clock uncertainty           -0.082    23.802    
    SLICE_X32Y75         FDCE (Setup_fdce_C_D)        0.077    23.879    i_ariane/gen_example_coprocessor.i_cvxif_coprocessor/i_copro_alu/result_q_reg[10]
  -------------------------------------------------------------------
                         required time                         23.879    
                         arrival time                         -27.118    
  -------------------------------------------------------------------
                         slack                                 -3.240    

Slack (VIOLATED) :        -3.221ns  (required time - arrival time)
  Source:                 i_ariane/i_cva6/issue_stage_i/i_issue_read_operands/branch_valid_q_reg[0]/C
                            (rising edge-triggered cell FDCE clocked by clk_out1_xlnx_clk_gen  {rise@0.000ns fall@12.500ns period=25.000ns})
  Destination:            i_ariane/gen_example_coprocessor.i_cvxif_coprocessor/i_copro_alu/result_q_reg[5]/D
                            (rising edge-triggered cell FDCE clocked by clk_out1_xlnx_clk_gen  {rise@0.000ns fall@12.500ns period=25.000ns})
  Path Group:             clk_out1_xlnx_clk_gen
  Path Type:              Setup (Max at Slow Process Corner)
  Requirement:            25.000ns  (clk_out1_xlnx_clk_gen rise@25.000ns - clk_out1_xlnx_clk_gen rise@0.000ns)
  Data Path Delay:        28.105ns  (logic 13.188ns (46.924%)  route 14.917ns (53.076%))
  Logic Levels:           33  (CARRY4=12 DSP48E1=2 LUT2=1 LUT3=2 LUT4=1 LUT5=4 LUT6=10 MUXF7=1)
  Clock Path Skew:        -0.065ns (DCD - SCD + CPR)
    Destination Clock Delay (DCD):    -1.682ns = ( 23.318 - 25.000 ) 
    Source Clock Delay      (SCD):    -1.050ns
    Clock Pessimism Removal (CPR):    0.567ns
  Clock Uncertainty:      0.082ns  ((TSJ^2 + DJ^2)^1/2) / 2 + PE
    Total System Jitter     (TSJ):    0.071ns
    Discrete Jitter          (DJ):    0.149ns
    Phase Error              (PE):    0.000ns

    Location             Delay type                Incr(ns)  Path(ns)    Netlist Resource(s)
  -------------------------------------------------------------------    -------------------
                         (clock clk_out1_xlnx_clk_gen rise edge)
                                                      0.000     0.000 r  
    K17                                               0.000     0.000 r  clk_sys (IN)
                         net (fo=0)                   0.000     0.000    i_xlnx_clk_gen/inst/clk_in1
    K17                  IBUF (Prop_ibuf_I_O)         1.475     1.475 r  i_xlnx_clk_gen/inst/clkin1_ibufg/O
                         net (fo=1, routed)           1.285     2.760    i_xlnx_clk_gen/inst/clk_in1_xlnx_clk_gen
    MMCME2_ADV_X1Y2      MMCME2_ADV (Prop_mmcme2_adv_CLKIN1_CLKOUT0)
                                                     -7.759    -4.999 r  i_xlnx_clk_gen/inst/mmcm_adv_inst/CLKOUT0
                         net (fo=1, routed)           2.206    -2.793    i_xlnx_clk_gen/inst/clk_out1_xlnx_clk_gen
    BUFGCTRL_X0Y16       BUFG (Prop_bufg_I_O)         0.101    -2.692 r  i_xlnx_clk_gen/inst/clkout1_buf/O
                         net (fo=15067, routed)       1.642    -1.050    i_ariane/i_cva6/issue_stage_i/i_issue_read_operands/clk_out1
    SLICE_X40Y82         FDCE                                         r  i_ariane/i_cva6/issue_stage_i/i_issue_read_operands/branch_valid_q_reg[0]/C
  -------------------------------------------------------------------    -------------------
    SLICE_X40Y82         FDCE (Prop_fdce_C_Q)         0.456    -0.594 r  i_ariane/i_cva6/issue_stage_i/i_issue_read_operands/branch_valid_q_reg[0]/Q
                         net (fo=120, routed)         0.780     0.186    i_ariane/i_cva6/ex_stage_i/branch_valid_id_ex
    SLICE_X36Y80         LUT3 (Prop_lut3_I1_O)        0.124     0.310 r  i_ariane/i_cva6/ex_stage_i/i___34_i_2/O
                         net (fo=173, routed)         0.626     0.936    i_ariane/i_cva6/issue_stage_i/i_issue_read_operands/p_0_in
    SLICE_X37Y80         LUT5 (Prop_lut5_I4_O)        0.150     1.086 r  i_ariane/i_cva6/issue_stage_i/i_issue_read_operands/mem_q[1][sbe][result][0]_i_17/O
                         net (fo=2, routed)           0.668     1.753    i_ariane/i_cva6/issue_stage_i/i_issue_read_operands/mem_q[1][sbe][result][0]_i_17_n_0
    SLICE_X37Y80         LUT6 (Prop_lut6_I5_O)        0.326     2.079 r  i_ariane/i_cva6/issue_stage_i/i_issue_read_operands/mem_q[1][sbe][result][0]_i_9_replica/O
                         net (fo=33, routed)          0.792     2.872    i_ariane/i_cva6/ex_stage_i/csr_valid_q_reg[0]_3_repN_alias
    SLICE_X37Y77         LUT6 (Prop_lut6_I5_O)        0.124     2.996 r  i_ariane/i_cva6/ex_stage_i/mem_q[1][sbe][result][0]_i_15/O
                         net (fo=1, routed)           0.423     3.418    i_ariane/i_cva6/ex_stage_i/mem_q[1][sbe][result][0]_i_15_n_0
    SLICE_X38Y76         CARRY4 (Prop_carry4_S[0]_CO[3])
                                                      0.637     4.055 r  i_ariane/i_cva6/ex_stage_i/mem_q_reg[1][sbe][result][0]_i_7/CO[3]
                         net (fo=1, routed)           0.000     4.055    i_ariane/i_cva6/ex_stage_i/mem_q_reg[1][sbe][result][0]_i_7_n_0
    SLICE_X38Y77         CARRY4 (Prop_carry4_CI_O[1])
                                                      0.323     4.378 f  i_ariane/i_cva6/ex_stage_i/mem_q_reg[1][sbe][result][7]_i_10/O[1]
                         net (fo=2, routed)           0.683     5.062    i_ariane/i_cva6/ex_stage_i/adder_result[5]
    SLICE_X42Y77         LUT4 (Prop_lut4_I0_O)        0.306     5.368 f  i_ariane/i_cva6/ex_stage_i/i___2_i_26/O
                         net (fo=1, routed)           0.437     5.805    i_ariane/i_cva6/ex_stage_i/i___2_i_26_n_0
    SLICE_X47Y78         LUT5 (Prop_lut5_I4_O)        0.124     5.929 f  i_ariane/i_cva6/ex_stage_i/i___2_i_21/O
                         net (fo=1, routed)           1.004     6.932    i_ariane/i_cva6/ex_stage_i/i___2_i_21_n_0
    SLICE_X47Y81         LUT6 (Prop_lut6_I3_O)        0.124     7.056 r  i_ariane/i_cva6/ex_stage_i/i___2_i_19_comp_1/O
                         net (fo=1, routed)           0.308     7.364    i_ariane/i_cva6/issue_stage_i/i_issue_read_operands/data0
    SLICE_X48Y81         LUT6 (Prop_lut6_I2_O)        0.124     7.488 r  i_ariane/i_cva6/issue_stage_i/i_issue_read_operands/i___2_i_18/O
                         net (fo=1, routed)           0.000     7.488    i_ariane/i_cva6/issue_stage_i/i_issue_read_operands/i___2_i_18_n_0
    SLICE_X48Y81         MUXF7 (Prop_muxf7_I1_O)      0.217     7.705 r  i_ariane/i_cva6/issue_stage_i/i_issue_read_operands/i___2_i_6/O
                         net (fo=3, routed)           0.335     8.040    i_ariane/i_cva6/issue_stage_i/i_issue_read_operands/i___2_i_6_n_0
    SLICE_X48Y80         LUT5 (Prop_lut5_I4_O)        0.299     8.339 r  i_ariane/i_cva6/issue_stage_i/i_issue_read_operands/i___2_i_2/O
                         net (fo=45, routed)          0.683     9.022    i_ariane/i_cva6/issue_stage_i/i_issue_read_operands/fu_data_q_reg[0][operation][5]_0
    SLICE_X47Y80         LUT6 (Prop_lut6_I0_O)        0.124     9.146 f  i_ariane/i_cva6/issue_stage_i/i_issue_read_operands/i___33__0_i_1_replica_1/O
                         net (fo=1, routed)           0.996    10.142    i_ariane/i_cva6/id_stage_i/branch_predict_o_reg[cf][2]_0_repN_9_alias
    SLICE_X32Y84         LUT6 (Prop_lut6_I4_O)        0.124    10.266 r  i_ariane/i_cva6/id_stage_i/i__i_12_comp_2/O
                         net (fo=5, routed)           0.844    11.110    i_ariane/i_cva6/id_stage_i/i__i_12_n_0
    SLICE_X34Y85         LUT6 (Prop_lut6_I5_O)        0.124    11.234 f  i_ariane/i_cva6/id_stage_i/i___104_i_3/O
                         net (fo=100, routed)         0.918    12.152    i_ariane/i_cva6/issue_stage_i/i_scoreboard/fu_data_q_reg[0][operand_b][0]
    SLICE_X37Y86         LUT5 (Prop_lut5_I0_O)        0.124    12.276 r  i_ariane/i_cva6/issue_stage_i/i_scoreboard/i__i_7_comp/O
                         net (fo=37, routed)          0.688    12.964    i_ariane/i_cva6/id_stage_i/fu_data_q_reg[0][operand_b][0]_0
    SLICE_X37Y85         LUT6 (Prop_lut6_I3_O)        0.124    13.088 r  i_ariane/i_cva6/id_stage_i/i___176_i_2/O
                         net (fo=7, routed)           0.641    13.729    i_ariane/i_cva6/id_stage_i/issue_q_reg[0][sbe][result][31]_0[27]
    SLICE_X36Y85         LUT2 (Prop_lut2_I0_O)        0.124    13.853 r  i_ariane/i_cva6/id_stage_i/result_n3__0_i_20/O
                         net (fo=4, routed)           0.582    14.435    i_ariane/gen_example_coprocessor.i_cvxif_coprocessor/i_copro_alu/result_n4__1_0[12]
    DSP48_X2Y33          DSP48E1 (Prop_dsp48e1_A[12]_P[0])
                                                      3.841    18.276 r  i_ariane/gen_example_coprocessor.i_cvxif_coprocessor/i_copro_alu/result_n4__0/P[0]
                         net (fo=1, routed)           0.895    19.171    i_ariane_n_7
    SLICE_X35Y75         CARRY4 (Prop_carry4_S[0]_CO[3])
                                                      0.656    19.827 r  i_copro_alu/result_n2_i_5/CO[3]
                         net (fo=1, routed)           0.000    19.827    i_copro_alu/result_n2_i_5_n_0
    SLICE_X35Y76         CARRY4 (Prop_carry4_CI_CO[3])
                                                      0.114    19.941 r  i_copro_alu/result_n2_i_4/CO[3]
                         net (fo=1, routed)           0.000    19.941    i_copro_alu/result_n2_i_4_n_0
    SLICE_X35Y77         CARRY4 (Prop_carry4_CI_CO[3])
                                                      0.114    20.055 r  i_copro_alu/result_n2_i_3/CO[3]
                         net (fo=1, routed)           0.000    20.055    i_copro_alu/result_n2_i_3_n_0
    SLICE_X35Y78         CARRY4 (Prop_carry4_CI_CO[3])
                                                      0.114    20.169 r  i_copro_alu/result_n2_i_2/CO[3]
                         net (fo=1, routed)           0.000    20.169    i_copro_alu/result_n2_i_2_n_0
    SLICE_X35Y79         CARRY4 (Prop_carry4_CI_CO[3])
                                                      0.114    20.283 r  i_copro_alu/result_n2_i_1/CO[3]
                         net (fo=1, routed)           0.000    20.283    i_copro_alu/result_n2_i_1_n_0
    SLICE_X35Y80         CARRY4 (Prop_carry4_CI_CO[3])
                                                      0.114    20.397 r  i_copro_alu/result_n2_i_8/CO[3]
                         net (fo=1, routed)           0.000    20.397    i_copro_alu/result_n2_i_8_n_0
    SLICE_X35Y81         CARRY4 (Prop_carry4_CI_CO[3])
                                                      0.114    20.511 r  i_copro_alu/result_n2_i_7/CO[3]
                         net (fo=1, routed)           0.000    20.511    i_ariane/gen_example_coprocessor.i_cvxif_coprocessor/i_copro_alu/result_n2__0_2[0]
    SLICE_X35Y82         CARRY4 (Prop_carry4_CI_O[2])
                                                      0.239    20.750 r  i_ariane/gen_example_coprocessor.i_cvxif_coprocessor/i_copro_alu/result_n2_i_6/O[2]
                         net (fo=18, routed)          0.879    21.629    i_ariane/gen_example_coprocessor.i_cvxif_coprocessor/i_copro_alu/result_n3__2[30]
    DSP48_X2Y31          DSP48E1 (Prop_dsp48e1_A[29]_P[16])
                                                      2.255    23.884 r  i_ariane/gen_example_coprocessor.i_cvxif_coprocessor/i_copro_alu/result_n2__0/P[16]
                         net (fo=2, routed)           0.764    24.649    i_ariane/gen_example_coprocessor.i_cvxif_coprocessor/p_0_in[1]
    SLICE_X33Y79         LUT3 (Prop_lut3_I2_O)        0.124    24.773 r  i_ariane/gen_example_coprocessor.i_cvxif_coprocessor/i___18/O
                         net (fo=1, routed)           0.000    24.773    i_ariane/gen_example_coprocessor.i_cvxif_coprocessor/i_copro_alu/result_q[0]_i_4_0[1]
    SLICE_X33Y79         CARRY4 (Prop_carry4_S[1]_CO[3])
                                                      0.550    25.323 r  i_ariane/gen_example_coprocessor.i_cvxif_coprocessor/i_copro_alu/result_n0__246_carry/CO[3]
                         net (fo=1, routed)           0.000    25.323    i_ariane/gen_example_coprocessor.i_cvxif_coprocessor/i_copro_alu/result_n0__246_carry_n_0
    SLICE_X33Y80         CARRY4 (Prop_carry4_CI_O[1])
                                                      0.334    25.657 r  i_ariane/gen_example_coprocessor.i_cvxif_coprocessor/i_copro_alu/result_n0__246_carry__0/O[1]
                         net (fo=1, routed)           0.673    26.330    i_ariane/gen_example_coprocessor.i_cvxif_coprocessor/i_copro_alu/data9[5]
    SLICE_X33Y74         LUT6 (Prop_lut6_I0_O)        0.303    26.633 f  i_ariane/gen_example_coprocessor.i_cvxif_coprocessor/i_copro_alu/result_q[5]_i_5/O
                         net (fo=1, routed)           0.298    26.931    i_ariane/i_cva6/id_stage_i/result_q_reg[5]_0
    SLICE_X35Y74         LUT6 (Prop_lut6_I5_O)        0.124    27.055 r  i_ariane/i_cva6/id_stage_i/result_q[5]_i_1/O
                         net (fo=1, routed)           0.000    27.055    i_ariane/gen_example_coprocessor.i_cvxif_coprocessor/i_copro_alu/result_q_reg[31]_1[5]
    SLICE_X35Y74         FDCE                                         r  i_ariane/gen_example_coprocessor.i_cvxif_coprocessor/i_copro_alu/result_q_reg[5]/D
  -------------------------------------------------------------------    -------------------

                         (clock clk_out1_xlnx_clk_gen rise edge)
                                                     25.000    25.000 r  
    K17                                               0.000    25.000 r  clk_sys (IN)
                         net (fo=0)                   0.000    25.000    i_xlnx_clk_gen/inst/clk_in1
    K17                  IBUF (Prop_ibuf_I_O)         1.404    26.404 r  i_xlnx_clk_gen/inst/clkin1_ibufg/O
                         net (fo=1, routed)           1.162    27.566    i_xlnx_clk_gen/inst/clk_in1_xlnx_clk_gen
    MMCME2_ADV_X1Y2      MMCME2_ADV (Prop_mmcme2_adv_CLKIN1_CLKOUT0)
                                                     -7.814    19.752 r  i_xlnx_clk_gen/inst/mmcm_adv_inst/CLKOUT0
                         net (fo=1, routed)           2.012    21.764    i_xlnx_clk_gen/inst/clk_out1_xlnx_clk_gen
    BUFGCTRL_X0Y16       BUFG (Prop_bufg_I_O)         0.091    21.855 r  i_xlnx_clk_gen/inst/clkout1_buf/O
                         net (fo=15067, routed)       1.463    23.318    i_ariane/gen_example_coprocessor.i_cvxif_coprocessor/i_copro_alu/clk_out1
    SLICE_X35Y74         FDCE                                         r  i_ariane/gen_example_coprocessor.i_cvxif_coprocessor/i_copro_alu/result_q_reg[5]/C
                         clock pessimism              0.567    23.885    
                         clock uncertainty           -0.082    23.803    
    SLICE_X35Y74         FDCE (Setup_fdce_C_D)        0.031    23.834    i_ariane/gen_example_coprocessor.i_cvxif_coprocessor/i_copro_alu/result_q_reg[5]
  -------------------------------------------------------------------
                         required time                         23.834    
                         arrival time                         -27.055    
  -------------------------------------------------------------------
                         slack                                 -3.221    

Slack (VIOLATED) :        -3.178ns  (required time - arrival time)
  Source:                 i_ariane/i_cva6/issue_stage_i/i_issue_read_operands/branch_valid_q_reg[0]/C
                            (rising edge-triggered cell FDCE clocked by clk_out1_xlnx_clk_gen  {rise@0.000ns fall@12.500ns period=25.000ns})
  Destination:            i_ariane/gen_example_coprocessor.i_cvxif_coprocessor/i_copro_alu/result_q_reg[4]/D
                            (rising edge-triggered cell FDCE clocked by clk_out1_xlnx_clk_gen  {rise@0.000ns fall@12.500ns period=25.000ns})
  Path Group:             clk_out1_xlnx_clk_gen
  Path Type:              Setup (Max at Slow Process Corner)
  Requirement:            25.000ns  (clk_out1_xlnx_clk_gen rise@25.000ns - clk_out1_xlnx_clk_gen rise@0.000ns)
  Data Path Delay:        28.059ns  (logic 13.072ns (46.588%)  route 14.987ns (53.412%))
  Logic Levels:           33  (CARRY4=12 DSP48E1=2 LUT2=1 LUT3=2 LUT4=1 LUT5=4 LUT6=10 MUXF7=1)
  Clock Path Skew:        -0.066ns (DCD - SCD + CPR)
    Destination Clock Delay (DCD):    -1.683ns = ( 23.317 - 25.000 ) 
    Source Clock Delay      (SCD):    -1.050ns
    Clock Pessimism Removal (CPR):    0.567ns
  Clock Uncertainty:      0.082ns  ((TSJ^2 + DJ^2)^1/2) / 2 + PE
    Total System Jitter     (TSJ):    0.071ns
    Discrete Jitter          (DJ):    0.149ns
    Phase Error              (PE):    0.000ns

    Location             Delay type                Incr(ns)  Path(ns)    Netlist Resource(s)
  -------------------------------------------------------------------    -------------------
                         (clock clk_out1_xlnx_clk_gen rise edge)
                                                      0.000     0.000 r  
    K17                                               0.000     0.000 r  clk_sys (IN)
                         net (fo=0)                   0.000     0.000    i_xlnx_clk_gen/inst/clk_in1
    K17                  IBUF (Prop_ibuf_I_O)         1.475     1.475 r  i_xlnx_clk_gen/inst/clkin1_ibufg/O
                         net (fo=1, routed)           1.285     2.760    i_xlnx_clk_gen/inst/clk_in1_xlnx_clk_gen
    MMCME2_ADV_X1Y2      MMCME2_ADV (Prop_mmcme2_adv_CLKIN1_CLKOUT0)
                                                     -7.759    -4.999 r  i_xlnx_clk_gen/inst/mmcm_adv_inst/CLKOUT0
                         net (fo=1, routed)           2.206    -2.793    i_xlnx_clk_gen/inst/clk_out1_xlnx_clk_gen
    BUFGCTRL_X0Y16       BUFG (Prop_bufg_I_O)         0.101    -2.692 r  i_xlnx_clk_gen/inst/clkout1_buf/O
                         net (fo=15067, routed)       1.642    -1.050    i_ariane/i_cva6/issue_stage_i/i_issue_read_operands/clk_out1
    SLICE_X40Y82         FDCE                                         r  i_ariane/i_cva6/issue_stage_i/i_issue_read_operands/branch_valid_q_reg[0]/C
  -------------------------------------------------------------------    -------------------
    SLICE_X40Y82         FDCE (Prop_fdce_C_Q)         0.456    -0.594 r  i_ariane/i_cva6/issue_stage_i/i_issue_read_operands/branch_valid_q_reg[0]/Q
                         net (fo=120, routed)         0.780     0.186    i_ariane/i_cva6/ex_stage_i/branch_valid_id_ex
    SLICE_X36Y80         LUT3 (Prop_lut3_I1_O)        0.124     0.310 r  i_ariane/i_cva6/ex_stage_i/i___34_i_2/O
                         net (fo=173, routed)         0.626     0.936    i_ariane/i_cva6/issue_stage_i/i_issue_read_operands/p_0_in
    SLICE_X37Y80         LUT5 (Prop_lut5_I4_O)        0.150     1.086 r  i_ariane/i_cva6/issue_stage_i/i_issue_read_operands/mem_q[1][sbe][result][0]_i_17/O
                         net (fo=2, routed)           0.668     1.753    i_ariane/i_cva6/issue_stage_i/i_issue_read_operands/mem_q[1][sbe][result][0]_i_17_n_0
    SLICE_X37Y80         LUT6 (Prop_lut6_I5_O)        0.326     2.079 r  i_ariane/i_cva6/issue_stage_i/i_issue_read_operands/mem_q[1][sbe][result][0]_i_9_replica/O
                         net (fo=33, routed)          0.792     2.872    i_ariane/i_cva6/ex_stage_i/csr_valid_q_reg[0]_3_repN_alias
    SLICE_X37Y77         LUT6 (Prop_lut6_I5_O)        0.124     2.996 r  i_ariane/i_cva6/ex_stage_i/mem_q[1][sbe][result][0]_i_15/O
                         net (fo=1, routed)           0.423     3.418    i_ariane/i_cva6/ex_stage_i/mem_q[1][sbe][result][0]_i_15_n_0
    SLICE_X38Y76         CARRY4 (Prop_carry4_S[0]_CO[3])
                                                      0.637     4.055 r  i_ariane/i_cva6/ex_stage_i/mem_q_reg[1][sbe][result][0]_i_7/CO[3]
                         net (fo=1, routed)           0.000     4.055    i_ariane/i_cva6/ex_stage_i/mem_q_reg[1][sbe][result][0]_i_7_n_0
    SLICE_X38Y77         CARRY4 (Prop_carry4_CI_O[1])
                                                      0.323     4.378 f  i_ariane/i_cva6/ex_stage_i/mem_q_reg[1][sbe][result][7]_i_10/O[1]
                         net (fo=2, routed)           0.683     5.062    i_ariane/i_cva6/ex_stage_i/adder_result[5]
    SLICE_X42Y77         LUT4 (Prop_lut4_I0_O)        0.306     5.368 f  i_ariane/i_cva6/ex_stage_i/i___2_i_26/O
                         net (fo=1, routed)           0.437     5.805    i_ariane/i_cva6/ex_stage_i/i___2_i_26_n_0
    SLICE_X47Y78         LUT5 (Prop_lut5_I4_O)        0.124     5.929 f  i_ariane/i_cva6/ex_stage_i/i___2_i_21/O
                         net (fo=1, routed)           1.004     6.932    i_ariane/i_cva6/ex_stage_i/i___2_i_21_n_0
    SLICE_X47Y81         LUT6 (Prop_lut6_I3_O)        0.124     7.056 r  i_ariane/i_cva6/ex_stage_i/i___2_i_19_comp_1/O
                         net (fo=1, routed)           0.308     7.364    i_ariane/i_cva6/issue_stage_i/i_issue_read_operands/data0
    SLICE_X48Y81         LUT6 (Prop_lut6_I2_O)        0.124     7.488 r  i_ariane/i_cva6/issue_stage_i/i_issue_read_operands/i___2_i_18/O
                         net (fo=1, routed)           0.000     7.488    i_ariane/i_cva6/issue_stage_i/i_issue_read_operands/i___2_i_18_n_0
    SLICE_X48Y81         MUXF7 (Prop_muxf7_I1_O)      0.217     7.705 r  i_ariane/i_cva6/issue_stage_i/i_issue_read_operands/i___2_i_6/O
                         net (fo=3, routed)           0.335     8.040    i_ariane/i_cva6/issue_stage_i/i_issue_read_operands/i___2_i_6_n_0
    SLICE_X48Y80         LUT5 (Prop_lut5_I4_O)        0.299     8.339 r  i_ariane/i_cva6/issue_stage_i/i_issue_read_operands/i___2_i_2/O
                         net (fo=45, routed)          0.683     9.022    i_ariane/i_cva6/issue_stage_i/i_issue_read_operands/fu_data_q_reg[0][operation][5]_0
    SLICE_X47Y80         LUT6 (Prop_lut6_I0_O)        0.124     9.146 f  i_ariane/i_cva6/issue_stage_i/i_issue_read_operands/i___33__0_i_1_replica_1/O
                         net (fo=1, routed)           0.996    10.142    i_ariane/i_cva6/id_stage_i/branch_predict_o_reg[cf][2]_0_repN_9_alias
    SLICE_X32Y84         LUT6 (Prop_lut6_I4_O)        0.124    10.266 r  i_ariane/i_cva6/id_stage_i/i__i_12_comp_2/O
                         net (fo=5, routed)           0.844    11.110    i_ariane/i_cva6/id_stage_i/i__i_12_n_0
    SLICE_X34Y85         LUT6 (Prop_lut6_I5_O)        0.124    11.234 f  i_ariane/i_cva6/id_stage_i/i___104_i_3/O
                         net (fo=100, routed)         0.918    12.152    i_ariane/i_cva6/issue_stage_i/i_scoreboard/fu_data_q_reg[0][operand_b][0]
    SLICE_X37Y86         LUT5 (Prop_lut5_I0_O)        0.124    12.276 r  i_ariane/i_cva6/issue_stage_i/i_scoreboard/i__i_7_comp/O
                         net (fo=37, routed)          0.688    12.964    i_ariane/i_cva6/id_stage_i/fu_data_q_reg[0][operand_b][0]_0
    SLICE_X37Y85         LUT6 (Prop_lut6_I3_O)        0.124    13.088 r  i_ariane/i_cva6/id_stage_i/i___176_i_2/O
                         net (fo=7, routed)           0.641    13.729    i_ariane/i_cva6/id_stage_i/issue_q_reg[0][sbe][result][31]_0[27]
    SLICE_X36Y85         LUT2 (Prop_lut2_I0_O)        0.124    13.853 r  i_ariane/i_cva6/id_stage_i/result_n3__0_i_20/O
                         net (fo=4, routed)           0.582    14.435    i_ariane/gen_example_coprocessor.i_cvxif_coprocessor/i_copro_alu/result_n4__1_0[12]
    DSP48_X2Y33          DSP48E1 (Prop_dsp48e1_A[12]_P[0])
                                                      3.841    18.276 r  i_ariane/gen_example_coprocessor.i_cvxif_coprocessor/i_copro_alu/result_n4__0/P[0]
                         net (fo=1, routed)           0.895    19.171    i_ariane_n_7
    SLICE_X35Y75         CARRY4 (Prop_carry4_S[0]_CO[3])
                                                      0.656    19.827 r  i_copro_alu/result_n2_i_5/CO[3]
                         net (fo=1, routed)           0.000    19.827    i_copro_alu/result_n2_i_5_n_0
    SLICE_X35Y76         CARRY4 (Prop_carry4_CI_CO[3])
                                                      0.114    19.941 r  i_copro_alu/result_n2_i_4/CO[3]
                         net (fo=1, routed)           0.000    19.941    i_copro_alu/result_n2_i_4_n_0
    SLICE_X35Y77         CARRY4 (Prop_carry4_CI_CO[3])
                                                      0.114    20.055 r  i_copro_alu/result_n2_i_3/CO[3]
                         net (fo=1, routed)           0.000    20.055    i_copro_alu/result_n2_i_3_n_0
    SLICE_X35Y78         CARRY4 (Prop_carry4_CI_CO[3])
                                                      0.114    20.169 r  i_copro_alu/result_n2_i_2/CO[3]
                         net (fo=1, routed)           0.000    20.169    i_copro_alu/result_n2_i_2_n_0
    SLICE_X35Y79         CARRY4 (Prop_carry4_CI_CO[3])
                                                      0.114    20.283 r  i_copro_alu/result_n2_i_1/CO[3]
                         net (fo=1, routed)           0.000    20.283    i_copro_alu/result_n2_i_1_n_0
    SLICE_X35Y80         CARRY4 (Prop_carry4_CI_CO[3])
                                                      0.114    20.397 r  i_copro_alu/result_n2_i_8/CO[3]
                         net (fo=1, routed)           0.000    20.397    i_copro_alu/result_n2_i_8_n_0
    SLICE_X35Y81         CARRY4 (Prop_carry4_CI_CO[3])
                                                      0.114    20.511 r  i_copro_alu/result_n2_i_7/CO[3]
                         net (fo=1, routed)           0.000    20.511    i_ariane/gen_example_coprocessor.i_cvxif_coprocessor/i_copro_alu/result_n2__0_2[0]
    SLICE_X35Y82         CARRY4 (Prop_carry4_CI_O[2])
                                                      0.239    20.750 r  i_ariane/gen_example_coprocessor.i_cvxif_coprocessor/i_copro_alu/result_n2_i_6/O[2]
                         net (fo=18, routed)          0.879    21.629    i_ariane/gen_example_coprocessor.i_cvxif_coprocessor/i_copro_alu/result_n3__2[30]
    DSP48_X2Y31          DSP48E1 (Prop_dsp48e1_A[29]_P[16])
                                                      2.255    23.884 r  i_ariane/gen_example_coprocessor.i_cvxif_coprocessor/i_copro_alu/result_n2__0/P[16]
                         net (fo=2, routed)           0.764    24.649    i_ariane/gen_example_coprocessor.i_cvxif_coprocessor/p_0_in[1]
    SLICE_X33Y79         LUT3 (Prop_lut3_I2_O)        0.124    24.773 r  i_ariane/gen_example_coprocessor.i_cvxif_coprocessor/i___18/O
                         net (fo=1, routed)           0.000    24.773    i_ariane/gen_example_coprocessor.i_cvxif_coprocessor/i_copro_alu/result_q[0]_i_4_0[1]
    SLICE_X33Y79         CARRY4 (Prop_carry4_S[1]_CO[3])
                                                      0.550    25.323 r  i_ariane/gen_example_coprocessor.i_cvxif_coprocessor/i_copro_alu/result_n0__246_carry/CO[3]
                         net (fo=1, routed)           0.000    25.323    i_ariane/gen_example_coprocessor.i_cvxif_coprocessor/i_copro_alu/result_n0__246_carry_n_0
    SLICE_X33Y80         CARRY4 (Prop_carry4_CI_O[0])
                                                      0.222    25.545 r  i_ariane/gen_example_coprocessor.i_cvxif_coprocessor/i_copro_alu/result_n0__246_carry__0/O[0]
                         net (fo=1, routed)           0.611    26.156    i_ariane/gen_example_coprocessor.i_cvxif_coprocessor/i_copro_alu/data9[4]
    SLICE_X33Y74         LUT6 (Prop_lut6_I0_O)        0.299    26.455 f  i_ariane/gen_example_coprocessor.i_cvxif_coprocessor/i_copro_alu/result_q[4]_i_5/O
                         net (fo=1, routed)           0.430    26.885    i_ariane/i_cva6/id_stage_i/result_q_reg[4]_0
    SLICE_X33Y75         LUT6 (Prop_lut6_I5_O)        0.124    27.009 r  i_ariane/i_cva6/id_stage_i/result_q[4]_i_1/O
                         net (fo=1, routed)           0.000    27.009    i_ariane/gen_example_coprocessor.i_cvxif_coprocessor/i_copro_alu/result_q_reg[31]_1[4]
    SLICE_X33Y75         FDCE                                         r  i_ariane/gen_example_coprocessor.i_cvxif_coprocessor/i_copro_alu/result_q_reg[4]/D
  -------------------------------------------------------------------    -------------------

                         (clock clk_out1_xlnx_clk_gen rise edge)
                                                     25.000    25.000 r  
    K17                                               0.000    25.000 r  clk_sys (IN)
                         net (fo=0)                   0.000    25.000    i_xlnx_clk_gen/inst/clk_in1
    K17                  IBUF (Prop_ibuf_I_O)         1.404    26.404 r  i_xlnx_clk_gen/inst/clkin1_ibufg/O
                         net (fo=1, routed)           1.162    27.566    i_xlnx_clk_gen/inst/clk_in1_xlnx_clk_gen
    MMCME2_ADV_X1Y2      MMCME2_ADV (Prop_mmcme2_adv_CLKIN1_CLKOUT0)
                                                     -7.814    19.752 r  i_xlnx_clk_gen/inst/mmcm_adv_inst/CLKOUT0
                         net (fo=1, routed)           2.012    21.764    i_xlnx_clk_gen/inst/clk_out1_xlnx_clk_gen
    BUFGCTRL_X0Y16       BUFG (Prop_bufg_I_O)         0.091    21.855 r  i_xlnx_clk_gen/inst/clkout1_buf/O
                         net (fo=15067, routed)       1.462    23.317    i_ariane/gen_example_coprocessor.i_cvxif_coprocessor/i_copro_alu/clk_out1
    SLICE_X33Y75         FDCE                                         r  i_ariane/gen_example_coprocessor.i_cvxif_coprocessor/i_copro_alu/result_q_reg[4]/C
                         clock pessimism              0.567    23.884    
                         clock uncertainty           -0.082    23.802    
    SLICE_X33Y75         FDCE (Setup_fdce_C_D)        0.029    23.831    i_ariane/gen_example_coprocessor.i_cvxif_coprocessor/i_copro_alu/result_q_reg[4]
  -------------------------------------------------------------------
                         required time                         23.831    
                         arrival time                         -27.009    
  -------------------------------------------------------------------
                         slack                                 -3.178    

Slack (VIOLATED) :        -3.145ns  (required time - arrival time)
  Source:                 i_ariane/i_cva6/issue_stage_i/i_issue_read_operands/branch_valid_q_reg[0]/C
                            (rising edge-triggered cell FDCE clocked by clk_out1_xlnx_clk_gen  {rise@0.000ns fall@12.500ns period=25.000ns})
  Destination:            i_ariane/gen_example_coprocessor.i_cvxif_coprocessor/i_copro_alu/result_q_reg[11]/D
                            (rising edge-triggered cell FDCE clocked by clk_out1_xlnx_clk_gen  {rise@0.000ns fall@12.500ns period=25.000ns})
  Path Group:             clk_out1_xlnx_clk_gen
  Path Type:              Setup (Max at Slow Process Corner)
  Requirement:            25.000ns  (clk_out1_xlnx_clk_gen rise@25.000ns - clk_out1_xlnx_clk_gen rise@0.000ns)
  Data Path Delay:        28.078ns  (logic 13.170ns (46.904%)  route 14.908ns (53.096%))
  Logic Levels:           33  (CARRY4=12 DSP48E1=2 LUT2=1 LUT3=2 LUT4=1 LUT5=4 LUT6=10 MUXF7=1)
  Clock Path Skew:        -0.013ns (DCD - SCD + CPR)
    Destination Clock Delay (DCD):    -1.630ns = ( 23.370 - 25.000 ) 
    Source Clock Delay      (SCD):    -1.050ns
    Clock Pessimism Removal (CPR):    0.567ns
  Clock Uncertainty:      0.082ns  ((TSJ^2 + DJ^2)^1/2) / 2 + PE
    Total System Jitter     (TSJ):    0.071ns
    Discrete Jitter          (DJ):    0.149ns
    Phase Error              (PE):    0.000ns

    Location             Delay type                Incr(ns)  Path(ns)    Netlist Resource(s)
  -------------------------------------------------------------------    -------------------
                         (clock clk_out1_xlnx_clk_gen rise edge)
                                                      0.000     0.000 r  
    K17                                               0.000     0.000 r  clk_sys (IN)
                         net (fo=0)                   0.000     0.000    i_xlnx_clk_gen/inst/clk_in1
    K17                  IBUF (Prop_ibuf_I_O)         1.475     1.475 r  i_xlnx_clk_gen/inst/clkin1_ibufg/O
                         net (fo=1, routed)           1.285     2.760    i_xlnx_clk_gen/inst/clk_in1_xlnx_clk_gen
    MMCME2_ADV_X1Y2      MMCME2_ADV (Prop_mmcme2_adv_CLKIN1_CLKOUT0)
                                                     -7.759    -4.999 r  i_xlnx_clk_gen/inst/mmcm_adv_inst/CLKOUT0
                         net (fo=1, routed)           2.206    -2.793    i_xlnx_clk_gen/inst/clk_out1_xlnx_clk_gen
    BUFGCTRL_X0Y16       BUFG (Prop_bufg_I_O)         0.101    -2.692 r  i_xlnx_clk_gen/inst/clkout1_buf/O
                         net (fo=15067, routed)       1.642    -1.050    i_ariane/i_cva6/issue_stage_i/i_issue_read_operands/clk_out1
    SLICE_X40Y82         FDCE                                         r  i_ariane/i_cva6/issue_stage_i/i_issue_read_operands/branch_valid_q_reg[0]/C
  -------------------------------------------------------------------    -------------------
    SLICE_X40Y82         FDCE (Prop_fdce_C_Q)         0.456    -0.594 r  i_ariane/i_cva6/issue_stage_i/i_issue_read_operands/branch_valid_q_reg[0]/Q
                         net (fo=120, routed)         0.780     0.186    i_ariane/i_cva6/ex_stage_i/branch_valid_id_ex
    SLICE_X36Y80         LUT3 (Prop_lut3_I1_O)        0.124     0.310 r  i_ariane/i_cva6/ex_stage_i/i___34_i_2/O
                         net (fo=173, routed)         0.626     0.936    i_ariane/i_cva6/issue_stage_i/i_issue_read_operands/p_0_in
    SLICE_X37Y80         LUT5 (Prop_lut5_I4_O)        0.150     1.086 r  i_ariane/i_cva6/issue_stage_i/i_issue_read_operands/mem_q[1][sbe][result][0]_i_17/O
                         net (fo=2, routed)           0.668     1.753    i_ariane/i_cva6/issue_stage_i/i_issue_read_operands/mem_q[1][sbe][result][0]_i_17_n_0
    SLICE_X37Y80         LUT6 (Prop_lut6_I5_O)        0.326     2.079 r  i_ariane/i_cva6/issue_stage_i/i_issue_read_operands/mem_q[1][sbe][result][0]_i_9_replica/O
                         net (fo=33, routed)          0.792     2.872    i_ariane/i_cva6/ex_stage_i/csr_valid_q_reg[0]_3_repN_alias
    SLICE_X37Y77         LUT6 (Prop_lut6_I5_O)        0.124     2.996 r  i_ariane/i_cva6/ex_stage_i/mem_q[1][sbe][result][0]_i_15/O
                         net (fo=1, routed)           0.423     3.418    i_ariane/i_cva6/ex_stage_i/mem_q[1][sbe][result][0]_i_15_n_0
    SLICE_X38Y76         CARRY4 (Prop_carry4_S[0]_CO[3])
                                                      0.637     4.055 r  i_ariane/i_cva6/ex_stage_i/mem_q_reg[1][sbe][result][0]_i_7/CO[3]
                         net (fo=1, routed)           0.000     4.055    i_ariane/i_cva6/ex_stage_i/mem_q_reg[1][sbe][result][0]_i_7_n_0
    SLICE_X38Y77         CARRY4 (Prop_carry4_CI_O[1])
                                                      0.323     4.378 f  i_ariane/i_cva6/ex_stage_i/mem_q_reg[1][sbe][result][7]_i_10/O[1]
                         net (fo=2, routed)           0.683     5.062    i_ariane/i_cva6/ex_stage_i/adder_result[5]
    SLICE_X42Y77         LUT4 (Prop_lut4_I0_O)        0.306     5.368 f  i_ariane/i_cva6/ex_stage_i/i___2_i_26/O
                         net (fo=1, routed)           0.437     5.805    i_ariane/i_cva6/ex_stage_i/i___2_i_26_n_0
    SLICE_X47Y78         LUT5 (Prop_lut5_I4_O)        0.124     5.929 f  i_ariane/i_cva6/ex_stage_i/i___2_i_21/O
                         net (fo=1, routed)           1.004     6.932    i_ariane/i_cva6/ex_stage_i/i___2_i_21_n_0
    SLICE_X47Y81         LUT6 (Prop_lut6_I3_O)        0.124     7.056 r  i_ariane/i_cva6/ex_stage_i/i___2_i_19_comp_1/O
                         net (fo=1, routed)           0.308     7.364    i_ariane/i_cva6/issue_stage_i/i_issue_read_operands/data0
    SLICE_X48Y81         LUT6 (Prop_lut6_I2_O)        0.124     7.488 r  i_ariane/i_cva6/issue_stage_i/i_issue_read_operands/i___2_i_18/O
                         net (fo=1, routed)           0.000     7.488    i_ariane/i_cva6/issue_stage_i/i_issue_read_operands/i___2_i_18_n_0
    SLICE_X48Y81         MUXF7 (Prop_muxf7_I1_O)      0.217     7.705 r  i_ariane/i_cva6/issue_stage_i/i_issue_read_operands/i___2_i_6/O
                         net (fo=3, routed)           0.335     8.040    i_ariane/i_cva6/issue_stage_i/i_issue_read_operands/i___2_i_6_n_0
    SLICE_X48Y80         LUT5 (Prop_lut5_I4_O)        0.299     8.339 r  i_ariane/i_cva6/issue_stage_i/i_issue_read_operands/i___2_i_2/O
                         net (fo=45, routed)          0.683     9.022    i_ariane/i_cva6/issue_stage_i/i_issue_read_operands/fu_data_q_reg[0][operation][5]_0
    SLICE_X47Y80         LUT6 (Prop_lut6_I0_O)        0.124     9.146 f  i_ariane/i_cva6/issue_stage_i/i_issue_read_operands/i___33__0_i_1_replica_1/O
                         net (fo=1, routed)           0.996    10.142    i_ariane/i_cva6/id_stage_i/branch_predict_o_reg[cf][2]_0_repN_9_alias
    SLICE_X32Y84         LUT6 (Prop_lut6_I4_O)        0.124    10.266 r  i_ariane/i_cva6/id_stage_i/i__i_12_comp_2/O
                         net (fo=5, routed)           0.844    11.110    i_ariane/i_cva6/id_stage_i/i__i_12_n_0
    SLICE_X34Y85         LUT6 (Prop_lut6_I5_O)        0.124    11.234 f  i_ariane/i_cva6/id_stage_i/i___104_i_3/O
                         net (fo=100, routed)         0.918    12.152    i_ariane/i_cva6/issue_stage_i/i_scoreboard/fu_data_q_reg[0][operand_b][0]
    SLICE_X37Y86         LUT5 (Prop_lut5_I0_O)        0.124    12.276 r  i_ariane/i_cva6/issue_stage_i/i_scoreboard/i__i_7_comp/O
                         net (fo=37, routed)          0.688    12.964    i_ariane/i_cva6/id_stage_i/fu_data_q_reg[0][operand_b][0]_0
    SLICE_X37Y85         LUT6 (Prop_lut6_I3_O)        0.124    13.088 r  i_ariane/i_cva6/id_stage_i/i___176_i_2/O
                         net (fo=7, routed)           0.641    13.729    i_ariane/i_cva6/id_stage_i/issue_q_reg[0][sbe][result][31]_0[27]
    SLICE_X36Y85         LUT2 (Prop_lut2_I0_O)        0.124    13.853 r  i_ariane/i_cva6/id_stage_i/result_n3__0_i_20/O
                         net (fo=4, routed)           0.582    14.435    i_ariane/gen_example_coprocessor.i_cvxif_coprocessor/i_copro_alu/result_n4__1_0[12]
    DSP48_X2Y33          DSP48E1 (Prop_dsp48e1_A[12]_P[0])
                                                      3.841    18.276 r  i_ariane/gen_example_coprocessor.i_cvxif_coprocessor/i_copro_alu/result_n4__0/P[0]
                         net (fo=1, routed)           0.895    19.171    i_ariane_n_7
    SLICE_X35Y75         CARRY4 (Prop_carry4_S[0]_CO[3])
                                                      0.656    19.827 r  i_copro_alu/result_n2_i_5/CO[3]
                         net (fo=1, routed)           0.000    19.827    i_copro_alu/result_n2_i_5_n_0
    SLICE_X35Y76         CARRY4 (Prop_carry4_CI_CO[3])
                                                      0.114    19.941 r  i_copro_alu/result_n2_i_4/CO[3]
                         net (fo=1, routed)           0.000    19.941    i_copro_alu/result_n2_i_4_n_0
    SLICE_X35Y77         CARRY4 (Prop_carry4_CI_CO[3])
                                                      0.114    20.055 r  i_copro_alu/result_n2_i_3/CO[3]
                         net (fo=1, routed)           0.000    20.055    i_copro_alu/result_n2_i_3_n_0
    SLICE_X35Y78         CARRY4 (Prop_carry4_CI_CO[3])
                                                      0.114    20.169 r  i_copro_alu/result_n2_i_2/CO[3]
                         net (fo=1, routed)           0.000    20.169    i_copro_alu/result_n2_i_2_n_0
    SLICE_X35Y79         CARRY4 (Prop_carry4_CI_CO[3])
                                                      0.114    20.283 r  i_copro_alu/result_n2_i_1/CO[3]
                         net (fo=1, routed)           0.000    20.283    i_copro_alu/result_n2_i_1_n_0
    SLICE_X35Y80         CARRY4 (Prop_carry4_CI_CO[3])
                                                      0.114    20.397 r  i_copro_alu/result_n2_i_8/CO[3]
                         net (fo=1, routed)           0.000    20.397    i_copro_alu/result_n2_i_8_n_0
    SLICE_X35Y81         CARRY4 (Prop_carry4_CI_CO[3])
                                                      0.114    20.511 r  i_copro_alu/result_n2_i_7/CO[3]
                         net (fo=1, routed)           0.000    20.511    i_ariane/gen_example_coprocessor.i_cvxif_coprocessor/i_copro_alu/result_n2__0_2[0]
    SLICE_X35Y82         CARRY4 (Prop_carry4_CI_O[2])
                                                      0.239    20.750 r  i_ariane/gen_example_coprocessor.i_cvxif_coprocessor/i_copro_alu/result_n2_i_6/O[2]
                         net (fo=18, routed)          0.879    21.629    i_ariane/gen_example_coprocessor.i_cvxif_coprocessor/i_copro_alu/result_n3__2[30]
    DSP48_X2Y31          DSP48E1 (Prop_dsp48e1_A[29]_P[20])
                                                      2.255    23.884 r  i_ariane/gen_example_coprocessor.i_cvxif_coprocessor/i_copro_alu/result_n2__0/P[20]
                         net (fo=2, routed)           0.994    24.879    i_ariane/gen_example_coprocessor.i_cvxif_coprocessor/p_0_in[5]
    SLICE_X33Y80         LUT3 (Prop_lut3_I2_O)        0.124    25.003 r  i_ariane/gen_example_coprocessor.i_cvxif_coprocessor/i___43/O
                         net (fo=1, routed)           0.000    25.003    i_ariane/gen_example_coprocessor.i_cvxif_coprocessor/i_copro_alu/result_q[4]_i_5_3[1]
    SLICE_X33Y80         CARRY4 (Prop_carry4_S[1]_CO[3])
                                                      0.550    25.553 r  i_ariane/gen_example_coprocessor.i_cvxif_coprocessor/i_copro_alu/result_n0__246_carry__0/CO[3]
                         net (fo=1, routed)           0.000    25.553    i_ariane/gen_example_coprocessor.i_cvxif_coprocessor/i_copro_alu/result_n0__246_carry__0_n_0
    SLICE_X33Y81         CARRY4 (Prop_carry4_CI_O[3])
                                                      0.313    25.866 r  i_ariane/gen_example_coprocessor.i_cvxif_coprocessor/i_copro_alu/result_n0__246_carry__1/O[3]
                         net (fo=1, routed)           0.578    26.444    i_ariane/gen_example_coprocessor.i_cvxif_coprocessor/i_copro_alu/data9[11]
    SLICE_X31Y81         LUT6 (Prop_lut6_I0_O)        0.306    26.750 f  i_ariane/gen_example_coprocessor.i_cvxif_coprocessor/i_copro_alu/result_q[11]_i_5/O
                         net (fo=1, routed)           0.154    26.904    i_ariane/i_cva6/id_stage_i/result_q_reg[11]_0
    SLICE_X31Y81         LUT6 (Prop_lut6_I5_O)        0.124    27.028 r  i_ariane/i_cva6/id_stage_i/result_q[11]_i_1/O
                         net (fo=1, routed)           0.000    27.028    i_ariane/gen_example_coprocessor.i_cvxif_coprocessor/i_copro_alu/result_q_reg[31]_1[11]
    SLICE_X31Y81         FDCE                                         r  i_ariane/gen_example_coprocessor.i_cvxif_coprocessor/i_copro_alu/result_q_reg[11]/D
  -------------------------------------------------------------------    -------------------

                         (clock clk_out1_xlnx_clk_gen rise edge)
                                                     25.000    25.000 r  
    K17                                               0.000    25.000 r  clk_sys (IN)
                         net (fo=0)                   0.000    25.000    i_xlnx_clk_gen/inst/clk_in1
    K17                  IBUF (Prop_ibuf_I_O)         1.404    26.404 r  i_xlnx_clk_gen/inst/clkin1_ibufg/O
                         net (fo=1, routed)           1.162    27.566    i_xlnx_clk_gen/inst/clk_in1_xlnx_clk_gen
    MMCME2_ADV_X1Y2      MMCME2_ADV (Prop_mmcme2_adv_CLKIN1_CLKOUT0)
                                                     -7.814    19.752 r  i_xlnx_clk_gen/inst/mmcm_adv_inst/CLKOUT0
                         net (fo=1, routed)           2.012    21.764    i_xlnx_clk_gen/inst/clk_out1_xlnx_clk_gen
    BUFGCTRL_X0Y16       BUFG (Prop_bufg_I_O)         0.091    21.855 r  i_xlnx_clk_gen/inst/clkout1_buf/O
                         net (fo=15067, routed)       1.515    23.370    i_ariane/gen_example_coprocessor.i_cvxif_coprocessor/i_copro_alu/clk_out1
    SLICE_X31Y81         FDCE                                         r  i_ariane/gen_example_coprocessor.i_cvxif_coprocessor/i_copro_alu/result_q_reg[11]/C
                         clock pessimism              0.567    23.937    
                         clock uncertainty           -0.082    23.855    
    SLICE_X31Y81         FDCE (Setup_fdce_C_D)        0.029    23.884    i_ariane/gen_example_coprocessor.i_cvxif_coprocessor/i_copro_alu/result_q_reg[11]
  -------------------------------------------------------------------
                         required time                         23.884    
                         arrival time                         -27.028    
  -------------------------------------------------------------------
                         slack                                 -3.145    





Min Delay Paths
--------------------------------------------------------------------------------------
Slack (MET) :             0.020ns  (arrival time - required time)
  Source:                 i_axi_dwidth_converter_dm_slave/inst/gen_downsizer.gen_simple_downsizer.axi_downsizer_inst/USE_WRITE.write_addr_inst/USE_B_CHANNEL.cmd_b_queue/inst/fifo_gen_inst/inst_fifo_gen/gconvfifo.rf/grf.rf/gntv_or_sync_fifo.gl0.wr/wpntr/gcc0.gc0.count_d1_reg[4]/C
                            (rising edge-triggered cell FDCE clocked by clk_out1_xlnx_clk_gen  {rise@0.000ns fall@12.500ns period=25.000ns})
  Destination:            i_axi_dwidth_converter_dm_slave/inst/gen_downsizer.gen_simple_downsizer.axi_downsizer_inst/USE_WRITE.write_addr_inst/USE_B_CHANNEL.cmd_b_queue/inst/fifo_gen_inst/inst_fifo_gen/gconvfifo.rf/grf.rf/gntv_or_sync_fifo.mem/gdm.dm_gen.dm/RAM_reg_0_31_6_8/RAMA/WADR4
                            (rising edge-triggered cell RAMD32 clocked by clk_out1_xlnx_clk_gen  {rise@0.000ns fall@12.500ns period=25.000ns})
  Path Group:             clk_out1_xlnx_clk_gen
  Path Type:              Hold (Min at Fast Process Corner)
  Requirement:            0.000ns  (clk_out1_xlnx_clk_gen rise@0.000ns - clk_out1_xlnx_clk_gen rise@0.000ns)
  Data Path Delay:        0.233ns  (logic 0.141ns (60.453%)  route 0.092ns (39.547%))
  Logic Levels:           0  
  Clock Path Skew:        0.013ns (DCD - SCD - CPR)
    Destination Clock Delay (DCD):    -0.831ns
    Source Clock Delay      (SCD):    -0.594ns
    Clock Pessimism Removal (CPR):    -0.251ns

    Location             Delay type                Incr(ns)  Path(ns)    Netlist Resource(s)
  -------------------------------------------------------------------    -------------------
                         (clock clk_out1_xlnx_clk_gen rise edge)
                                                      0.000     0.000 r  
    K17                                               0.000     0.000 r  clk_sys (IN)
                         net (fo=0)                   0.000     0.000    i_xlnx_clk_gen/inst/clk_in1
    K17                  IBUF (Prop_ibuf_I_O)         0.243     0.243 r  i_xlnx_clk_gen/inst/clkin1_ibufg/O
                         net (fo=1, routed)           0.440     0.683    i_xlnx_clk_gen/inst/clk_in1_xlnx_clk_gen
    MMCME2_ADV_X1Y2      MMCME2_ADV (Prop_mmcme2_adv_CLKIN1_CLKOUT0)
                                                     -2.613    -1.930 r  i_xlnx_clk_gen/inst/mmcm_adv_inst/CLKOUT0
                         net (fo=1, routed)           0.696    -1.233    i_xlnx_clk_gen/inst/clk_out1_xlnx_clk_gen
    BUFGCTRL_X0Y16       BUFG (Prop_bufg_I_O)         0.026    -1.207 r  i_xlnx_clk_gen/inst/clkout1_buf/O
                         net (fo=15067, routed)       0.614    -0.594    i_axi_dwidth_converter_dm_slave/inst/gen_downsizer.gen_simple_downsizer.axi_downsizer_inst/USE_WRITE.write_addr_inst/USE_B_CHANNEL.cmd_b_queue/inst/fifo_gen_inst/inst_fifo_gen/gconvfifo.rf/grf.rf/gntv_or_sync_fifo.gl0.wr/wpntr/clk
    SLICE_X105Y45        FDCE                                         r  i_axi_dwidth_converter_dm_slave/inst/gen_downsizer.gen_simple_downsizer.axi_downsizer_inst/USE_WRITE.write_addr_inst/USE_B_CHANNEL.cmd_b_queue/inst/fifo_gen_inst/inst_fifo_gen/gconvfifo.rf/grf.rf/gntv_or_sync_fifo.gl0.wr/wpntr/gcc0.gc0.count_d1_reg[4]/C
  -------------------------------------------------------------------    -------------------
    SLICE_X105Y45        FDCE (Prop_fdce_C_Q)         0.141    -0.453 r  i_axi_dwidth_converter_dm_slave/inst/gen_downsizer.gen_simple_downsizer.axi_downsizer_inst/USE_WRITE.write_addr_inst/USE_B_CHANNEL.cmd_b_queue/inst/fifo_gen_inst/inst_fifo_gen/gconvfifo.rf/grf.rf/gntv_or_sync_fifo.gl0.wr/wpntr/gcc0.gc0.count_d1_reg[4]/Q
                         net (fo=10, routed)          0.092    -0.360    i_axi_dwidth_converter_dm_slave/inst/gen_downsizer.gen_simple_downsizer.axi_downsizer_inst/USE_WRITE.write_addr_inst/USE_B_CHANNEL.cmd_b_queue/inst/fifo_gen_inst/inst_fifo_gen/gconvfifo.rf/grf.rf/gntv_or_sync_fifo.mem/gdm.dm_gen.dm/RAM_reg_0_31_6_8/ADDRD4
    SLICE_X104Y45        RAMD32                                       r  i_axi_dwidth_converter_dm_slave/inst/gen_downsizer.gen_simple_downsizer.axi_downsizer_inst/USE_WRITE.write_addr_inst/USE_B_CHANNEL.cmd_b_queue/inst/fifo_gen_inst/inst_fifo_gen/gconvfifo.rf/grf.rf/gntv_or_sync_fifo.mem/gdm.dm_gen.dm/RAM_reg_0_31_6_8/RAMA/WADR4
  -------------------------------------------------------------------    -------------------

                         (clock clk_out1_xlnx_clk_gen rise edge)
                                                      0.000     0.000 r  
    K17                                               0.000     0.000 r  clk_sys (IN)
                         net (fo=0)                   0.000     0.000    i_xlnx_clk_gen/inst/clk_in1
    K17                  IBUF (Prop_ibuf_I_O)         0.431     0.431 r  i_xlnx_clk_gen/inst/clkin1_ibufg/O
                         net (fo=1, routed)           0.480     0.911    i_xlnx_clk_gen/inst/clk_in1_xlnx_clk_gen
    MMCME2_ADV_X1Y2      MMCME2_ADV (Prop_mmcme2_adv_CLKIN1_CLKOUT0)
                                                     -3.407    -2.496 r  i_xlnx_clk_gen/inst/mmcm_adv_inst/CLKOUT0
                         net (fo=1, routed)           0.752    -1.744    i_xlnx_clk_gen/inst/clk_out1_xlnx_clk_gen
    BUFGCTRL_X0Y16       BUFG (Prop_bufg_I_O)         0.029    -1.715 r  i_xlnx_clk_gen/inst/clkout1_buf/O
                         net (fo=15067, routed)       0.884    -0.831    i_axi_dwidth_converter_dm_slave/inst/gen_downsizer.gen_simple_downsizer.axi_downsizer_inst/USE_WRITE.write_addr_inst/USE_B_CHANNEL.cmd_b_queue/inst/fifo_gen_inst/inst_fifo_gen/gconvfifo.rf/grf.rf/gntv_or_sync_fifo.mem/gdm.dm_gen.dm/RAM_reg_0_31_6_8/WCLK
    SLICE_X104Y45        RAMD32                                       r  i_axi_dwidth_converter_dm_slave/inst/gen_downsizer.gen_simple_downsizer.axi_downsizer_inst/USE_WRITE.write_addr_inst/USE_B_CHANNEL.cmd_b_queue/inst/fifo_gen_inst/inst_fifo_gen/gconvfifo.rf/grf.rf/gntv_or_sync_fifo.mem/gdm.dm_gen.dm/RAM_reg_0_31_6_8/RAMA/CLK
                         clock pessimism              0.251    -0.581    
    SLICE_X104Y45        RAMD32 (Hold_ramd32_CLK_WADR4)
                                                      0.200    -0.381    i_axi_dwidth_converter_dm_slave/inst/gen_downsizer.gen_simple_downsizer.axi_downsizer_inst/USE_WRITE.write_addr_inst/USE_B_CHANNEL.cmd_b_queue/inst/fifo_gen_inst/inst_fifo_gen/gconvfifo.rf/grf.rf/gntv_or_sync_fifo.mem/gdm.dm_gen.dm/RAM_reg_0_31_6_8/RAMA
  -------------------------------------------------------------------
                         required time                          0.381    
                         arrival time                          -0.360    
  -------------------------------------------------------------------
                         slack                                  0.020    

Slack (MET) :             0.020ns  (arrival time - required time)
  Source:                 i_axi_dwidth_converter_dm_slave/inst/gen_downsizer.gen_simple_downsizer.axi_downsizer_inst/USE_WRITE.write_addr_inst/USE_B_CHANNEL.cmd_b_queue/inst/fifo_gen_inst/inst_fifo_gen/gconvfifo.rf/grf.rf/gntv_or_sync_fifo.gl0.wr/wpntr/gcc0.gc0.count_d1_reg[4]/C
                            (rising edge-triggered cell FDCE clocked by clk_out1_xlnx_clk_gen  {rise@0.000ns fall@12.500ns period=25.000ns})
  Destination:            i_axi_dwidth_converter_dm_slave/inst/gen_downsizer.gen_simple_downsizer.axi_downsizer_inst/USE_WRITE.write_addr_inst/USE_B_CHANNEL.cmd_b_queue/inst/fifo_gen_inst/inst_fifo_gen/gconvfifo.rf/grf.rf/gntv_or_sync_fifo.mem/gdm.dm_gen.dm/RAM_reg_0_31_6_8/RAMA_D1/WADR4
                            (rising edge-triggered cell RAMD32 clocked by clk_out1_xlnx_clk_gen  {rise@0.000ns fall@12.500ns period=25.000ns})
  Path Group:             clk_out1_xlnx_clk_gen
  Path Type:              Hold (Min at Fast Process Corner)
  Requirement:            0.000ns  (clk_out1_xlnx_clk_gen rise@0.000ns - clk_out1_xlnx_clk_gen rise@0.000ns)
  Data Path Delay:        0.233ns  (logic 0.141ns (60.453%)  route 0.092ns (39.547%))
  Logic Levels:           0  
  Clock Path Skew:        0.013ns (DCD - SCD - CPR)
    Destination Clock Delay (DCD):    -0.831ns
    Source Clock Delay      (SCD):    -0.594ns
    Clock Pessimism Removal (CPR):    -0.251ns

    Location             Delay type                Incr(ns)  Path(ns)    Netlist Resource(s)
  -------------------------------------------------------------------    -------------------
                         (clock clk_out1_xlnx_clk_gen rise edge)
                                                      0.000     0.000 r  
    K17                                               0.000     0.000 r  clk_sys (IN)
                         net (fo=0)                   0.000     0.000    i_xlnx_clk_gen/inst/clk_in1
    K17                  IBUF (Prop_ibuf_I_O)         0.243     0.243 r  i_xlnx_clk_gen/inst/clkin1_ibufg/O
                         net (fo=1, routed)           0.440     0.683    i_xlnx_clk_gen/inst/clk_in1_xlnx_clk_gen
    MMCME2_ADV_X1Y2      MMCME2_ADV (Prop_mmcme2_adv_CLKIN1_CLKOUT0)
                                                     -2.613    -1.930 r  i_xlnx_clk_gen/inst/mmcm_adv_inst/CLKOUT0
                         net (fo=1, routed)           0.696    -1.233    i_xlnx_clk_gen/inst/clk_out1_xlnx_clk_gen
    BUFGCTRL_X0Y16       BUFG (Prop_bufg_I_O)         0.026    -1.207 r  i_xlnx_clk_gen/inst/clkout1_buf/O
                         net (fo=15067, routed)       0.614    -0.594    i_axi_dwidth_converter_dm_slave/inst/gen_downsizer.gen_simple_downsizer.axi_downsizer_inst/USE_WRITE.write_addr_inst/USE_B_CHANNEL.cmd_b_queue/inst/fifo_gen_inst/inst_fifo_gen/gconvfifo.rf/grf.rf/gntv_or_sync_fifo.gl0.wr/wpntr/clk
    SLICE_X105Y45        FDCE                                         r  i_axi_dwidth_converter_dm_slave/inst/gen_downsizer.gen_simple_downsizer.axi_downsizer_inst/USE_WRITE.write_addr_inst/USE_B_CHANNEL.cmd_b_queue/inst/fifo_gen_inst/inst_fifo_gen/gconvfifo.rf/grf.rf/gntv_or_sync_fifo.gl0.wr/wpntr/gcc0.gc0.count_d1_reg[4]/C
  -------------------------------------------------------------------    -------------------
    SLICE_X105Y45        FDCE (Prop_fdce_C_Q)         0.141    -0.453 r  i_axi_dwidth_converter_dm_slave/inst/gen_downsizer.gen_simple_downsizer.axi_downsizer_inst/USE_WRITE.write_addr_inst/USE_B_CHANNEL.cmd_b_queue/inst/fifo_gen_inst/inst_fifo_gen/gconvfifo.rf/grf.rf/gntv_or_sync_fifo.gl0.wr/wpntr/gcc0.gc0.count_d1_reg[4]/Q
                         net (fo=10, routed)          0.092    -0.360    i_axi_dwidth_converter_dm_slave/inst/gen_downsizer.gen_simple_downsizer.axi_downsizer_inst/USE_WRITE.write_addr_inst/USE_B_CHANNEL.cmd_b_queue/inst/fifo_gen_inst/inst_fifo_gen/gconvfifo.rf/grf.rf/gntv_or_sync_fifo.mem/gdm.dm_gen.dm/RAM_reg_0_31_6_8/ADDRD4
    SLICE_X104Y45        RAMD32                                       r  i_axi_dwidth_converter_dm_slave/inst/gen_downsizer.gen_simple_downsizer.axi_downsizer_inst/USE_WRITE.write_addr_inst/USE_B_CHANNEL.cmd_b_queue/inst/fifo_gen_inst/inst_fifo_gen/gconvfifo.rf/grf.rf/gntv_or_sync_fifo.mem/gdm.dm_gen.dm/RAM_reg_0_31_6_8/RAMA_D1/WADR4
  -------------------------------------------------------------------    -------------------

                         (clock clk_out1_xlnx_clk_gen rise edge)
                                                      0.000     0.000 r  
    K17                                               0.000     0.000 r  clk_sys (IN)
                         net (fo=0)                   0.000     0.000    i_xlnx_clk_gen/inst/clk_in1
    K17                  IBUF (Prop_ibuf_I_O)         0.431     0.431 r  i_xlnx_clk_gen/inst/clkin1_ibufg/O
                         net (fo=1, routed)           0.480     0.911    i_xlnx_clk_gen/inst/clk_in1_xlnx_clk_gen
    MMCME2_ADV_X1Y2      MMCME2_ADV (Prop_mmcme2_adv_CLKIN1_CLKOUT0)
                                                     -3.407    -2.496 r  i_xlnx_clk_gen/inst/mmcm_adv_inst/CLKOUT0
                         net (fo=1, routed)           0.752    -1.744    i_xlnx_clk_gen/inst/clk_out1_xlnx_clk_gen
    BUFGCTRL_X0Y16       BUFG (Prop_bufg_I_O)         0.029    -1.715 r  i_xlnx_clk_gen/inst/clkout1_buf/O
                         net (fo=15067, routed)       0.884    -0.831    i_axi_dwidth_converter_dm_slave/inst/gen_downsizer.gen_simple_downsizer.axi_downsizer_inst/USE_WRITE.write_addr_inst/USE_B_CHANNEL.cmd_b_queue/inst/fifo_gen_inst/inst_fifo_gen/gconvfifo.rf/grf.rf/gntv_or_sync_fifo.mem/gdm.dm_gen.dm/RAM_reg_0_31_6_8/WCLK
    SLICE_X104Y45        RAMD32                                       r  i_axi_dwidth_converter_dm_slave/inst/gen_downsizer.gen_simple_downsizer.axi_downsizer_inst/USE_WRITE.write_addr_inst/USE_B_CHANNEL.cmd_b_queue/inst/fifo_gen_inst/inst_fifo_gen/gconvfifo.rf/grf.rf/gntv_or_sync_fifo.mem/gdm.dm_gen.dm/RAM_reg_0_31_6_8/RAMA_D1/CLK
                         clock pessimism              0.251    -0.581    
    SLICE_X104Y45        RAMD32 (Hold_ramd32_CLK_WADR4)
                                                      0.200    -0.381    i_axi_dwidth_converter_dm_slave/inst/gen_downsizer.gen_simple_downsizer.axi_downsizer_inst/USE_WRITE.write_addr_inst/USE_B_CHANNEL.cmd_b_queue/inst/fifo_gen_inst/inst_fifo_gen/gconvfifo.rf/grf.rf/gntv_or_sync_fifo.mem/gdm.dm_gen.dm/RAM_reg_0_31_6_8/RAMA_D1
  -------------------------------------------------------------------
                         required time                          0.381    
                         arrival time                          -0.360    
  -------------------------------------------------------------------
                         slack                                  0.020    

Slack (MET) :             0.020ns  (arrival time - required time)
  Source:                 i_axi_dwidth_converter_dm_slave/inst/gen_downsizer.gen_simple_downsizer.axi_downsizer_inst/USE_WRITE.write_addr_inst/USE_B_CHANNEL.cmd_b_queue/inst/fifo_gen_inst/inst_fifo_gen/gconvfifo.rf/grf.rf/gntv_or_sync_fifo.gl0.wr/wpntr/gcc0.gc0.count_d1_reg[4]/C
                            (rising edge-triggered cell FDCE clocked by clk_out1_xlnx_clk_gen  {rise@0.000ns fall@12.500ns period=25.000ns})
  Destination:            i_axi_dwidth_converter_dm_slave/inst/gen_downsizer.gen_simple_downsizer.axi_downsizer_inst/USE_WRITE.write_addr_inst/USE_B_CHANNEL.cmd_b_queue/inst/fifo_gen_inst/inst_fifo_gen/gconvfifo.rf/grf.rf/gntv_or_sync_fifo.mem/gdm.dm_gen.dm/RAM_reg_0_31_6_8/RAMB/WADR4
                            (rising edge-triggered cell RAMD32 clocked by clk_out1_xlnx_clk_gen  {rise@0.000ns fall@12.500ns period=25.000ns})
  Path Group:             clk_out1_xlnx_clk_gen
  Path Type:              Hold (Min at Fast Process Corner)
  Requirement:            0.000ns  (clk_out1_xlnx_clk_gen rise@0.000ns - clk_out1_xlnx_clk_gen rise@0.000ns)
  Data Path Delay:        0.233ns  (logic 0.141ns (60.453%)  route 0.092ns (39.547%))
  Logic Levels:           0  
  Clock Path Skew:        0.013ns (DCD - SCD - CPR)
    Destination Clock Delay (DCD):    -0.831ns
    Source Clock Delay      (SCD):    -0.594ns
    Clock Pessimism Removal (CPR):    -0.251ns

    Location             Delay type                Incr(ns)  Path(ns)    Netlist Resource(s)
  -------------------------------------------------------------------    -------------------
                         (clock clk_out1_xlnx_clk_gen rise edge)
                                                      0.000     0.000 r  
    K17                                               0.000     0.000 r  clk_sys (IN)
                         net (fo=0)                   0.000     0.000    i_xlnx_clk_gen/inst/clk_in1
    K17                  IBUF (Prop_ibuf_I_O)         0.243     0.243 r  i_xlnx_clk_gen/inst/clkin1_ibufg/O
                         net (fo=1, routed)           0.440     0.683    i_xlnx_clk_gen/inst/clk_in1_xlnx_clk_gen
    MMCME2_ADV_X1Y2      MMCME2_ADV (Prop_mmcme2_adv_CLKIN1_CLKOUT0)
                                                     -2.613    -1.930 r  i_xlnx_clk_gen/inst/mmcm_adv_inst/CLKOUT0
                         net (fo=1, routed)           0.696    -1.233    i_xlnx_clk_gen/inst/clk_out1_xlnx_clk_gen
    BUFGCTRL_X0Y16       BUFG (Prop_bufg_I_O)         0.026    -1.207 r  i_xlnx_clk_gen/inst/clkout1_buf/O
                         net (fo=15067, routed)       0.614    -0.594    i_axi_dwidth_converter_dm_slave/inst/gen_downsizer.gen_simple_downsizer.axi_downsizer_inst/USE_WRITE.write_addr_inst/USE_B_CHANNEL.cmd_b_queue/inst/fifo_gen_inst/inst_fifo_gen/gconvfifo.rf/grf.rf/gntv_or_sync_fifo.gl0.wr/wpntr/clk
    SLICE_X105Y45        FDCE                                         r  i_axi_dwidth_converter_dm_slave/inst/gen_downsizer.gen_simple_downsizer.axi_downsizer_inst/USE_WRITE.write_addr_inst/USE_B_CHANNEL.cmd_b_queue/inst/fifo_gen_inst/inst_fifo_gen/gconvfifo.rf/grf.rf/gntv_or_sync_fifo.gl0.wr/wpntr/gcc0.gc0.count_d1_reg[4]/C
  -------------------------------------------------------------------    -------------------
    SLICE_X105Y45        FDCE (Prop_fdce_C_Q)         0.141    -0.453 r  i_axi_dwidth_converter_dm_slave/inst/gen_downsizer.gen_simple_downsizer.axi_downsizer_inst/USE_WRITE.write_addr_inst/USE_B_CHANNEL.cmd_b_queue/inst/fifo_gen_inst/inst_fifo_gen/gconvfifo.rf/grf.rf/gntv_or_sync_fifo.gl0.wr/wpntr/gcc0.gc0.count_d1_reg[4]/Q
                         net (fo=10, routed)          0.092    -0.360    i_axi_dwidth_converter_dm_slave/inst/gen_downsizer.gen_simple_downsizer.axi_downsizer_inst/USE_WRITE.write_addr_inst/USE_B_CHANNEL.cmd_b_queue/inst/fifo_gen_inst/inst_fifo_gen/gconvfifo.rf/grf.rf/gntv_or_sync_fifo.mem/gdm.dm_gen.dm/RAM_reg_0_31_6_8/ADDRD4
    SLICE_X104Y45        RAMD32                                       r  i_axi_dwidth_converter_dm_slave/inst/gen_downsizer.gen_simple_downsizer.axi_downsizer_inst/USE_WRITE.write_addr_inst/USE_B_CHANNEL.cmd_b_queue/inst/fifo_gen_inst/inst_fifo_gen/gconvfifo.rf/grf.rf/gntv_or_sync_fifo.mem/gdm.dm_gen.dm/RAM_reg_0_31_6_8/RAMB/WADR4
  -------------------------------------------------------------------    -------------------

                         (clock clk_out1_xlnx_clk_gen rise edge)
                                                      0.000     0.000 r  
    K17                                               0.000     0.000 r  clk_sys (IN)
                         net (fo=0)                   0.000     0.000    i_xlnx_clk_gen/inst/clk_in1
    K17                  IBUF (Prop_ibuf_I_O)         0.431     0.431 r  i_xlnx_clk_gen/inst/clkin1_ibufg/O
                         net (fo=1, routed)           0.480     0.911    i_xlnx_clk_gen/inst/clk_in1_xlnx_clk_gen
    MMCME2_ADV_X1Y2      MMCME2_ADV (Prop_mmcme2_adv_CLKIN1_CLKOUT0)
                                                     -3.407    -2.496 r  i_xlnx_clk_gen/inst/mmcm_adv_inst/CLKOUT0
                         net (fo=1, routed)           0.752    -1.744    i_xlnx_clk_gen/inst/clk_out1_xlnx_clk_gen
    BUFGCTRL_X0Y16       BUFG (Prop_bufg_I_O)         0.029    -1.715 r  i_xlnx_clk_gen/inst/clkout1_buf/O
                         net (fo=15067, routed)       0.884    -0.831    i_axi_dwidth_converter_dm_slave/inst/gen_downsizer.gen_simple_downsizer.axi_downsizer_inst/USE_WRITE.write_addr_inst/USE_B_CHANNEL.cmd_b_queue/inst/fifo_gen_inst/inst_fifo_gen/gconvfifo.rf/grf.rf/gntv_or_sync_fifo.mem/gdm.dm_gen.dm/RAM_reg_0_31_6_8/WCLK
    SLICE_X104Y45        RAMD32                                       r  i_axi_dwidth_converter_dm_slave/inst/gen_downsizer.gen_simple_downsizer.axi_downsizer_inst/USE_WRITE.write_addr_inst/USE_B_CHANNEL.cmd_b_queue/inst/fifo_gen_inst/inst_fifo_gen/gconvfifo.rf/grf.rf/gntv_or_sync_fifo.mem/gdm.dm_gen.dm/RAM_reg_0_31_6_8/RAMB/CLK
                         clock pessimism              0.251    -0.581    
    SLICE_X104Y45        RAMD32 (Hold_ramd32_CLK_WADR4)
                                                      0.200    -0.381    i_axi_dwidth_converter_dm_slave/inst/gen_downsizer.gen_simple_downsizer.axi_downsizer_inst/USE_WRITE.write_addr_inst/USE_B_CHANNEL.cmd_b_queue/inst/fifo_gen_inst/inst_fifo_gen/gconvfifo.rf/grf.rf/gntv_or_sync_fifo.mem/gdm.dm_gen.dm/RAM_reg_0_31_6_8/RAMB
  -------------------------------------------------------------------
                         required time                          0.381    
                         arrival time                          -0.360    
  -------------------------------------------------------------------
                         slack                                  0.020    

Slack (MET) :             0.020ns  (arrival time - required time)
  Source:                 i_axi_dwidth_converter_dm_slave/inst/gen_downsizer.gen_simple_downsizer.axi_downsizer_inst/USE_WRITE.write_addr_inst/USE_B_CHANNEL.cmd_b_queue/inst/fifo_gen_inst/inst_fifo_gen/gconvfifo.rf/grf.rf/gntv_or_sync_fifo.gl0.wr/wpntr/gcc0.gc0.count_d1_reg[4]/C
                            (rising edge-triggered cell FDCE clocked by clk_out1_xlnx_clk_gen  {rise@0.000ns fall@12.500ns period=25.000ns})
  Destination:            i_axi_dwidth_converter_dm_slave/inst/gen_downsizer.gen_simple_downsizer.axi_downsizer_inst/USE_WRITE.write_addr_inst/USE_B_CHANNEL.cmd_b_queue/inst/fifo_gen_inst/inst_fifo_gen/gconvfifo.rf/grf.rf/gntv_or_sync_fifo.mem/gdm.dm_gen.dm/RAM_reg_0_31_6_8/RAMB_D1/WADR4
                            (rising edge-triggered cell RAMD32 clocked by clk_out1_xlnx_clk_gen  {rise@0.000ns fall@12.500ns period=25.000ns})
  Path Group:             clk_out1_xlnx_clk_gen
  Path Type:              Hold (Min at Fast Process Corner)
  Requirement:            0.000ns  (clk_out1_xlnx_clk_gen rise@0.000ns - clk_out1_xlnx_clk_gen rise@0.000ns)
  Data Path Delay:        0.233ns  (logic 0.141ns (60.453%)  route 0.092ns (39.547%))
  Logic Levels:           0  
  Clock Path Skew:        0.013ns (DCD - SCD - CPR)
    Destination Clock Delay (DCD):    -0.831ns
    Source Clock Delay      (SCD):    -0.594ns
    Clock Pessimism Removal (CPR):    -0.251ns

    Location             Delay type                Incr(ns)  Path(ns)    Netlist Resource(s)
  -------------------------------------------------------------------    -------------------
                         (clock clk_out1_xlnx_clk_gen rise edge)
                                                      0.000     0.000 r  
    K17                                               0.000     0.000 r  clk_sys (IN)
                         net (fo=0)                   0.000     0.000    i_xlnx_clk_gen/inst/clk_in1
    K17                  IBUF (Prop_ibuf_I_O)         0.243     0.243 r  i_xlnx_clk_gen/inst/clkin1_ibufg/O
                         net (fo=1, routed)           0.440     0.683    i_xlnx_clk_gen/inst/clk_in1_xlnx_clk_gen
    MMCME2_ADV_X1Y2      MMCME2_ADV (Prop_mmcme2_adv_CLKIN1_CLKOUT0)
                                                     -2.613    -1.930 r  i_xlnx_clk_gen/inst/mmcm_adv_inst/CLKOUT0
                         net (fo=1, routed)           0.696    -1.233    i_xlnx_clk_gen/inst/clk_out1_xlnx_clk_gen
    BUFGCTRL_X0Y16       BUFG (Prop_bufg_I_O)         0.026    -1.207 r  i_xlnx_clk_gen/inst/clkout1_buf/O
                         net (fo=15067, routed)       0.614    -0.594    i_axi_dwidth_converter_dm_slave/inst/gen_downsizer.gen_simple_downsizer.axi_downsizer_inst/USE_WRITE.write_addr_inst/USE_B_CHANNEL.cmd_b_queue/inst/fifo_gen_inst/inst_fifo_gen/gconvfifo.rf/grf.rf/gntv_or_sync_fifo.gl0.wr/wpntr/clk
    SLICE_X105Y45        FDCE                                         r  i_axi_dwidth_converter_dm_slave/inst/gen_downsizer.gen_simple_downsizer.axi_downsizer_inst/USE_WRITE.write_addr_inst/USE_B_CHANNEL.cmd_b_queue/inst/fifo_gen_inst/inst_fifo_gen/gconvfifo.rf/grf.rf/gntv_or_sync_fifo.gl0.wr/wpntr/gcc0.gc0.count_d1_reg[4]/C
  -------------------------------------------------------------------    -------------------
    SLICE_X105Y45        FDCE (Prop_fdce_C_Q)         0.141    -0.453 r  i_axi_dwidth_converter_dm_slave/inst/gen_downsizer.gen_simple_downsizer.axi_downsizer_inst/USE_WRITE.write_addr_inst/USE_B_CHANNEL.cmd_b_queue/inst/fifo_gen_inst/inst_fifo_gen/gconvfifo.rf/grf.rf/gntv_or_sync_fifo.gl0.wr/wpntr/gcc0.gc0.count_d1_reg[4]/Q
                         net (fo=10, routed)          0.092    -0.360    i_axi_dwidth_converter_dm_slave/inst/gen_downsizer.gen_simple_downsizer.axi_downsizer_inst/USE_WRITE.write_addr_inst/USE_B_CHANNEL.cmd_b_queue/inst/fifo_gen_inst/inst_fifo_gen/gconvfifo.rf/grf.rf/gntv_or_sync_fifo.mem/gdm.dm_gen.dm/RAM_reg_0_31_6_8/ADDRD4
    SLICE_X104Y45        RAMD32                                       r  i_axi_dwidth_converter_dm_slave/inst/gen_downsizer.gen_simple_downsizer.axi_downsizer_inst/USE_WRITE.write_addr_inst/USE_B_CHANNEL.cmd_b_queue/inst/fifo_gen_inst/inst_fifo_gen/gconvfifo.rf/grf.rf/gntv_or_sync_fifo.mem/gdm.dm_gen.dm/RAM_reg_0_31_6_8/RAMB_D1/WADR4
  -------------------------------------------------------------------    -------------------

                         (clock clk_out1_xlnx_clk_gen rise edge)
                                                      0.000     0.000 r  
    K17                                               0.000     0.000 r  clk_sys (IN)
                         net (fo=0)                   0.000     0.000    i_xlnx_clk_gen/inst/clk_in1
    K17                  IBUF (Prop_ibuf_I_O)         0.431     0.431 r  i_xlnx_clk_gen/inst/clkin1_ibufg/O
                         net (fo=1, routed)           0.480     0.911    i_xlnx_clk_gen/inst/clk_in1_xlnx_clk_gen
    MMCME2_ADV_X1Y2      MMCME2_ADV (Prop_mmcme2_adv_CLKIN1_CLKOUT0)
                                                     -3.407    -2.496 r  i_xlnx_clk_gen/inst/mmcm_adv_inst/CLKOUT0
                         net (fo=1, routed)           0.752    -1.744    i_xlnx_clk_gen/inst/clk_out1_xlnx_clk_gen
    BUFGCTRL_X0Y16       BUFG (Prop_bufg_I_O)         0.029    -1.715 r  i_xlnx_clk_gen/inst/clkout1_buf/O
                         net (fo=15067, routed)       0.884    -0.831    i_axi_dwidth_converter_dm_slave/inst/gen_downsizer.gen_simple_downsizer.axi_downsizer_inst/USE_WRITE.write_addr_inst/USE_B_CHANNEL.cmd_b_queue/inst/fifo_gen_inst/inst_fifo_gen/gconvfifo.rf/grf.rf/gntv_or_sync_fifo.mem/gdm.dm_gen.dm/RAM_reg_0_31_6_8/WCLK
    SLICE_X104Y45        RAMD32                                       r  i_axi_dwidth_converter_dm_slave/inst/gen_downsizer.gen_simple_downsizer.axi_downsizer_inst/USE_WRITE.write_addr_inst/USE_B_CHANNEL.cmd_b_queue/inst/fifo_gen_inst/inst_fifo_gen/gconvfifo.rf/grf.rf/gntv_or_sync_fifo.mem/gdm.dm_gen.dm/RAM_reg_0_31_6_8/RAMB_D1/CLK
                         clock pessimism              0.251    -0.581    
    SLICE_X104Y45        RAMD32 (Hold_ramd32_CLK_WADR4)
                                                      0.200    -0.381    i_axi_dwidth_converter_dm_slave/inst/gen_downsizer.gen_simple_downsizer.axi_downsizer_inst/USE_WRITE.write_addr_inst/USE_B_CHANNEL.cmd_b_queue/inst/fifo_gen_inst/inst_fifo_gen/gconvfifo.rf/grf.rf/gntv_or_sync_fifo.mem/gdm.dm_gen.dm/RAM_reg_0_31_6_8/RAMB_D1
  -------------------------------------------------------------------
                         required time                          0.381    
                         arrival time                          -0.360    
  -------------------------------------------------------------------
                         slack                                  0.020    

Slack (MET) :             0.020ns  (arrival time - required time)
  Source:                 i_axi_dwidth_converter_dm_slave/inst/gen_downsizer.gen_simple_downsizer.axi_downsizer_inst/USE_WRITE.write_addr_inst/USE_B_CHANNEL.cmd_b_queue/inst/fifo_gen_inst/inst_fifo_gen/gconvfifo.rf/grf.rf/gntv_or_sync_fifo.gl0.wr/wpntr/gcc0.gc0.count_d1_reg[4]/C
                            (rising edge-triggered cell FDCE clocked by clk_out1_xlnx_clk_gen  {rise@0.000ns fall@12.500ns period=25.000ns})
  Destination:            i_axi_dwidth_converter_dm_slave/inst/gen_downsizer.gen_simple_downsizer.axi_downsizer_inst/USE_WRITE.write_addr_inst/USE_B_CHANNEL.cmd_b_queue/inst/fifo_gen_inst/inst_fifo_gen/gconvfifo.rf/grf.rf/gntv_or_sync_fifo.mem/gdm.dm_gen.dm/RAM_reg_0_31_6_8/RAMC/WADR4
                            (rising edge-triggered cell RAMD32 clocked by clk_out1_xlnx_clk_gen  {rise@0.000ns fall@12.500ns period=25.000ns})
  Path Group:             clk_out1_xlnx_clk_gen
  Path Type:              Hold (Min at Fast Process Corner)
  Requirement:            0.000ns  (clk_out1_xlnx_clk_gen rise@0.000ns - clk_out1_xlnx_clk_gen rise@0.000ns)
  Data Path Delay:        0.233ns  (logic 0.141ns (60.453%)  route 0.092ns (39.547%))
  Logic Levels:           0  
  Clock Path Skew:        0.013ns (DCD - SCD - CPR)
    Destination Clock Delay (DCD):    -0.831ns
    Source Clock Delay      (SCD):    -0.594ns
    Clock Pessimism Removal (CPR):    -0.251ns

    Location             Delay type                Incr(ns)  Path(ns)    Netlist Resource(s)
  -------------------------------------------------------------------    -------------------
                         (clock clk_out1_xlnx_clk_gen rise edge)
                                                      0.000     0.000 r  
    K17                                               0.000     0.000 r  clk_sys (IN)
                         net (fo=0)                   0.000     0.000    i_xlnx_clk_gen/inst/clk_in1
    K17                  IBUF (Prop_ibuf_I_O)         0.243     0.243 r  i_xlnx_clk_gen/inst/clkin1_ibufg/O
                         net (fo=1, routed)           0.440     0.683    i_xlnx_clk_gen/inst/clk_in1_xlnx_clk_gen
    MMCME2_ADV_X1Y2      MMCME2_ADV (Prop_mmcme2_adv_CLKIN1_CLKOUT0)
                                                     -2.613    -1.930 r  i_xlnx_clk_gen/inst/mmcm_adv_inst/CLKOUT0
                         net (fo=1, routed)           0.696    -1.233    i_xlnx_clk_gen/inst/clk_out1_xlnx_clk_gen
    BUFGCTRL_X0Y16       BUFG (Prop_bufg_I_O)         0.026    -1.207 r  i_xlnx_clk_gen/inst/clkout1_buf/O
                         net (fo=15067, routed)       0.614    -0.594    i_axi_dwidth_converter_dm_slave/inst/gen_downsizer.gen_simple_downsizer.axi_downsizer_inst/USE_WRITE.write_addr_inst/USE_B_CHANNEL.cmd_b_queue/inst/fifo_gen_inst/inst_fifo_gen/gconvfifo.rf/grf.rf/gntv_or_sync_fifo.gl0.wr/wpntr/clk
    SLICE_X105Y45        FDCE                                         r  i_axi_dwidth_converter_dm_slave/inst/gen_downsizer.gen_simple_downsizer.axi_downsizer_inst/USE_WRITE.write_addr_inst/USE_B_CHANNEL.cmd_b_queue/inst/fifo_gen_inst/inst_fifo_gen/gconvfifo.rf/grf.rf/gntv_or_sync_fifo.gl0.wr/wpntr/gcc0.gc0.count_d1_reg[4]/C
  -------------------------------------------------------------------    -------------------
    SLICE_X105Y45        FDCE (Prop_fdce_C_Q)         0.141    -0.453 r  i_axi_dwidth_converter_dm_slave/inst/gen_downsizer.gen_simple_downsizer.axi_downsizer_inst/USE_WRITE.write_addr_inst/USE_B_CHANNEL.cmd_b_queue/inst/fifo_gen_inst/inst_fifo_gen/gconvfifo.rf/grf.rf/gntv_or_sync_fifo.gl0.wr/wpntr/gcc0.gc0.count_d1_reg[4]/Q
                         net (fo=10, routed)          0.092    -0.360    i_axi_dwidth_converter_dm_slave/inst/gen_downsizer.gen_simple_downsizer.axi_downsizer_inst/USE_WRITE.write_addr_inst/USE_B_CHANNEL.cmd_b_queue/inst/fifo_gen_inst/inst_fifo_gen/gconvfifo.rf/grf.rf/gntv_or_sync_fifo.mem/gdm.dm_gen.dm/RAM_reg_0_31_6_8/ADDRD4
    SLICE_X104Y45        RAMD32                                       r  i_axi_dwidth_converter_dm_slave/inst/gen_downsizer.gen_simple_downsizer.axi_downsizer_inst/USE_WRITE.write_addr_inst/USE_B_CHANNEL.cmd_b_queue/inst/fifo_gen_inst/inst_fifo_gen/gconvfifo.rf/grf.rf/gntv_or_sync_fifo.mem/gdm.dm_gen.dm/RAM_reg_0_31_6_8/RAMC/WADR4
  -------------------------------------------------------------------    -------------------

                         (clock clk_out1_xlnx_clk_gen rise edge)
                                                      0.000     0.000 r  
    K17                                               0.000     0.000 r  clk_sys (IN)
                         net (fo=0)                   0.000     0.000    i_xlnx_clk_gen/inst/clk_in1
    K17                  IBUF (Prop_ibuf_I_O)         0.431     0.431 r  i_xlnx_clk_gen/inst/clkin1_ibufg/O
                         net (fo=1, routed)           0.480     0.911    i_xlnx_clk_gen/inst/clk_in1_xlnx_clk_gen
    MMCME2_ADV_X1Y2      MMCME2_ADV (Prop_mmcme2_adv_CLKIN1_CLKOUT0)
                                                     -3.407    -2.496 r  i_xlnx_clk_gen/inst/mmcm_adv_inst/CLKOUT0
                         net (fo=1, routed)           0.752    -1.744    i_xlnx_clk_gen/inst/clk_out1_xlnx_clk_gen
    BUFGCTRL_X0Y16       BUFG (Prop_bufg_I_O)         0.029    -1.715 r  i_xlnx_clk_gen/inst/clkout1_buf/O
                         net (fo=15067, routed)       0.884    -0.831    i_axi_dwidth_converter_dm_slave/inst/gen_downsizer.gen_simple_downsizer.axi_downsizer_inst/USE_WRITE.write_addr_inst/USE_B_CHANNEL.cmd_b_queue/inst/fifo_gen_inst/inst_fifo_gen/gconvfifo.rf/grf.rf/gntv_or_sync_fifo.mem/gdm.dm_gen.dm/RAM_reg_0_31_6_8/WCLK
    SLICE_X104Y45        RAMD32                                       r  i_axi_dwidth_converter_dm_slave/inst/gen_downsizer.gen_simple_downsizer.axi_downsizer_inst/USE_WRITE.write_addr_inst/USE_B_CHANNEL.cmd_b_queue/inst/fifo_gen_inst/inst_fifo_gen/gconvfifo.rf/grf.rf/gntv_or_sync_fifo.mem/gdm.dm_gen.dm/RAM_reg_0_31_6_8/RAMC/CLK
                         clock pessimism              0.251    -0.581    
    SLICE_X104Y45        RAMD32 (Hold_ramd32_CLK_WADR4)
                                                      0.200    -0.381    i_axi_dwidth_converter_dm_slave/inst/gen_downsizer.gen_simple_downsizer.axi_downsizer_inst/USE_WRITE.write_addr_inst/USE_B_CHANNEL.cmd_b_queue/inst/fifo_gen_inst/inst_fifo_gen/gconvfifo.rf/grf.rf/gntv_or_sync_fifo.mem/gdm.dm_gen.dm/RAM_reg_0_31_6_8/RAMC
  -------------------------------------------------------------------
                         required time                          0.381    
                         arrival time                          -0.360    
  -------------------------------------------------------------------
                         slack                                  0.020    

Slack (MET) :             0.020ns  (arrival time - required time)
  Source:                 i_axi_dwidth_converter_dm_slave/inst/gen_downsizer.gen_simple_downsizer.axi_downsizer_inst/USE_WRITE.write_addr_inst/USE_B_CHANNEL.cmd_b_queue/inst/fifo_gen_inst/inst_fifo_gen/gconvfifo.rf/grf.rf/gntv_or_sync_fifo.gl0.wr/wpntr/gcc0.gc0.count_d1_reg[4]/C
                            (rising edge-triggered cell FDCE clocked by clk_out1_xlnx_clk_gen  {rise@0.000ns fall@12.500ns period=25.000ns})
  Destination:            i_axi_dwidth_converter_dm_slave/inst/gen_downsizer.gen_simple_downsizer.axi_downsizer_inst/USE_WRITE.write_addr_inst/USE_B_CHANNEL.cmd_b_queue/inst/fifo_gen_inst/inst_fifo_gen/gconvfifo.rf/grf.rf/gntv_or_sync_fifo.mem/gdm.dm_gen.dm/RAM_reg_0_31_6_8/RAMC_D1/WADR4
                            (rising edge-triggered cell RAMD32 clocked by clk_out1_xlnx_clk_gen  {rise@0.000ns fall@12.500ns period=25.000ns})
  Path Group:             clk_out1_xlnx_clk_gen
  Path Type:              Hold (Min at Fast Process Corner)
  Requirement:            0.000ns  (clk_out1_xlnx_clk_gen rise@0.000ns - clk_out1_xlnx_clk_gen rise@0.000ns)
  Data Path Delay:        0.233ns  (logic 0.141ns (60.453%)  route 0.092ns (39.547%))
  Logic Levels:           0  
  Clock Path Skew:        0.013ns (DCD - SCD - CPR)
    Destination Clock Delay (DCD):    -0.831ns
    Source Clock Delay      (SCD):    -0.594ns
    Clock Pessimism Removal (CPR):    -0.251ns

    Location             Delay type                Incr(ns)  Path(ns)    Netlist Resource(s)
  -------------------------------------------------------------------    -------------------
                         (clock clk_out1_xlnx_clk_gen rise edge)
                                                      0.000     0.000 r  
    K17                                               0.000     0.000 r  clk_sys (IN)
                         net (fo=0)                   0.000     0.000    i_xlnx_clk_gen/inst/clk_in1
    K17                  IBUF (Prop_ibuf_I_O)         0.243     0.243 r  i_xlnx_clk_gen/inst/clkin1_ibufg/O
                         net (fo=1, routed)           0.440     0.683    i_xlnx_clk_gen/inst/clk_in1_xlnx_clk_gen
    MMCME2_ADV_X1Y2      MMCME2_ADV (Prop_mmcme2_adv_CLKIN1_CLKOUT0)
                                                     -2.613    -1.930 r  i_xlnx_clk_gen/inst/mmcm_adv_inst/CLKOUT0
                         net (fo=1, routed)           0.696    -1.233    i_xlnx_clk_gen/inst/clk_out1_xlnx_clk_gen
    BUFGCTRL_X0Y16       BUFG (Prop_bufg_I_O)         0.026    -1.207 r  i_xlnx_clk_gen/inst/clkout1_buf/O
                         net (fo=15067, routed)       0.614    -0.594    i_axi_dwidth_converter_dm_slave/inst/gen_downsizer.gen_simple_downsizer.axi_downsizer_inst/USE_WRITE.write_addr_inst/USE_B_CHANNEL.cmd_b_queue/inst/fifo_gen_inst/inst_fifo_gen/gconvfifo.rf/grf.rf/gntv_or_sync_fifo.gl0.wr/wpntr/clk
    SLICE_X105Y45        FDCE                                         r  i_axi_dwidth_converter_dm_slave/inst/gen_downsizer.gen_simple_downsizer.axi_downsizer_inst/USE_WRITE.write_addr_inst/USE_B_CHANNEL.cmd_b_queue/inst/fifo_gen_inst/inst_fifo_gen/gconvfifo.rf/grf.rf/gntv_or_sync_fifo.gl0.wr/wpntr/gcc0.gc0.count_d1_reg[4]/C
  -------------------------------------------------------------------    -------------------
    SLICE_X105Y45        FDCE (Prop_fdce_C_Q)         0.141    -0.453 r  i_axi_dwidth_converter_dm_slave/inst/gen_downsizer.gen_simple_downsizer.axi_downsizer_inst/USE_WRITE.write_addr_inst/USE_B_CHANNEL.cmd_b_queue/inst/fifo_gen_inst/inst_fifo_gen/gconvfifo.rf/grf.rf/gntv_or_sync_fifo.gl0.wr/wpntr/gcc0.gc0.count_d1_reg[4]/Q
                         net (fo=10, routed)          0.092    -0.360    i_axi_dwidth_converter_dm_slave/inst/gen_downsizer.gen_simple_downsizer.axi_downsizer_inst/USE_WRITE.write_addr_inst/USE_B_CHANNEL.cmd_b_queue/inst/fifo_gen_inst/inst_fifo_gen/gconvfifo.rf/grf.rf/gntv_or_sync_fifo.mem/gdm.dm_gen.dm/RAM_reg_0_31_6_8/ADDRD4
    SLICE_X104Y45        RAMD32                                       r  i_axi_dwidth_converter_dm_slave/inst/gen_downsizer.gen_simple_downsizer.axi_downsizer_inst/USE_WRITE.write_addr_inst/USE_B_CHANNEL.cmd_b_queue/inst/fifo_gen_inst/inst_fifo_gen/gconvfifo.rf/grf.rf/gntv_or_sync_fifo.mem/gdm.dm_gen.dm/RAM_reg_0_31_6_8/RAMC_D1/WADR4
  -------------------------------------------------------------------    -------------------

                         (clock clk_out1_xlnx_clk_gen rise edge)
                                                      0.000     0.000 r  
    K17                                               0.000     0.000 r  clk_sys (IN)
                         net (fo=0)                   0.000     0.000    i_xlnx_clk_gen/inst/clk_in1
    K17                  IBUF (Prop_ibuf_I_O)         0.431     0.431 r  i_xlnx_clk_gen/inst/clkin1_ibufg/O
                         net (fo=1, routed)           0.480     0.911    i_xlnx_clk_gen/inst/clk_in1_xlnx_clk_gen
    MMCME2_ADV_X1Y2      MMCME2_ADV (Prop_mmcme2_adv_CLKIN1_CLKOUT0)
                                                     -3.407    -2.496 r  i_xlnx_clk_gen/inst/mmcm_adv_inst/CLKOUT0
                         net (fo=1, routed)           0.752    -1.744    i_xlnx_clk_gen/inst/clk_out1_xlnx_clk_gen
    BUFGCTRL_X0Y16       BUFG (Prop_bufg_I_O)         0.029    -1.715 r  i_xlnx_clk_gen/inst/clkout1_buf/O
                         net (fo=15067, routed)       0.884    -0.831    i_axi_dwidth_converter_dm_slave/inst/gen_downsizer.gen_simple_downsizer.axi_downsizer_inst/USE_WRITE.write_addr_inst/USE_B_CHANNEL.cmd_b_queue/inst/fifo_gen_inst/inst_fifo_gen/gconvfifo.rf/grf.rf/gntv_or_sync_fifo.mem/gdm.dm_gen.dm/RAM_reg_0_31_6_8/WCLK
    SLICE_X104Y45        RAMD32                                       r  i_axi_dwidth_converter_dm_slave/inst/gen_downsizer.gen_simple_downsizer.axi_downsizer_inst/USE_WRITE.write_addr_inst/USE_B_CHANNEL.cmd_b_queue/inst/fifo_gen_inst/inst_fifo_gen/gconvfifo.rf/grf.rf/gntv_or_sync_fifo.mem/gdm.dm_gen.dm/RAM_reg_0_31_6_8/RAMC_D1/CLK
                         clock pessimism              0.251    -0.581    
    SLICE_X104Y45        RAMD32 (Hold_ramd32_CLK_WADR4)
                                                      0.200    -0.381    i_axi_dwidth_converter_dm_slave/inst/gen_downsizer.gen_simple_downsizer.axi_downsizer_inst/USE_WRITE.write_addr_inst/USE_B_CHANNEL.cmd_b_queue/inst/fifo_gen_inst/inst_fifo_gen/gconvfifo.rf/grf.rf/gntv_or_sync_fifo.mem/gdm.dm_gen.dm/RAM_reg_0_31_6_8/RAMC_D1
  -------------------------------------------------------------------
                         required time                          0.381    
                         arrival time                          -0.360    
  -------------------------------------------------------------------
                         slack                                  0.020    

Slack (MET) :             0.020ns  (arrival time - required time)
  Source:                 i_axi_dwidth_converter_dm_slave/inst/gen_downsizer.gen_simple_downsizer.axi_downsizer_inst/USE_WRITE.write_addr_inst/USE_B_CHANNEL.cmd_b_queue/inst/fifo_gen_inst/inst_fifo_gen/gconvfifo.rf/grf.rf/gntv_or_sync_fifo.gl0.wr/wpntr/gcc0.gc0.count_d1_reg[4]/C
                            (rising edge-triggered cell FDCE clocked by clk_out1_xlnx_clk_gen  {rise@0.000ns fall@12.500ns period=25.000ns})
  Destination:            i_axi_dwidth_converter_dm_slave/inst/gen_downsizer.gen_simple_downsizer.axi_downsizer_inst/USE_WRITE.write_addr_inst/USE_B_CHANNEL.cmd_b_queue/inst/fifo_gen_inst/inst_fifo_gen/gconvfifo.rf/grf.rf/gntv_or_sync_fifo.mem/gdm.dm_gen.dm/RAM_reg_0_31_6_8/RAMD/ADR4
                            (rising edge-triggered cell RAMS32 clocked by clk_out1_xlnx_clk_gen  {rise@0.000ns fall@12.500ns period=25.000ns})
  Path Group:             clk_out1_xlnx_clk_gen
  Path Type:              Hold (Min at Fast Process Corner)
  Requirement:            0.000ns  (clk_out1_xlnx_clk_gen rise@0.000ns - clk_out1_xlnx_clk_gen rise@0.000ns)
  Data Path Delay:        0.233ns  (logic 0.141ns (60.453%)  route 0.092ns (39.547%))
  Logic Levels:           0  
  Clock Path Skew:        0.013ns (DCD - SCD - CPR)
    Destination Clock Delay (DCD):    -0.831ns
    Source Clock Delay      (SCD):    -0.594ns
    Clock Pessimism Removal (CPR):    -0.251ns

    Location             Delay type                Incr(ns)  Path(ns)    Netlist Resource(s)
  -------------------------------------------------------------------    -------------------
                         (clock clk_out1_xlnx_clk_gen rise edge)
                                                      0.000     0.000 r  
    K17                                               0.000     0.000 r  clk_sys (IN)
                         net (fo=0)                   0.000     0.000    i_xlnx_clk_gen/inst/clk_in1
    K17                  IBUF (Prop_ibuf_I_O)         0.243     0.243 r  i_xlnx_clk_gen/inst/clkin1_ibufg/O
                         net (fo=1, routed)           0.440     0.683    i_xlnx_clk_gen/inst/clk_in1_xlnx_clk_gen
    MMCME2_ADV_X1Y2      MMCME2_ADV (Prop_mmcme2_adv_CLKIN1_CLKOUT0)
                                                     -2.613    -1.930 r  i_xlnx_clk_gen/inst/mmcm_adv_inst/CLKOUT0
                         net (fo=1, routed)           0.696    -1.233    i_xlnx_clk_gen/inst/clk_out1_xlnx_clk_gen
    BUFGCTRL_X0Y16       BUFG (Prop_bufg_I_O)         0.026    -1.207 r  i_xlnx_clk_gen/inst/clkout1_buf/O
                         net (fo=15067, routed)       0.614    -0.594    i_axi_dwidth_converter_dm_slave/inst/gen_downsizer.gen_simple_downsizer.axi_downsizer_inst/USE_WRITE.write_addr_inst/USE_B_CHANNEL.cmd_b_queue/inst/fifo_gen_inst/inst_fifo_gen/gconvfifo.rf/grf.rf/gntv_or_sync_fifo.gl0.wr/wpntr/clk
    SLICE_X105Y45        FDCE                                         r  i_axi_dwidth_converter_dm_slave/inst/gen_downsizer.gen_simple_downsizer.axi_downsizer_inst/USE_WRITE.write_addr_inst/USE_B_CHANNEL.cmd_b_queue/inst/fifo_gen_inst/inst_fifo_gen/gconvfifo.rf/grf.rf/gntv_or_sync_fifo.gl0.wr/wpntr/gcc0.gc0.count_d1_reg[4]/C
  -------------------------------------------------------------------    -------------------
    SLICE_X105Y45        FDCE (Prop_fdce_C_Q)         0.141    -0.453 r  i_axi_dwidth_converter_dm_slave/inst/gen_downsizer.gen_simple_downsizer.axi_downsizer_inst/USE_WRITE.write_addr_inst/USE_B_CHANNEL.cmd_b_queue/inst/fifo_gen_inst/inst_fifo_gen/gconvfifo.rf/grf.rf/gntv_or_sync_fifo.gl0.wr/wpntr/gcc0.gc0.count_d1_reg[4]/Q
                         net (fo=10, routed)          0.092    -0.360    i_axi_dwidth_converter_dm_slave/inst/gen_downsizer.gen_simple_downsizer.axi_downsizer_inst/USE_WRITE.write_addr_inst/USE_B_CHANNEL.cmd_b_queue/inst/fifo_gen_inst/inst_fifo_gen/gconvfifo.rf/grf.rf/gntv_or_sync_fifo.mem/gdm.dm_gen.dm/RAM_reg_0_31_6_8/ADDRD4
    SLICE_X104Y45        RAMS32                                       r  i_axi_dwidth_converter_dm_slave/inst/gen_downsizer.gen_simple_downsizer.axi_downsizer_inst/USE_WRITE.write_addr_inst/USE_B_CHANNEL.cmd_b_queue/inst/fifo_gen_inst/inst_fifo_gen/gconvfifo.rf/grf.rf/gntv_or_sync_fifo.mem/gdm.dm_gen.dm/RAM_reg_0_31_6_8/RAMD/ADR4
  -------------------------------------------------------------------    -------------------

                         (clock clk_out1_xlnx_clk_gen rise edge)
                                                      0.000     0.000 r  
    K17                                               0.000     0.000 r  clk_sys (IN)
                         net (fo=0)                   0.000     0.000    i_xlnx_clk_gen/inst/clk_in1
    K17                  IBUF (Prop_ibuf_I_O)         0.431     0.431 r  i_xlnx_clk_gen/inst/clkin1_ibufg/O
                         net (fo=1, routed)           0.480     0.911    i_xlnx_clk_gen/inst/clk_in1_xlnx_clk_gen
    MMCME2_ADV_X1Y2      MMCME2_ADV (Prop_mmcme2_adv_CLKIN1_CLKOUT0)
                                                     -3.407    -2.496 r  i_xlnx_clk_gen/inst/mmcm_adv_inst/CLKOUT0
                         net (fo=1, routed)           0.752    -1.744    i_xlnx_clk_gen/inst/clk_out1_xlnx_clk_gen
    BUFGCTRL_X0Y16       BUFG (Prop_bufg_I_O)         0.029    -1.715 r  i_xlnx_clk_gen/inst/clkout1_buf/O
                         net (fo=15067, routed)       0.884    -0.831    i_axi_dwidth_converter_dm_slave/inst/gen_downsizer.gen_simple_downsizer.axi_downsizer_inst/USE_WRITE.write_addr_inst/USE_B_CHANNEL.cmd_b_queue/inst/fifo_gen_inst/inst_fifo_gen/gconvfifo.rf/grf.rf/gntv_or_sync_fifo.mem/gdm.dm_gen.dm/RAM_reg_0_31_6_8/WCLK
    SLICE_X104Y45        RAMS32                                       r  i_axi_dwidth_converter_dm_slave/inst/gen_downsizer.gen_simple_downsizer.axi_downsizer_inst/USE_WRITE.write_addr_inst/USE_B_CHANNEL.cmd_b_queue/inst/fifo_gen_inst/inst_fifo_gen/gconvfifo.rf/grf.rf/gntv_or_sync_fifo.mem/gdm.dm_gen.dm/RAM_reg_0_31_6_8/RAMD/CLK
                         clock pessimism              0.251    -0.581    
    SLICE_X104Y45        RAMS32 (Hold_rams32_CLK_ADR4)
                                                      0.200    -0.381    i_axi_dwidth_converter_dm_slave/inst/gen_downsizer.gen_simple_downsizer.axi_downsizer_inst/USE_WRITE.write_addr_inst/USE_B_CHANNEL.cmd_b_queue/inst/fifo_gen_inst/inst_fifo_gen/gconvfifo.rf/grf.rf/gntv_or_sync_fifo.mem/gdm.dm_gen.dm/RAM_reg_0_31_6_8/RAMD
  -------------------------------------------------------------------
                         required time                          0.381    
                         arrival time                          -0.360    
  -------------------------------------------------------------------
                         slack                                  0.020    

Slack (MET) :             0.020ns  (arrival time - required time)
  Source:                 i_axi_dwidth_converter_dm_slave/inst/gen_downsizer.gen_simple_downsizer.axi_downsizer_inst/USE_WRITE.write_addr_inst/USE_B_CHANNEL.cmd_b_queue/inst/fifo_gen_inst/inst_fifo_gen/gconvfifo.rf/grf.rf/gntv_or_sync_fifo.gl0.wr/wpntr/gcc0.gc0.count_d1_reg[4]/C
                            (rising edge-triggered cell FDCE clocked by clk_out1_xlnx_clk_gen  {rise@0.000ns fall@12.500ns period=25.000ns})
  Destination:            i_axi_dwidth_converter_dm_slave/inst/gen_downsizer.gen_simple_downsizer.axi_downsizer_inst/USE_WRITE.write_addr_inst/USE_B_CHANNEL.cmd_b_queue/inst/fifo_gen_inst/inst_fifo_gen/gconvfifo.rf/grf.rf/gntv_or_sync_fifo.mem/gdm.dm_gen.dm/RAM_reg_0_31_6_8/RAMD_D1/ADR4
                            (rising edge-triggered cell RAMS32 clocked by clk_out1_xlnx_clk_gen  {rise@0.000ns fall@12.500ns period=25.000ns})
  Path Group:             clk_out1_xlnx_clk_gen
  Path Type:              Hold (Min at Fast Process Corner)
  Requirement:            0.000ns  (clk_out1_xlnx_clk_gen rise@0.000ns - clk_out1_xlnx_clk_gen rise@0.000ns)
  Data Path Delay:        0.233ns  (logic 0.141ns (60.453%)  route 0.092ns (39.547%))
  Logic Levels:           0  
  Clock Path Skew:        0.013ns (DCD - SCD - CPR)
    Destination Clock Delay (DCD):    -0.831ns
    Source Clock Delay      (SCD):    -0.594ns
    Clock Pessimism Removal (CPR):    -0.251ns

    Location             Delay type                Incr(ns)  Path(ns)    Netlist Resource(s)
  -------------------------------------------------------------------    -------------------
                         (clock clk_out1_xlnx_clk_gen rise edge)
                                                      0.000     0.000 r  
    K17                                               0.000     0.000 r  clk_sys (IN)
                         net (fo=0)                   0.000     0.000    i_xlnx_clk_gen/inst/clk_in1
    K17                  IBUF (Prop_ibuf_I_O)         0.243     0.243 r  i_xlnx_clk_gen/inst/clkin1_ibufg/O
                         net (fo=1, routed)           0.440     0.683    i_xlnx_clk_gen/inst/clk_in1_xlnx_clk_gen
    MMCME2_ADV_X1Y2      MMCME2_ADV (Prop_mmcme2_adv_CLKIN1_CLKOUT0)
                                                     -2.613    -1.930 r  i_xlnx_clk_gen/inst/mmcm_adv_inst/CLKOUT0
                         net (fo=1, routed)           0.696    -1.233    i_xlnx_clk_gen/inst/clk_out1_xlnx_clk_gen
    BUFGCTRL_X0Y16       BUFG (Prop_bufg_I_O)         0.026    -1.207 r  i_xlnx_clk_gen/inst/clkout1_buf/O
                         net (fo=15067, routed)       0.614    -0.594    i_axi_dwidth_converter_dm_slave/inst/gen_downsizer.gen_simple_downsizer.axi_downsizer_inst/USE_WRITE.write_addr_inst/USE_B_CHANNEL.cmd_b_queue/inst/fifo_gen_inst/inst_fifo_gen/gconvfifo.rf/grf.rf/gntv_or_sync_fifo.gl0.wr/wpntr/clk
    SLICE_X105Y45        FDCE                                         r  i_axi_dwidth_converter_dm_slave/inst/gen_downsizer.gen_simple_downsizer.axi_downsizer_inst/USE_WRITE.write_addr_inst/USE_B_CHANNEL.cmd_b_queue/inst/fifo_gen_inst/inst_fifo_gen/gconvfifo.rf/grf.rf/gntv_or_sync_fifo.gl0.wr/wpntr/gcc0.gc0.count_d1_reg[4]/C
  -------------------------------------------------------------------    -------------------
    SLICE_X105Y45        FDCE (Prop_fdce_C_Q)         0.141    -0.453 r  i_axi_dwidth_converter_dm_slave/inst/gen_downsizer.gen_simple_downsizer.axi_downsizer_inst/USE_WRITE.write_addr_inst/USE_B_CHANNEL.cmd_b_queue/inst/fifo_gen_inst/inst_fifo_gen/gconvfifo.rf/grf.rf/gntv_or_sync_fifo.gl0.wr/wpntr/gcc0.gc0.count_d1_reg[4]/Q
                         net (fo=10, routed)          0.092    -0.360    i_axi_dwidth_converter_dm_slave/inst/gen_downsizer.gen_simple_downsizer.axi_downsizer_inst/USE_WRITE.write_addr_inst/USE_B_CHANNEL.cmd_b_queue/inst/fifo_gen_inst/inst_fifo_gen/gconvfifo.rf/grf.rf/gntv_or_sync_fifo.mem/gdm.dm_gen.dm/RAM_reg_0_31_6_8/ADDRD4
    SLICE_X104Y45        RAMS32                                       r  i_axi_dwidth_converter_dm_slave/inst/gen_downsizer.gen_simple_downsizer.axi_downsizer_inst/USE_WRITE.write_addr_inst/USE_B_CHANNEL.cmd_b_queue/inst/fifo_gen_inst/inst_fifo_gen/gconvfifo.rf/grf.rf/gntv_or_sync_fifo.mem/gdm.dm_gen.dm/RAM_reg_0_31_6_8/RAMD_D1/ADR4
  -------------------------------------------------------------------    -------------------

                         (clock clk_out1_xlnx_clk_gen rise edge)
                                                      0.000     0.000 r  
    K17                                               0.000     0.000 r  clk_sys (IN)
                         net (fo=0)                   0.000     0.000    i_xlnx_clk_gen/inst/clk_in1
    K17                  IBUF (Prop_ibuf_I_O)         0.431     0.431 r  i_xlnx_clk_gen/inst/clkin1_ibufg/O
                         net (fo=1, routed)           0.480     0.911    i_xlnx_clk_gen/inst/clk_in1_xlnx_clk_gen
    MMCME2_ADV_X1Y2      MMCME2_ADV (Prop_mmcme2_adv_CLKIN1_CLKOUT0)
                                                     -3.407    -2.496 r  i_xlnx_clk_gen/inst/mmcm_adv_inst/CLKOUT0
                         net (fo=1, routed)           0.752    -1.744    i_xlnx_clk_gen/inst/clk_out1_xlnx_clk_gen
    BUFGCTRL_X0Y16       BUFG (Prop_bufg_I_O)         0.029    -1.715 r  i_xlnx_clk_gen/inst/clkout1_buf/O
                         net (fo=15067, routed)       0.884    -0.831    i_axi_dwidth_converter_dm_slave/inst/gen_downsizer.gen_simple_downsizer.axi_downsizer_inst/USE_WRITE.write_addr_inst/USE_B_CHANNEL.cmd_b_queue/inst/fifo_gen_inst/inst_fifo_gen/gconvfifo.rf/grf.rf/gntv_or_sync_fifo.mem/gdm.dm_gen.dm/RAM_reg_0_31_6_8/WCLK
    SLICE_X104Y45        RAMS32                                       r  i_axi_dwidth_converter_dm_slave/inst/gen_downsizer.gen_simple_downsizer.axi_downsizer_inst/USE_WRITE.write_addr_inst/USE_B_CHANNEL.cmd_b_queue/inst/fifo_gen_inst/inst_fifo_gen/gconvfifo.rf/grf.rf/gntv_or_sync_fifo.mem/gdm.dm_gen.dm/RAM_reg_0_31_6_8/RAMD_D1/CLK
                         clock pessimism              0.251    -0.581    
    SLICE_X104Y45        RAMS32 (Hold_rams32_CLK_ADR4)
                                                      0.200    -0.381    i_axi_dwidth_converter_dm_slave/inst/gen_downsizer.gen_simple_downsizer.axi_downsizer_inst/USE_WRITE.write_addr_inst/USE_B_CHANNEL.cmd_b_queue/inst/fifo_gen_inst/inst_fifo_gen/gconvfifo.rf/grf.rf/gntv_or_sync_fifo.mem/gdm.dm_gen.dm/RAM_reg_0_31_6_8/RAMD_D1
  -------------------------------------------------------------------
                         required time                          0.381    
                         arrival time                          -0.360    
  -------------------------------------------------------------------
                         slack                                  0.020    

Slack (MET) :             0.027ns  (arrival time - required time)
  Source:                 i_axi_xbar/i_xbar/gen_slv_port_demux[1].i_axi_demux/gen_demux.i_r_spill_reg/spill_register_flushable_i/gen_spill_reg.a_data_q_reg[data][16]/C
                            (rising edge-triggered cell FDCE clocked by clk_out1_xlnx_clk_gen  {rise@0.000ns fall@12.500ns period=25.000ns})
  Destination:            i_axi_xbar/i_xbar/gen_slv_port_demux[1].i_axi_demux/gen_demux.i_r_spill_reg/spill_register_flushable_i/gen_spill_reg.b_data_q_reg[data][16]/D
                            (rising edge-triggered cell FDCE clocked by clk_out1_xlnx_clk_gen  {rise@0.000ns fall@12.500ns period=25.000ns})
  Path Group:             clk_out1_xlnx_clk_gen
  Path Type:              Hold (Min at Fast Process Corner)
  Requirement:            0.000ns  (clk_out1_xlnx_clk_gen rise@0.000ns - clk_out1_xlnx_clk_gen rise@0.000ns)
  Data Path Delay:        0.353ns  (logic 0.164ns (46.401%)  route 0.189ns (53.599%))
  Logic Levels:           0  
  Clock Path Skew:        0.256ns (DCD - SCD - CPR)
    Destination Clock Delay (DCD):    -0.896ns
    Source Clock Delay      (SCD):    -0.650ns
    Clock Pessimism Removal (CPR):    -0.503ns

    Location             Delay type                Incr(ns)  Path(ns)    Netlist Resource(s)
  -------------------------------------------------------------------    -------------------
                         (clock clk_out1_xlnx_clk_gen rise edge)
                                                      0.000     0.000 r  
    K17                                               0.000     0.000 r  clk_sys (IN)
                         net (fo=0)                   0.000     0.000    i_xlnx_clk_gen/inst/clk_in1
    K17                  IBUF (Prop_ibuf_I_O)         0.243     0.243 r  i_xlnx_clk_gen/inst/clkin1_ibufg/O
                         net (fo=1, routed)           0.440     0.683    i_xlnx_clk_gen/inst/clk_in1_xlnx_clk_gen
    MMCME2_ADV_X1Y2      MMCME2_ADV (Prop_mmcme2_adv_CLKIN1_CLKOUT0)
                                                     -2.613    -1.930 r  i_xlnx_clk_gen/inst/mmcm_adv_inst/CLKOUT0
                         net (fo=1, routed)           0.696    -1.233    i_xlnx_clk_gen/inst/clk_out1_xlnx_clk_gen
    BUFGCTRL_X0Y16       BUFG (Prop_bufg_I_O)         0.026    -1.207 r  i_xlnx_clk_gen/inst/clkout1_buf/O
                         net (fo=15067, routed)       0.558    -0.650    i_axi_xbar/i_xbar/gen_slv_port_demux[1].i_axi_demux/gen_demux.i_r_spill_reg/spill_register_flushable_i/clk_out1
    SLICE_X42Y14         FDCE                                         r  i_axi_xbar/i_xbar/gen_slv_port_demux[1].i_axi_demux/gen_demux.i_r_spill_reg/spill_register_flushable_i/gen_spill_reg.a_data_q_reg[data][16]/C
  -------------------------------------------------------------------    -------------------
    SLICE_X42Y14         FDCE (Prop_fdce_C_Q)         0.164    -0.486 r  i_axi_xbar/i_xbar/gen_slv_port_demux[1].i_axi_demux/gen_demux.i_r_spill_reg/spill_register_flushable_i/gen_spill_reg.a_data_q_reg[data][16]/Q
                         net (fo=2, routed)           0.189    -0.296    i_axi_xbar/i_xbar/gen_slv_port_demux[1].i_axi_demux/gen_demux.i_r_spill_reg/spill_register_flushable_i/gen_spill_reg.a_data_q_reg[data][16]
    SLICE_X51Y15         FDCE                                         r  i_axi_xbar/i_xbar/gen_slv_port_demux[1].i_axi_demux/gen_demux.i_r_spill_reg/spill_register_flushable_i/gen_spill_reg.b_data_q_reg[data][16]/D
  -------------------------------------------------------------------    -------------------

                         (clock clk_out1_xlnx_clk_gen rise edge)
                                                      0.000     0.000 r  
    K17                                               0.000     0.000 r  clk_sys (IN)
                         net (fo=0)                   0.000     0.000    i_xlnx_clk_gen/inst/clk_in1
    K17                  IBUF (Prop_ibuf_I_O)         0.431     0.431 r  i_xlnx_clk_gen/inst/clkin1_ibufg/O
                         net (fo=1, routed)           0.480     0.911    i_xlnx_clk_gen/inst/clk_in1_xlnx_clk_gen
    MMCME2_ADV_X1Y2      MMCME2_ADV (Prop_mmcme2_adv_CLKIN1_CLKOUT0)
                                                     -3.407    -2.496 r  i_xlnx_clk_gen/inst/mmcm_adv_inst/CLKOUT0
                         net (fo=1, routed)           0.752    -1.744    i_xlnx_clk_gen/inst/clk_out1_xlnx_clk_gen
    BUFGCTRL_X0Y16       BUFG (Prop_bufg_I_O)         0.029    -1.715 r  i_xlnx_clk_gen/inst/clkout1_buf/O
                         net (fo=15067, routed)       0.819    -0.896    i_axi_xbar/i_xbar/gen_slv_port_demux[1].i_axi_demux/gen_demux.i_r_spill_reg/spill_register_flushable_i/clk_out1
    SLICE_X51Y15         FDCE                                         r  i_axi_xbar/i_xbar/gen_slv_port_demux[1].i_axi_demux/gen_demux.i_r_spill_reg/spill_register_flushable_i/gen_spill_reg.b_data_q_reg[data][16]/C
                         clock pessimism              0.503    -0.393    
    SLICE_X51Y15         FDCE (Hold_fdce_C_D)         0.070    -0.323    i_axi_xbar/i_xbar/gen_slv_port_demux[1].i_axi_demux/gen_demux.i_r_spill_reg/spill_register_flushable_i/gen_spill_reg.b_data_q_reg[data][16]
  -------------------------------------------------------------------
                         required time                          0.323    
                         arrival time                          -0.296    
  -------------------------------------------------------------------
                         slack                                  0.027    

Slack (MET) :             0.043ns  (arrival time - required time)
  Source:                 i_axi_xbar/i_xbar/gen_slv_port_demux[0].i_axi_demux/gen_demux.i_ar_spill_reg/spill_register_flushable_i/gen_spill_reg.a_data_q_reg[ar_chan][addr][17]/C
                            (rising edge-triggered cell FDCE clocked by clk_out1_xlnx_clk_gen  {rise@0.000ns fall@12.500ns period=25.000ns})
  Destination:            i_axi_xbar/i_xbar/gen_slv_port_demux[0].i_axi_demux/gen_demux.i_ar_spill_reg/spill_register_flushable_i/gen_spill_reg.b_data_q_reg[ar_chan][addr][17]/D
                            (rising edge-triggered cell FDCE clocked by clk_out1_xlnx_clk_gen  {rise@0.000ns fall@12.500ns period=25.000ns})
  Path Group:             clk_out1_xlnx_clk_gen
  Path Type:              Hold (Min at Fast Process Corner)
  Requirement:            0.000ns  (clk_out1_xlnx_clk_gen rise@0.000ns - clk_out1_xlnx_clk_gen rise@0.000ns)
  Data Path Delay:        0.331ns  (logic 0.128ns (38.725%)  route 0.203ns (61.275%))
  Logic Levels:           0  
  Clock Path Skew:        0.275ns (DCD - SCD - CPR)
    Destination Clock Delay (DCD):    -0.861ns
    Source Clock Delay      (SCD):    -0.629ns
    Clock Pessimism Removal (CPR):    -0.508ns

    Location             Delay type                Incr(ns)  Path(ns)    Netlist Resource(s)
  -------------------------------------------------------------------    -------------------
                         (clock clk_out1_xlnx_clk_gen rise edge)
                                                      0.000     0.000 r  
    K17                                               0.000     0.000 r  clk_sys (IN)
                         net (fo=0)                   0.000     0.000    i_xlnx_clk_gen/inst/clk_in1
    K17                  IBUF (Prop_ibuf_I_O)         0.243     0.243 r  i_xlnx_clk_gen/inst/clkin1_ibufg/O
                         net (fo=1, routed)           0.440     0.683    i_xlnx_clk_gen/inst/clk_in1_xlnx_clk_gen
    MMCME2_ADV_X1Y2      MMCME2_ADV (Prop_mmcme2_adv_CLKIN1_CLKOUT0)
                                                     -2.613    -1.930 r  i_xlnx_clk_gen/inst/mmcm_adv_inst/CLKOUT0
                         net (fo=1, routed)           0.696    -1.233    i_xlnx_clk_gen/inst/clk_out1_xlnx_clk_gen
    BUFGCTRL_X0Y16       BUFG (Prop_bufg_I_O)         0.026    -1.207 r  i_xlnx_clk_gen/inst/clkout1_buf/O
                         net (fo=15067, routed)       0.579    -0.629    i_axi_xbar/i_xbar/gen_slv_port_demux[0].i_axi_demux/gen_demux.i_ar_spill_reg/spill_register_flushable_i/clk_out1
    SLICE_X63Y53         FDCE                                         r  i_axi_xbar/i_xbar/gen_slv_port_demux[0].i_axi_demux/gen_demux.i_ar_spill_reg/spill_register_flushable_i/gen_spill_reg.a_data_q_reg[ar_chan][addr][17]/C
  -------------------------------------------------------------------    -------------------
    SLICE_X63Y53         FDCE (Prop_fdce_C_Q)         0.128    -0.501 r  i_axi_xbar/i_xbar/gen_slv_port_demux[0].i_axi_demux/gen_demux.i_ar_spill_reg/spill_register_flushable_i/gen_spill_reg.a_data_q_reg[ar_chan][addr][17]/Q
                         net (fo=2, routed)           0.203    -0.298    i_axi_xbar/i_xbar/gen_slv_port_demux[0].i_axi_demux/gen_demux.i_ar_spill_reg/spill_register_flushable_i/gen_spill_reg.a_data_q_reg[ar_chan][addr][17]
    SLICE_X61Y47         FDCE                                         r  i_axi_xbar/i_xbar/gen_slv_port_demux[0].i_axi_demux/gen_demux.i_ar_spill_reg/spill_register_flushable_i/gen_spill_reg.b_data_q_reg[ar_chan][addr][17]/D
  -------------------------------------------------------------------    -------------------

                         (clock clk_out1_xlnx_clk_gen rise edge)
                                                      0.000     0.000 r  
    K17                                               0.000     0.000 r  clk_sys (IN)
                         net (fo=0)                   0.000     0.000    i_xlnx_clk_gen/inst/clk_in1
    K17                  IBUF (Prop_ibuf_I_O)         0.431     0.431 r  i_xlnx_clk_gen/inst/clkin1_ibufg/O
                         net (fo=1, routed)           0.480     0.911    i_xlnx_clk_gen/inst/clk_in1_xlnx_clk_gen
    MMCME2_ADV_X1Y2      MMCME2_ADV (Prop_mmcme2_adv_CLKIN1_CLKOUT0)
                                                     -3.407    -2.496 r  i_xlnx_clk_gen/inst/mmcm_adv_inst/CLKOUT0
                         net (fo=1, routed)           0.752    -1.744    i_xlnx_clk_gen/inst/clk_out1_xlnx_clk_gen
    BUFGCTRL_X0Y16       BUFG (Prop_bufg_I_O)         0.029    -1.715 r  i_xlnx_clk_gen/inst/clkout1_buf/O
                         net (fo=15067, routed)       0.854    -0.861    i_axi_xbar/i_xbar/gen_slv_port_demux[0].i_axi_demux/gen_demux.i_ar_spill_reg/spill_register_flushable_i/clk_out1
    SLICE_X61Y47         FDCE                                         r  i_axi_xbar/i_xbar/gen_slv_port_demux[0].i_axi_demux/gen_demux.i_ar_spill_reg/spill_register_flushable_i/gen_spill_reg.b_data_q_reg[ar_chan][addr][17]/C
                         clock pessimism              0.508    -0.353    
    SLICE_X61Y47         FDCE (Hold_fdce_C_D)         0.012    -0.341    i_axi_xbar/i_xbar/gen_slv_port_demux[0].i_axi_demux/gen_demux.i_ar_spill_reg/spill_register_flushable_i/gen_spill_reg.b_data_q_reg[ar_chan][addr][17]
  -------------------------------------------------------------------
                         required time                          0.341    
                         arrival time                          -0.298    
  -------------------------------------------------------------------
                         slack                                  0.043    





Pulse Width Checks
--------------------------------------------------------------------------------------
Clock Name:         clk_out1_xlnx_clk_gen
Waveform(ns):       { 0.000 12.500 }
Period(ns):         25.000
Sources:            { i_xlnx_clk_gen/inst/mmcm_adv_inst/CLKOUT0 }

Check Type        Corner  Lib Pin             Reference Pin  Required(ns)  Actual(ns)  Slack(ns)  Location         Pin
Min Period        n/a     RAMB36E1/CLKARDCLK  n/a            2.944         25.000      22.056     RAMB36_X2Y9      i_ariane/i_cva6/gen_cache_hpd.i_cache_subsystem/i_cva6_icache/gen_sram[0].data_sram/data_sram/gen_cut[0].i_tc_sram_wrapper/i_ram/Mem_DP_reg/CLKARDCLK
Min Period        n/a     RAMB36E1/CLKBWRCLK  n/a            2.944         25.000      22.056     RAMB36_X2Y9      i_ariane/i_cva6/gen_cache_hpd.i_cache_subsystem/i_cva6_icache/gen_sram[0].data_sram/data_sram/gen_cut[0].i_tc_sram_wrapper/i_ram/Mem_DP_reg/CLKBWRCLK
Min Period        n/a     RAMB36E1/CLKARDCLK  n/a            2.944         25.000      22.056     RAMB36_X1Y9      i_ariane/i_cva6/gen_cache_hpd.i_cache_subsystem/i_cva6_icache/gen_sram[0].data_sram/data_sram/gen_cut[1].i_tc_sram_wrapper/i_ram/Mem_DP_reg/CLKARDCLK
Min Period        n/a     RAMB36E1/CLKBWRCLK  n/a            2.944         25.000      22.056     RAMB36_X1Y9      i_ariane/i_cva6/gen_cache_hpd.i_cache_subsystem/i_cva6_icache/gen_sram[0].data_sram/data_sram/gen_cut[1].i_tc_sram_wrapper/i_ram/Mem_DP_reg/CLKBWRCLK
Min Period        n/a     RAMB36E1/CLKARDCLK  n/a            2.944         25.000      22.056     RAMB36_X1Y8      i_ariane/i_cva6/gen_cache_hpd.i_cache_subsystem/i_cva6_icache/gen_sram[0].tag_sram/data_sram/gen_cut[0].i_tc_sram_wrapper/i_ram/Mem_DP_reg/CLKARDCLK
Min Period        n/a     RAMB36E1/CLKBWRCLK  n/a            2.944         25.000      22.056     RAMB36_X1Y8      i_ariane/i_cva6/gen_cache_hpd.i_cache_subsystem/i_cva6_icache/gen_sram[0].tag_sram/data_sram/gen_cut[0].i_tc_sram_wrapper/i_ram/Mem_DP_reg/CLKBWRCLK
Min Period        n/a     RAMB36E1/CLKARDCLK  n/a            2.944         25.000      22.056     RAMB36_X2Y10     i_ariane/i_cva6/gen_cache_hpd.i_cache_subsystem/i_cva6_icache/gen_sram[1].data_sram/data_sram/gen_cut[0].i_tc_sram_wrapper/i_ram/Mem_DP_reg/CLKARDCLK
Min Period        n/a     RAMB36E1/CLKBWRCLK  n/a            2.944         25.000      22.056     RAMB36_X2Y10     i_ariane/i_cva6/gen_cache_hpd.i_cache_subsystem/i_cva6_icache/gen_sram[1].data_sram/data_sram/gen_cut[0].i_tc_sram_wrapper/i_ram/Mem_DP_reg/CLKBWRCLK
Min Period        n/a     RAMB36E1/CLKARDCLK  n/a            2.944         25.000      22.056     RAMB36_X2Y8      i_ariane/i_cva6/gen_cache_hpd.i_cache_subsystem/i_cva6_icache/gen_sram[1].data_sram/data_sram/gen_cut[1].i_tc_sram_wrapper/i_ram/Mem_DP_reg/CLKARDCLK
Min Period        n/a     RAMB36E1/CLKBWRCLK  n/a            2.944         25.000      22.056     RAMB36_X2Y8      i_ariane/i_cva6/gen_cache_hpd.i_cache_subsystem/i_cva6_icache/gen_sram[1].data_sram/data_sram/gen_cut[1].i_tc_sram_wrapper/i_ram/Mem_DP_reg/CLKBWRCLK
Max Period        n/a     MMCME2_ADV/CLKOUT0  n/a            213.360       25.000      188.360    MMCME2_ADV_X1Y2  i_xlnx_clk_gen/inst/mmcm_adv_inst/CLKOUT0
Low Pulse Width   Slow    RAMD64E/CLK         n/a            1.250         12.500      11.250     SLICE_X54Y74     i_ariane/i_cva6/bht_gen.i_bht/gen_fpga_bht.gen_bht_ram[0].i_bht_ram/mem_reg_r1_0_63_0_2/RAMA/CLK
Low Pulse Width   Fast    RAMD64E/CLK         n/a            1.250         12.500      11.250     SLICE_X54Y74     i_ariane/i_cva6/bht_gen.i_bht/gen_fpga_bht.gen_bht_ram[0].i_bht_ram/mem_reg_r1_0_63_0_2/RAMA/CLK
Low Pulse Width   Slow    RAMD64E/CLK         n/a            1.250         12.500      11.250     SLICE_X54Y74     i_ariane/i_cva6/bht_gen.i_bht/gen_fpga_bht.gen_bht_ram[0].i_bht_ram/mem_reg_r1_0_63_0_2/RAMB/CLK
Low Pulse Width   Fast    RAMD64E/CLK         n/a            1.250         12.500      11.250     SLICE_X54Y74     i_ariane/i_cva6/bht_gen.i_bht/gen_fpga_bht.gen_bht_ram[0].i_bht_ram/mem_reg_r1_0_63_0_2/RAMB/CLK
Low Pulse Width   Slow    RAMD64E/CLK         n/a            1.250         12.500      11.250     SLICE_X54Y74     i_ariane/i_cva6/bht_gen.i_bht/gen_fpga_bht.gen_bht_ram[0].i_bht_ram/mem_reg_r1_0_63_0_2/RAMC/CLK
Low Pulse Width   Fast    RAMD64E/CLK         n/a            1.250         12.500      11.250     SLICE_X54Y74     i_ariane/i_cva6/bht_gen.i_bht/gen_fpga_bht.gen_bht_ram[0].i_bht_ram/mem_reg_r1_0_63_0_2/RAMC/CLK
Low Pulse Width   Slow    RAMD64E/CLK         n/a            1.250         12.500      11.250     SLICE_X54Y74     i_ariane/i_cva6/bht_gen.i_bht/gen_fpga_bht.gen_bht_ram[0].i_bht_ram/mem_reg_r1_0_63_0_2/RAMD/CLK
Low Pulse Width   Fast    RAMD64E/CLK         n/a            1.250         12.500      11.250     SLICE_X54Y74     i_ariane/i_cva6/bht_gen.i_bht/gen_fpga_bht.gen_bht_ram[0].i_bht_ram/mem_reg_r1_0_63_0_2/RAMD/CLK
Low Pulse Width   Slow    RAMD64E/CLK         n/a            1.250         12.500      11.250     SLICE_X54Y75     i_ariane/i_cva6/bht_gen.i_bht/gen_fpga_bht.gen_bht_ram[0].i_bht_ram/mem_reg_r1_64_127_0_2/RAMA/CLK
Low Pulse Width   Fast    RAMD64E/CLK         n/a            1.250         12.500      11.250     SLICE_X54Y75     i_ariane/i_cva6/bht_gen.i_bht/gen_fpga_bht.gen_bht_ram[0].i_bht_ram/mem_reg_r1_64_127_0_2/RAMA/CLK
High Pulse Width  Slow    RAMD64E/CLK         n/a            1.250         12.500      11.250     SLICE_X54Y74     i_ariane/i_cva6/bht_gen.i_bht/gen_fpga_bht.gen_bht_ram[0].i_bht_ram/mem_reg_r1_0_63_0_2/RAMA/CLK
High Pulse Width  Fast    RAMD64E/CLK         n/a            1.250         12.500      11.250     SLICE_X54Y74     i_ariane/i_cva6/bht_gen.i_bht/gen_fpga_bht.gen_bht_ram[0].i_bht_ram/mem_reg_r1_0_63_0_2/RAMA/CLK
High Pulse Width  Slow    RAMD64E/CLK         n/a            1.250         12.500      11.250     SLICE_X54Y74     i_ariane/i_cva6/bht_gen.i_bht/gen_fpga_bht.gen_bht_ram[0].i_bht_ram/mem_reg_r1_0_63_0_2/RAMB/CLK
High Pulse Width  Fast    RAMD64E/CLK         n/a            1.250         12.500      11.250     SLICE_X54Y74     i_ariane/i_cva6/bht_gen.i_bht/gen_fpga_bht.gen_bht_ram[0].i_bht_ram/mem_reg_r1_0_63_0_2/RAMB/CLK
High Pulse Width  Slow    RAMD64E/CLK         n/a            1.250         12.500      11.250     SLICE_X54Y74     i_ariane/i_cva6/bht_gen.i_bht/gen_fpga_bht.gen_bht_ram[0].i_bht_ram/mem_reg_r1_0_63_0_2/RAMC/CLK
High Pulse Width  Fast    RAMD64E/CLK         n/a            1.250         12.500      11.250     SLICE_X54Y74     i_ariane/i_cva6/bht_gen.i_bht/gen_fpga_bht.gen_bht_ram[0].i_bht_ram/mem_reg_r1_0_63_0_2/RAMC/CLK
High Pulse Width  Slow    RAMD64E/CLK         n/a            1.250         12.500      11.250     SLICE_X54Y74     i_ariane/i_cva6/bht_gen.i_bht/gen_fpga_bht.gen_bht_ram[0].i_bht_ram/mem_reg_r1_0_63_0_2/RAMD/CLK
High Pulse Width  Fast    RAMD64E/CLK         n/a            1.250         12.500      11.250     SLICE_X54Y74     i_ariane/i_cva6/bht_gen.i_bht/gen_fpga_bht.gen_bht_ram[0].i_bht_ram/mem_reg_r1_0_63_0_2/RAMD/CLK
High Pulse Width  Slow    RAMD64E/CLK         n/a            1.250         12.500      11.250     SLICE_X54Y75     i_ariane/i_cva6/bht_gen.i_bht/gen_fpga_bht.gen_bht_ram[0].i_bht_ram/mem_reg_r1_64_127_0_2/RAMA/CLK
High Pulse Width  Fast    RAMD64E/CLK         n/a            1.250         12.500      11.250     SLICE_X54Y75     i_ariane/i_cva6/bht_gen.i_bht/gen_fpga_bht.gen_bht_ram[0].i_bht_ram/mem_reg_r1_64_127_0_2/RAMA/CLK



---------------------------------------------------------------------------------------------------
From Clock:  clkfbout_xlnx_clk_gen
  To Clock:  clkfbout_xlnx_clk_gen

Setup :           NA  Failing Endpoints,  Worst Slack           NA  ,  Total Violation           NA
Hold  :           NA  Failing Endpoints,  Worst Slack           NA  ,  Total Violation           NA
PW    :            0  Failing Endpoints,  Worst Slack        5.845ns,  Total Violation        0.000ns
---------------------------------------------------------------------------------------------------


Pulse Width Checks
--------------------------------------------------------------------------------------
Clock Name:         clkfbout_xlnx_clk_gen
Waveform(ns):       { 0.000 4.000 }
Period(ns):         8.000
Sources:            { i_xlnx_clk_gen/inst/mmcm_adv_inst/CLKFBOUT }

Check Type  Corner  Lib Pin              Reference Pin  Required(ns)  Actual(ns)  Slack(ns)  Location         Pin
Min Period  n/a     BUFG/I               n/a            2.155         8.000       5.845      BUFGCTRL_X0Y17   i_xlnx_clk_gen/inst/clkf_buf/I
Min Period  n/a     MMCME2_ADV/CLKFBOUT  n/a            1.249         8.000       6.751      MMCME2_ADV_X1Y2  i_xlnx_clk_gen/inst/mmcm_adv_inst/CLKFBOUT
Min Period  n/a     MMCME2_ADV/CLKFBIN   n/a            1.249         8.000       6.751      MMCME2_ADV_X1Y2  i_xlnx_clk_gen/inst/mmcm_adv_inst/CLKFBIN
Max Period  n/a     MMCME2_ADV/CLKFBIN   n/a            100.000       8.000       92.000     MMCME2_ADV_X1Y2  i_xlnx_clk_gen/inst/mmcm_adv_inst/CLKFBIN
Max Period  n/a     MMCME2_ADV/CLKFBOUT  n/a            213.360       8.000       205.360    MMCME2_ADV_X1Y2  i_xlnx_clk_gen/inst/mmcm_adv_inst/CLKFBOUT



---------------------------------------------------------------------------------------------------
From Clock:  tck
  To Clock:  tck

Setup :            0  Failing Endpoints,  Worst Slack        0.778ns,  Total Violation        0.000ns
Hold  :            0  Failing Endpoints,  Worst Slack        0.100ns,  Total Violation        0.000ns
PW    :            0  Failing Endpoints,  Worst Slack       49.500ns,  Total Violation        0.000ns
---------------------------------------------------------------------------------------------------


Max Delay Paths
--------------------------------------------------------------------------------------
Slack (MET) :             0.778ns  (required time - arrival time)
  Source:                 i_dmi_jtag/i_dmi_jtag_tap/td_o_reg/C
                            (falling edge-triggered cell FDCE clocked by tck  {rise@0.000ns fall@50.000ns period=100.000ns})
  Destination:            tdo
                            (output port clocked by tck  {rise@0.000ns fall@50.000ns period=100.000ns})
  Path Group:             tck
  Path Type:              Max at Slow Process Corner
  Requirement:            20.000ns  (MaxDelay Path 20.000ns)
  Data Path Delay:        6.611ns  (logic 4.015ns (60.740%)  route 2.595ns (39.260%))
  Logic Levels:           1  (OBUF=1)
  Output Delay:           5.000ns
  Clock Path Skew:        -7.109ns (DCD - SCD + CPR)
    Destination Clock Delay (DCD):    0.000ns
    Source Clock Delay      (SCD):    7.109ns
    Clock Pessimism Removal (CPR):    0.000ns
  Clock Uncertainty:      0.501ns  ((TSJ^2 + TIJ^2)^1/2 + DJ) / 2 + PE
    Total System Jitter     (TSJ):    0.071ns
    Total Input Jitter      (TIJ):    1.000ns
    Discrete Jitter          (DJ):    0.000ns
    Phase Error              (PE):    0.000ns
  Timing Exception:       MaxDelay Path 20.000ns

    Location             Delay type                Incr(ns)  Path(ns)    Netlist Resource(s)
  -------------------------------------------------------------------    -------------------
                         (clock tck fall edge)        0.000     0.000 f  
    H15                                               0.000     0.000 f  tck (IN)
                         net (fo=0)                   0.000     0.000    tck
    H15                  IBUF (Prop_ibuf_I_O)         1.500     1.500 f  tck_IBUF_inst/O
                         net (fo=1, routed)           3.659     5.159    tck_IBUF
    BUFGCTRL_X0Y0        BUFG (Prop_bufg_I_O)         0.101     5.260 f  tck_IBUF_BUFG_inst/O
                         net (fo=258, routed)         1.849     7.109    i_dmi_jtag/i_dmi_jtag_tap/tck_ni
    SLICE_X106Y77        FDCE                                         r  i_dmi_jtag/i_dmi_jtag_tap/td_o_reg/C  (IS_INVERTED)
  -------------------------------------------------------------------    -------------------
    SLICE_X106Y77        FDCE (Prop_fdce_C_Q)         0.459     7.568 r  i_dmi_jtag/i_dmi_jtag_tap/td_o_reg/Q
                         net (fo=1, routed)           2.595    10.164    tdo_OBUF
    J15                  OBUF (Prop_obuf_I_O)         3.556    13.720 r  tdo_OBUF_inst/O
                         net (fo=0)                   0.000    13.720    tdo
    J15                                                               r  tdo (OUT)
  -------------------------------------------------------------------    -------------------

                         max delay                   20.000    20.000    
                         clock pessimism              0.000    20.000    
                         clock uncertainty           -0.501    19.499    
                         output delay                -5.000    14.499    
  -------------------------------------------------------------------
                         required time                         14.499    
                         arrival time                         -13.720    
  -------------------------------------------------------------------
                         slack                                  0.778    

Slack (MET) :             14.923ns  (required time - arrival time)
  Source:                 tms
                            (input port clocked by tck  {rise@0.000ns fall@50.000ns period=100.000ns})
  Destination:            i_dmi_jtag/i_dmi_jtag_tap/FSM_onehot_tap_state_q_reg[11]/D
                            (rising edge-triggered cell FDCE clocked by tck  {rise@0.000ns fall@50.000ns period=100.000ns})
  Path Group:             tck
  Path Type:              Setup (Max at Fast Process Corner)
  Requirement:            20.000ns  (MaxDelay Path 20.000ns)
  Data Path Delay:        2.030ns  (logic 0.558ns (27.486%)  route 1.472ns (72.514%))
  Logic Levels:           2  (IBUF=1 LUT4=1)
  Input Delay:            5.000ns
  Clock Path Skew:        2.421ns (DCD - SCD + CPR)
    Destination Clock Delay (DCD):    2.421ns
    Source Clock Delay      (SCD):    0.000ns
    Clock Pessimism Removal (CPR):    0.000ns
  Clock Uncertainty:      0.501ns  ((TSJ^2 + TIJ^2)^1/2 + DJ) / 2 + PE
    Total System Jitter     (TSJ):    0.071ns
    Total Input Jitter      (TIJ):    1.000ns
    Discrete Jitter          (DJ):    0.000ns
    Phase Error              (PE):    0.000ns
  Timing Exception:       MaxDelay Path 20.000ns

    Location             Delay type                Incr(ns)  Path(ns)    Netlist Resource(s)
  -------------------------------------------------------------------    -------------------
                         (clock tck fall edge)        0.000     0.000 f  
                         input delay                  5.000     5.000    
    V12                                               0.000     5.000 f  tms (IN)
                         net (fo=0)                   0.000     5.000    tms
    V12                  IBUF (Prop_ibuf_I_O)         0.502     5.502 f  tms_IBUF_inst/O
                         net (fo=16, routed)          1.472     6.974    i_dmi_jtag/i_dmi_jtag_tap/tms_IBUF
    SLICE_X98Y50         LUT4 (Prop_lut4_I2_O)        0.056     7.030 r  i_dmi_jtag/i_dmi_jtag_tap/FSM_onehot_tap_state_q[11]_i_1/O
                         net (fo=1, routed)           0.000     7.030    i_dmi_jtag/i_dmi_jtag_tap/FSM_onehot_tap_state_q[11]_i_1_n_0
    SLICE_X98Y50         FDCE                                         r  i_dmi_jtag/i_dmi_jtag_tap/FSM_onehot_tap_state_q_reg[11]/D
  -------------------------------------------------------------------    -------------------

                         max delay                   20.000    20.000    
    H15                                               0.000    20.000 r  tck (IN)
                         net (fo=0)                   0.000    20.000    tck
    H15                  IBUF (Prop_ibuf_I_O)         0.268    20.268 r  tck_IBUF_inst/O
                         net (fo=1, routed)           1.516    21.784    tck_IBUF
    BUFGCTRL_X0Y0        BUFG (Prop_bufg_I_O)         0.026    21.810 r  tck_IBUF_BUFG_inst/O
                         net (fo=258, routed)         0.611    22.421    i_dmi_jtag/i_dmi_jtag_tap/CLK
    SLICE_X98Y50         FDCE                                         r  i_dmi_jtag/i_dmi_jtag_tap/FSM_onehot_tap_state_q_reg[11]/C
                         clock pessimism              0.000    22.421    
                         clock uncertainty           -0.501    21.920    
    SLICE_X98Y50         FDCE (Setup_fdce_C_D)        0.034    21.954    i_dmi_jtag/i_dmi_jtag_tap/FSM_onehot_tap_state_q_reg[11]
  -------------------------------------------------------------------
                         required time                         21.954    
                         arrival time                          -7.030    
  -------------------------------------------------------------------
                         slack                                 14.923    

Slack (MET) :             14.945ns  (required time - arrival time)
  Source:                 tms
                            (input port clocked by tck  {rise@0.000ns fall@50.000ns period=100.000ns})
  Destination:            i_dmi_jtag/i_dmi_jtag_tap/FSM_onehot_tap_state_q_reg[12]/D
                            (rising edge-triggered cell FDCE clocked by tck  {rise@0.000ns fall@50.000ns period=100.000ns})
  Path Group:             tck
  Path Type:              Setup (Max at Fast Process Corner)
  Requirement:            20.000ns  (MaxDelay Path 20.000ns)
  Data Path Delay:        2.029ns  (logic 0.557ns (27.450%)  route 1.472ns (72.550%))
  Logic Levels:           2  (IBUF=1 LUT3=1)
  Input Delay:            5.000ns
  Clock Path Skew:        2.421ns (DCD - SCD + CPR)
    Destination Clock Delay (DCD):    2.421ns
    Source Clock Delay      (SCD):    0.000ns
    Clock Pessimism Removal (CPR):    0.000ns
  Clock Uncertainty:      0.501ns  ((TSJ^2 + TIJ^2)^1/2 + DJ) / 2 + PE
    Total System Jitter     (TSJ):    0.071ns
    Total Input Jitter      (TIJ):    1.000ns
    Discrete Jitter          (DJ):    0.000ns
    Phase Error              (PE):    0.000ns
  Timing Exception:       MaxDelay Path 20.000ns

    Location             Delay type                Incr(ns)  Path(ns)    Netlist Resource(s)
  -------------------------------------------------------------------    -------------------
                         (clock tck fall edge)        0.000     0.000 f  
                         input delay                  5.000     5.000    
    V12                                               0.000     5.000 r  tms (IN)
                         net (fo=0)                   0.000     5.000    tms
    V12                  IBUF (Prop_ibuf_I_O)         0.502     5.502 r  tms_IBUF_inst/O
                         net (fo=16, routed)          1.472     6.974    i_dmi_jtag/i_dmi_jtag_tap/tms_IBUF
    SLICE_X98Y50         LUT3 (Prop_lut3_I2_O)        0.055     7.029 r  i_dmi_jtag/i_dmi_jtag_tap/FSM_onehot_tap_state_q[12]_i_1/O
                         net (fo=1, routed)           0.000     7.029    i_dmi_jtag/i_dmi_jtag_tap/FSM_onehot_tap_state_q[12]_i_1_n_0
    SLICE_X98Y50         FDCE                                         r  i_dmi_jtag/i_dmi_jtag_tap/FSM_onehot_tap_state_q_reg[12]/D
  -------------------------------------------------------------------    -------------------

                         max delay                   20.000    20.000    
    H15                                               0.000    20.000 r  tck (IN)
                         net (fo=0)                   0.000    20.000    tck
    H15                  IBUF (Prop_ibuf_I_O)         0.268    20.268 r  tck_IBUF_inst/O
                         net (fo=1, routed)           1.516    21.784    tck_IBUF
    BUFGCTRL_X0Y0        BUFG (Prop_bufg_I_O)         0.026    21.810 r  tck_IBUF_BUFG_inst/O
                         net (fo=258, routed)         0.611    22.421    i_dmi_jtag/i_dmi_jtag_tap/CLK
    SLICE_X98Y50         FDCE                                         r  i_dmi_jtag/i_dmi_jtag_tap/FSM_onehot_tap_state_q_reg[12]/C
                         clock pessimism              0.000    22.421    
                         clock uncertainty           -0.501    21.920    
    SLICE_X98Y50         FDCE (Setup_fdce_C_D)        0.055    21.975    i_dmi_jtag/i_dmi_jtag_tap/FSM_onehot_tap_state_q_reg[12]
  -------------------------------------------------------------------
                         required time                         21.975    
                         arrival time                          -7.029    
  -------------------------------------------------------------------
                         slack                                 14.945    

Slack (MET) :             14.951ns  (required time - arrival time)
  Source:                 tms
                            (input port clocked by tck  {rise@0.000ns fall@50.000ns period=100.000ns})
  Destination:            i_dmi_jtag/i_dmi_jtag_tap/FSM_onehot_tap_state_q_reg[14]/D
                            (rising edge-triggered cell FDCE clocked by tck  {rise@0.000ns fall@50.000ns period=100.000ns})
  Path Group:             tck
  Path Type:              Setup (Max at Fast Process Corner)
  Requirement:            20.000ns  (MaxDelay Path 20.000ns)
  Data Path Delay:        2.004ns  (logic 0.558ns (27.855%)  route 1.445ns (72.145%))
  Logic Levels:           2  (IBUF=1 LUT2=1)
  Input Delay:            5.000ns
  Clock Path Skew:        2.421ns (DCD - SCD + CPR)
    Destination Clock Delay (DCD):    2.421ns
    Source Clock Delay      (SCD):    0.000ns
    Clock Pessimism Removal (CPR):    0.000ns
  Clock Uncertainty:      0.501ns  ((TSJ^2 + TIJ^2)^1/2 + DJ) / 2 + PE
    Total System Jitter     (TSJ):    0.071ns
    Total Input Jitter      (TIJ):    1.000ns
    Discrete Jitter          (DJ):    0.000ns
    Phase Error              (PE):    0.000ns
  Timing Exception:       MaxDelay Path 20.000ns

    Location             Delay type                Incr(ns)  Path(ns)    Netlist Resource(s)
  -------------------------------------------------------------------    -------------------
                         (clock tck fall edge)        0.000     0.000 f  
                         input delay                  5.000     5.000    
    V12                                               0.000     5.000 r  tms (IN)
                         net (fo=0)                   0.000     5.000    tms
    V12                  IBUF (Prop_ibuf_I_O)         0.502     5.502 r  tms_IBUF_inst/O
                         net (fo=16, routed)          1.445     6.948    i_dmi_jtag/i_dmi_jtag_tap/tms_IBUF
    SLICE_X98Y50         LUT2 (Prop_lut2_I1_O)        0.056     7.004 r  i_dmi_jtag/i_dmi_jtag_tap/FSM_onehot_tap_state_q[14]_i_1/O
                         net (fo=1, routed)           0.000     7.004    i_dmi_jtag/i_dmi_jtag_tap/FSM_onehot_tap_state_q[14]_i_1_n_0
    SLICE_X98Y50         FDCE                                         r  i_dmi_jtag/i_dmi_jtag_tap/FSM_onehot_tap_state_q_reg[14]/D
  -------------------------------------------------------------------    -------------------

                         max delay                   20.000    20.000    
    H15                                               0.000    20.000 r  tck (IN)
                         net (fo=0)                   0.000    20.000    tck
    H15                  IBUF (Prop_ibuf_I_O)         0.268    20.268 r  tck_IBUF_inst/O
                         net (fo=1, routed)           1.516    21.784    tck_IBUF
    BUFGCTRL_X0Y0        BUFG (Prop_bufg_I_O)         0.026    21.810 r  tck_IBUF_BUFG_inst/O
                         net (fo=258, routed)         0.611    22.421    i_dmi_jtag/i_dmi_jtag_tap/CLK
    SLICE_X98Y50         FDCE                                         r  i_dmi_jtag/i_dmi_jtag_tap/FSM_onehot_tap_state_q_reg[14]/C
                         clock pessimism              0.000    22.421    
                         clock uncertainty           -0.501    21.920    
    SLICE_X98Y50         FDCE (Setup_fdce_C_D)        0.035    21.955    i_dmi_jtag/i_dmi_jtag_tap/FSM_onehot_tap_state_q_reg[14]
  -------------------------------------------------------------------
                         required time                         21.955    
                         arrival time                          -7.004    
  -------------------------------------------------------------------
                         slack                                 14.951    

Slack (MET) :             14.959ns  (required time - arrival time)
  Source:                 tms
                            (input port clocked by tck  {rise@0.000ns fall@50.000ns period=100.000ns})
  Destination:            i_dmi_jtag/i_dmi_jtag_tap/FSM_onehot_tap_state_q_reg[8]/D
                            (rising edge-triggered cell FDCE clocked by tck  {rise@0.000ns fall@50.000ns period=100.000ns})
  Path Group:             tck
  Path Type:              Setup (Max at Fast Process Corner)
  Requirement:            20.000ns  (MaxDelay Path 20.000ns)
  Data Path Delay:        1.995ns  (logic 0.558ns (27.969%)  route 1.437ns (72.031%))
  Logic Levels:           2  (IBUF=1 LUT2=1)
  Input Delay:            5.000ns
  Clock Path Skew:        2.421ns (DCD - SCD + CPR)
    Destination Clock Delay (DCD):    2.421ns
    Source Clock Delay      (SCD):    0.000ns
    Clock Pessimism Removal (CPR):    0.000ns
  Clock Uncertainty:      0.501ns  ((TSJ^2 + TIJ^2)^1/2 + DJ) / 2 + PE
    Total System Jitter     (TSJ):    0.071ns
    Total Input Jitter      (TIJ):    1.000ns
    Discrete Jitter          (DJ):    0.000ns
    Phase Error              (PE):    0.000ns
  Timing Exception:       MaxDelay Path 20.000ns

    Location             Delay type                Incr(ns)  Path(ns)    Netlist Resource(s)
  -------------------------------------------------------------------    -------------------
                         (clock tck fall edge)        0.000     0.000 f  
                         input delay                  5.000     5.000    
    V12                                               0.000     5.000 r  tms (IN)
                         net (fo=0)                   0.000     5.000    tms
    V12                  IBUF (Prop_ibuf_I_O)         0.502     5.502 r  tms_IBUF_inst/O
                         net (fo=16, routed)          1.437     6.939    i_dmi_jtag/i_dmi_jtag_tap/tms_IBUF
    SLICE_X98Y51         LUT2 (Prop_lut2_I1_O)        0.056     6.995 r  i_dmi_jtag/i_dmi_jtag_tap/FSM_onehot_tap_state_q[8]_i_1/O
                         net (fo=1, routed)           0.000     6.995    i_dmi_jtag/i_dmi_jtag_tap/FSM_onehot_tap_state_q[8]_i_1_n_0
    SLICE_X98Y51         FDCE                                         r  i_dmi_jtag/i_dmi_jtag_tap/FSM_onehot_tap_state_q_reg[8]/D
  -------------------------------------------------------------------    -------------------

                         max delay                   20.000    20.000    
    H15                                               0.000    20.000 r  tck (IN)
                         net (fo=0)                   0.000    20.000    tck
    H15                  IBUF (Prop_ibuf_I_O)         0.268    20.268 r  tck_IBUF_inst/O
                         net (fo=1, routed)           1.516    21.784    tck_IBUF
    BUFGCTRL_X0Y0        BUFG (Prop_bufg_I_O)         0.026    21.810 r  tck_IBUF_BUFG_inst/O
                         net (fo=258, routed)         0.611    22.421    i_dmi_jtag/i_dmi_jtag_tap/CLK
    SLICE_X98Y51         FDCE                                         r  i_dmi_jtag/i_dmi_jtag_tap/FSM_onehot_tap_state_q_reg[8]/C
                         clock pessimism              0.000    22.421    
                         clock uncertainty           -0.501    21.920    
    SLICE_X98Y51         FDCE (Setup_fdce_C_D)        0.035    21.955    i_dmi_jtag/i_dmi_jtag_tap/FSM_onehot_tap_state_q_reg[8]
  -------------------------------------------------------------------
                         required time                         21.955    
                         arrival time                          -6.995    
  -------------------------------------------------------------------
                         slack                                 14.959    

Slack (MET) :             14.971ns  (required time - arrival time)
  Source:                 tms
                            (input port clocked by tck  {rise@0.000ns fall@50.000ns period=100.000ns})
  Destination:            i_dmi_jtag/i_dmi_jtag_tap/FSM_onehot_tap_state_q_reg[1]/D
                            (rising edge-triggered cell FDCE clocked by tck  {rise@0.000ns fall@50.000ns period=100.000ns})
  Path Group:             tck
  Path Type:              Setup (Max at Fast Process Corner)
  Requirement:            20.000ns  (MaxDelay Path 20.000ns)
  Data Path Delay:        2.004ns  (logic 0.558ns (27.855%)  route 1.445ns (72.145%))
  Logic Levels:           2  (IBUF=1 LUT4=1)
  Input Delay:            5.000ns
  Clock Path Skew:        2.421ns (DCD - SCD + CPR)
    Destination Clock Delay (DCD):    2.421ns
    Source Clock Delay      (SCD):    0.000ns
    Clock Pessimism Removal (CPR):    0.000ns
  Clock Uncertainty:      0.501ns  ((TSJ^2 + TIJ^2)^1/2 + DJ) / 2 + PE
    Total System Jitter     (TSJ):    0.071ns
    Total Input Jitter      (TIJ):    1.000ns
    Discrete Jitter          (DJ):    0.000ns
    Phase Error              (PE):    0.000ns
  Timing Exception:       MaxDelay Path 20.000ns

    Location             Delay type                Incr(ns)  Path(ns)    Netlist Resource(s)
  -------------------------------------------------------------------    -------------------
                         (clock tck fall edge)        0.000     0.000 f  
                         input delay                  5.000     5.000    
    V12                                               0.000     5.000 r  tms (IN)
                         net (fo=0)                   0.000     5.000    tms
    V12                  IBUF (Prop_ibuf_I_O)         0.502     5.502 r  tms_IBUF_inst/O
                         net (fo=16, routed)          1.445     6.948    i_dmi_jtag/i_dmi_jtag_tap/tms_IBUF
    SLICE_X98Y50         LUT4 (Prop_lut4_I3_O)        0.056     7.004 r  i_dmi_jtag/i_dmi_jtag_tap/FSM_onehot_tap_state_q[1]_i_1/O
                         net (fo=1, routed)           0.000     7.004    i_dmi_jtag/i_dmi_jtag_tap/FSM_onehot_tap_state_q[1]_i_1_n_0
    SLICE_X98Y50         FDCE                                         r  i_dmi_jtag/i_dmi_jtag_tap/FSM_onehot_tap_state_q_reg[1]/D
  -------------------------------------------------------------------    -------------------

                         max delay                   20.000    20.000    
    H15                                               0.000    20.000 r  tck (IN)
                         net (fo=0)                   0.000    20.000    tck
    H15                  IBUF (Prop_ibuf_I_O)         0.268    20.268 r  tck_IBUF_inst/O
                         net (fo=1, routed)           1.516    21.784    tck_IBUF
    BUFGCTRL_X0Y0        BUFG (Prop_bufg_I_O)         0.026    21.810 r  tck_IBUF_BUFG_inst/O
                         net (fo=258, routed)         0.611    22.421    i_dmi_jtag/i_dmi_jtag_tap/CLK
    SLICE_X98Y50         FDCE                                         r  i_dmi_jtag/i_dmi_jtag_tap/FSM_onehot_tap_state_q_reg[1]/C
                         clock pessimism              0.000    22.421    
                         clock uncertainty           -0.501    21.920    
    SLICE_X98Y50         FDCE (Setup_fdce_C_D)        0.055    21.975    i_dmi_jtag/i_dmi_jtag_tap/FSM_onehot_tap_state_q_reg[1]
  -------------------------------------------------------------------
                         required time                         21.975    
                         arrival time                          -7.004    
  -------------------------------------------------------------------
                         slack                                 14.971    

Slack (MET) :             14.992ns  (required time - arrival time)
  Source:                 tms
                            (input port clocked by tck  {rise@0.000ns fall@50.000ns period=100.000ns})
  Destination:            i_dmi_jtag/i_dmi_jtag_tap/FSM_onehot_tap_state_q_reg[7]/D
                            (rising edge-triggered cell FDCE clocked by tck  {rise@0.000ns fall@50.000ns period=100.000ns})
  Path Group:             tck
  Path Type:              Setup (Max at Fast Process Corner)
  Requirement:            20.000ns  (MaxDelay Path 20.000ns)
  Data Path Delay:        1.962ns  (logic 0.558ns (28.439%)  route 1.404ns (71.561%))
  Logic Levels:           2  (IBUF=1 LUT3=1)
  Input Delay:            5.000ns
  Clock Path Skew:        2.421ns (DCD - SCD + CPR)
    Destination Clock Delay (DCD):    2.421ns
    Source Clock Delay      (SCD):    0.000ns
    Clock Pessimism Removal (CPR):    0.000ns
  Clock Uncertainty:      0.501ns  ((TSJ^2 + TIJ^2)^1/2 + DJ) / 2 + PE
    Total System Jitter     (TSJ):    0.071ns
    Total Input Jitter      (TIJ):    1.000ns
    Discrete Jitter          (DJ):    0.000ns
    Phase Error              (PE):    0.000ns
  Timing Exception:       MaxDelay Path 20.000ns

    Location             Delay type                Incr(ns)  Path(ns)    Netlist Resource(s)
  -------------------------------------------------------------------    -------------------
                         (clock tck fall edge)        0.000     0.000 f  
                         input delay                  5.000     5.000    
    V12                                               0.000     5.000 f  tms (IN)
                         net (fo=0)                   0.000     5.000    tms
    V12                  IBUF (Prop_ibuf_I_O)         0.502     5.502 f  tms_IBUF_inst/O
                         net (fo=16, routed)          1.404     6.906    i_dmi_jtag/i_dmi_jtag_tap/tms_IBUF
    SLICE_X98Y51         LUT3 (Prop_lut3_I1_O)        0.056     6.962 r  i_dmi_jtag/i_dmi_jtag_tap/FSM_onehot_tap_state_q[7]_i_1/O
                         net (fo=1, routed)           0.000     6.962    i_dmi_jtag/i_dmi_jtag_tap/FSM_onehot_tap_state_q[7]_i_1_n_0
    SLICE_X98Y51         FDCE                                         r  i_dmi_jtag/i_dmi_jtag_tap/FSM_onehot_tap_state_q_reg[7]/D
  -------------------------------------------------------------------    -------------------

                         max delay                   20.000    20.000    
    H15                                               0.000    20.000 r  tck (IN)
                         net (fo=0)                   0.000    20.000    tck
    H15                  IBUF (Prop_ibuf_I_O)         0.268    20.268 r  tck_IBUF_inst/O
                         net (fo=1, routed)           1.516    21.784    tck_IBUF
    BUFGCTRL_X0Y0        BUFG (Prop_bufg_I_O)         0.026    21.810 r  tck_IBUF_BUFG_inst/O
                         net (fo=258, routed)         0.611    22.421    i_dmi_jtag/i_dmi_jtag_tap/CLK
    SLICE_X98Y51         FDCE                                         r  i_dmi_jtag/i_dmi_jtag_tap/FSM_onehot_tap_state_q_reg[7]/C
                         clock pessimism              0.000    22.421    
                         clock uncertainty           -0.501    21.920    
    SLICE_X98Y51         FDCE (Setup_fdce_C_D)        0.035    21.955    i_dmi_jtag/i_dmi_jtag_tap/FSM_onehot_tap_state_q_reg[7]
  -------------------------------------------------------------------
                         required time                         21.955    
                         arrival time                          -6.962    
  -------------------------------------------------------------------
                         slack                                 14.992    

Slack (MET) :             14.999ns  (required time - arrival time)
  Source:                 tms
                            (input port clocked by tck  {rise@0.000ns fall@50.000ns period=100.000ns})
  Destination:            i_dmi_jtag/i_dmi_jtag_tap/FSM_onehot_tap_state_q_reg[13]/D
                            (rising edge-triggered cell FDCE clocked by tck  {rise@0.000ns fall@50.000ns period=100.000ns})
  Path Group:             tck
  Path Type:              Setup (Max at Fast Process Corner)
  Requirement:            20.000ns  (MaxDelay Path 20.000ns)
  Data Path Delay:        1.955ns  (logic 0.558ns (28.540%)  route 1.397ns (71.460%))
  Logic Levels:           2  (IBUF=1 LUT3=1)
  Input Delay:            5.000ns
  Clock Path Skew:        2.421ns (DCD - SCD + CPR)
    Destination Clock Delay (DCD):    2.421ns
    Source Clock Delay      (SCD):    0.000ns
    Clock Pessimism Removal (CPR):    0.000ns
  Clock Uncertainty:      0.501ns  ((TSJ^2 + TIJ^2)^1/2 + DJ) / 2 + PE
    Total System Jitter     (TSJ):    0.071ns
    Total Input Jitter      (TIJ):    1.000ns
    Discrete Jitter          (DJ):    0.000ns
    Phase Error              (PE):    0.000ns
  Timing Exception:       MaxDelay Path 20.000ns

    Location             Delay type                Incr(ns)  Path(ns)    Netlist Resource(s)
  -------------------------------------------------------------------    -------------------
                         (clock tck fall edge)        0.000     0.000 f  
                         input delay                  5.000     5.000    
    V12                                               0.000     5.000 f  tms (IN)
                         net (fo=0)                   0.000     5.000    tms
    V12                  IBUF (Prop_ibuf_I_O)         0.502     5.502 f  tms_IBUF_inst/O
                         net (fo=16, routed)          1.397     6.899    i_dmi_jtag/i_dmi_jtag_tap/tms_IBUF
    SLICE_X98Y50         LUT3 (Prop_lut3_I1_O)        0.056     6.955 r  i_dmi_jtag/i_dmi_jtag_tap/FSM_onehot_tap_state_q[13]_i_1/O
                         net (fo=1, routed)           0.000     6.955    i_dmi_jtag/i_dmi_jtag_tap/FSM_onehot_tap_state_q[13]_i_1_n_0
    SLICE_X98Y50         FDCE                                         r  i_dmi_jtag/i_dmi_jtag_tap/FSM_onehot_tap_state_q_reg[13]/D
  -------------------------------------------------------------------    -------------------

                         max delay                   20.000    20.000    
    H15                                               0.000    20.000 r  tck (IN)
                         net (fo=0)                   0.000    20.000    tck
    H15                  IBUF (Prop_ibuf_I_O)         0.268    20.268 r  tck_IBUF_inst/O
                         net (fo=1, routed)           1.516    21.784    tck_IBUF
    BUFGCTRL_X0Y0        BUFG (Prop_bufg_I_O)         0.026    21.810 r  tck_IBUF_BUFG_inst/O
                         net (fo=258, routed)         0.611    22.421    i_dmi_jtag/i_dmi_jtag_tap/CLK
    SLICE_X98Y50         FDCE                                         r  i_dmi_jtag/i_dmi_jtag_tap/FSM_onehot_tap_state_q_reg[13]/C
                         clock pessimism              0.000    22.421    
                         clock uncertainty           -0.501    21.920    
    SLICE_X98Y50         FDCE (Setup_fdce_C_D)        0.035    21.955    i_dmi_jtag/i_dmi_jtag_tap/FSM_onehot_tap_state_q_reg[13]
  -------------------------------------------------------------------
                         required time                         21.955    
                         arrival time                          -6.955    
  -------------------------------------------------------------------
                         slack                                 14.999    

Slack (MET) :             15.007ns  (required time - arrival time)
  Source:                 tms
                            (input port clocked by tck  {rise@0.000ns fall@50.000ns period=100.000ns})
  Destination:            i_dmi_jtag/i_dmi_jtag_tap/FSM_onehot_tap_state_q_reg[9]/D
                            (rising edge-triggered cell FDCE clocked by tck  {rise@0.000ns fall@50.000ns period=100.000ns})
  Path Group:             tck
  Path Type:              Setup (Max at Fast Process Corner)
  Requirement:            20.000ns  (MaxDelay Path 20.000ns)
  Data Path Delay:        1.967ns  (logic 0.563ns (28.621%)  route 1.404ns (71.379%))
  Logic Levels:           2  (IBUF=1 LUT3=1)
  Input Delay:            5.000ns
  Clock Path Skew:        2.421ns (DCD - SCD + CPR)
    Destination Clock Delay (DCD):    2.421ns
    Source Clock Delay      (SCD):    0.000ns
    Clock Pessimism Removal (CPR):    0.000ns
  Clock Uncertainty:      0.501ns  ((TSJ^2 + TIJ^2)^1/2 + DJ) / 2 + PE
    Total System Jitter     (TSJ):    0.071ns
    Total Input Jitter      (TIJ):    1.000ns
    Discrete Jitter          (DJ):    0.000ns
    Phase Error              (PE):    0.000ns
  Timing Exception:       MaxDelay Path 20.000ns

    Location             Delay type                Incr(ns)  Path(ns)    Netlist Resource(s)
  -------------------------------------------------------------------    -------------------
                         (clock tck fall edge)        0.000     0.000 f  
                         input delay                  5.000     5.000    
    V12                                               0.000     5.000 r  tms (IN)
                         net (fo=0)                   0.000     5.000    tms
    V12                  IBUF (Prop_ibuf_I_O)         0.502     5.502 r  tms_IBUF_inst/O
                         net (fo=16, routed)          1.404     6.906    i_dmi_jtag/i_dmi_jtag_tap/tms_IBUF
    SLICE_X98Y51         LUT3 (Prop_lut3_I1_O)        0.061     6.967 r  i_dmi_jtag/i_dmi_jtag_tap/FSM_onehot_tap_state_q[9]_i_1/O
                         net (fo=1, routed)           0.000     6.967    i_dmi_jtag/i_dmi_jtag_tap/FSM_onehot_tap_state_q[9]_i_1_n_0
    SLICE_X98Y51         FDCE                                         r  i_dmi_jtag/i_dmi_jtag_tap/FSM_onehot_tap_state_q_reg[9]/D
  -------------------------------------------------------------------    -------------------

                         max delay                   20.000    20.000    
    H15                                               0.000    20.000 r  tck (IN)
                         net (fo=0)                   0.000    20.000    tck
    H15                  IBUF (Prop_ibuf_I_O)         0.268    20.268 r  tck_IBUF_inst/O
                         net (fo=1, routed)           1.516    21.784    tck_IBUF
    BUFGCTRL_X0Y0        BUFG (Prop_bufg_I_O)         0.026    21.810 r  tck_IBUF_BUFG_inst/O
                         net (fo=258, routed)         0.611    22.421    i_dmi_jtag/i_dmi_jtag_tap/CLK
    SLICE_X98Y51         FDCE                                         r  i_dmi_jtag/i_dmi_jtag_tap/FSM_onehot_tap_state_q_reg[9]/C
                         clock pessimism              0.000    22.421    
                         clock uncertainty           -0.501    21.920    
    SLICE_X98Y51         FDCE (Setup_fdce_C_D)        0.055    21.975    i_dmi_jtag/i_dmi_jtag_tap/FSM_onehot_tap_state_q_reg[9]
  -------------------------------------------------------------------
                         required time                         21.975    
                         arrival time                          -6.967    
  -------------------------------------------------------------------
                         slack                                 15.007    

Slack (MET) :             15.022ns  (required time - arrival time)
  Source:                 tms
                            (input port clocked by tck  {rise@0.000ns fall@50.000ns period=100.000ns})
  Destination:            i_dmi_jtag/i_dmi_jtag_tap/FSM_onehot_tap_state_q_reg[15]/D
                            (rising edge-triggered cell FDCE clocked by tck  {rise@0.000ns fall@50.000ns period=100.000ns})
  Path Group:             tck
  Path Type:              Setup (Max at Fast Process Corner)
  Requirement:            20.000ns  (MaxDelay Path 20.000ns)
  Data Path Delay:        1.952ns  (logic 0.555ns (28.430%)  route 1.397ns (71.570%))
  Logic Levels:           2  (IBUF=1 LUT3=1)
  Input Delay:            5.000ns
  Clock Path Skew:        2.421ns (DCD - SCD + CPR)
    Destination Clock Delay (DCD):    2.421ns
    Source Clock Delay      (SCD):    0.000ns
    Clock Pessimism Removal (CPR):    0.000ns
  Clock Uncertainty:      0.501ns  ((TSJ^2 + TIJ^2)^1/2 + DJ) / 2 + PE
    Total System Jitter     (TSJ):    0.071ns
    Total Input Jitter      (TIJ):    1.000ns
    Discrete Jitter          (DJ):    0.000ns
    Phase Error              (PE):    0.000ns
  Timing Exception:       MaxDelay Path 20.000ns

    Location             Delay type                Incr(ns)  Path(ns)    Netlist Resource(s)
  -------------------------------------------------------------------    -------------------
                         (clock tck fall edge)        0.000     0.000 f  
                         input delay                  5.000     5.000    
    V12                                               0.000     5.000 r  tms (IN)
                         net (fo=0)                   0.000     5.000    tms
    V12                  IBUF (Prop_ibuf_I_O)         0.502     5.502 r  tms_IBUF_inst/O
                         net (fo=16, routed)          1.397     6.899    i_dmi_jtag/i_dmi_jtag_tap/tms_IBUF
    SLICE_X98Y50         LUT3 (Prop_lut3_I1_O)        0.053     6.952 r  i_dmi_jtag/i_dmi_jtag_tap/FSM_onehot_tap_state_q[15]_i_1/O
                         net (fo=1, routed)           0.000     6.952    i_dmi_jtag/i_dmi_jtag_tap/FSM_onehot_tap_state_q[15]_i_1_n_0
    SLICE_X98Y50         FDCE                                         r  i_dmi_jtag/i_dmi_jtag_tap/FSM_onehot_tap_state_q_reg[15]/D
  -------------------------------------------------------------------    -------------------

                         max delay                   20.000    20.000    
    H15                                               0.000    20.000 r  tck (IN)
                         net (fo=0)                   0.000    20.000    tck
    H15                  IBUF (Prop_ibuf_I_O)         0.268    20.268 r  tck_IBUF_inst/O
                         net (fo=1, routed)           1.516    21.784    tck_IBUF
    BUFGCTRL_X0Y0        BUFG (Prop_bufg_I_O)         0.026    21.810 r  tck_IBUF_BUFG_inst/O
                         net (fo=258, routed)         0.611    22.421    i_dmi_jtag/i_dmi_jtag_tap/CLK
    SLICE_X98Y50         FDCE                                         r  i_dmi_jtag/i_dmi_jtag_tap/FSM_onehot_tap_state_q_reg[15]/C
                         clock pessimism              0.000    22.421    
                         clock uncertainty           -0.501    21.920    
    SLICE_X98Y50         FDCE (Setup_fdce_C_D)        0.055    21.975    i_dmi_jtag/i_dmi_jtag_tap/FSM_onehot_tap_state_q_reg[15]
  -------------------------------------------------------------------
                         required time                         21.975    
                         arrival time                          -6.952    
  -------------------------------------------------------------------
                         slack                                 15.022    





Min Delay Paths
--------------------------------------------------------------------------------------
Slack (MET) :             0.100ns  (arrival time - required time)
  Source:                 i_dmi_jtag/i_dmi_jtag_tap/jtag_ir_shift_q_reg[3]/C
                            (rising edge-triggered cell FDCE clocked by tck  {rise@0.000ns fall@50.000ns period=100.000ns})
  Destination:            i_dmi_jtag/i_dmi_jtag_tap/jtag_ir_q_reg[3]/D
                            (rising edge-triggered cell FDCE clocked by tck  {rise@0.000ns fall@50.000ns period=100.000ns})
  Path Group:             tck
  Path Type:              Hold (Min at Fast Process Corner)
  Requirement:            0.000ns  (tck rise@0.000ns - tck rise@0.000ns)
  Data Path Delay:        0.463ns  (logic 0.226ns (48.818%)  route 0.237ns (51.182%))
  Logic Levels:           1  (LUT2=1)
  Clock Path Skew:        0.271ns (DCD - SCD - CPR)
    Destination Clock Delay (DCD):    3.129ns
    Source Clock Delay      (SCD):    2.421ns
    Clock Pessimism Removal (CPR):    0.437ns

    Location             Delay type                Incr(ns)  Path(ns)    Netlist Resource(s)
  -------------------------------------------------------------------    -------------------
                         (clock tck rise edge)        0.000     0.000 r  
    H15                                               0.000     0.000 r  tck (IN)
                         net (fo=0)                   0.000     0.000    tck
    H15                  IBUF (Prop_ibuf_I_O)         0.268     0.268 r  tck_IBUF_inst/O
                         net (fo=1, routed)           1.516     1.784    tck_IBUF
    BUFGCTRL_X0Y0        BUFG (Prop_bufg_I_O)         0.026     1.810 r  tck_IBUF_BUFG_inst/O
                         net (fo=258, routed)         0.611     2.421    i_dmi_jtag/i_dmi_jtag_tap/CLK
    SLICE_X99Y50         FDCE                                         r  i_dmi_jtag/i_dmi_jtag_tap/jtag_ir_shift_q_reg[3]/C
  -------------------------------------------------------------------    -------------------
    SLICE_X99Y50         FDCE (Prop_fdce_C_Q)         0.128     2.549 r  i_dmi_jtag/i_dmi_jtag_tap/jtag_ir_shift_q_reg[3]/Q
                         net (fo=2, routed)           0.237     2.786    i_dmi_jtag/i_dmi_jtag_tap/p_0_in_0[2]
    SLICE_X99Y49         LUT2 (Prop_lut2_I0_O)        0.098     2.884 r  i_dmi_jtag/i_dmi_jtag_tap/jtag_ir_q[3]_i_1/O
                         net (fo=1, routed)           0.000     2.884    i_dmi_jtag/i_dmi_jtag_tap/jtag_ir_d[3]
    SLICE_X99Y49         FDCE                                         r  i_dmi_jtag/i_dmi_jtag_tap/jtag_ir_q_reg[3]/D
  -------------------------------------------------------------------    -------------------

                         (clock tck rise edge)        0.000     0.000 r  
    H15                                               0.000     0.000 r  tck (IN)
                         net (fo=0)                   0.000     0.000    tck
    H15                  IBUF (Prop_ibuf_I_O)         0.456     0.456 r  tck_IBUF_inst/O
                         net (fo=1, routed)           1.762     2.218    tck_IBUF
    BUFGCTRL_X0Y0        BUFG (Prop_bufg_I_O)         0.029     2.247 r  tck_IBUF_BUFG_inst/O
                         net (fo=258, routed)         0.882     3.129    i_dmi_jtag/i_dmi_jtag_tap/CLK
    SLICE_X99Y49         FDCE                                         r  i_dmi_jtag/i_dmi_jtag_tap/jtag_ir_q_reg[3]/C
                         clock pessimism             -0.437     2.692    
    SLICE_X99Y49         FDCE (Hold_fdce_C_D)         0.092     2.784    i_dmi_jtag/i_dmi_jtag_tap/jtag_ir_q_reg[3]
  -------------------------------------------------------------------
                         required time                         -2.784    
                         arrival time                           2.884    
  -------------------------------------------------------------------
                         slack                                  0.100    

Slack (MET) :             0.117ns  (arrival time - required time)
  Source:                 i_dmi_jtag/dr_q_reg[32]/C
                            (rising edge-triggered cell FDCE clocked by tck  {rise@0.000ns fall@50.000ns period=100.000ns})
  Destination:            i_dmi_jtag/data_q_reg[30]/D
                            (rising edge-triggered cell FDCE clocked by tck  {rise@0.000ns fall@50.000ns period=100.000ns})
  Path Group:             tck
  Path Type:              Hold (Min at Fast Process Corner)
  Requirement:            0.000ns  (tck rise@0.000ns - tck rise@0.000ns)
  Data Path Delay:        0.251ns  (logic 0.186ns (74.103%)  route 0.065ns (25.897%))
  Logic Levels:           1  (LUT4=1)
  Clock Path Skew:        0.013ns (DCD - SCD - CPR)
    Destination Clock Delay (DCD):    3.126ns
    Source Clock Delay      (SCD):    2.419ns
    Clock Pessimism Removal (CPR):    0.694ns

    Location             Delay type                Incr(ns)  Path(ns)    Netlist Resource(s)
  -------------------------------------------------------------------    -------------------
                         (clock tck rise edge)        0.000     0.000 r  
    H15                                               0.000     0.000 r  tck (IN)
                         net (fo=0)                   0.000     0.000    tck
    H15                  IBUF (Prop_ibuf_I_O)         0.268     0.268 r  tck_IBUF_inst/O
                         net (fo=1, routed)           1.516     1.784    tck_IBUF
    BUFGCTRL_X0Y0        BUFG (Prop_bufg_I_O)         0.026     1.810 r  tck_IBUF_BUFG_inst/O
                         net (fo=258, routed)         0.609     2.419    i_dmi_jtag/CLK
    SLICE_X95Y11         FDCE                                         r  i_dmi_jtag/dr_q_reg[32]/C
  -------------------------------------------------------------------    -------------------
    SLICE_X95Y11         FDCE (Prop_fdce_C_Q)         0.141     2.560 r  i_dmi_jtag/dr_q_reg[32]/Q
                         net (fo=2, routed)           0.065     2.625    i_dmi_jtag/i_dmi_cdc/i_cdc_resp/i_dst/data_q_reg[31][32]
    SLICE_X94Y11         LUT4 (Prop_lut4_I3_O)        0.045     2.670 r  i_dmi_jtag/i_dmi_cdc/i_cdc_resp/i_dst/data_q[30]_i_1/O
                         net (fo=1, routed)           0.000     2.670    i_dmi_jtag/i_dmi_cdc_n_243
    SLICE_X94Y11         FDCE                                         r  i_dmi_jtag/data_q_reg[30]/D
  -------------------------------------------------------------------    -------------------

                         (clock tck rise edge)        0.000     0.000 r  
    H15                                               0.000     0.000 r  tck (IN)
                         net (fo=0)                   0.000     0.000    tck
    H15                  IBUF (Prop_ibuf_I_O)         0.456     0.456 r  tck_IBUF_inst/O
                         net (fo=1, routed)           1.762     2.218    tck_IBUF
    BUFGCTRL_X0Y0        BUFG (Prop_bufg_I_O)         0.029     2.247 r  tck_IBUF_BUFG_inst/O
                         net (fo=258, routed)         0.879     3.126    i_dmi_jtag/CLK
    SLICE_X94Y11         FDCE                                         r  i_dmi_jtag/data_q_reg[30]/C
                         clock pessimism             -0.694     2.432    
    SLICE_X94Y11         FDCE (Hold_fdce_C_D)         0.121     2.553    i_dmi_jtag/data_q_reg[30]
  -------------------------------------------------------------------
                         required time                         -2.553    
                         arrival time                           2.670    
  -------------------------------------------------------------------
                         slack                                  0.117    

Slack (MET) :             0.118ns  (arrival time - required time)
  Source:                 i_dmi_jtag/data_q_reg[6]/C
                            (rising edge-triggered cell FDCE clocked by tck  {rise@0.000ns fall@50.000ns period=100.000ns})
  Destination:            i_dmi_jtag/dr_q_reg[8]/D
                            (rising edge-triggered cell FDCE clocked by tck  {rise@0.000ns fall@50.000ns period=100.000ns})
  Path Group:             tck
  Path Type:              Hold (Min at Fast Process Corner)
  Requirement:            0.000ns  (tck rise@0.000ns - tck rise@0.000ns)
  Data Path Delay:        0.252ns  (logic 0.186ns (73.740%)  route 0.066ns (26.260%))
  Logic Levels:           1  (LUT4=1)
  Clock Path Skew:        0.013ns (DCD - SCD - CPR)
    Destination Clock Delay (DCD):    3.129ns
    Source Clock Delay      (SCD):    2.422ns
    Clock Pessimism Removal (CPR):    0.694ns

    Location             Delay type                Incr(ns)  Path(ns)    Netlist Resource(s)
  -------------------------------------------------------------------    -------------------
                         (clock tck rise edge)        0.000     0.000 r  
    H15                                               0.000     0.000 r  tck (IN)
                         net (fo=0)                   0.000     0.000    tck
    H15                  IBUF (Prop_ibuf_I_O)         0.268     0.268 r  tck_IBUF_inst/O
                         net (fo=1, routed)           1.516     1.784    tck_IBUF
    BUFGCTRL_X0Y0        BUFG (Prop_bufg_I_O)         0.026     1.810 r  tck_IBUF_BUFG_inst/O
                         net (fo=258, routed)         0.612     2.422    i_dmi_jtag/CLK
    SLICE_X103Y4         FDCE                                         r  i_dmi_jtag/data_q_reg[6]/C
  -------------------------------------------------------------------    -------------------
    SLICE_X103Y4         FDCE (Prop_fdce_C_Q)         0.141     2.563 r  i_dmi_jtag/data_q_reg[6]/Q
                         net (fo=2, routed)           0.066     2.629    i_dmi_jtag/i_dmi_jtag_tap/dr_q_reg[33][6]
    SLICE_X102Y4         LUT4 (Prop_lut4_I3_O)        0.045     2.674 r  i_dmi_jtag/i_dmi_jtag_tap/dr_q[8]_i_1/O
                         net (fo=1, routed)           0.000     2.674    i_dmi_jtag/dr_d[8]
    SLICE_X102Y4         FDCE                                         r  i_dmi_jtag/dr_q_reg[8]/D
  -------------------------------------------------------------------    -------------------

                         (clock tck rise edge)        0.000     0.000 r  
    H15                                               0.000     0.000 r  tck (IN)
                         net (fo=0)                   0.000     0.000    tck
    H15                  IBUF (Prop_ibuf_I_O)         0.456     0.456 r  tck_IBUF_inst/O
                         net (fo=1, routed)           1.762     2.218    tck_IBUF
    BUFGCTRL_X0Y0        BUFG (Prop_bufg_I_O)         0.029     2.247 r  tck_IBUF_BUFG_inst/O
                         net (fo=258, routed)         0.882     3.129    i_dmi_jtag/CLK
    SLICE_X102Y4         FDCE                                         r  i_dmi_jtag/dr_q_reg[8]/C
                         clock pessimism             -0.694     2.435    
    SLICE_X102Y4         FDCE (Hold_fdce_C_D)         0.121     2.556    i_dmi_jtag/dr_q_reg[8]
  -------------------------------------------------------------------
                         required time                         -2.556    
                         arrival time                           2.674    
  -------------------------------------------------------------------
                         slack                                  0.118    

Slack (MET) :             0.119ns  (arrival time - required time)
  Source:                 i_dmi_jtag/i_dmi_jtag_tap/jtag_ir_shift_q_reg[1]/C
                            (rising edge-triggered cell FDCE clocked by tck  {rise@0.000ns fall@50.000ns period=100.000ns})
  Destination:            i_dmi_jtag/i_dmi_jtag_tap/jtag_ir_q_reg[1]/D
                            (rising edge-triggered cell FDCE clocked by tck  {rise@0.000ns fall@50.000ns period=100.000ns})
  Path Group:             tck
  Path Type:              Hold (Min at Fast Process Corner)
  Requirement:            0.000ns  (tck rise@0.000ns - tck rise@0.000ns)
  Data Path Delay:        0.481ns  (logic 0.186ns (38.669%)  route 0.295ns (61.331%))
  Logic Levels:           1  (LUT2=1)
  Clock Path Skew:        0.271ns (DCD - SCD - CPR)
    Destination Clock Delay (DCD):    3.129ns
    Source Clock Delay      (SCD):    2.421ns
    Clock Pessimism Removal (CPR):    0.437ns

    Location             Delay type                Incr(ns)  Path(ns)    Netlist Resource(s)
  -------------------------------------------------------------------    -------------------
                         (clock tck rise edge)        0.000     0.000 r  
    H15                                               0.000     0.000 r  tck (IN)
                         net (fo=0)                   0.000     0.000    tck
    H15                  IBUF (Prop_ibuf_I_O)         0.268     0.268 r  tck_IBUF_inst/O
                         net (fo=1, routed)           1.516     1.784    tck_IBUF
    BUFGCTRL_X0Y0        BUFG (Prop_bufg_I_O)         0.026     1.810 r  tck_IBUF_BUFG_inst/O
                         net (fo=258, routed)         0.611     2.421    i_dmi_jtag/i_dmi_jtag_tap/CLK
    SLICE_X99Y50         FDCE                                         r  i_dmi_jtag/i_dmi_jtag_tap/jtag_ir_shift_q_reg[1]/C
  -------------------------------------------------------------------    -------------------
    SLICE_X99Y50         FDCE (Prop_fdce_C_Q)         0.141     2.562 r  i_dmi_jtag/i_dmi_jtag_tap/jtag_ir_shift_q_reg[1]/Q
                         net (fo=2, routed)           0.295     2.857    i_dmi_jtag/i_dmi_jtag_tap/p_0_in_0[0]
    SLICE_X99Y49         LUT2 (Prop_lut2_I0_O)        0.045     2.902 r  i_dmi_jtag/i_dmi_jtag_tap/jtag_ir_q[1]_i_1/O
                         net (fo=1, routed)           0.000     2.902    i_dmi_jtag/i_dmi_jtag_tap/jtag_ir_d[1]
    SLICE_X99Y49         FDCE                                         r  i_dmi_jtag/i_dmi_jtag_tap/jtag_ir_q_reg[1]/D
  -------------------------------------------------------------------    -------------------

                         (clock tck rise edge)        0.000     0.000 r  
    H15                                               0.000     0.000 r  tck (IN)
                         net (fo=0)                   0.000     0.000    tck
    H15                  IBUF (Prop_ibuf_I_O)         0.456     0.456 r  tck_IBUF_inst/O
                         net (fo=1, routed)           1.762     2.218    tck_IBUF
    BUFGCTRL_X0Y0        BUFG (Prop_bufg_I_O)         0.029     2.247 r  tck_IBUF_BUFG_inst/O
                         net (fo=258, routed)         0.882     3.129    i_dmi_jtag/i_dmi_jtag_tap/CLK
    SLICE_X99Y49         FDCE                                         r  i_dmi_jtag/i_dmi_jtag_tap/jtag_ir_q_reg[1]/C
                         clock pessimism             -0.437     2.692    
    SLICE_X99Y49         FDCE (Hold_fdce_C_D)         0.091     2.783    i_dmi_jtag/i_dmi_jtag_tap/jtag_ir_q_reg[1]
  -------------------------------------------------------------------
                         required time                         -2.783    
                         arrival time                           2.902    
  -------------------------------------------------------------------
                         slack                                  0.119    

Slack (MET) :             0.123ns  (arrival time - required time)
  Source:                 i_dmi_jtag/i_dmi_jtag_tap/FSM_onehot_tap_state_q_reg[11]/C
                            (rising edge-triggered cell FDCE clocked by tck  {rise@0.000ns fall@50.000ns period=100.000ns})
  Destination:            i_dmi_jtag/i_dmi_jtag_tap/idcode_q_reg[10]/D
                            (rising edge-triggered cell FDCE clocked by tck  {rise@0.000ns fall@50.000ns period=100.000ns})
  Path Group:             tck
  Path Type:              Hold (Min at Fast Process Corner)
  Requirement:            0.000ns  (tck rise@0.000ns - tck rise@0.000ns)
  Data Path Delay:        0.486ns  (logic 0.209ns (42.994%)  route 0.277ns (57.006%))
  Logic Levels:           1  (LUT6=1)
  Clock Path Skew:        0.271ns (DCD - SCD - CPR)
    Destination Clock Delay (DCD):    3.129ns
    Source Clock Delay      (SCD):    2.421ns
    Clock Pessimism Removal (CPR):    0.437ns

    Location             Delay type                Incr(ns)  Path(ns)    Netlist Resource(s)
  -------------------------------------------------------------------    -------------------
                         (clock tck rise edge)        0.000     0.000 r  
    H15                                               0.000     0.000 r  tck (IN)
                         net (fo=0)                   0.000     0.000    tck
    H15                  IBUF (Prop_ibuf_I_O)         0.268     0.268 r  tck_IBUF_inst/O
                         net (fo=1, routed)           1.516     1.784    tck_IBUF
    BUFGCTRL_X0Y0        BUFG (Prop_bufg_I_O)         0.026     1.810 r  tck_IBUF_BUFG_inst/O
                         net (fo=258, routed)         0.611     2.421    i_dmi_jtag/i_dmi_jtag_tap/CLK
    SLICE_X98Y50         FDCE                                         r  i_dmi_jtag/i_dmi_jtag_tap/FSM_onehot_tap_state_q_reg[11]/C
  -------------------------------------------------------------------    -------------------
    SLICE_X98Y50         FDCE (Prop_fdce_C_Q)         0.164     2.585 r  i_dmi_jtag/i_dmi_jtag_tap/FSM_onehot_tap_state_q_reg[11]/Q
                         net (fo=41, routed)          0.277     2.862    i_dmi_jtag/i_dmi_jtag_tap/shift_dr
    SLICE_X101Y49        LUT6 (Prop_lut6_I0_O)        0.045     2.907 r  i_dmi_jtag/i_dmi_jtag_tap/idcode_q[10]_i_1/O
                         net (fo=1, routed)           0.000     2.907    i_dmi_jtag/i_dmi_jtag_tap/idcode_d[10]
    SLICE_X101Y49        FDCE                                         r  i_dmi_jtag/i_dmi_jtag_tap/idcode_q_reg[10]/D
  -------------------------------------------------------------------    -------------------

                         (clock tck rise edge)        0.000     0.000 r  
    H15                                               0.000     0.000 r  tck (IN)
                         net (fo=0)                   0.000     0.000    tck
    H15                  IBUF (Prop_ibuf_I_O)         0.456     0.456 r  tck_IBUF_inst/O
                         net (fo=1, routed)           1.762     2.218    tck_IBUF
    BUFGCTRL_X0Y0        BUFG (Prop_bufg_I_O)         0.029     2.247 r  tck_IBUF_BUFG_inst/O
                         net (fo=258, routed)         0.882     3.129    i_dmi_jtag/i_dmi_jtag_tap/CLK
    SLICE_X101Y49        FDCE                                         r  i_dmi_jtag/i_dmi_jtag_tap/idcode_q_reg[10]/C
                         clock pessimism             -0.437     2.692    
    SLICE_X101Y49        FDCE (Hold_fdce_C_D)         0.092     2.784    i_dmi_jtag/i_dmi_jtag_tap/idcode_q_reg[10]
  -------------------------------------------------------------------
                         required time                         -2.784    
                         arrival time                           2.907    
  -------------------------------------------------------------------
                         slack                                  0.123    

Slack (MET) :             0.127ns  (arrival time - required time)
  Source:                 i_dmi_jtag/i_dmi_jtag_tap/jtag_ir_q_reg[0]/C
                            (rising edge-triggered cell FDPE clocked by tck  {rise@0.000ns fall@50.000ns period=100.000ns})
  Destination:            i_dmi_jtag/i_dmi_jtag_tap/idcode_q_reg[3]/D
                            (rising edge-triggered cell FDCE clocked by tck  {rise@0.000ns fall@50.000ns period=100.000ns})
  Path Group:             tck
  Path Type:              Hold (Min at Fast Process Corner)
  Requirement:            0.000ns  (tck rise@0.000ns - tck rise@0.000ns)
  Data Path Delay:        0.486ns  (logic 0.186ns (38.270%)  route 0.300ns (61.730%))
  Logic Levels:           1  (LUT6=1)
  Clock Path Skew:        0.268ns (DCD - SCD - CPR)
    Destination Clock Delay (DCD):    3.128ns
    Source Clock Delay      (SCD):    2.423ns
    Clock Pessimism Removal (CPR):    0.437ns

    Location             Delay type                Incr(ns)  Path(ns)    Netlist Resource(s)
  -------------------------------------------------------------------    -------------------
                         (clock tck rise edge)        0.000     0.000 r  
    H15                                               0.000     0.000 r  tck (IN)
                         net (fo=0)                   0.000     0.000    tck
    H15                  IBUF (Prop_ibuf_I_O)         0.268     0.268 r  tck_IBUF_inst/O
                         net (fo=1, routed)           1.516     1.784    tck_IBUF
    BUFGCTRL_X0Y0        BUFG (Prop_bufg_I_O)         0.026     1.810 r  tck_IBUF_BUFG_inst/O
                         net (fo=258, routed)         0.613     2.423    i_dmi_jtag/i_dmi_jtag_tap/CLK
    SLICE_X99Y49         FDPE                                         r  i_dmi_jtag/i_dmi_jtag_tap/jtag_ir_q_reg[0]/C
  -------------------------------------------------------------------    -------------------
    SLICE_X99Y49         FDPE (Prop_fdpe_C_Q)         0.141     2.564 r  i_dmi_jtag/i_dmi_jtag_tap/jtag_ir_q_reg[0]/Q
                         net (fo=43, routed)          0.300     2.864    i_dmi_jtag/i_dmi_jtag_tap/jtag_ir_q[0]
    SLICE_X101Y50        LUT6 (Prop_lut6_I3_O)        0.045     2.909 r  i_dmi_jtag/i_dmi_jtag_tap/idcode_q[3]_i_1/O
                         net (fo=1, routed)           0.000     2.909    i_dmi_jtag/i_dmi_jtag_tap/idcode_d[3]
    SLICE_X101Y50        FDCE                                         r  i_dmi_jtag/i_dmi_jtag_tap/idcode_q_reg[3]/D
  -------------------------------------------------------------------    -------------------

                         (clock tck rise edge)        0.000     0.000 r  
    H15                                               0.000     0.000 r  tck (IN)
                         net (fo=0)                   0.000     0.000    tck
    H15                  IBUF (Prop_ibuf_I_O)         0.456     0.456 r  tck_IBUF_inst/O
                         net (fo=1, routed)           1.762     2.218    tck_IBUF
    BUFGCTRL_X0Y0        BUFG (Prop_bufg_I_O)         0.029     2.247 r  tck_IBUF_BUFG_inst/O
                         net (fo=258, routed)         0.881     3.128    i_dmi_jtag/i_dmi_jtag_tap/CLK
    SLICE_X101Y50        FDCE                                         r  i_dmi_jtag/i_dmi_jtag_tap/idcode_q_reg[3]/C
                         clock pessimism             -0.437     2.691    
    SLICE_X101Y50        FDCE (Hold_fdce_C_D)         0.091     2.782    i_dmi_jtag/i_dmi_jtag_tap/idcode_q_reg[3]
  -------------------------------------------------------------------
                         required time                         -2.782    
                         arrival time                           2.909    
  -------------------------------------------------------------------
                         slack                                  0.127    

Slack (MET) :             0.142ns  (arrival time - required time)
  Source:                 i_dmi_jtag/i_dmi_jtag_tap/jtag_ir_shift_q_reg[0]/C
                            (rising edge-triggered cell FDCE clocked by tck  {rise@0.000ns fall@50.000ns period=100.000ns})
  Destination:            i_dmi_jtag/i_dmi_jtag_tap/jtag_ir_q_reg[0]/D
                            (rising edge-triggered cell FDPE clocked by tck  {rise@0.000ns fall@50.000ns period=100.000ns})
  Path Group:             tck
  Path Type:              Hold (Min at Fast Process Corner)
  Requirement:            0.000ns  (tck rise@0.000ns - tck rise@0.000ns)
  Data Path Delay:        0.506ns  (logic 0.186ns (36.781%)  route 0.320ns (63.218%))
  Logic Levels:           1  (LUT2=1)
  Clock Path Skew:        0.271ns (DCD - SCD - CPR)
    Destination Clock Delay (DCD):    3.129ns
    Source Clock Delay      (SCD):    2.421ns
    Clock Pessimism Removal (CPR):    0.437ns

    Location             Delay type                Incr(ns)  Path(ns)    Netlist Resource(s)
  -------------------------------------------------------------------    -------------------
                         (clock tck rise edge)        0.000     0.000 r  
    H15                                               0.000     0.000 r  tck (IN)
                         net (fo=0)                   0.000     0.000    tck
    H15                  IBUF (Prop_ibuf_I_O)         0.268     0.268 r  tck_IBUF_inst/O
                         net (fo=1, routed)           1.516     1.784    tck_IBUF
    BUFGCTRL_X0Y0        BUFG (Prop_bufg_I_O)         0.026     1.810 r  tck_IBUF_BUFG_inst/O
                         net (fo=258, routed)         0.611     2.421    i_dmi_jtag/i_dmi_jtag_tap/CLK
    SLICE_X99Y50         FDCE                                         r  i_dmi_jtag/i_dmi_jtag_tap/jtag_ir_shift_q_reg[0]/C
  -------------------------------------------------------------------    -------------------
    SLICE_X99Y50         FDCE (Prop_fdce_C_Q)         0.141     2.562 r  i_dmi_jtag/i_dmi_jtag_tap/jtag_ir_shift_q_reg[0]/Q
                         net (fo=2, routed)           0.320     2.882    i_dmi_jtag/i_dmi_jtag_tap/jtag_ir_shift_q_reg_n_0_[0]
    SLICE_X99Y49         LUT2 (Prop_lut2_I1_O)        0.045     2.927 r  i_dmi_jtag/i_dmi_jtag_tap/jtag_ir_q[0]_i_1/O
                         net (fo=1, routed)           0.000     2.927    i_dmi_jtag/i_dmi_jtag_tap/jtag_ir_d[0]
    SLICE_X99Y49         FDPE                                         r  i_dmi_jtag/i_dmi_jtag_tap/jtag_ir_q_reg[0]/D
  -------------------------------------------------------------------    -------------------

                         (clock tck rise edge)        0.000     0.000 r  
    H15                                               0.000     0.000 r  tck (IN)
                         net (fo=0)                   0.000     0.000    tck
    H15                  IBUF (Prop_ibuf_I_O)         0.456     0.456 r  tck_IBUF_inst/O
                         net (fo=1, routed)           1.762     2.218    tck_IBUF
    BUFGCTRL_X0Y0        BUFG (Prop_bufg_I_O)         0.029     2.247 r  tck_IBUF_BUFG_inst/O
                         net (fo=258, routed)         0.882     3.129    i_dmi_jtag/i_dmi_jtag_tap/CLK
    SLICE_X99Y49         FDPE                                         r  i_dmi_jtag/i_dmi_jtag_tap/jtag_ir_q_reg[0]/C
                         clock pessimism             -0.437     2.692    
    SLICE_X99Y49         FDPE (Hold_fdpe_C_D)         0.092     2.784    i_dmi_jtag/i_dmi_jtag_tap/jtag_ir_q_reg[0]
  -------------------------------------------------------------------
                         required time                         -2.784    
                         arrival time                           2.927    
  -------------------------------------------------------------------
                         slack                                  0.142    

Slack (MET) :             0.145ns  (arrival time - required time)
  Source:                 i_dmi_jtag/i_dmi_jtag_tap/FSM_onehot_tap_state_q_reg[11]/C
                            (rising edge-triggered cell FDCE clocked by tck  {rise@0.000ns fall@50.000ns period=100.000ns})
  Destination:            i_dmi_jtag/i_dmi_jtag_tap/idcode_q_reg[9]/D
                            (rising edge-triggered cell FDCE clocked by tck  {rise@0.000ns fall@50.000ns period=100.000ns})
  Path Group:             tck
  Path Type:              Hold (Min at Fast Process Corner)
  Requirement:            0.000ns  (tck rise@0.000ns - tck rise@0.000ns)
  Data Path Delay:        0.508ns  (logic 0.209ns (41.132%)  route 0.299ns (58.868%))
  Logic Levels:           1  (LUT6=1)
  Clock Path Skew:        0.271ns (DCD - SCD - CPR)
    Destination Clock Delay (DCD):    3.129ns
    Source Clock Delay      (SCD):    2.421ns
    Clock Pessimism Removal (CPR):    0.437ns

    Location             Delay type                Incr(ns)  Path(ns)    Netlist Resource(s)
  -------------------------------------------------------------------    -------------------
                         (clock tck rise edge)        0.000     0.000 r  
    H15                                               0.000     0.000 r  tck (IN)
                         net (fo=0)                   0.000     0.000    tck
    H15                  IBUF (Prop_ibuf_I_O)         0.268     0.268 r  tck_IBUF_inst/O
                         net (fo=1, routed)           1.516     1.784    tck_IBUF
    BUFGCTRL_X0Y0        BUFG (Prop_bufg_I_O)         0.026     1.810 r  tck_IBUF_BUFG_inst/O
                         net (fo=258, routed)         0.611     2.421    i_dmi_jtag/i_dmi_jtag_tap/CLK
    SLICE_X98Y50         FDCE                                         r  i_dmi_jtag/i_dmi_jtag_tap/FSM_onehot_tap_state_q_reg[11]/C
  -------------------------------------------------------------------    -------------------
    SLICE_X98Y50         FDCE (Prop_fdce_C_Q)         0.164     2.585 r  i_dmi_jtag/i_dmi_jtag_tap/FSM_onehot_tap_state_q_reg[11]/Q
                         net (fo=41, routed)          0.299     2.884    i_dmi_jtag/i_dmi_jtag_tap/shift_dr
    SLICE_X101Y49        LUT6 (Prop_lut6_I0_O)        0.045     2.929 r  i_dmi_jtag/i_dmi_jtag_tap/idcode_q[9]_i_1/O
                         net (fo=1, routed)           0.000     2.929    i_dmi_jtag/i_dmi_jtag_tap/idcode_d[9]
    SLICE_X101Y49        FDCE                                         r  i_dmi_jtag/i_dmi_jtag_tap/idcode_q_reg[9]/D
  -------------------------------------------------------------------    -------------------

                         (clock tck rise edge)        0.000     0.000 r  
    H15                                               0.000     0.000 r  tck (IN)
                         net (fo=0)                   0.000     0.000    tck
    H15                  IBUF (Prop_ibuf_I_O)         0.456     0.456 r  tck_IBUF_inst/O
                         net (fo=1, routed)           1.762     2.218    tck_IBUF
    BUFGCTRL_X0Y0        BUFG (Prop_bufg_I_O)         0.029     2.247 r  tck_IBUF_BUFG_inst/O
                         net (fo=258, routed)         0.882     3.129    i_dmi_jtag/i_dmi_jtag_tap/CLK
    SLICE_X101Y49        FDCE                                         r  i_dmi_jtag/i_dmi_jtag_tap/idcode_q_reg[9]/C
                         clock pessimism             -0.437     2.692    
    SLICE_X101Y49        FDCE (Hold_fdce_C_D)         0.092     2.784    i_dmi_jtag/i_dmi_jtag_tap/idcode_q_reg[9]
  -------------------------------------------------------------------
                         required time                         -2.784    
                         arrival time                           2.929    
  -------------------------------------------------------------------
                         slack                                  0.145    

Slack (MET) :             0.146ns  (arrival time - required time)
  Source:                 i_dmi_jtag/i_dmi_jtag_tap/FSM_onehot_tap_state_q_reg[15]/C
                            (rising edge-triggered cell FDCE clocked by tck  {rise@0.000ns fall@50.000ns period=100.000ns})
  Destination:            i_dmi_jtag/error_q_reg[1]/D
                            (rising edge-triggered cell FDCE clocked by tck  {rise@0.000ns fall@50.000ns period=100.000ns})
  Path Group:             tck
  Path Type:              Hold (Min at Fast Process Corner)
  Requirement:            0.000ns  (tck rise@0.000ns - tck rise@0.000ns)
  Data Path Delay:        0.536ns  (logic 0.247ns (46.061%)  route 0.289ns (53.939%))
  Logic Levels:           1  (LUT5=1)
  Clock Path Skew:        0.270ns (DCD - SCD - CPR)
    Destination Clock Delay (DCD):    3.128ns
    Source Clock Delay      (SCD):    2.421ns
    Clock Pessimism Removal (CPR):    0.437ns

    Location             Delay type                Incr(ns)  Path(ns)    Netlist Resource(s)
  -------------------------------------------------------------------    -------------------
                         (clock tck rise edge)        0.000     0.000 r  
    H15                                               0.000     0.000 r  tck (IN)
                         net (fo=0)                   0.000     0.000    tck
    H15                  IBUF (Prop_ibuf_I_O)         0.268     0.268 r  tck_IBUF_inst/O
                         net (fo=1, routed)           1.516     1.784    tck_IBUF
    BUFGCTRL_X0Y0        BUFG (Prop_bufg_I_O)         0.026     1.810 r  tck_IBUF_BUFG_inst/O
                         net (fo=258, routed)         0.611     2.421    i_dmi_jtag/i_dmi_jtag_tap/CLK
    SLICE_X98Y50         FDCE                                         r  i_dmi_jtag/i_dmi_jtag_tap/FSM_onehot_tap_state_q_reg[15]/C
  -------------------------------------------------------------------    -------------------
    SLICE_X98Y50         FDCE (Prop_fdce_C_Q)         0.148     2.569 f  i_dmi_jtag/i_dmi_jtag_tap/FSM_onehot_tap_state_q_reg[15]/Q
                         net (fo=6, routed)           0.289     2.858    i_dmi_jtag/i_dmi_jtag_tap/update_dr
    SLICE_X96Y45         LUT5 (Prop_lut5_I1_O)        0.099     2.957 r  i_dmi_jtag/i_dmi_jtag_tap/error_q[1]_i_1/O
                         net (fo=1, routed)           0.000     2.957    i_dmi_jtag/i_dmi_jtag_tap_n_2
    SLICE_X96Y45         FDCE                                         r  i_dmi_jtag/error_q_reg[1]/D
  -------------------------------------------------------------------    -------------------

                         (clock tck rise edge)        0.000     0.000 r  
    H15                                               0.000     0.000 r  tck (IN)
                         net (fo=0)                   0.000     0.000    tck
    H15                  IBUF (Prop_ibuf_I_O)         0.456     0.456 r  tck_IBUF_inst/O
                         net (fo=1, routed)           1.762     2.218    tck_IBUF
    BUFGCTRL_X0Y0        BUFG (Prop_bufg_I_O)         0.029     2.247 r  tck_IBUF_BUFG_inst/O
                         net (fo=258, routed)         0.881     3.128    i_dmi_jtag/CLK
    SLICE_X96Y45         FDCE                                         r  i_dmi_jtag/error_q_reg[1]/C
                         clock pessimism             -0.437     2.691    
    SLICE_X96Y45         FDCE (Hold_fdce_C_D)         0.120     2.811    i_dmi_jtag/error_q_reg[1]
  -------------------------------------------------------------------
                         required time                         -2.811    
                         arrival time                           2.957    
  -------------------------------------------------------------------
                         slack                                  0.146    

Slack (MET) :             0.149ns  (arrival time - required time)
  Source:                 i_dmi_jtag/i_dmi_cdc/i_cdc_resp/i_dst/data_dst_q_reg[data][5]/C
                            (rising edge-triggered cell FDCE clocked by tck  {rise@0.000ns fall@50.000ns period=100.000ns})
  Destination:            i_dmi_jtag/data_q_reg[5]/D
                            (rising edge-triggered cell FDCE clocked by tck  {rise@0.000ns fall@50.000ns period=100.000ns})
  Path Group:             tck
  Path Type:              Hold (Min at Fast Process Corner)
  Requirement:            0.000ns  (tck rise@0.000ns - tck rise@0.000ns)
  Data Path Delay:        0.286ns  (logic 0.186ns (64.996%)  route 0.100ns (35.004%))
  Logic Levels:           1  (LUT4=1)
  Clock Path Skew:        0.016ns (DCD - SCD - CPR)
    Destination Clock Delay (DCD):    3.128ns
    Source Clock Delay      (SCD):    2.422ns
    Clock Pessimism Removal (CPR):    0.690ns

    Location             Delay type                Incr(ns)  Path(ns)    Netlist Resource(s)
  -------------------------------------------------------------------    -------------------
                         (clock tck rise edge)        0.000     0.000 r  
    H15                                               0.000     0.000 r  tck (IN)
                         net (fo=0)                   0.000     0.000    tck
    H15                  IBUF (Prop_ibuf_I_O)         0.268     0.268 r  tck_IBUF_inst/O
                         net (fo=1, routed)           1.516     1.784    tck_IBUF
    BUFGCTRL_X0Y0        BUFG (Prop_bufg_I_O)         0.026     1.810 r  tck_IBUF_BUFG_inst/O
                         net (fo=258, routed)         0.612     2.422    i_dmi_jtag/i_dmi_cdc/i_cdc_resp/i_dst/CLK
    SLICE_X99Y5          FDCE                                         r  i_dmi_jtag/i_dmi_cdc/i_cdc_resp/i_dst/data_dst_q_reg[data][5]/C
  -------------------------------------------------------------------    -------------------
    SLICE_X99Y5          FDCE (Prop_fdce_C_Q)         0.141     2.563 r  i_dmi_jtag/i_dmi_cdc/i_cdc_resp/i_dst/data_dst_q_reg[data][5]/Q
                         net (fo=1, routed)           0.100     2.663    i_dmi_jtag/i_dmi_cdc/i_cdc_resp/i_dst/data_dst_q[data][5]
    SLICE_X100Y5         LUT4 (Prop_lut4_I0_O)        0.045     2.708 r  i_dmi_jtag/i_dmi_cdc/i_cdc_resp/i_dst/data_q[5]_i_1/O
                         net (fo=1, routed)           0.000     2.708    i_dmi_jtag/i_dmi_cdc_n_268
    SLICE_X100Y5         FDCE                                         r  i_dmi_jtag/data_q_reg[5]/D
  -------------------------------------------------------------------    -------------------

                         (clock tck rise edge)        0.000     0.000 r  
    H15                                               0.000     0.000 r  tck (IN)
                         net (fo=0)                   0.000     0.000    tck
    H15                  IBUF (Prop_ibuf_I_O)         0.456     0.456 r  tck_IBUF_inst/O
                         net (fo=1, routed)           1.762     2.218    tck_IBUF
    BUFGCTRL_X0Y0        BUFG (Prop_bufg_I_O)         0.029     2.247 r  tck_IBUF_BUFG_inst/O
                         net (fo=258, routed)         0.881     3.128    i_dmi_jtag/CLK
    SLICE_X100Y5         FDCE                                         r  i_dmi_jtag/data_q_reg[5]/C
                         clock pessimism             -0.690     2.438    
    SLICE_X100Y5         FDCE (Hold_fdce_C_D)         0.121     2.559    i_dmi_jtag/data_q_reg[5]
  -------------------------------------------------------------------
                         required time                         -2.559    
                         arrival time                           2.708    
  -------------------------------------------------------------------
                         slack                                  0.149    





Pulse Width Checks
--------------------------------------------------------------------------------------
Clock Name:         tck
Waveform(ns):       { 0.000 50.000 }
Period(ns):         100.000
Sources:            { tck }

Check Type        Corner  Lib Pin  Reference Pin  Required(ns)  Actual(ns)  Slack(ns)  Location       Pin
Min Period        n/a     BUFG/I   n/a            2.155         100.000     97.845     BUFGCTRL_X0Y0  tck_IBUF_BUFG_inst/I
Min Period        n/a     FDCE/C   n/a            1.000         100.000     99.000     SLICE_X97Y37   i_dmi_jtag/FSM_sequential_state_q_reg[0]/C
Min Period        n/a     FDCE/C   n/a            1.000         100.000     99.000     SLICE_X97Y37   i_dmi_jtag/FSM_sequential_state_q_reg[1]/C
Min Period        n/a     FDCE/C   n/a            1.000         100.000     99.000     SLICE_X97Y37   i_dmi_jtag/FSM_sequential_state_q_reg[2]/C
Min Period        n/a     FDCE/C   n/a            1.000         100.000     99.000     SLICE_X90Y14   i_dmi_jtag/address_q_reg[0]/C
Min Period        n/a     FDCE/C   n/a            1.000         100.000     99.000     SLICE_X90Y14   i_dmi_jtag/address_q_reg[1]/C
Min Period        n/a     FDCE/C   n/a            1.000         100.000     99.000     SLICE_X90Y14   i_dmi_jtag/address_q_reg[2]/C
Min Period        n/a     FDCE/C   n/a            1.000         100.000     99.000     SLICE_X90Y14   i_dmi_jtag/address_q_reg[3]/C
Min Period        n/a     FDCE/C   n/a            1.000         100.000     99.000     SLICE_X96Y14   i_dmi_jtag/address_q_reg[4]/C
Min Period        n/a     FDCE/C   n/a            1.000         100.000     99.000     SLICE_X95Y15   i_dmi_jtag/address_q_reg[5]/C
Low Pulse Width   Slow    FDCE/C   n/a            0.500         50.000      49.500     SLICE_X97Y37   i_dmi_jtag/FSM_sequential_state_q_reg[0]/C
Low Pulse Width   Fast    FDCE/C   n/a            0.500         50.000      49.500     SLICE_X97Y37   i_dmi_jtag/FSM_sequential_state_q_reg[0]/C
Low Pulse Width   Slow    FDCE/C   n/a            0.500         50.000      49.500     SLICE_X97Y37   i_dmi_jtag/FSM_sequential_state_q_reg[1]/C
Low Pulse Width   Fast    FDCE/C   n/a            0.500         50.000      49.500     SLICE_X97Y37   i_dmi_jtag/FSM_sequential_state_q_reg[1]/C
Low Pulse Width   Slow    FDCE/C   n/a            0.500         50.000      49.500     SLICE_X97Y37   i_dmi_jtag/FSM_sequential_state_q_reg[2]/C
Low Pulse Width   Fast    FDCE/C   n/a            0.500         50.000      49.500     SLICE_X97Y37   i_dmi_jtag/FSM_sequential_state_q_reg[2]/C
Low Pulse Width   Slow    FDCE/C   n/a            0.500         50.000      49.500     SLICE_X90Y14   i_dmi_jtag/address_q_reg[0]/C
Low Pulse Width   Fast    FDCE/C   n/a            0.500         50.000      49.500     SLICE_X90Y14   i_dmi_jtag/address_q_reg[0]/C
Low Pulse Width   Slow    FDCE/C   n/a            0.500         50.000      49.500     SLICE_X90Y14   i_dmi_jtag/address_q_reg[1]/C
Low Pulse Width   Fast    FDCE/C   n/a            0.500         50.000      49.500     SLICE_X90Y14   i_dmi_jtag/address_q_reg[1]/C
High Pulse Width  Slow    FDCE/C   n/a            0.500         50.000      49.500     SLICE_X97Y37   i_dmi_jtag/FSM_sequential_state_q_reg[0]/C
High Pulse Width  Fast    FDCE/C   n/a            0.500         50.000      49.500     SLICE_X97Y37   i_dmi_jtag/FSM_sequential_state_q_reg[0]/C
High Pulse Width  Slow    FDCE/C   n/a            0.500         50.000      49.500     SLICE_X97Y37   i_dmi_jtag/FSM_sequential_state_q_reg[1]/C
High Pulse Width  Fast    FDCE/C   n/a            0.500         50.000      49.500     SLICE_X97Y37   i_dmi_jtag/FSM_sequential_state_q_reg[1]/C
High Pulse Width  Slow    FDCE/C   n/a            0.500         50.000      49.500     SLICE_X97Y37   i_dmi_jtag/FSM_sequential_state_q_reg[2]/C
High Pulse Width  Fast    FDCE/C   n/a            0.500         50.000      49.500     SLICE_X97Y37   i_dmi_jtag/FSM_sequential_state_q_reg[2]/C
High Pulse Width  Slow    FDCE/C   n/a            0.500         50.000      49.500     SLICE_X90Y14   i_dmi_jtag/address_q_reg[0]/C
High Pulse Width  Fast    FDCE/C   n/a            0.500         50.000      49.500     SLICE_X90Y14   i_dmi_jtag/address_q_reg[0]/C
High Pulse Width  Slow    FDCE/C   n/a            0.500         50.000      49.500     SLICE_X90Y14   i_dmi_jtag/address_q_reg[1]/C
High Pulse Width  Fast    FDCE/C   n/a            0.500         50.000      49.500     SLICE_X90Y14   i_dmi_jtag/address_q_reg[1]/C



---------------------------------------------------------------------------------------------------
Path Group:  **async_default**
From Clock:  clk_out1_xlnx_clk_gen
  To Clock:  clk_out1_xlnx_clk_gen

Setup :            0  Failing Endpoints,  Worst Slack       20.771ns,  Total Violation        0.000ns
Hold  :            0  Failing Endpoints,  Worst Slack        0.541ns,  Total Violation        0.000ns
---------------------------------------------------------------------------------------------------


Max Delay Paths
--------------------------------------------------------------------------------------
Slack (MET) :             20.771ns  (required time - arrival time)
  Source:                 i_dm_top/i_dm_csrs/dmcontrol_q_reg[ndmreset]/C
                            (rising edge-triggered cell FDCE clocked by clk_out1_xlnx_clk_gen  {rise@0.000ns fall@12.500ns period=25.000ns})
  Destination:            i_rstgen_main/i_rstgen_bypass/synch_regs_q_reg[3]/CLR
                            (recovery check against rising-edge clock clk_out1_xlnx_clk_gen  {rise@0.000ns fall@12.500ns period=25.000ns})
  Path Group:             **async_default**
  Path Type:              Recovery (Max at Slow Process Corner)
  Requirement:            25.000ns  (clk_out1_xlnx_clk_gen rise@25.000ns - clk_out1_xlnx_clk_gen rise@0.000ns)
  Data Path Delay:        3.616ns  (logic 0.580ns (16.040%)  route 3.036ns (83.960%))
  Logic Levels:           1  (LUT2=1)
  Clock Path Skew:        -0.126ns (DCD - SCD + CPR)
    Destination Clock Delay (DCD):    -1.586ns = ( 23.414 - 25.000 ) 
    Source Clock Delay      (SCD):    -0.892ns
    Clock Pessimism Removal (CPR):    0.567ns
  Clock Uncertainty:      0.082ns  ((TSJ^2 + DJ^2)^1/2) / 2 + PE
    Total System Jitter     (TSJ):    0.071ns
    Discrete Jitter          (DJ):    0.149ns
    Phase Error              (PE):    0.000ns

    Location             Delay type                Incr(ns)  Path(ns)    Netlist Resource(s)
  -------------------------------------------------------------------    -------------------
                         (clock clk_out1_xlnx_clk_gen rise edge)
                                                      0.000     0.000 r  
    K17                                               0.000     0.000 r  clk_sys (IN)
                         net (fo=0)                   0.000     0.000    i_xlnx_clk_gen/inst/clk_in1
    K17                  IBUF (Prop_ibuf_I_O)         1.475     1.475 r  i_xlnx_clk_gen/inst/clkin1_ibufg/O
                         net (fo=1, routed)           1.285     2.760    i_xlnx_clk_gen/inst/clk_in1_xlnx_clk_gen
    MMCME2_ADV_X1Y2      MMCME2_ADV (Prop_mmcme2_adv_CLKIN1_CLKOUT0)
                                                     -7.759    -4.999 r  i_xlnx_clk_gen/inst/mmcm_adv_inst/CLKOUT0
                         net (fo=1, routed)           2.206    -2.793    i_xlnx_clk_gen/inst/clk_out1_xlnx_clk_gen
    BUFGCTRL_X0Y16       BUFG (Prop_bufg_I_O)         0.101    -2.692 r  i_xlnx_clk_gen/inst/clkout1_buf/O
                         net (fo=15067, routed)       1.800    -0.892    i_dm_top/i_dm_csrs/clk_out1
    SLICE_X95Y9          FDCE                                         r  i_dm_top/i_dm_csrs/dmcontrol_q_reg[ndmreset]/C
  -------------------------------------------------------------------    -------------------
    SLICE_X95Y9          FDCE (Prop_fdce_C_Q)         0.456    -0.436 f  i_dm_top/i_dm_csrs/dmcontrol_q_reg[ndmreset]/Q
                         net (fo=3, routed)           1.173     0.736    i_dm_top/i_dm_csrs/ndmreset
    SLICE_X92Y22         LUT2 (Prop_lut2_I0_O)        0.124     0.860 f  i_dm_top/i_dm_csrs/synch_regs_q[3]_i_1/O
                         net (fo=4, routed)           1.863     2.724    i_rstgen_main/i_rstgen_bypass/synch_regs_q_reg[3]_1
    SLICE_X76Y40         FDCE                                         f  i_rstgen_main/i_rstgen_bypass/synch_regs_q_reg[3]/CLR
  -------------------------------------------------------------------    -------------------

                         (clock clk_out1_xlnx_clk_gen rise edge)
                                                     25.000    25.000 r  
    K17                                               0.000    25.000 r  clk_sys (IN)
                         net (fo=0)                   0.000    25.000    i_xlnx_clk_gen/inst/clk_in1
    K17                  IBUF (Prop_ibuf_I_O)         1.404    26.404 r  i_xlnx_clk_gen/inst/clkin1_ibufg/O
                         net (fo=1, routed)           1.162    27.566    i_xlnx_clk_gen/inst/clk_in1_xlnx_clk_gen
    MMCME2_ADV_X1Y2      MMCME2_ADV (Prop_mmcme2_adv_CLKIN1_CLKOUT0)
                                                     -7.814    19.752 r  i_xlnx_clk_gen/inst/mmcm_adv_inst/CLKOUT0
                         net (fo=1, routed)           2.012    21.764    i_xlnx_clk_gen/inst/clk_out1_xlnx_clk_gen
    BUFGCTRL_X0Y16       BUFG (Prop_bufg_I_O)         0.091    21.855 r  i_xlnx_clk_gen/inst/clkout1_buf/O
                         net (fo=15067, routed)       1.559    23.414    i_rstgen_main/i_rstgen_bypass/clk_out1
    SLICE_X76Y40         FDCE                                         r  i_rstgen_main/i_rstgen_bypass/synch_regs_q_reg[3]/C
                         clock pessimism              0.567    23.982    
                         clock uncertainty           -0.082    23.900    
    SLICE_X76Y40         FDCE (Recov_fdce_C_CLR)     -0.405    23.495    i_rstgen_main/i_rstgen_bypass/synch_regs_q_reg[3]
  -------------------------------------------------------------------
                         required time                         23.495    
                         arrival time                          -2.724    
  -------------------------------------------------------------------
                         slack                                 20.771    

Slack (MET) :             21.370ns  (required time - arrival time)
  Source:                 i_dm_top/i_dm_csrs/dmcontrol_q_reg[ndmreset]/C
                            (rising edge-triggered cell FDCE clocked by clk_out1_xlnx_clk_gen  {rise@0.000ns fall@12.500ns period=25.000ns})
  Destination:            i_rstgen_main/i_rstgen_bypass/synch_regs_q_reg[2]/CLR
                            (recovery check against rising-edge clock clk_out1_xlnx_clk_gen  {rise@0.000ns fall@12.500ns period=25.000ns})
  Path Group:             **async_default**
  Path Type:              Recovery (Max at Slow Process Corner)
  Requirement:            25.000ns  (clk_out1_xlnx_clk_gen rise@25.000ns - clk_out1_xlnx_clk_gen rise@0.000ns)
  Data Path Delay:        3.012ns  (logic 0.580ns (19.254%)  route 2.432ns (80.746%))
  Logic Levels:           1  (LUT2=1)
  Clock Path Skew:        -0.130ns (DCD - SCD + CPR)
    Destination Clock Delay (DCD):    -1.590ns = ( 23.410 - 25.000 ) 
    Source Clock Delay      (SCD):    -0.892ns
    Clock Pessimism Removal (CPR):    0.567ns
  Clock Uncertainty:      0.082ns  ((TSJ^2 + DJ^2)^1/2) / 2 + PE
    Total System Jitter     (TSJ):    0.071ns
    Discrete Jitter          (DJ):    0.149ns
    Phase Error              (PE):    0.000ns

    Location             Delay type                Incr(ns)  Path(ns)    Netlist Resource(s)
  -------------------------------------------------------------------    -------------------
                         (clock clk_out1_xlnx_clk_gen rise edge)
                                                      0.000     0.000 r  
    K17                                               0.000     0.000 r  clk_sys (IN)
                         net (fo=0)                   0.000     0.000    i_xlnx_clk_gen/inst/clk_in1
    K17                  IBUF (Prop_ibuf_I_O)         1.475     1.475 r  i_xlnx_clk_gen/inst/clkin1_ibufg/O
                         net (fo=1, routed)           1.285     2.760    i_xlnx_clk_gen/inst/clk_in1_xlnx_clk_gen
    MMCME2_ADV_X1Y2      MMCME2_ADV (Prop_mmcme2_adv_CLKIN1_CLKOUT0)
                                                     -7.759    -4.999 r  i_xlnx_clk_gen/inst/mmcm_adv_inst/CLKOUT0
                         net (fo=1, routed)           2.206    -2.793    i_xlnx_clk_gen/inst/clk_out1_xlnx_clk_gen
    BUFGCTRL_X0Y16       BUFG (Prop_bufg_I_O)         0.101    -2.692 r  i_xlnx_clk_gen/inst/clkout1_buf/O
                         net (fo=15067, routed)       1.800    -0.892    i_dm_top/i_dm_csrs/clk_out1
    SLICE_X95Y9          FDCE                                         r  i_dm_top/i_dm_csrs/dmcontrol_q_reg[ndmreset]/C
  -------------------------------------------------------------------    -------------------
    SLICE_X95Y9          FDCE (Prop_fdce_C_Q)         0.456    -0.436 f  i_dm_top/i_dm_csrs/dmcontrol_q_reg[ndmreset]/Q
                         net (fo=3, routed)           1.173     0.736    i_dm_top/i_dm_csrs/ndmreset
    SLICE_X92Y22         LUT2 (Prop_lut2_I0_O)        0.124     0.860 f  i_dm_top/i_dm_csrs/synch_regs_q[3]_i_1/O
                         net (fo=4, routed)           1.260     2.120    i_rstgen_main/i_rstgen_bypass/synch_regs_q_reg[3]_1
    SLICE_X89Y32         FDCE                                         f  i_rstgen_main/i_rstgen_bypass/synch_regs_q_reg[2]/CLR
  -------------------------------------------------------------------    -------------------

                         (clock clk_out1_xlnx_clk_gen rise edge)
                                                     25.000    25.000 r  
    K17                                               0.000    25.000 r  clk_sys (IN)
                         net (fo=0)                   0.000    25.000    i_xlnx_clk_gen/inst/clk_in1
    K17                  IBUF (Prop_ibuf_I_O)         1.404    26.404 r  i_xlnx_clk_gen/inst/clkin1_ibufg/O
                         net (fo=1, routed)           1.162    27.566    i_xlnx_clk_gen/inst/clk_in1_xlnx_clk_gen
    MMCME2_ADV_X1Y2      MMCME2_ADV (Prop_mmcme2_adv_CLKIN1_CLKOUT0)
                                                     -7.814    19.752 r  i_xlnx_clk_gen/inst/mmcm_adv_inst/CLKOUT0
                         net (fo=1, routed)           2.012    21.764    i_xlnx_clk_gen/inst/clk_out1_xlnx_clk_gen
    BUFGCTRL_X0Y16       BUFG (Prop_bufg_I_O)         0.091    21.855 r  i_xlnx_clk_gen/inst/clkout1_buf/O
                         net (fo=15067, routed)       1.555    23.410    i_rstgen_main/i_rstgen_bypass/clk_out1
    SLICE_X89Y32         FDCE                                         r  i_rstgen_main/i_rstgen_bypass/synch_regs_q_reg[2]/C
                         clock pessimism              0.567    23.978    
                         clock uncertainty           -0.082    23.896    
    SLICE_X89Y32         FDCE (Recov_fdce_C_CLR)     -0.405    23.491    i_rstgen_main/i_rstgen_bypass/synch_regs_q_reg[2]
  -------------------------------------------------------------------
                         required time                         23.491    
                         arrival time                          -2.120    
  -------------------------------------------------------------------
                         slack                                 21.370    

Slack (MET) :             21.422ns  (required time - arrival time)
  Source:                 i_axi_dwidth_converter_dm_slave/inst/gen_downsizer.gen_simple_downsizer.axi_downsizer_inst/USE_WRITE.write_addr_inst/cmd_queue/inst/fifo_gen_inst/inst_fifo_gen/gconvfifo.rf/grf.rf/rstblk/ngwrdrst.grst.g7serrst.gnsckt_wrst.gcc_rst.sckt_wr_rst_cc_reg[1]/C
                            (rising edge-triggered cell FDRE clocked by clk_out1_xlnx_clk_gen  {rise@0.000ns fall@12.500ns period=25.000ns})
  Destination:            i_axi_dwidth_converter_dm_slave/inst/gen_downsizer.gen_simple_downsizer.axi_downsizer_inst/USE_WRITE.write_addr_inst/cmd_queue/inst/fifo_gen_inst/inst_fifo_gen/gconvfifo.rf/grf.rf/gntv_or_sync_fifo.gl0.wr/wpntr/gcc0.gc0.count_d1_reg[0]/CLR
                            (recovery check against rising-edge clock clk_out1_xlnx_clk_gen  {rise@0.000ns fall@12.500ns period=25.000ns})
  Path Group:             **async_default**
  Path Type:              Recovery (Max at Slow Process Corner)
  Requirement:            25.000ns  (clk_out1_xlnx_clk_gen rise@25.000ns - clk_out1_xlnx_clk_gen rise@0.000ns)
  Data Path Delay:        3.036ns  (logic 0.580ns (19.102%)  route 2.456ns (80.898%))
  Logic Levels:           1  (LUT3=1)
  Clock Path Skew:        -0.054ns (DCD - SCD + CPR)
    Destination Clock Delay (DCD):    -1.525ns = ( 23.475 - 25.000 ) 
    Source Clock Delay      (SCD):    -0.903ns
    Clock Pessimism Removal (CPR):    0.567ns
  Clock Uncertainty:      0.082ns  ((TSJ^2 + DJ^2)^1/2) / 2 + PE
    Total System Jitter     (TSJ):    0.071ns
    Discrete Jitter          (DJ):    0.149ns
    Phase Error              (PE):    0.000ns

    Location             Delay type                Incr(ns)  Path(ns)    Netlist Resource(s)
  -------------------------------------------------------------------    -------------------
                         (clock clk_out1_xlnx_clk_gen rise edge)
                                                      0.000     0.000 r  
    K17                                               0.000     0.000 r  clk_sys (IN)
                         net (fo=0)                   0.000     0.000    i_xlnx_clk_gen/inst/clk_in1
    K17                  IBUF (Prop_ibuf_I_O)         1.475     1.475 r  i_xlnx_clk_gen/inst/clkin1_ibufg/O
                         net (fo=1, routed)           1.285     2.760    i_xlnx_clk_gen/inst/clk_in1_xlnx_clk_gen
    MMCME2_ADV_X1Y2      MMCME2_ADV (Prop_mmcme2_adv_CLKIN1_CLKOUT0)
                                                     -7.759    -4.999 r  i_xlnx_clk_gen/inst/mmcm_adv_inst/CLKOUT0
                         net (fo=1, routed)           2.206    -2.793    i_xlnx_clk_gen/inst/clk_out1_xlnx_clk_gen
    BUFGCTRL_X0Y16       BUFG (Prop_bufg_I_O)         0.101    -2.692 r  i_xlnx_clk_gen/inst/clkout1_buf/O
                         net (fo=15067, routed)       1.789    -0.903    i_axi_dwidth_converter_dm_slave/inst/gen_downsizer.gen_simple_downsizer.axi_downsizer_inst/USE_WRITE.write_addr_inst/cmd_queue/inst/fifo_gen_inst/inst_fifo_gen/gconvfifo.rf/grf.rf/rstblk/clk
    SLICE_X101Y29        FDRE                                         r  i_axi_dwidth_converter_dm_slave/inst/gen_downsizer.gen_simple_downsizer.axi_downsizer_inst/USE_WRITE.write_addr_inst/cmd_queue/inst/fifo_gen_inst/inst_fifo_gen/gconvfifo.rf/grf.rf/rstblk/ngwrdrst.grst.g7serrst.gnsckt_wrst.gcc_rst.sckt_wr_rst_cc_reg[1]/C
  -------------------------------------------------------------------    -------------------
    SLICE_X101Y29        FDRE (Prop_fdre_C_Q)         0.456    -0.447 f  i_axi_dwidth_converter_dm_slave/inst/gen_downsizer.gen_simple_downsizer.axi_downsizer_inst/USE_WRITE.write_addr_inst/cmd_queue/inst/fifo_gen_inst/inst_fifo_gen/gconvfifo.rf/grf.rf/rstblk/ngwrdrst.grst.g7serrst.gnsckt_wrst.gcc_rst.sckt_wr_rst_cc_reg[1]/Q
                         net (fo=2, routed)           0.868     0.420    i_axi_dwidth_converter_dm_slave/inst/gen_downsizer.gen_simple_downsizer.axi_downsizer_inst/USE_WRITE.write_addr_inst/cmd_queue/inst/fifo_gen_inst/inst_fifo_gen/gconvfifo.rf/grf.rf/rstblk/ngwrdrst.grst.g7serrst.gnsckt_wrst.gcc_rst.sckt_wr_rst_cc[1]
    SLICE_X101Y29        LUT3 (Prop_lut3_I0_O)        0.124     0.544 f  i_axi_dwidth_converter_dm_slave/inst/gen_downsizer.gen_simple_downsizer.axi_downsizer_inst/USE_WRITE.write_addr_inst/cmd_queue/inst/fifo_gen_inst/inst_fifo_gen/gconvfifo.rf/grf.rf/rstblk/gpregsm1.curr_fwft_state[1]_i_2/O
                         net (fo=32, routed)          1.589     2.133    i_axi_dwidth_converter_dm_slave/inst/gen_downsizer.gen_simple_downsizer.axi_downsizer_inst/USE_WRITE.write_addr_inst/cmd_queue/inst/fifo_gen_inst/inst_fifo_gen/gconvfifo.rf/grf.rf/gntv_or_sync_fifo.gl0.wr/wpntr/AR[0]
    SLICE_X105Y34        FDCE                                         f  i_axi_dwidth_converter_dm_slave/inst/gen_downsizer.gen_simple_downsizer.axi_downsizer_inst/USE_WRITE.write_addr_inst/cmd_queue/inst/fifo_gen_inst/inst_fifo_gen/gconvfifo.rf/grf.rf/gntv_or_sync_fifo.gl0.wr/wpntr/gcc0.gc0.count_d1_reg[0]/CLR
  -------------------------------------------------------------------    -------------------

                         (clock clk_out1_xlnx_clk_gen rise edge)
                                                     25.000    25.000 r  
    K17                                               0.000    25.000 r  clk_sys (IN)
                         net (fo=0)                   0.000    25.000    i_xlnx_clk_gen/inst/clk_in1
    K17                  IBUF (Prop_ibuf_I_O)         1.404    26.404 r  i_xlnx_clk_gen/inst/clkin1_ibufg/O
                         net (fo=1, routed)           1.162    27.566    i_xlnx_clk_gen/inst/clk_in1_xlnx_clk_gen
    MMCME2_ADV_X1Y2      MMCME2_ADV (Prop_mmcme2_adv_CLKIN1_CLKOUT0)
                                                     -7.814    19.752 r  i_xlnx_clk_gen/inst/mmcm_adv_inst/CLKOUT0
                         net (fo=1, routed)           2.012    21.764    i_xlnx_clk_gen/inst/clk_out1_xlnx_clk_gen
    BUFGCTRL_X0Y16       BUFG (Prop_bufg_I_O)         0.091    21.855 r  i_xlnx_clk_gen/inst/clkout1_buf/O
                         net (fo=15067, routed)       1.620    23.475    i_axi_dwidth_converter_dm_slave/inst/gen_downsizer.gen_simple_downsizer.axi_downsizer_inst/USE_WRITE.write_addr_inst/cmd_queue/inst/fifo_gen_inst/inst_fifo_gen/gconvfifo.rf/grf.rf/gntv_or_sync_fifo.gl0.wr/wpntr/clk
    SLICE_X105Y34        FDCE                                         r  i_axi_dwidth_converter_dm_slave/inst/gen_downsizer.gen_simple_downsizer.axi_downsizer_inst/USE_WRITE.write_addr_inst/cmd_queue/inst/fifo_gen_inst/inst_fifo_gen/gconvfifo.rf/grf.rf/gntv_or_sync_fifo.gl0.wr/wpntr/gcc0.gc0.count_d1_reg[0]/C
                         clock pessimism              0.567    24.043    
                         clock uncertainty           -0.082    23.961    
    SLICE_X105Y34        FDCE (Recov_fdce_C_CLR)     -0.405    23.556    i_axi_dwidth_converter_dm_slave/inst/gen_downsizer.gen_simple_downsizer.axi_downsizer_inst/USE_WRITE.write_addr_inst/cmd_queue/inst/fifo_gen_inst/inst_fifo_gen/gconvfifo.rf/grf.rf/gntv_or_sync_fifo.gl0.wr/wpntr/gcc0.gc0.count_d1_reg[0]
  -------------------------------------------------------------------
                         required time                         23.556    
                         arrival time                          -2.133    
  -------------------------------------------------------------------
                         slack                                 21.422    

Slack (MET) :             21.422ns  (required time - arrival time)
  Source:                 i_axi_dwidth_converter_dm_slave/inst/gen_downsizer.gen_simple_downsizer.axi_downsizer_inst/USE_WRITE.write_addr_inst/cmd_queue/inst/fifo_gen_inst/inst_fifo_gen/gconvfifo.rf/grf.rf/rstblk/ngwrdrst.grst.g7serrst.gnsckt_wrst.gcc_rst.sckt_wr_rst_cc_reg[1]/C
                            (rising edge-triggered cell FDRE clocked by clk_out1_xlnx_clk_gen  {rise@0.000ns fall@12.500ns period=25.000ns})
  Destination:            i_axi_dwidth_converter_dm_slave/inst/gen_downsizer.gen_simple_downsizer.axi_downsizer_inst/USE_WRITE.write_addr_inst/cmd_queue/inst/fifo_gen_inst/inst_fifo_gen/gconvfifo.rf/grf.rf/gntv_or_sync_fifo.gl0.wr/wpntr/gcc0.gc0.count_d1_reg[1]/CLR
                            (recovery check against rising-edge clock clk_out1_xlnx_clk_gen  {rise@0.000ns fall@12.500ns period=25.000ns})
  Path Group:             **async_default**
  Path Type:              Recovery (Max at Slow Process Corner)
  Requirement:            25.000ns  (clk_out1_xlnx_clk_gen rise@25.000ns - clk_out1_xlnx_clk_gen rise@0.000ns)
  Data Path Delay:        3.036ns  (logic 0.580ns (19.102%)  route 2.456ns (80.898%))
  Logic Levels:           1  (LUT3=1)
  Clock Path Skew:        -0.054ns (DCD - SCD + CPR)
    Destination Clock Delay (DCD):    -1.525ns = ( 23.475 - 25.000 ) 
    Source Clock Delay      (SCD):    -0.903ns
    Clock Pessimism Removal (CPR):    0.567ns
  Clock Uncertainty:      0.082ns  ((TSJ^2 + DJ^2)^1/2) / 2 + PE
    Total System Jitter     (TSJ):    0.071ns
    Discrete Jitter          (DJ):    0.149ns
    Phase Error              (PE):    0.000ns

    Location             Delay type                Incr(ns)  Path(ns)    Netlist Resource(s)
  -------------------------------------------------------------------    -------------------
                         (clock clk_out1_xlnx_clk_gen rise edge)
                                                      0.000     0.000 r  
    K17                                               0.000     0.000 r  clk_sys (IN)
                         net (fo=0)                   0.000     0.000    i_xlnx_clk_gen/inst/clk_in1
    K17                  IBUF (Prop_ibuf_I_O)         1.475     1.475 r  i_xlnx_clk_gen/inst/clkin1_ibufg/O
                         net (fo=1, routed)           1.285     2.760    i_xlnx_clk_gen/inst/clk_in1_xlnx_clk_gen
    MMCME2_ADV_X1Y2      MMCME2_ADV (Prop_mmcme2_adv_CLKIN1_CLKOUT0)
                                                     -7.759    -4.999 r  i_xlnx_clk_gen/inst/mmcm_adv_inst/CLKOUT0
                         net (fo=1, routed)           2.206    -2.793    i_xlnx_clk_gen/inst/clk_out1_xlnx_clk_gen
    BUFGCTRL_X0Y16       BUFG (Prop_bufg_I_O)         0.101    -2.692 r  i_xlnx_clk_gen/inst/clkout1_buf/O
                         net (fo=15067, routed)       1.789    -0.903    i_axi_dwidth_converter_dm_slave/inst/gen_downsizer.gen_simple_downsizer.axi_downsizer_inst/USE_WRITE.write_addr_inst/cmd_queue/inst/fifo_gen_inst/inst_fifo_gen/gconvfifo.rf/grf.rf/rstblk/clk
    SLICE_X101Y29        FDRE                                         r  i_axi_dwidth_converter_dm_slave/inst/gen_downsizer.gen_simple_downsizer.axi_downsizer_inst/USE_WRITE.write_addr_inst/cmd_queue/inst/fifo_gen_inst/inst_fifo_gen/gconvfifo.rf/grf.rf/rstblk/ngwrdrst.grst.g7serrst.gnsckt_wrst.gcc_rst.sckt_wr_rst_cc_reg[1]/C
  -------------------------------------------------------------------    -------------------
    SLICE_X101Y29        FDRE (Prop_fdre_C_Q)         0.456    -0.447 f  i_axi_dwidth_converter_dm_slave/inst/gen_downsizer.gen_simple_downsizer.axi_downsizer_inst/USE_WRITE.write_addr_inst/cmd_queue/inst/fifo_gen_inst/inst_fifo_gen/gconvfifo.rf/grf.rf/rstblk/ngwrdrst.grst.g7serrst.gnsckt_wrst.gcc_rst.sckt_wr_rst_cc_reg[1]/Q
                         net (fo=2, routed)           0.868     0.420    i_axi_dwidth_converter_dm_slave/inst/gen_downsizer.gen_simple_downsizer.axi_downsizer_inst/USE_WRITE.write_addr_inst/cmd_queue/inst/fifo_gen_inst/inst_fifo_gen/gconvfifo.rf/grf.rf/rstblk/ngwrdrst.grst.g7serrst.gnsckt_wrst.gcc_rst.sckt_wr_rst_cc[1]
    SLICE_X101Y29        LUT3 (Prop_lut3_I0_O)        0.124     0.544 f  i_axi_dwidth_converter_dm_slave/inst/gen_downsizer.gen_simple_downsizer.axi_downsizer_inst/USE_WRITE.write_addr_inst/cmd_queue/inst/fifo_gen_inst/inst_fifo_gen/gconvfifo.rf/grf.rf/rstblk/gpregsm1.curr_fwft_state[1]_i_2/O
                         net (fo=32, routed)          1.589     2.133    i_axi_dwidth_converter_dm_slave/inst/gen_downsizer.gen_simple_downsizer.axi_downsizer_inst/USE_WRITE.write_addr_inst/cmd_queue/inst/fifo_gen_inst/inst_fifo_gen/gconvfifo.rf/grf.rf/gntv_or_sync_fifo.gl0.wr/wpntr/AR[0]
    SLICE_X105Y34        FDCE                                         f  i_axi_dwidth_converter_dm_slave/inst/gen_downsizer.gen_simple_downsizer.axi_downsizer_inst/USE_WRITE.write_addr_inst/cmd_queue/inst/fifo_gen_inst/inst_fifo_gen/gconvfifo.rf/grf.rf/gntv_or_sync_fifo.gl0.wr/wpntr/gcc0.gc0.count_d1_reg[1]/CLR
  -------------------------------------------------------------------    -------------------

                         (clock clk_out1_xlnx_clk_gen rise edge)
                                                     25.000    25.000 r  
    K17                                               0.000    25.000 r  clk_sys (IN)
                         net (fo=0)                   0.000    25.000    i_xlnx_clk_gen/inst/clk_in1
    K17                  IBUF (Prop_ibuf_I_O)         1.404    26.404 r  i_xlnx_clk_gen/inst/clkin1_ibufg/O
                         net (fo=1, routed)           1.162    27.566    i_xlnx_clk_gen/inst/clk_in1_xlnx_clk_gen
    MMCME2_ADV_X1Y2      MMCME2_ADV (Prop_mmcme2_adv_CLKIN1_CLKOUT0)
                                                     -7.814    19.752 r  i_xlnx_clk_gen/inst/mmcm_adv_inst/CLKOUT0
                         net (fo=1, routed)           2.012    21.764    i_xlnx_clk_gen/inst/clk_out1_xlnx_clk_gen
    BUFGCTRL_X0Y16       BUFG (Prop_bufg_I_O)         0.091    21.855 r  i_xlnx_clk_gen/inst/clkout1_buf/O
                         net (fo=15067, routed)       1.620    23.475    i_axi_dwidth_converter_dm_slave/inst/gen_downsizer.gen_simple_downsizer.axi_downsizer_inst/USE_WRITE.write_addr_inst/cmd_queue/inst/fifo_gen_inst/inst_fifo_gen/gconvfifo.rf/grf.rf/gntv_or_sync_fifo.gl0.wr/wpntr/clk
    SLICE_X105Y34        FDCE                                         r  i_axi_dwidth_converter_dm_slave/inst/gen_downsizer.gen_simple_downsizer.axi_downsizer_inst/USE_WRITE.write_addr_inst/cmd_queue/inst/fifo_gen_inst/inst_fifo_gen/gconvfifo.rf/grf.rf/gntv_or_sync_fifo.gl0.wr/wpntr/gcc0.gc0.count_d1_reg[1]/C
                         clock pessimism              0.567    24.043    
                         clock uncertainty           -0.082    23.961    
    SLICE_X105Y34        FDCE (Recov_fdce_C_CLR)     -0.405    23.556    i_axi_dwidth_converter_dm_slave/inst/gen_downsizer.gen_simple_downsizer.axi_downsizer_inst/USE_WRITE.write_addr_inst/cmd_queue/inst/fifo_gen_inst/inst_fifo_gen/gconvfifo.rf/grf.rf/gntv_or_sync_fifo.gl0.wr/wpntr/gcc0.gc0.count_d1_reg[1]
  -------------------------------------------------------------------
                         required time                         23.556    
                         arrival time                          -2.133    
  -------------------------------------------------------------------
                         slack                                 21.422    

Slack (MET) :             21.422ns  (required time - arrival time)
  Source:                 i_axi_dwidth_converter_dm_slave/inst/gen_downsizer.gen_simple_downsizer.axi_downsizer_inst/USE_WRITE.write_addr_inst/cmd_queue/inst/fifo_gen_inst/inst_fifo_gen/gconvfifo.rf/grf.rf/rstblk/ngwrdrst.grst.g7serrst.gnsckt_wrst.gcc_rst.sckt_wr_rst_cc_reg[1]/C
                            (rising edge-triggered cell FDRE clocked by clk_out1_xlnx_clk_gen  {rise@0.000ns fall@12.500ns period=25.000ns})
  Destination:            i_axi_dwidth_converter_dm_slave/inst/gen_downsizer.gen_simple_downsizer.axi_downsizer_inst/USE_WRITE.write_addr_inst/cmd_queue/inst/fifo_gen_inst/inst_fifo_gen/gconvfifo.rf/grf.rf/gntv_or_sync_fifo.gl0.wr/wpntr/gcc0.gc0.count_d1_reg[2]/CLR
                            (recovery check against rising-edge clock clk_out1_xlnx_clk_gen  {rise@0.000ns fall@12.500ns period=25.000ns})
  Path Group:             **async_default**
  Path Type:              Recovery (Max at Slow Process Corner)
  Requirement:            25.000ns  (clk_out1_xlnx_clk_gen rise@25.000ns - clk_out1_xlnx_clk_gen rise@0.000ns)
  Data Path Delay:        3.036ns  (logic 0.580ns (19.102%)  route 2.456ns (80.898%))
  Logic Levels:           1  (LUT3=1)
  Clock Path Skew:        -0.054ns (DCD - SCD + CPR)
    Destination Clock Delay (DCD):    -1.525ns = ( 23.475 - 25.000 ) 
    Source Clock Delay      (SCD):    -0.903ns
    Clock Pessimism Removal (CPR):    0.567ns
  Clock Uncertainty:      0.082ns  ((TSJ^2 + DJ^2)^1/2) / 2 + PE
    Total System Jitter     (TSJ):    0.071ns
    Discrete Jitter          (DJ):    0.149ns
    Phase Error              (PE):    0.000ns

    Location             Delay type                Incr(ns)  Path(ns)    Netlist Resource(s)
  -------------------------------------------------------------------    -------------------
                         (clock clk_out1_xlnx_clk_gen rise edge)
                                                      0.000     0.000 r  
    K17                                               0.000     0.000 r  clk_sys (IN)
                         net (fo=0)                   0.000     0.000    i_xlnx_clk_gen/inst/clk_in1
    K17                  IBUF (Prop_ibuf_I_O)         1.475     1.475 r  i_xlnx_clk_gen/inst/clkin1_ibufg/O
                         net (fo=1, routed)           1.285     2.760    i_xlnx_clk_gen/inst/clk_in1_xlnx_clk_gen
    MMCME2_ADV_X1Y2      MMCME2_ADV (Prop_mmcme2_adv_CLKIN1_CLKOUT0)
                                                     -7.759    -4.999 r  i_xlnx_clk_gen/inst/mmcm_adv_inst/CLKOUT0
                         net (fo=1, routed)           2.206    -2.793    i_xlnx_clk_gen/inst/clk_out1_xlnx_clk_gen
    BUFGCTRL_X0Y16       BUFG (Prop_bufg_I_O)         0.101    -2.692 r  i_xlnx_clk_gen/inst/clkout1_buf/O
                         net (fo=15067, routed)       1.789    -0.903    i_axi_dwidth_converter_dm_slave/inst/gen_downsizer.gen_simple_downsizer.axi_downsizer_inst/USE_WRITE.write_addr_inst/cmd_queue/inst/fifo_gen_inst/inst_fifo_gen/gconvfifo.rf/grf.rf/rstblk/clk
    SLICE_X101Y29        FDRE                                         r  i_axi_dwidth_converter_dm_slave/inst/gen_downsizer.gen_simple_downsizer.axi_downsizer_inst/USE_WRITE.write_addr_inst/cmd_queue/inst/fifo_gen_inst/inst_fifo_gen/gconvfifo.rf/grf.rf/rstblk/ngwrdrst.grst.g7serrst.gnsckt_wrst.gcc_rst.sckt_wr_rst_cc_reg[1]/C
  -------------------------------------------------------------------    -------------------
    SLICE_X101Y29        FDRE (Prop_fdre_C_Q)         0.456    -0.447 f  i_axi_dwidth_converter_dm_slave/inst/gen_downsizer.gen_simple_downsizer.axi_downsizer_inst/USE_WRITE.write_addr_inst/cmd_queue/inst/fifo_gen_inst/inst_fifo_gen/gconvfifo.rf/grf.rf/rstblk/ngwrdrst.grst.g7serrst.gnsckt_wrst.gcc_rst.sckt_wr_rst_cc_reg[1]/Q
                         net (fo=2, routed)           0.868     0.420    i_axi_dwidth_converter_dm_slave/inst/gen_downsizer.gen_simple_downsizer.axi_downsizer_inst/USE_WRITE.write_addr_inst/cmd_queue/inst/fifo_gen_inst/inst_fifo_gen/gconvfifo.rf/grf.rf/rstblk/ngwrdrst.grst.g7serrst.gnsckt_wrst.gcc_rst.sckt_wr_rst_cc[1]
    SLICE_X101Y29        LUT3 (Prop_lut3_I0_O)        0.124     0.544 f  i_axi_dwidth_converter_dm_slave/inst/gen_downsizer.gen_simple_downsizer.axi_downsizer_inst/USE_WRITE.write_addr_inst/cmd_queue/inst/fifo_gen_inst/inst_fifo_gen/gconvfifo.rf/grf.rf/rstblk/gpregsm1.curr_fwft_state[1]_i_2/O
                         net (fo=32, routed)          1.589     2.133    i_axi_dwidth_converter_dm_slave/inst/gen_downsizer.gen_simple_downsizer.axi_downsizer_inst/USE_WRITE.write_addr_inst/cmd_queue/inst/fifo_gen_inst/inst_fifo_gen/gconvfifo.rf/grf.rf/gntv_or_sync_fifo.gl0.wr/wpntr/AR[0]
    SLICE_X105Y34        FDCE                                         f  i_axi_dwidth_converter_dm_slave/inst/gen_downsizer.gen_simple_downsizer.axi_downsizer_inst/USE_WRITE.write_addr_inst/cmd_queue/inst/fifo_gen_inst/inst_fifo_gen/gconvfifo.rf/grf.rf/gntv_or_sync_fifo.gl0.wr/wpntr/gcc0.gc0.count_d1_reg[2]/CLR
  -------------------------------------------------------------------    -------------------

                         (clock clk_out1_xlnx_clk_gen rise edge)
                                                     25.000    25.000 r  
    K17                                               0.000    25.000 r  clk_sys (IN)
                         net (fo=0)                   0.000    25.000    i_xlnx_clk_gen/inst/clk_in1
    K17                  IBUF (Prop_ibuf_I_O)         1.404    26.404 r  i_xlnx_clk_gen/inst/clkin1_ibufg/O
                         net (fo=1, routed)           1.162    27.566    i_xlnx_clk_gen/inst/clk_in1_xlnx_clk_gen
    MMCME2_ADV_X1Y2      MMCME2_ADV (Prop_mmcme2_adv_CLKIN1_CLKOUT0)
                                                     -7.814    19.752 r  i_xlnx_clk_gen/inst/mmcm_adv_inst/CLKOUT0
                         net (fo=1, routed)           2.012    21.764    i_xlnx_clk_gen/inst/clk_out1_xlnx_clk_gen
    BUFGCTRL_X0Y16       BUFG (Prop_bufg_I_O)         0.091    21.855 r  i_xlnx_clk_gen/inst/clkout1_buf/O
                         net (fo=15067, routed)       1.620    23.475    i_axi_dwidth_converter_dm_slave/inst/gen_downsizer.gen_simple_downsizer.axi_downsizer_inst/USE_WRITE.write_addr_inst/cmd_queue/inst/fifo_gen_inst/inst_fifo_gen/gconvfifo.rf/grf.rf/gntv_or_sync_fifo.gl0.wr/wpntr/clk
    SLICE_X105Y34        FDCE                                         r  i_axi_dwidth_converter_dm_slave/inst/gen_downsizer.gen_simple_downsizer.axi_downsizer_inst/USE_WRITE.write_addr_inst/cmd_queue/inst/fifo_gen_inst/inst_fifo_gen/gconvfifo.rf/grf.rf/gntv_or_sync_fifo.gl0.wr/wpntr/gcc0.gc0.count_d1_reg[2]/C
                         clock pessimism              0.567    24.043    
                         clock uncertainty           -0.082    23.961    
    SLICE_X105Y34        FDCE (Recov_fdce_C_CLR)     -0.405    23.556    i_axi_dwidth_converter_dm_slave/inst/gen_downsizer.gen_simple_downsizer.axi_downsizer_inst/USE_WRITE.write_addr_inst/cmd_queue/inst/fifo_gen_inst/inst_fifo_gen/gconvfifo.rf/grf.rf/gntv_or_sync_fifo.gl0.wr/wpntr/gcc0.gc0.count_d1_reg[2]
  -------------------------------------------------------------------
                         required time                         23.556    
                         arrival time                          -2.133    
  -------------------------------------------------------------------
                         slack                                 21.422    

Slack (MET) :             21.422ns  (required time - arrival time)
  Source:                 i_axi_dwidth_converter_dm_slave/inst/gen_downsizer.gen_simple_downsizer.axi_downsizer_inst/USE_WRITE.write_addr_inst/cmd_queue/inst/fifo_gen_inst/inst_fifo_gen/gconvfifo.rf/grf.rf/rstblk/ngwrdrst.grst.g7serrst.gnsckt_wrst.gcc_rst.sckt_wr_rst_cc_reg[1]/C
                            (rising edge-triggered cell FDRE clocked by clk_out1_xlnx_clk_gen  {rise@0.000ns fall@12.500ns period=25.000ns})
  Destination:            i_axi_dwidth_converter_dm_slave/inst/gen_downsizer.gen_simple_downsizer.axi_downsizer_inst/USE_WRITE.write_addr_inst/cmd_queue/inst/fifo_gen_inst/inst_fifo_gen/gconvfifo.rf/grf.rf/gntv_or_sync_fifo.gl0.wr/wpntr/gcc0.gc0.count_reg[2]/CLR
                            (recovery check against rising-edge clock clk_out1_xlnx_clk_gen  {rise@0.000ns fall@12.500ns period=25.000ns})
  Path Group:             **async_default**
  Path Type:              Recovery (Max at Slow Process Corner)
  Requirement:            25.000ns  (clk_out1_xlnx_clk_gen rise@25.000ns - clk_out1_xlnx_clk_gen rise@0.000ns)
  Data Path Delay:        3.036ns  (logic 0.580ns (19.102%)  route 2.456ns (80.898%))
  Logic Levels:           1  (LUT3=1)
  Clock Path Skew:        -0.054ns (DCD - SCD + CPR)
    Destination Clock Delay (DCD):    -1.525ns = ( 23.475 - 25.000 ) 
    Source Clock Delay      (SCD):    -0.903ns
    Clock Pessimism Removal (CPR):    0.567ns
  Clock Uncertainty:      0.082ns  ((TSJ^2 + DJ^2)^1/2) / 2 + PE
    Total System Jitter     (TSJ):    0.071ns
    Discrete Jitter          (DJ):    0.149ns
    Phase Error              (PE):    0.000ns

    Location             Delay type                Incr(ns)  Path(ns)    Netlist Resource(s)
  -------------------------------------------------------------------    -------------------
                         (clock clk_out1_xlnx_clk_gen rise edge)
                                                      0.000     0.000 r  
    K17                                               0.000     0.000 r  clk_sys (IN)
                         net (fo=0)                   0.000     0.000    i_xlnx_clk_gen/inst/clk_in1
    K17                  IBUF (Prop_ibuf_I_O)         1.475     1.475 r  i_xlnx_clk_gen/inst/clkin1_ibufg/O
                         net (fo=1, routed)           1.285     2.760    i_xlnx_clk_gen/inst/clk_in1_xlnx_clk_gen
    MMCME2_ADV_X1Y2      MMCME2_ADV (Prop_mmcme2_adv_CLKIN1_CLKOUT0)
                                                     -7.759    -4.999 r  i_xlnx_clk_gen/inst/mmcm_adv_inst/CLKOUT0
                         net (fo=1, routed)           2.206    -2.793    i_xlnx_clk_gen/inst/clk_out1_xlnx_clk_gen
    BUFGCTRL_X0Y16       BUFG (Prop_bufg_I_O)         0.101    -2.692 r  i_xlnx_clk_gen/inst/clkout1_buf/O
                         net (fo=15067, routed)       1.789    -0.903    i_axi_dwidth_converter_dm_slave/inst/gen_downsizer.gen_simple_downsizer.axi_downsizer_inst/USE_WRITE.write_addr_inst/cmd_queue/inst/fifo_gen_inst/inst_fifo_gen/gconvfifo.rf/grf.rf/rstblk/clk
    SLICE_X101Y29        FDRE                                         r  i_axi_dwidth_converter_dm_slave/inst/gen_downsizer.gen_simple_downsizer.axi_downsizer_inst/USE_WRITE.write_addr_inst/cmd_queue/inst/fifo_gen_inst/inst_fifo_gen/gconvfifo.rf/grf.rf/rstblk/ngwrdrst.grst.g7serrst.gnsckt_wrst.gcc_rst.sckt_wr_rst_cc_reg[1]/C
  -------------------------------------------------------------------    -------------------
    SLICE_X101Y29        FDRE (Prop_fdre_C_Q)         0.456    -0.447 f  i_axi_dwidth_converter_dm_slave/inst/gen_downsizer.gen_simple_downsizer.axi_downsizer_inst/USE_WRITE.write_addr_inst/cmd_queue/inst/fifo_gen_inst/inst_fifo_gen/gconvfifo.rf/grf.rf/rstblk/ngwrdrst.grst.g7serrst.gnsckt_wrst.gcc_rst.sckt_wr_rst_cc_reg[1]/Q
                         net (fo=2, routed)           0.868     0.420    i_axi_dwidth_converter_dm_slave/inst/gen_downsizer.gen_simple_downsizer.axi_downsizer_inst/USE_WRITE.write_addr_inst/cmd_queue/inst/fifo_gen_inst/inst_fifo_gen/gconvfifo.rf/grf.rf/rstblk/ngwrdrst.grst.g7serrst.gnsckt_wrst.gcc_rst.sckt_wr_rst_cc[1]
    SLICE_X101Y29        LUT3 (Prop_lut3_I0_O)        0.124     0.544 f  i_axi_dwidth_converter_dm_slave/inst/gen_downsizer.gen_simple_downsizer.axi_downsizer_inst/USE_WRITE.write_addr_inst/cmd_queue/inst/fifo_gen_inst/inst_fifo_gen/gconvfifo.rf/grf.rf/rstblk/gpregsm1.curr_fwft_state[1]_i_2/O
                         net (fo=32, routed)          1.589     2.133    i_axi_dwidth_converter_dm_slave/inst/gen_downsizer.gen_simple_downsizer.axi_downsizer_inst/USE_WRITE.write_addr_inst/cmd_queue/inst/fifo_gen_inst/inst_fifo_gen/gconvfifo.rf/grf.rf/gntv_or_sync_fifo.gl0.wr/wpntr/AR[0]
    SLICE_X105Y34        FDCE                                         f  i_axi_dwidth_converter_dm_slave/inst/gen_downsizer.gen_simple_downsizer.axi_downsizer_inst/USE_WRITE.write_addr_inst/cmd_queue/inst/fifo_gen_inst/inst_fifo_gen/gconvfifo.rf/grf.rf/gntv_or_sync_fifo.gl0.wr/wpntr/gcc0.gc0.count_reg[2]/CLR
  -------------------------------------------------------------------    -------------------

                         (clock clk_out1_xlnx_clk_gen rise edge)
                                                     25.000    25.000 r  
    K17                                               0.000    25.000 r  clk_sys (IN)
                         net (fo=0)                   0.000    25.000    i_xlnx_clk_gen/inst/clk_in1
    K17                  IBUF (Prop_ibuf_I_O)         1.404    26.404 r  i_xlnx_clk_gen/inst/clkin1_ibufg/O
                         net (fo=1, routed)           1.162    27.566    i_xlnx_clk_gen/inst/clk_in1_xlnx_clk_gen
    MMCME2_ADV_X1Y2      MMCME2_ADV (Prop_mmcme2_adv_CLKIN1_CLKOUT0)
                                                     -7.814    19.752 r  i_xlnx_clk_gen/inst/mmcm_adv_inst/CLKOUT0
                         net (fo=1, routed)           2.012    21.764    i_xlnx_clk_gen/inst/clk_out1_xlnx_clk_gen
    BUFGCTRL_X0Y16       BUFG (Prop_bufg_I_O)         0.091    21.855 r  i_xlnx_clk_gen/inst/clkout1_buf/O
                         net (fo=15067, routed)       1.620    23.475    i_axi_dwidth_converter_dm_slave/inst/gen_downsizer.gen_simple_downsizer.axi_downsizer_inst/USE_WRITE.write_addr_inst/cmd_queue/inst/fifo_gen_inst/inst_fifo_gen/gconvfifo.rf/grf.rf/gntv_or_sync_fifo.gl0.wr/wpntr/clk
    SLICE_X105Y34        FDCE                                         r  i_axi_dwidth_converter_dm_slave/inst/gen_downsizer.gen_simple_downsizer.axi_downsizer_inst/USE_WRITE.write_addr_inst/cmd_queue/inst/fifo_gen_inst/inst_fifo_gen/gconvfifo.rf/grf.rf/gntv_or_sync_fifo.gl0.wr/wpntr/gcc0.gc0.count_reg[2]/C
                         clock pessimism              0.567    24.043    
                         clock uncertainty           -0.082    23.961    
    SLICE_X105Y34        FDCE (Recov_fdce_C_CLR)     -0.405    23.556    i_axi_dwidth_converter_dm_slave/inst/gen_downsizer.gen_simple_downsizer.axi_downsizer_inst/USE_WRITE.write_addr_inst/cmd_queue/inst/fifo_gen_inst/inst_fifo_gen/gconvfifo.rf/grf.rf/gntv_or_sync_fifo.gl0.wr/wpntr/gcc0.gc0.count_reg[2]
  -------------------------------------------------------------------
                         required time                         23.556    
                         arrival time                          -2.133    
  -------------------------------------------------------------------
                         slack                                 21.422    

Slack (MET) :             21.468ns  (required time - arrival time)
  Source:                 i_axi_dwidth_converter_dm_slave/inst/gen_downsizer.gen_simple_downsizer.axi_downsizer_inst/USE_WRITE.write_addr_inst/cmd_queue/inst/fifo_gen_inst/inst_fifo_gen/gconvfifo.rf/grf.rf/rstblk/ngwrdrst.grst.g7serrst.gnsckt_wrst.gcc_rst.sckt_wr_rst_cc_reg[1]/C
                            (rising edge-triggered cell FDRE clocked by clk_out1_xlnx_clk_gen  {rise@0.000ns fall@12.500ns period=25.000ns})
  Destination:            i_axi_dwidth_converter_dm_slave/inst/gen_downsizer.gen_simple_downsizer.axi_downsizer_inst/USE_WRITE.write_addr_inst/cmd_queue/inst/fifo_gen_inst/inst_fifo_gen/gconvfifo.rf/grf.rf/gntv_or_sync_fifo.gl0.wr/wpntr/gcc0.gc0.count_reg[0]/PRE
                            (recovery check against rising-edge clock clk_out1_xlnx_clk_gen  {rise@0.000ns fall@12.500ns period=25.000ns})
  Path Group:             **async_default**
  Path Type:              Recovery (Max at Slow Process Corner)
  Requirement:            25.000ns  (clk_out1_xlnx_clk_gen rise@25.000ns - clk_out1_xlnx_clk_gen rise@0.000ns)
  Data Path Delay:        3.036ns  (logic 0.580ns (19.102%)  route 2.456ns (80.898%))
  Logic Levels:           1  (LUT3=1)
  Clock Path Skew:        -0.054ns (DCD - SCD + CPR)
    Destination Clock Delay (DCD):    -1.525ns = ( 23.475 - 25.000 ) 
    Source Clock Delay      (SCD):    -0.903ns
    Clock Pessimism Removal (CPR):    0.567ns
  Clock Uncertainty:      0.082ns  ((TSJ^2 + DJ^2)^1/2) / 2 + PE
    Total System Jitter     (TSJ):    0.071ns
    Discrete Jitter          (DJ):    0.149ns
    Phase Error              (PE):    0.000ns

    Location             Delay type                Incr(ns)  Path(ns)    Netlist Resource(s)
  -------------------------------------------------------------------    -------------------
                         (clock clk_out1_xlnx_clk_gen rise edge)
                                                      0.000     0.000 r  
    K17                                               0.000     0.000 r  clk_sys (IN)
                         net (fo=0)                   0.000     0.000    i_xlnx_clk_gen/inst/clk_in1
    K17                  IBUF (Prop_ibuf_I_O)         1.475     1.475 r  i_xlnx_clk_gen/inst/clkin1_ibufg/O
                         net (fo=1, routed)           1.285     2.760    i_xlnx_clk_gen/inst/clk_in1_xlnx_clk_gen
    MMCME2_ADV_X1Y2      MMCME2_ADV (Prop_mmcme2_adv_CLKIN1_CLKOUT0)
                                                     -7.759    -4.999 r  i_xlnx_clk_gen/inst/mmcm_adv_inst/CLKOUT0
                         net (fo=1, routed)           2.206    -2.793    i_xlnx_clk_gen/inst/clk_out1_xlnx_clk_gen
    BUFGCTRL_X0Y16       BUFG (Prop_bufg_I_O)         0.101    -2.692 r  i_xlnx_clk_gen/inst/clkout1_buf/O
                         net (fo=15067, routed)       1.789    -0.903    i_axi_dwidth_converter_dm_slave/inst/gen_downsizer.gen_simple_downsizer.axi_downsizer_inst/USE_WRITE.write_addr_inst/cmd_queue/inst/fifo_gen_inst/inst_fifo_gen/gconvfifo.rf/grf.rf/rstblk/clk
    SLICE_X101Y29        FDRE                                         r  i_axi_dwidth_converter_dm_slave/inst/gen_downsizer.gen_simple_downsizer.axi_downsizer_inst/USE_WRITE.write_addr_inst/cmd_queue/inst/fifo_gen_inst/inst_fifo_gen/gconvfifo.rf/grf.rf/rstblk/ngwrdrst.grst.g7serrst.gnsckt_wrst.gcc_rst.sckt_wr_rst_cc_reg[1]/C
  -------------------------------------------------------------------    -------------------
    SLICE_X101Y29        FDRE (Prop_fdre_C_Q)         0.456    -0.447 f  i_axi_dwidth_converter_dm_slave/inst/gen_downsizer.gen_simple_downsizer.axi_downsizer_inst/USE_WRITE.write_addr_inst/cmd_queue/inst/fifo_gen_inst/inst_fifo_gen/gconvfifo.rf/grf.rf/rstblk/ngwrdrst.grst.g7serrst.gnsckt_wrst.gcc_rst.sckt_wr_rst_cc_reg[1]/Q
                         net (fo=2, routed)           0.868     0.420    i_axi_dwidth_converter_dm_slave/inst/gen_downsizer.gen_simple_downsizer.axi_downsizer_inst/USE_WRITE.write_addr_inst/cmd_queue/inst/fifo_gen_inst/inst_fifo_gen/gconvfifo.rf/grf.rf/rstblk/ngwrdrst.grst.g7serrst.gnsckt_wrst.gcc_rst.sckt_wr_rst_cc[1]
    SLICE_X101Y29        LUT3 (Prop_lut3_I0_O)        0.124     0.544 f  i_axi_dwidth_converter_dm_slave/inst/gen_downsizer.gen_simple_downsizer.axi_downsizer_inst/USE_WRITE.write_addr_inst/cmd_queue/inst/fifo_gen_inst/inst_fifo_gen/gconvfifo.rf/grf.rf/rstblk/gpregsm1.curr_fwft_state[1]_i_2/O
                         net (fo=32, routed)          1.589     2.133    i_axi_dwidth_converter_dm_slave/inst/gen_downsizer.gen_simple_downsizer.axi_downsizer_inst/USE_WRITE.write_addr_inst/cmd_queue/inst/fifo_gen_inst/inst_fifo_gen/gconvfifo.rf/grf.rf/gntv_or_sync_fifo.gl0.wr/wpntr/AR[0]
    SLICE_X105Y34        FDPE                                         f  i_axi_dwidth_converter_dm_slave/inst/gen_downsizer.gen_simple_downsizer.axi_downsizer_inst/USE_WRITE.write_addr_inst/cmd_queue/inst/fifo_gen_inst/inst_fifo_gen/gconvfifo.rf/grf.rf/gntv_or_sync_fifo.gl0.wr/wpntr/gcc0.gc0.count_reg[0]/PRE
  -------------------------------------------------------------------    -------------------

                         (clock clk_out1_xlnx_clk_gen rise edge)
                                                     25.000    25.000 r  
    K17                                               0.000    25.000 r  clk_sys (IN)
                         net (fo=0)                   0.000    25.000    i_xlnx_clk_gen/inst/clk_in1
    K17                  IBUF (Prop_ibuf_I_O)         1.404    26.404 r  i_xlnx_clk_gen/inst/clkin1_ibufg/O
                         net (fo=1, routed)           1.162    27.566    i_xlnx_clk_gen/inst/clk_in1_xlnx_clk_gen
    MMCME2_ADV_X1Y2      MMCME2_ADV (Prop_mmcme2_adv_CLKIN1_CLKOUT0)
                                                     -7.814    19.752 r  i_xlnx_clk_gen/inst/mmcm_adv_inst/CLKOUT0
                         net (fo=1, routed)           2.012    21.764    i_xlnx_clk_gen/inst/clk_out1_xlnx_clk_gen
    BUFGCTRL_X0Y16       BUFG (Prop_bufg_I_O)         0.091    21.855 r  i_xlnx_clk_gen/inst/clkout1_buf/O
                         net (fo=15067, routed)       1.620    23.475    i_axi_dwidth_converter_dm_slave/inst/gen_downsizer.gen_simple_downsizer.axi_downsizer_inst/USE_WRITE.write_addr_inst/cmd_queue/inst/fifo_gen_inst/inst_fifo_gen/gconvfifo.rf/grf.rf/gntv_or_sync_fifo.gl0.wr/wpntr/clk
    SLICE_X105Y34        FDPE                                         r  i_axi_dwidth_converter_dm_slave/inst/gen_downsizer.gen_simple_downsizer.axi_downsizer_inst/USE_WRITE.write_addr_inst/cmd_queue/inst/fifo_gen_inst/inst_fifo_gen/gconvfifo.rf/grf.rf/gntv_or_sync_fifo.gl0.wr/wpntr/gcc0.gc0.count_reg[0]/C
                         clock pessimism              0.567    24.043    
                         clock uncertainty           -0.082    23.961    
    SLICE_X105Y34        FDPE (Recov_fdpe_C_PRE)     -0.359    23.602    i_axi_dwidth_converter_dm_slave/inst/gen_downsizer.gen_simple_downsizer.axi_downsizer_inst/USE_WRITE.write_addr_inst/cmd_queue/inst/fifo_gen_inst/inst_fifo_gen/gconvfifo.rf/grf.rf/gntv_or_sync_fifo.gl0.wr/wpntr/gcc0.gc0.count_reg[0]
  -------------------------------------------------------------------
                         required time                         23.602    
                         arrival time                          -2.133    
  -------------------------------------------------------------------
                         slack                                 21.468    

Slack (MET) :             21.974ns  (required time - arrival time)
  Source:                 i_axi_dwidth_converter_dm_slave/inst/gen_downsizer.gen_simple_downsizer.axi_downsizer_inst/USE_READ.read_addr_inst/cmd_queue/inst/fifo_gen_inst/inst_fifo_gen/gconvfifo.rf/grf.rf/rstblk/ngwrdrst.grst.g7serrst.gnsckt_wrst.rst_wr_reg2_inst/arststages_ff_reg[1]/C
                            (rising edge-triggered cell FDPE clocked by clk_out1_xlnx_clk_gen  {rise@0.000ns fall@12.500ns period=25.000ns})
  Destination:            i_axi_dwidth_converter_dm_slave/inst/gen_downsizer.gen_simple_downsizer.axi_downsizer_inst/USE_READ.read_addr_inst/cmd_queue/inst/fifo_gen_inst/inst_fifo_gen/gconvfifo.rf/grf.rf/gntv_or_sync_fifo.gl0.rd/rpntr/gc0.count_d1_reg[0]/CLR
                            (recovery check against rising-edge clock clk_out1_xlnx_clk_gen  {rise@0.000ns fall@12.500ns period=25.000ns})
  Path Group:             **async_default**
  Path Type:              Recovery (Max at Slow Process Corner)
  Requirement:            25.000ns  (clk_out1_xlnx_clk_gen rise@25.000ns - clk_out1_xlnx_clk_gen rise@0.000ns)
  Data Path Delay:        2.476ns  (logic 0.773ns (31.226%)  route 1.703ns (68.774%))
  Logic Levels:           1  (LUT3=1)
  Clock Path Skew:        -0.063ns (DCD - SCD + CPR)
    Destination Clock Delay (DCD):    -1.521ns = ( 23.479 - 25.000 ) 
    Source Clock Delay      (SCD):    -0.890ns
    Clock Pessimism Removal (CPR):    0.567ns
  Clock Uncertainty:      0.082ns  ((TSJ^2 + DJ^2)^1/2) / 2 + PE
    Total System Jitter     (TSJ):    0.071ns
    Discrete Jitter          (DJ):    0.149ns
    Phase Error              (PE):    0.000ns

    Location             Delay type                Incr(ns)  Path(ns)    Netlist Resource(s)
  -------------------------------------------------------------------    -------------------
                         (clock clk_out1_xlnx_clk_gen rise edge)
                                                      0.000     0.000 r  
    K17                                               0.000     0.000 r  clk_sys (IN)
                         net (fo=0)                   0.000     0.000    i_xlnx_clk_gen/inst/clk_in1
    K17                  IBUF (Prop_ibuf_I_O)         1.475     1.475 r  i_xlnx_clk_gen/inst/clkin1_ibufg/O
                         net (fo=1, routed)           1.285     2.760    i_xlnx_clk_gen/inst/clk_in1_xlnx_clk_gen
    MMCME2_ADV_X1Y2      MMCME2_ADV (Prop_mmcme2_adv_CLKIN1_CLKOUT0)
                                                     -7.759    -4.999 r  i_xlnx_clk_gen/inst/mmcm_adv_inst/CLKOUT0
                         net (fo=1, routed)           2.206    -2.793    i_xlnx_clk_gen/inst/clk_out1_xlnx_clk_gen
    BUFGCTRL_X0Y16       BUFG (Prop_bufg_I_O)         0.101    -2.692 r  i_xlnx_clk_gen/inst/clkout1_buf/O
                         net (fo=15067, routed)       1.802    -0.890    i_axi_dwidth_converter_dm_slave/inst/gen_downsizer.gen_simple_downsizer.axi_downsizer_inst/USE_READ.read_addr_inst/cmd_queue/inst/fifo_gen_inst/inst_fifo_gen/gconvfifo.rf/grf.rf/rstblk/ngwrdrst.grst.g7serrst.gnsckt_wrst.rst_wr_reg2_inst/dest_clk
    SLICE_X104Y41        FDPE                                         r  i_axi_dwidth_converter_dm_slave/inst/gen_downsizer.gen_simple_downsizer.axi_downsizer_inst/USE_READ.read_addr_inst/cmd_queue/inst/fifo_gen_inst/inst_fifo_gen/gconvfifo.rf/grf.rf/rstblk/ngwrdrst.grst.g7serrst.gnsckt_wrst.rst_wr_reg2_inst/arststages_ff_reg[1]/C
  -------------------------------------------------------------------    -------------------
    SLICE_X104Y41        FDPE (Prop_fdpe_C_Q)         0.478    -0.412 f  i_axi_dwidth_converter_dm_slave/inst/gen_downsizer.gen_simple_downsizer.axi_downsizer_inst/USE_READ.read_addr_inst/cmd_queue/inst/fifo_gen_inst/inst_fifo_gen/gconvfifo.rf/grf.rf/rstblk/ngwrdrst.grst.g7serrst.gnsckt_wrst.rst_wr_reg2_inst/arststages_ff_reg[1]/Q
                         net (fo=3, routed)           0.593     0.180    i_axi_dwidth_converter_dm_slave/inst/gen_downsizer.gen_simple_downsizer.axi_downsizer_inst/USE_READ.read_addr_inst/cmd_queue/inst/fifo_gen_inst/inst_fifo_gen/gconvfifo.rf/grf.rf/rstblk/ngwrdrst.rst_wr_reg2
    SLICE_X103Y41        LUT3 (Prop_lut3_I2_O)        0.295     0.475 f  i_axi_dwidth_converter_dm_slave/inst/gen_downsizer.gen_simple_downsizer.axi_downsizer_inst/USE_READ.read_addr_inst/cmd_queue/inst/fifo_gen_inst/inst_fifo_gen/gconvfifo.rf/grf.rf/rstblk/gpregsm1.curr_fwft_state[1]_i_2/O
                         net (fo=32, routed)          1.110     1.585    i_axi_dwidth_converter_dm_slave/inst/gen_downsizer.gen_simple_downsizer.axi_downsizer_inst/USE_READ.read_addr_inst/cmd_queue/inst/fifo_gen_inst/inst_fifo_gen/gconvfifo.rf/grf.rf/gntv_or_sync_fifo.gl0.rd/rpntr/gc0.count_d1_reg[4]_1
    SLICE_X97Y43         FDCE                                         f  i_axi_dwidth_converter_dm_slave/inst/gen_downsizer.gen_simple_downsizer.axi_downsizer_inst/USE_READ.read_addr_inst/cmd_queue/inst/fifo_gen_inst/inst_fifo_gen/gconvfifo.rf/grf.rf/gntv_or_sync_fifo.gl0.rd/rpntr/gc0.count_d1_reg[0]/CLR
  -------------------------------------------------------------------    -------------------

                         (clock clk_out1_xlnx_clk_gen rise edge)
                                                     25.000    25.000 r  
    K17                                               0.000    25.000 r  clk_sys (IN)
                         net (fo=0)                   0.000    25.000    i_xlnx_clk_gen/inst/clk_in1
    K17                  IBUF (Prop_ibuf_I_O)         1.404    26.404 r  i_xlnx_clk_gen/inst/clkin1_ibufg/O
                         net (fo=1, routed)           1.162    27.566    i_xlnx_clk_gen/inst/clk_in1_xlnx_clk_gen
    MMCME2_ADV_X1Y2      MMCME2_ADV (Prop_mmcme2_adv_CLKIN1_CLKOUT0)
                                                     -7.814    19.752 r  i_xlnx_clk_gen/inst/mmcm_adv_inst/CLKOUT0
                         net (fo=1, routed)           2.012    21.764    i_xlnx_clk_gen/inst/clk_out1_xlnx_clk_gen
    BUFGCTRL_X0Y16       BUFG (Prop_bufg_I_O)         0.091    21.855 r  i_xlnx_clk_gen/inst/clkout1_buf/O
                         net (fo=15067, routed)       1.624    23.479    i_axi_dwidth_converter_dm_slave/inst/gen_downsizer.gen_simple_downsizer.axi_downsizer_inst/USE_READ.read_addr_inst/cmd_queue/inst/fifo_gen_inst/inst_fifo_gen/gconvfifo.rf/grf.rf/gntv_or_sync_fifo.gl0.rd/rpntr/clk
    SLICE_X97Y43         FDCE                                         r  i_axi_dwidth_converter_dm_slave/inst/gen_downsizer.gen_simple_downsizer.axi_downsizer_inst/USE_READ.read_addr_inst/cmd_queue/inst/fifo_gen_inst/inst_fifo_gen/gconvfifo.rf/grf.rf/gntv_or_sync_fifo.gl0.rd/rpntr/gc0.count_d1_reg[0]/C
                         clock pessimism              0.567    24.047    
                         clock uncertainty           -0.082    23.965    
    SLICE_X97Y43         FDCE (Recov_fdce_C_CLR)     -0.405    23.560    i_axi_dwidth_converter_dm_slave/inst/gen_downsizer.gen_simple_downsizer.axi_downsizer_inst/USE_READ.read_addr_inst/cmd_queue/inst/fifo_gen_inst/inst_fifo_gen/gconvfifo.rf/grf.rf/gntv_or_sync_fifo.gl0.rd/rpntr/gc0.count_d1_reg[0]
  -------------------------------------------------------------------
                         required time                         23.560    
                         arrival time                          -1.585    
  -------------------------------------------------------------------
                         slack                                 21.974    

Slack (MET) :             21.974ns  (required time - arrival time)
  Source:                 i_axi_dwidth_converter_dm_slave/inst/gen_downsizer.gen_simple_downsizer.axi_downsizer_inst/USE_READ.read_addr_inst/cmd_queue/inst/fifo_gen_inst/inst_fifo_gen/gconvfifo.rf/grf.rf/rstblk/ngwrdrst.grst.g7serrst.gnsckt_wrst.rst_wr_reg2_inst/arststages_ff_reg[1]/C
                            (rising edge-triggered cell FDPE clocked by clk_out1_xlnx_clk_gen  {rise@0.000ns fall@12.500ns period=25.000ns})
  Destination:            i_axi_dwidth_converter_dm_slave/inst/gen_downsizer.gen_simple_downsizer.axi_downsizer_inst/USE_READ.read_addr_inst/cmd_queue/inst/fifo_gen_inst/inst_fifo_gen/gconvfifo.rf/grf.rf/gntv_or_sync_fifo.gl0.rd/rpntr/gc0.count_d1_reg[1]/CLR
                            (recovery check against rising-edge clock clk_out1_xlnx_clk_gen  {rise@0.000ns fall@12.500ns period=25.000ns})
  Path Group:             **async_default**
  Path Type:              Recovery (Max at Slow Process Corner)
  Requirement:            25.000ns  (clk_out1_xlnx_clk_gen rise@25.000ns - clk_out1_xlnx_clk_gen rise@0.000ns)
  Data Path Delay:        2.476ns  (logic 0.773ns (31.226%)  route 1.703ns (68.774%))
  Logic Levels:           1  (LUT3=1)
  Clock Path Skew:        -0.063ns (DCD - SCD + CPR)
    Destination Clock Delay (DCD):    -1.521ns = ( 23.479 - 25.000 ) 
    Source Clock Delay      (SCD):    -0.890ns
    Clock Pessimism Removal (CPR):    0.567ns
  Clock Uncertainty:      0.082ns  ((TSJ^2 + DJ^2)^1/2) / 2 + PE
    Total System Jitter     (TSJ):    0.071ns
    Discrete Jitter          (DJ):    0.149ns
    Phase Error              (PE):    0.000ns

    Location             Delay type                Incr(ns)  Path(ns)    Netlist Resource(s)
  -------------------------------------------------------------------    -------------------
                         (clock clk_out1_xlnx_clk_gen rise edge)
                                                      0.000     0.000 r  
    K17                                               0.000     0.000 r  clk_sys (IN)
                         net (fo=0)                   0.000     0.000    i_xlnx_clk_gen/inst/clk_in1
    K17                  IBUF (Prop_ibuf_I_O)         1.475     1.475 r  i_xlnx_clk_gen/inst/clkin1_ibufg/O
                         net (fo=1, routed)           1.285     2.760    i_xlnx_clk_gen/inst/clk_in1_xlnx_clk_gen
    MMCME2_ADV_X1Y2      MMCME2_ADV (Prop_mmcme2_adv_CLKIN1_CLKOUT0)
                                                     -7.759    -4.999 r  i_xlnx_clk_gen/inst/mmcm_adv_inst/CLKOUT0
                         net (fo=1, routed)           2.206    -2.793    i_xlnx_clk_gen/inst/clk_out1_xlnx_clk_gen
    BUFGCTRL_X0Y16       BUFG (Prop_bufg_I_O)         0.101    -2.692 r  i_xlnx_clk_gen/inst/clkout1_buf/O
                         net (fo=15067, routed)       1.802    -0.890    i_axi_dwidth_converter_dm_slave/inst/gen_downsizer.gen_simple_downsizer.axi_downsizer_inst/USE_READ.read_addr_inst/cmd_queue/inst/fifo_gen_inst/inst_fifo_gen/gconvfifo.rf/grf.rf/rstblk/ngwrdrst.grst.g7serrst.gnsckt_wrst.rst_wr_reg2_inst/dest_clk
    SLICE_X104Y41        FDPE                                         r  i_axi_dwidth_converter_dm_slave/inst/gen_downsizer.gen_simple_downsizer.axi_downsizer_inst/USE_READ.read_addr_inst/cmd_queue/inst/fifo_gen_inst/inst_fifo_gen/gconvfifo.rf/grf.rf/rstblk/ngwrdrst.grst.g7serrst.gnsckt_wrst.rst_wr_reg2_inst/arststages_ff_reg[1]/C
  -------------------------------------------------------------------    -------------------
    SLICE_X104Y41        FDPE (Prop_fdpe_C_Q)         0.478    -0.412 f  i_axi_dwidth_converter_dm_slave/inst/gen_downsizer.gen_simple_downsizer.axi_downsizer_inst/USE_READ.read_addr_inst/cmd_queue/inst/fifo_gen_inst/inst_fifo_gen/gconvfifo.rf/grf.rf/rstblk/ngwrdrst.grst.g7serrst.gnsckt_wrst.rst_wr_reg2_inst/arststages_ff_reg[1]/Q
                         net (fo=3, routed)           0.593     0.180    i_axi_dwidth_converter_dm_slave/inst/gen_downsizer.gen_simple_downsizer.axi_downsizer_inst/USE_READ.read_addr_inst/cmd_queue/inst/fifo_gen_inst/inst_fifo_gen/gconvfifo.rf/grf.rf/rstblk/ngwrdrst.rst_wr_reg2
    SLICE_X103Y41        LUT3 (Prop_lut3_I2_O)        0.295     0.475 f  i_axi_dwidth_converter_dm_slave/inst/gen_downsizer.gen_simple_downsizer.axi_downsizer_inst/USE_READ.read_addr_inst/cmd_queue/inst/fifo_gen_inst/inst_fifo_gen/gconvfifo.rf/grf.rf/rstblk/gpregsm1.curr_fwft_state[1]_i_2/O
                         net (fo=32, routed)          1.110     1.585    i_axi_dwidth_converter_dm_slave/inst/gen_downsizer.gen_simple_downsizer.axi_downsizer_inst/USE_READ.read_addr_inst/cmd_queue/inst/fifo_gen_inst/inst_fifo_gen/gconvfifo.rf/grf.rf/gntv_or_sync_fifo.gl0.rd/rpntr/gc0.count_d1_reg[4]_1
    SLICE_X97Y43         FDCE                                         f  i_axi_dwidth_converter_dm_slave/inst/gen_downsizer.gen_simple_downsizer.axi_downsizer_inst/USE_READ.read_addr_inst/cmd_queue/inst/fifo_gen_inst/inst_fifo_gen/gconvfifo.rf/grf.rf/gntv_or_sync_fifo.gl0.rd/rpntr/gc0.count_d1_reg[1]/CLR
  -------------------------------------------------------------------    -------------------

                         (clock clk_out1_xlnx_clk_gen rise edge)
                                                     25.000    25.000 r  
    K17                                               0.000    25.000 r  clk_sys (IN)
                         net (fo=0)                   0.000    25.000    i_xlnx_clk_gen/inst/clk_in1
    K17                  IBUF (Prop_ibuf_I_O)         1.404    26.404 r  i_xlnx_clk_gen/inst/clkin1_ibufg/O
                         net (fo=1, routed)           1.162    27.566    i_xlnx_clk_gen/inst/clk_in1_xlnx_clk_gen
    MMCME2_ADV_X1Y2      MMCME2_ADV (Prop_mmcme2_adv_CLKIN1_CLKOUT0)
                                                     -7.814    19.752 r  i_xlnx_clk_gen/inst/mmcm_adv_inst/CLKOUT0
                         net (fo=1, routed)           2.012    21.764    i_xlnx_clk_gen/inst/clk_out1_xlnx_clk_gen
    BUFGCTRL_X0Y16       BUFG (Prop_bufg_I_O)         0.091    21.855 r  i_xlnx_clk_gen/inst/clkout1_buf/O
                         net (fo=15067, routed)       1.624    23.479    i_axi_dwidth_converter_dm_slave/inst/gen_downsizer.gen_simple_downsizer.axi_downsizer_inst/USE_READ.read_addr_inst/cmd_queue/inst/fifo_gen_inst/inst_fifo_gen/gconvfifo.rf/grf.rf/gntv_or_sync_fifo.gl0.rd/rpntr/clk
    SLICE_X97Y43         FDCE                                         r  i_axi_dwidth_converter_dm_slave/inst/gen_downsizer.gen_simple_downsizer.axi_downsizer_inst/USE_READ.read_addr_inst/cmd_queue/inst/fifo_gen_inst/inst_fifo_gen/gconvfifo.rf/grf.rf/gntv_or_sync_fifo.gl0.rd/rpntr/gc0.count_d1_reg[1]/C
                         clock pessimism              0.567    24.047    
                         clock uncertainty           -0.082    23.965    
    SLICE_X97Y43         FDCE (Recov_fdce_C_CLR)     -0.405    23.560    i_axi_dwidth_converter_dm_slave/inst/gen_downsizer.gen_simple_downsizer.axi_downsizer_inst/USE_READ.read_addr_inst/cmd_queue/inst/fifo_gen_inst/inst_fifo_gen/gconvfifo.rf/grf.rf/gntv_or_sync_fifo.gl0.rd/rpntr/gc0.count_d1_reg[1]
  -------------------------------------------------------------------
                         required time                         23.560    
                         arrival time                          -1.585    
  -------------------------------------------------------------------
                         slack                                 21.974    

Slack (MET) :             21.974ns  (required time - arrival time)
  Source:                 i_axi_dwidth_converter_dm_slave/inst/gen_downsizer.gen_simple_downsizer.axi_downsizer_inst/USE_READ.read_addr_inst/cmd_queue/inst/fifo_gen_inst/inst_fifo_gen/gconvfifo.rf/grf.rf/rstblk/ngwrdrst.grst.g7serrst.gnsckt_wrst.rst_wr_reg2_inst/arststages_ff_reg[1]/C
                            (rising edge-triggered cell FDPE clocked by clk_out1_xlnx_clk_gen  {rise@0.000ns fall@12.500ns period=25.000ns})
  Destination:            i_axi_dwidth_converter_dm_slave/inst/gen_downsizer.gen_simple_downsizer.axi_downsizer_inst/USE_READ.read_addr_inst/cmd_queue/inst/fifo_gen_inst/inst_fifo_gen/gconvfifo.rf/grf.rf/gntv_or_sync_fifo.gl0.rd/rpntr/gc0.count_d1_reg[3]/CLR
                            (recovery check against rising-edge clock clk_out1_xlnx_clk_gen  {rise@0.000ns fall@12.500ns period=25.000ns})
  Path Group:             **async_default**
  Path Type:              Recovery (Max at Slow Process Corner)
  Requirement:            25.000ns  (clk_out1_xlnx_clk_gen rise@25.000ns - clk_out1_xlnx_clk_gen rise@0.000ns)
  Data Path Delay:        2.476ns  (logic 0.773ns (31.226%)  route 1.703ns (68.774%))
  Logic Levels:           1  (LUT3=1)
  Clock Path Skew:        -0.063ns (DCD - SCD + CPR)
    Destination Clock Delay (DCD):    -1.521ns = ( 23.479 - 25.000 ) 
    Source Clock Delay      (SCD):    -0.890ns
    Clock Pessimism Removal (CPR):    0.567ns
  Clock Uncertainty:      0.082ns  ((TSJ^2 + DJ^2)^1/2) / 2 + PE
    Total System Jitter     (TSJ):    0.071ns
    Discrete Jitter          (DJ):    0.149ns
    Phase Error              (PE):    0.000ns

    Location             Delay type                Incr(ns)  Path(ns)    Netlist Resource(s)
  -------------------------------------------------------------------    -------------------
                         (clock clk_out1_xlnx_clk_gen rise edge)
                                                      0.000     0.000 r  
    K17                                               0.000     0.000 r  clk_sys (IN)
                         net (fo=0)                   0.000     0.000    i_xlnx_clk_gen/inst/clk_in1
    K17                  IBUF (Prop_ibuf_I_O)         1.475     1.475 r  i_xlnx_clk_gen/inst/clkin1_ibufg/O
                         net (fo=1, routed)           1.285     2.760    i_xlnx_clk_gen/inst/clk_in1_xlnx_clk_gen
    MMCME2_ADV_X1Y2      MMCME2_ADV (Prop_mmcme2_adv_CLKIN1_CLKOUT0)
                                                     -7.759    -4.999 r  i_xlnx_clk_gen/inst/mmcm_adv_inst/CLKOUT0
                         net (fo=1, routed)           2.206    -2.793    i_xlnx_clk_gen/inst/clk_out1_xlnx_clk_gen
    BUFGCTRL_X0Y16       BUFG (Prop_bufg_I_O)         0.101    -2.692 r  i_xlnx_clk_gen/inst/clkout1_buf/O
                         net (fo=15067, routed)       1.802    -0.890    i_axi_dwidth_converter_dm_slave/inst/gen_downsizer.gen_simple_downsizer.axi_downsizer_inst/USE_READ.read_addr_inst/cmd_queue/inst/fifo_gen_inst/inst_fifo_gen/gconvfifo.rf/grf.rf/rstblk/ngwrdrst.grst.g7serrst.gnsckt_wrst.rst_wr_reg2_inst/dest_clk
    SLICE_X104Y41        FDPE                                         r  i_axi_dwidth_converter_dm_slave/inst/gen_downsizer.gen_simple_downsizer.axi_downsizer_inst/USE_READ.read_addr_inst/cmd_queue/inst/fifo_gen_inst/inst_fifo_gen/gconvfifo.rf/grf.rf/rstblk/ngwrdrst.grst.g7serrst.gnsckt_wrst.rst_wr_reg2_inst/arststages_ff_reg[1]/C
  -------------------------------------------------------------------    -------------------
    SLICE_X104Y41        FDPE (Prop_fdpe_C_Q)         0.478    -0.412 f  i_axi_dwidth_converter_dm_slave/inst/gen_downsizer.gen_simple_downsizer.axi_downsizer_inst/USE_READ.read_addr_inst/cmd_queue/inst/fifo_gen_inst/inst_fifo_gen/gconvfifo.rf/grf.rf/rstblk/ngwrdrst.grst.g7serrst.gnsckt_wrst.rst_wr_reg2_inst/arststages_ff_reg[1]/Q
                         net (fo=3, routed)           0.593     0.180    i_axi_dwidth_converter_dm_slave/inst/gen_downsizer.gen_simple_downsizer.axi_downsizer_inst/USE_READ.read_addr_inst/cmd_queue/inst/fifo_gen_inst/inst_fifo_gen/gconvfifo.rf/grf.rf/rstblk/ngwrdrst.rst_wr_reg2
    SLICE_X103Y41        LUT3 (Prop_lut3_I2_O)        0.295     0.475 f  i_axi_dwidth_converter_dm_slave/inst/gen_downsizer.gen_simple_downsizer.axi_downsizer_inst/USE_READ.read_addr_inst/cmd_queue/inst/fifo_gen_inst/inst_fifo_gen/gconvfifo.rf/grf.rf/rstblk/gpregsm1.curr_fwft_state[1]_i_2/O
                         net (fo=32, routed)          1.110     1.585    i_axi_dwidth_converter_dm_slave/inst/gen_downsizer.gen_simple_downsizer.axi_downsizer_inst/USE_READ.read_addr_inst/cmd_queue/inst/fifo_gen_inst/inst_fifo_gen/gconvfifo.rf/grf.rf/gntv_or_sync_fifo.gl0.rd/rpntr/gc0.count_d1_reg[4]_1
    SLICE_X97Y43         FDCE                                         f  i_axi_dwidth_converter_dm_slave/inst/gen_downsizer.gen_simple_downsizer.axi_downsizer_inst/USE_READ.read_addr_inst/cmd_queue/inst/fifo_gen_inst/inst_fifo_gen/gconvfifo.rf/grf.rf/gntv_or_sync_fifo.gl0.rd/rpntr/gc0.count_d1_reg[3]/CLR
  -------------------------------------------------------------------    -------------------

                         (clock clk_out1_xlnx_clk_gen rise edge)
                                                     25.000    25.000 r  
    K17                                               0.000    25.000 r  clk_sys (IN)
                         net (fo=0)                   0.000    25.000    i_xlnx_clk_gen/inst/clk_in1
    K17                  IBUF (Prop_ibuf_I_O)         1.404    26.404 r  i_xlnx_clk_gen/inst/clkin1_ibufg/O
                         net (fo=1, routed)           1.162    27.566    i_xlnx_clk_gen/inst/clk_in1_xlnx_clk_gen
    MMCME2_ADV_X1Y2      MMCME2_ADV (Prop_mmcme2_adv_CLKIN1_CLKOUT0)
                                                     -7.814    19.752 r  i_xlnx_clk_gen/inst/mmcm_adv_inst/CLKOUT0
                         net (fo=1, routed)           2.012    21.764    i_xlnx_clk_gen/inst/clk_out1_xlnx_clk_gen
    BUFGCTRL_X0Y16       BUFG (Prop_bufg_I_O)         0.091    21.855 r  i_xlnx_clk_gen/inst/clkout1_buf/O
                         net (fo=15067, routed)       1.624    23.479    i_axi_dwidth_converter_dm_slave/inst/gen_downsizer.gen_simple_downsizer.axi_downsizer_inst/USE_READ.read_addr_inst/cmd_queue/inst/fifo_gen_inst/inst_fifo_gen/gconvfifo.rf/grf.rf/gntv_or_sync_fifo.gl0.rd/rpntr/clk
    SLICE_X97Y43         FDCE                                         r  i_axi_dwidth_converter_dm_slave/inst/gen_downsizer.gen_simple_downsizer.axi_downsizer_inst/USE_READ.read_addr_inst/cmd_queue/inst/fifo_gen_inst/inst_fifo_gen/gconvfifo.rf/grf.rf/gntv_or_sync_fifo.gl0.rd/rpntr/gc0.count_d1_reg[3]/C
                         clock pessimism              0.567    24.047    
                         clock uncertainty           -0.082    23.965    
    SLICE_X97Y43         FDCE (Recov_fdce_C_CLR)     -0.405    23.560    i_axi_dwidth_converter_dm_slave/inst/gen_downsizer.gen_simple_downsizer.axi_downsizer_inst/USE_READ.read_addr_inst/cmd_queue/inst/fifo_gen_inst/inst_fifo_gen/gconvfifo.rf/grf.rf/gntv_or_sync_fifo.gl0.rd/rpntr/gc0.count_d1_reg[3]
  -------------------------------------------------------------------
                         required time                         23.560    
                         arrival time                          -1.585    
  -------------------------------------------------------------------
                         slack                                 21.974    





Min Delay Paths
--------------------------------------------------------------------------------------
Slack (MET) :             0.541ns  (arrival time - required time)
  Source:                 i_axi_dwidth_converter_dm_slave/inst/gen_downsizer.gen_simple_downsizer.axi_downsizer_inst/USE_READ.read_addr_inst/cmd_queue/inst/fifo_gen_inst/inst_fifo_gen/gconvfifo.rf/grf.rf/rstblk/ngwrdrst.grst.g7serrst.gnsckt_wrst.gcc_rst.sckt_wr_rst_cc_reg[0]/C
                            (rising edge-triggered cell FDRE clocked by clk_out1_xlnx_clk_gen  {rise@0.000ns fall@12.500ns period=25.000ns})
  Destination:            i_axi_dwidth_converter_dm_slave/inst/gen_downsizer.gen_simple_downsizer.axi_downsizer_inst/USE_READ.read_addr_inst/cmd_queue/inst/fifo_gen_inst/inst_fifo_gen/gconvfifo.rf/grf.rf/gntv_or_sync_fifo.gl0.rd/gr1.gr1_int.rfwft/gpregsm1.curr_fwft_state_reg[0]/CLR
                            (removal check against rising-edge clock clk_out1_xlnx_clk_gen  {rise@0.000ns fall@12.500ns period=25.000ns})
  Path Group:             **async_default**
  Path Type:              Removal (Min at Fast Process Corner)
  Requirement:            0.000ns  (clk_out1_xlnx_clk_gen rise@0.000ns - clk_out1_xlnx_clk_gen rise@0.000ns)
  Data Path Delay:        0.487ns  (logic 0.186ns (38.164%)  route 0.301ns (61.836%))
  Logic Levels:           1  (LUT3=1)
  Clock Path Skew:        0.013ns (DCD - SCD - CPR)
    Destination Clock Delay (DCD):    -0.832ns
    Source Clock Delay      (SCD):    -0.595ns
    Clock Pessimism Removal (CPR):    -0.251ns

    Location             Delay type                Incr(ns)  Path(ns)    Netlist Resource(s)
  -------------------------------------------------------------------    -------------------
                         (clock clk_out1_xlnx_clk_gen rise edge)
                                                      0.000     0.000 r  
    K17                                               0.000     0.000 r  clk_sys (IN)
                         net (fo=0)                   0.000     0.000    i_xlnx_clk_gen/inst/clk_in1
    K17                  IBUF (Prop_ibuf_I_O)         0.243     0.243 r  i_xlnx_clk_gen/inst/clkin1_ibufg/O
                         net (fo=1, routed)           0.440     0.683    i_xlnx_clk_gen/inst/clk_in1_xlnx_clk_gen
    MMCME2_ADV_X1Y2      MMCME2_ADV (Prop_mmcme2_adv_CLKIN1_CLKOUT0)
                                                     -2.613    -1.930 r  i_xlnx_clk_gen/inst/mmcm_adv_inst/CLKOUT0
                         net (fo=1, routed)           0.696    -1.233    i_xlnx_clk_gen/inst/clk_out1_xlnx_clk_gen
    BUFGCTRL_X0Y16       BUFG (Prop_bufg_I_O)         0.026    -1.207 r  i_xlnx_clk_gen/inst/clkout1_buf/O
                         net (fo=15067, routed)       0.613    -0.595    i_axi_dwidth_converter_dm_slave/inst/gen_downsizer.gen_simple_downsizer.axi_downsizer_inst/USE_READ.read_addr_inst/cmd_queue/inst/fifo_gen_inst/inst_fifo_gen/gconvfifo.rf/grf.rf/rstblk/clk
    SLICE_X103Y41        FDRE                                         r  i_axi_dwidth_converter_dm_slave/inst/gen_downsizer.gen_simple_downsizer.axi_downsizer_inst/USE_READ.read_addr_inst/cmd_queue/inst/fifo_gen_inst/inst_fifo_gen/gconvfifo.rf/grf.rf/rstblk/ngwrdrst.grst.g7serrst.gnsckt_wrst.gcc_rst.sckt_wr_rst_cc_reg[0]/C
  -------------------------------------------------------------------    -------------------
    SLICE_X103Y41        FDRE (Prop_fdre_C_Q)         0.141    -0.454 f  i_axi_dwidth_converter_dm_slave/inst/gen_downsizer.gen_simple_downsizer.axi_downsizer_inst/USE_READ.read_addr_inst/cmd_queue/inst/fifo_gen_inst/inst_fifo_gen/gconvfifo.rf/grf.rf/rstblk/ngwrdrst.grst.g7serrst.gnsckt_wrst.gcc_rst.sckt_wr_rst_cc_reg[0]/Q
                         net (fo=3, routed)           0.170    -0.283    i_axi_dwidth_converter_dm_slave/inst/gen_downsizer.gen_simple_downsizer.axi_downsizer_inst/USE_READ.read_addr_inst/cmd_queue/inst/fifo_gen_inst/inst_fifo_gen/gconvfifo.rf/grf.rf/rstblk/ngwrdrst.grst.g7serrst.gnsckt_wrst.gcc_rst.sckt_wr_rst_cc[0]
    SLICE_X103Y41        LUT3 (Prop_lut3_I1_O)        0.045    -0.238 f  i_axi_dwidth_converter_dm_slave/inst/gen_downsizer.gen_simple_downsizer.axi_downsizer_inst/USE_READ.read_addr_inst/cmd_queue/inst/fifo_gen_inst/inst_fifo_gen/gconvfifo.rf/grf.rf/rstblk/gpregsm1.curr_fwft_state[1]_i_2/O
                         net (fo=32, routed)          0.131    -0.107    i_axi_dwidth_converter_dm_slave/inst/gen_downsizer.gen_simple_downsizer.axi_downsizer_inst/USE_READ.read_addr_inst/cmd_queue/inst/fifo_gen_inst/inst_fifo_gen/gconvfifo.rf/grf.rf/gntv_or_sync_fifo.gl0.rd/gr1.gr1_int.rfwft/gpregsm1.user_valid_reg_0
    SLICE_X102Y41        FDCE                                         f  i_axi_dwidth_converter_dm_slave/inst/gen_downsizer.gen_simple_downsizer.axi_downsizer_inst/USE_READ.read_addr_inst/cmd_queue/inst/fifo_gen_inst/inst_fifo_gen/gconvfifo.rf/grf.rf/gntv_or_sync_fifo.gl0.rd/gr1.gr1_int.rfwft/gpregsm1.curr_fwft_state_reg[0]/CLR
  -------------------------------------------------------------------    -------------------

                         (clock clk_out1_xlnx_clk_gen rise edge)
                                                      0.000     0.000 r  
    K17                                               0.000     0.000 r  clk_sys (IN)
                         net (fo=0)                   0.000     0.000    i_xlnx_clk_gen/inst/clk_in1
    K17                  IBUF (Prop_ibuf_I_O)         0.431     0.431 r  i_xlnx_clk_gen/inst/clkin1_ibufg/O
                         net (fo=1, routed)           0.480     0.911    i_xlnx_clk_gen/inst/clk_in1_xlnx_clk_gen
    MMCME2_ADV_X1Y2      MMCME2_ADV (Prop_mmcme2_adv_CLKIN1_CLKOUT0)
                                                     -3.407    -2.496 r  i_xlnx_clk_gen/inst/mmcm_adv_inst/CLKOUT0
                         net (fo=1, routed)           0.752    -1.744    i_xlnx_clk_gen/inst/clk_out1_xlnx_clk_gen
    BUFGCTRL_X0Y16       BUFG (Prop_bufg_I_O)         0.029    -1.715 r  i_xlnx_clk_gen/inst/clkout1_buf/O
                         net (fo=15067, routed)       0.883    -0.832    i_axi_dwidth_converter_dm_slave/inst/gen_downsizer.gen_simple_downsizer.axi_downsizer_inst/USE_READ.read_addr_inst/cmd_queue/inst/fifo_gen_inst/inst_fifo_gen/gconvfifo.rf/grf.rf/gntv_or_sync_fifo.gl0.rd/gr1.gr1_int.rfwft/clk
    SLICE_X102Y41        FDCE                                         r  i_axi_dwidth_converter_dm_slave/inst/gen_downsizer.gen_simple_downsizer.axi_downsizer_inst/USE_READ.read_addr_inst/cmd_queue/inst/fifo_gen_inst/inst_fifo_gen/gconvfifo.rf/grf.rf/gntv_or_sync_fifo.gl0.rd/gr1.gr1_int.rfwft/gpregsm1.curr_fwft_state_reg[0]/C
                         clock pessimism              0.251    -0.582    
    SLICE_X102Y41        FDCE (Remov_fdce_C_CLR)     -0.067    -0.649    i_axi_dwidth_converter_dm_slave/inst/gen_downsizer.gen_simple_downsizer.axi_downsizer_inst/USE_READ.read_addr_inst/cmd_queue/inst/fifo_gen_inst/inst_fifo_gen/gconvfifo.rf/grf.rf/gntv_or_sync_fifo.gl0.rd/gr1.gr1_int.rfwft/gpregsm1.curr_fwft_state_reg[0]
  -------------------------------------------------------------------
                         required time                          0.649    
                         arrival time                          -0.107    
  -------------------------------------------------------------------
                         slack                                  0.541    

Slack (MET) :             0.541ns  (arrival time - required time)
  Source:                 i_axi_dwidth_converter_dm_slave/inst/gen_downsizer.gen_simple_downsizer.axi_downsizer_inst/USE_READ.read_addr_inst/cmd_queue/inst/fifo_gen_inst/inst_fifo_gen/gconvfifo.rf/grf.rf/rstblk/ngwrdrst.grst.g7serrst.gnsckt_wrst.gcc_rst.sckt_wr_rst_cc_reg[0]/C
                            (rising edge-triggered cell FDRE clocked by clk_out1_xlnx_clk_gen  {rise@0.000ns fall@12.500ns period=25.000ns})
  Destination:            i_axi_dwidth_converter_dm_slave/inst/gen_downsizer.gen_simple_downsizer.axi_downsizer_inst/USE_READ.read_addr_inst/cmd_queue/inst/fifo_gen_inst/inst_fifo_gen/gconvfifo.rf/grf.rf/gntv_or_sync_fifo.gl0.rd/gr1.gr1_int.rfwft/gpregsm1.curr_fwft_state_reg[1]/CLR
                            (removal check against rising-edge clock clk_out1_xlnx_clk_gen  {rise@0.000ns fall@12.500ns period=25.000ns})
  Path Group:             **async_default**
  Path Type:              Removal (Min at Fast Process Corner)
  Requirement:            0.000ns  (clk_out1_xlnx_clk_gen rise@0.000ns - clk_out1_xlnx_clk_gen rise@0.000ns)
  Data Path Delay:        0.487ns  (logic 0.186ns (38.164%)  route 0.301ns (61.836%))
  Logic Levels:           1  (LUT3=1)
  Clock Path Skew:        0.013ns (DCD - SCD - CPR)
    Destination Clock Delay (DCD):    -0.832ns
    Source Clock Delay      (SCD):    -0.595ns
    Clock Pessimism Removal (CPR):    -0.251ns

    Location             Delay type                Incr(ns)  Path(ns)    Netlist Resource(s)
  -------------------------------------------------------------------    -------------------
                         (clock clk_out1_xlnx_clk_gen rise edge)
                                                      0.000     0.000 r  
    K17                                               0.000     0.000 r  clk_sys (IN)
                         net (fo=0)                   0.000     0.000    i_xlnx_clk_gen/inst/clk_in1
    K17                  IBUF (Prop_ibuf_I_O)         0.243     0.243 r  i_xlnx_clk_gen/inst/clkin1_ibufg/O
                         net (fo=1, routed)           0.440     0.683    i_xlnx_clk_gen/inst/clk_in1_xlnx_clk_gen
    MMCME2_ADV_X1Y2      MMCME2_ADV (Prop_mmcme2_adv_CLKIN1_CLKOUT0)
                                                     -2.613    -1.930 r  i_xlnx_clk_gen/inst/mmcm_adv_inst/CLKOUT0
                         net (fo=1, routed)           0.696    -1.233    i_xlnx_clk_gen/inst/clk_out1_xlnx_clk_gen
    BUFGCTRL_X0Y16       BUFG (Prop_bufg_I_O)         0.026    -1.207 r  i_xlnx_clk_gen/inst/clkout1_buf/O
                         net (fo=15067, routed)       0.613    -0.595    i_axi_dwidth_converter_dm_slave/inst/gen_downsizer.gen_simple_downsizer.axi_downsizer_inst/USE_READ.read_addr_inst/cmd_queue/inst/fifo_gen_inst/inst_fifo_gen/gconvfifo.rf/grf.rf/rstblk/clk
    SLICE_X103Y41        FDRE                                         r  i_axi_dwidth_converter_dm_slave/inst/gen_downsizer.gen_simple_downsizer.axi_downsizer_inst/USE_READ.read_addr_inst/cmd_queue/inst/fifo_gen_inst/inst_fifo_gen/gconvfifo.rf/grf.rf/rstblk/ngwrdrst.grst.g7serrst.gnsckt_wrst.gcc_rst.sckt_wr_rst_cc_reg[0]/C
  -------------------------------------------------------------------    -------------------
    SLICE_X103Y41        FDRE (Prop_fdre_C_Q)         0.141    -0.454 f  i_axi_dwidth_converter_dm_slave/inst/gen_downsizer.gen_simple_downsizer.axi_downsizer_inst/USE_READ.read_addr_inst/cmd_queue/inst/fifo_gen_inst/inst_fifo_gen/gconvfifo.rf/grf.rf/rstblk/ngwrdrst.grst.g7serrst.gnsckt_wrst.gcc_rst.sckt_wr_rst_cc_reg[0]/Q
                         net (fo=3, routed)           0.170    -0.283    i_axi_dwidth_converter_dm_slave/inst/gen_downsizer.gen_simple_downsizer.axi_downsizer_inst/USE_READ.read_addr_inst/cmd_queue/inst/fifo_gen_inst/inst_fifo_gen/gconvfifo.rf/grf.rf/rstblk/ngwrdrst.grst.g7serrst.gnsckt_wrst.gcc_rst.sckt_wr_rst_cc[0]
    SLICE_X103Y41        LUT3 (Prop_lut3_I1_O)        0.045    -0.238 f  i_axi_dwidth_converter_dm_slave/inst/gen_downsizer.gen_simple_downsizer.axi_downsizer_inst/USE_READ.read_addr_inst/cmd_queue/inst/fifo_gen_inst/inst_fifo_gen/gconvfifo.rf/grf.rf/rstblk/gpregsm1.curr_fwft_state[1]_i_2/O
                         net (fo=32, routed)          0.131    -0.107    i_axi_dwidth_converter_dm_slave/inst/gen_downsizer.gen_simple_downsizer.axi_downsizer_inst/USE_READ.read_addr_inst/cmd_queue/inst/fifo_gen_inst/inst_fifo_gen/gconvfifo.rf/grf.rf/gntv_or_sync_fifo.gl0.rd/gr1.gr1_int.rfwft/gpregsm1.user_valid_reg_0
    SLICE_X102Y41        FDCE                                         f  i_axi_dwidth_converter_dm_slave/inst/gen_downsizer.gen_simple_downsizer.axi_downsizer_inst/USE_READ.read_addr_inst/cmd_queue/inst/fifo_gen_inst/inst_fifo_gen/gconvfifo.rf/grf.rf/gntv_or_sync_fifo.gl0.rd/gr1.gr1_int.rfwft/gpregsm1.curr_fwft_state_reg[1]/CLR
  -------------------------------------------------------------------    -------------------

                         (clock clk_out1_xlnx_clk_gen rise edge)
                                                      0.000     0.000 r  
    K17                                               0.000     0.000 r  clk_sys (IN)
                         net (fo=0)                   0.000     0.000    i_xlnx_clk_gen/inst/clk_in1
    K17                  IBUF (Prop_ibuf_I_O)         0.431     0.431 r  i_xlnx_clk_gen/inst/clkin1_ibufg/O
                         net (fo=1, routed)           0.480     0.911    i_xlnx_clk_gen/inst/clk_in1_xlnx_clk_gen
    MMCME2_ADV_X1Y2      MMCME2_ADV (Prop_mmcme2_adv_CLKIN1_CLKOUT0)
                                                     -3.407    -2.496 r  i_xlnx_clk_gen/inst/mmcm_adv_inst/CLKOUT0
                         net (fo=1, routed)           0.752    -1.744    i_xlnx_clk_gen/inst/clk_out1_xlnx_clk_gen
    BUFGCTRL_X0Y16       BUFG (Prop_bufg_I_O)         0.029    -1.715 r  i_xlnx_clk_gen/inst/clkout1_buf/O
                         net (fo=15067, routed)       0.883    -0.832    i_axi_dwidth_converter_dm_slave/inst/gen_downsizer.gen_simple_downsizer.axi_downsizer_inst/USE_READ.read_addr_inst/cmd_queue/inst/fifo_gen_inst/inst_fifo_gen/gconvfifo.rf/grf.rf/gntv_or_sync_fifo.gl0.rd/gr1.gr1_int.rfwft/clk
    SLICE_X102Y41        FDCE                                         r  i_axi_dwidth_converter_dm_slave/inst/gen_downsizer.gen_simple_downsizer.axi_downsizer_inst/USE_READ.read_addr_inst/cmd_queue/inst/fifo_gen_inst/inst_fifo_gen/gconvfifo.rf/grf.rf/gntv_or_sync_fifo.gl0.rd/gr1.gr1_int.rfwft/gpregsm1.curr_fwft_state_reg[1]/C
                         clock pessimism              0.251    -0.582    
    SLICE_X102Y41        FDCE (Remov_fdce_C_CLR)     -0.067    -0.649    i_axi_dwidth_converter_dm_slave/inst/gen_downsizer.gen_simple_downsizer.axi_downsizer_inst/USE_READ.read_addr_inst/cmd_queue/inst/fifo_gen_inst/inst_fifo_gen/gconvfifo.rf/grf.rf/gntv_or_sync_fifo.gl0.rd/gr1.gr1_int.rfwft/gpregsm1.curr_fwft_state_reg[1]
  -------------------------------------------------------------------
                         required time                          0.649    
                         arrival time                          -0.107    
  -------------------------------------------------------------------
                         slack                                  0.541    

Slack (MET) :             0.545ns  (arrival time - required time)
  Source:                 i_axi_dwidth_converter_dm_slave/inst/gen_downsizer.gen_simple_downsizer.axi_downsizer_inst/USE_READ.read_addr_inst/cmd_queue/inst/fifo_gen_inst/inst_fifo_gen/gconvfifo.rf/grf.rf/rstblk/ngwrdrst.grst.g7serrst.gnsckt_wrst.gcc_rst.sckt_wr_rst_cc_reg[0]/C
                            (rising edge-triggered cell FDRE clocked by clk_out1_xlnx_clk_gen  {rise@0.000ns fall@12.500ns period=25.000ns})
  Destination:            i_axi_dwidth_converter_dm_slave/inst/gen_downsizer.gen_simple_downsizer.axi_downsizer_inst/USE_READ.read_addr_inst/cmd_queue/inst/fifo_gen_inst/inst_fifo_gen/gconvfifo.rf/grf.rf/gntv_or_sync_fifo.gl0.rd/gr1.gr1_int.rfwft/aempty_fwft_fb_i_reg/PRE
                            (removal check against rising-edge clock clk_out1_xlnx_clk_gen  {rise@0.000ns fall@12.500ns period=25.000ns})
  Path Group:             **async_default**
  Path Type:              Removal (Min at Fast Process Corner)
  Requirement:            0.000ns  (clk_out1_xlnx_clk_gen rise@0.000ns - clk_out1_xlnx_clk_gen rise@0.000ns)
  Data Path Delay:        0.487ns  (logic 0.186ns (38.164%)  route 0.301ns (61.836%))
  Logic Levels:           1  (LUT3=1)
  Clock Path Skew:        0.013ns (DCD - SCD - CPR)
    Destination Clock Delay (DCD):    -0.832ns
    Source Clock Delay      (SCD):    -0.595ns
    Clock Pessimism Removal (CPR):    -0.251ns

    Location             Delay type                Incr(ns)  Path(ns)    Netlist Resource(s)
  -------------------------------------------------------------------    -------------------
                         (clock clk_out1_xlnx_clk_gen rise edge)
                                                      0.000     0.000 r  
    K17                                               0.000     0.000 r  clk_sys (IN)
                         net (fo=0)                   0.000     0.000    i_xlnx_clk_gen/inst/clk_in1
    K17                  IBUF (Prop_ibuf_I_O)         0.243     0.243 r  i_xlnx_clk_gen/inst/clkin1_ibufg/O
                         net (fo=1, routed)           0.440     0.683    i_xlnx_clk_gen/inst/clk_in1_xlnx_clk_gen
    MMCME2_ADV_X1Y2      MMCME2_ADV (Prop_mmcme2_adv_CLKIN1_CLKOUT0)
                                                     -2.613    -1.930 r  i_xlnx_clk_gen/inst/mmcm_adv_inst/CLKOUT0
                         net (fo=1, routed)           0.696    -1.233    i_xlnx_clk_gen/inst/clk_out1_xlnx_clk_gen
    BUFGCTRL_X0Y16       BUFG (Prop_bufg_I_O)         0.026    -1.207 r  i_xlnx_clk_gen/inst/clkout1_buf/O
                         net (fo=15067, routed)       0.613    -0.595    i_axi_dwidth_converter_dm_slave/inst/gen_downsizer.gen_simple_downsizer.axi_downsizer_inst/USE_READ.read_addr_inst/cmd_queue/inst/fifo_gen_inst/inst_fifo_gen/gconvfifo.rf/grf.rf/rstblk/clk
    SLICE_X103Y41        FDRE                                         r  i_axi_dwidth_converter_dm_slave/inst/gen_downsizer.gen_simple_downsizer.axi_downsizer_inst/USE_READ.read_addr_inst/cmd_queue/inst/fifo_gen_inst/inst_fifo_gen/gconvfifo.rf/grf.rf/rstblk/ngwrdrst.grst.g7serrst.gnsckt_wrst.gcc_rst.sckt_wr_rst_cc_reg[0]/C
  -------------------------------------------------------------------    -------------------
    SLICE_X103Y41        FDRE (Prop_fdre_C_Q)         0.141    -0.454 f  i_axi_dwidth_converter_dm_slave/inst/gen_downsizer.gen_simple_downsizer.axi_downsizer_inst/USE_READ.read_addr_inst/cmd_queue/inst/fifo_gen_inst/inst_fifo_gen/gconvfifo.rf/grf.rf/rstblk/ngwrdrst.grst.g7serrst.gnsckt_wrst.gcc_rst.sckt_wr_rst_cc_reg[0]/Q
                         net (fo=3, routed)           0.170    -0.283    i_axi_dwidth_converter_dm_slave/inst/gen_downsizer.gen_simple_downsizer.axi_downsizer_inst/USE_READ.read_addr_inst/cmd_queue/inst/fifo_gen_inst/inst_fifo_gen/gconvfifo.rf/grf.rf/rstblk/ngwrdrst.grst.g7serrst.gnsckt_wrst.gcc_rst.sckt_wr_rst_cc[0]
    SLICE_X103Y41        LUT3 (Prop_lut3_I1_O)        0.045    -0.238 f  i_axi_dwidth_converter_dm_slave/inst/gen_downsizer.gen_simple_downsizer.axi_downsizer_inst/USE_READ.read_addr_inst/cmd_queue/inst/fifo_gen_inst/inst_fifo_gen/gconvfifo.rf/grf.rf/rstblk/gpregsm1.curr_fwft_state[1]_i_2/O
                         net (fo=32, routed)          0.131    -0.107    i_axi_dwidth_converter_dm_slave/inst/gen_downsizer.gen_simple_downsizer.axi_downsizer_inst/USE_READ.read_addr_inst/cmd_queue/inst/fifo_gen_inst/inst_fifo_gen/gconvfifo.rf/grf.rf/gntv_or_sync_fifo.gl0.rd/gr1.gr1_int.rfwft/gpregsm1.user_valid_reg_0
    SLICE_X102Y41        FDPE                                         f  i_axi_dwidth_converter_dm_slave/inst/gen_downsizer.gen_simple_downsizer.axi_downsizer_inst/USE_READ.read_addr_inst/cmd_queue/inst/fifo_gen_inst/inst_fifo_gen/gconvfifo.rf/grf.rf/gntv_or_sync_fifo.gl0.rd/gr1.gr1_int.rfwft/aempty_fwft_fb_i_reg/PRE
  -------------------------------------------------------------------    -------------------

                         (clock clk_out1_xlnx_clk_gen rise edge)
                                                      0.000     0.000 r  
    K17                                               0.000     0.000 r  clk_sys (IN)
                         net (fo=0)                   0.000     0.000    i_xlnx_clk_gen/inst/clk_in1
    K17                  IBUF (Prop_ibuf_I_O)         0.431     0.431 r  i_xlnx_clk_gen/inst/clkin1_ibufg/O
                         net (fo=1, routed)           0.480     0.911    i_xlnx_clk_gen/inst/clk_in1_xlnx_clk_gen
    MMCME2_ADV_X1Y2      MMCME2_ADV (Prop_mmcme2_adv_CLKIN1_CLKOUT0)
                                                     -3.407    -2.496 r  i_xlnx_clk_gen/inst/mmcm_adv_inst/CLKOUT0
                         net (fo=1, routed)           0.752    -1.744    i_xlnx_clk_gen/inst/clk_out1_xlnx_clk_gen
    BUFGCTRL_X0Y16       BUFG (Prop_bufg_I_O)         0.029    -1.715 r  i_xlnx_clk_gen/inst/clkout1_buf/O
                         net (fo=15067, routed)       0.883    -0.832    i_axi_dwidth_converter_dm_slave/inst/gen_downsizer.gen_simple_downsizer.axi_downsizer_inst/USE_READ.read_addr_inst/cmd_queue/inst/fifo_gen_inst/inst_fifo_gen/gconvfifo.rf/grf.rf/gntv_or_sync_fifo.gl0.rd/gr1.gr1_int.rfwft/clk
    SLICE_X102Y41        FDPE                                         r  i_axi_dwidth_converter_dm_slave/inst/gen_downsizer.gen_simple_downsizer.axi_downsizer_inst/USE_READ.read_addr_inst/cmd_queue/inst/fifo_gen_inst/inst_fifo_gen/gconvfifo.rf/grf.rf/gntv_or_sync_fifo.gl0.rd/gr1.gr1_int.rfwft/aempty_fwft_fb_i_reg/C
                         clock pessimism              0.251    -0.582    
    SLICE_X102Y41        FDPE (Remov_fdpe_C_PRE)     -0.071    -0.653    i_axi_dwidth_converter_dm_slave/inst/gen_downsizer.gen_simple_downsizer.axi_downsizer_inst/USE_READ.read_addr_inst/cmd_queue/inst/fifo_gen_inst/inst_fifo_gen/gconvfifo.rf/grf.rf/gntv_or_sync_fifo.gl0.rd/gr1.gr1_int.rfwft/aempty_fwft_fb_i_reg
  -------------------------------------------------------------------
                         required time                          0.653    
                         arrival time                          -0.107    
  -------------------------------------------------------------------
                         slack                                  0.545    

Slack (MET) :             0.545ns  (arrival time - required time)
  Source:                 i_axi_dwidth_converter_dm_slave/inst/gen_downsizer.gen_simple_downsizer.axi_downsizer_inst/USE_READ.read_addr_inst/cmd_queue/inst/fifo_gen_inst/inst_fifo_gen/gconvfifo.rf/grf.rf/rstblk/ngwrdrst.grst.g7serrst.gnsckt_wrst.gcc_rst.sckt_wr_rst_cc_reg[0]/C
                            (rising edge-triggered cell FDRE clocked by clk_out1_xlnx_clk_gen  {rise@0.000ns fall@12.500ns period=25.000ns})
  Destination:            i_axi_dwidth_converter_dm_slave/inst/gen_downsizer.gen_simple_downsizer.axi_downsizer_inst/USE_READ.read_addr_inst/cmd_queue/inst/fifo_gen_inst/inst_fifo_gen/gconvfifo.rf/grf.rf/gntv_or_sync_fifo.gl0.rd/gr1.gr1_int.rfwft/aempty_fwft_i_reg/PRE
                            (removal check against rising-edge clock clk_out1_xlnx_clk_gen  {rise@0.000ns fall@12.500ns period=25.000ns})
  Path Group:             **async_default**
  Path Type:              Removal (Min at Fast Process Corner)
  Requirement:            0.000ns  (clk_out1_xlnx_clk_gen rise@0.000ns - clk_out1_xlnx_clk_gen rise@0.000ns)
  Data Path Delay:        0.487ns  (logic 0.186ns (38.164%)  route 0.301ns (61.836%))
  Logic Levels:           1  (LUT3=1)
  Clock Path Skew:        0.013ns (DCD - SCD - CPR)
    Destination Clock Delay (DCD):    -0.832ns
    Source Clock Delay      (SCD):    -0.595ns
    Clock Pessimism Removal (CPR):    -0.251ns

    Location             Delay type                Incr(ns)  Path(ns)    Netlist Resource(s)
  -------------------------------------------------------------------    -------------------
                         (clock clk_out1_xlnx_clk_gen rise edge)
                                                      0.000     0.000 r  
    K17                                               0.000     0.000 r  clk_sys (IN)
                         net (fo=0)                   0.000     0.000    i_xlnx_clk_gen/inst/clk_in1
    K17                  IBUF (Prop_ibuf_I_O)         0.243     0.243 r  i_xlnx_clk_gen/inst/clkin1_ibufg/O
                         net (fo=1, routed)           0.440     0.683    i_xlnx_clk_gen/inst/clk_in1_xlnx_clk_gen
    MMCME2_ADV_X1Y2      MMCME2_ADV (Prop_mmcme2_adv_CLKIN1_CLKOUT0)
                                                     -2.613    -1.930 r  i_xlnx_clk_gen/inst/mmcm_adv_inst/CLKOUT0
                         net (fo=1, routed)           0.696    -1.233    i_xlnx_clk_gen/inst/clk_out1_xlnx_clk_gen
    BUFGCTRL_X0Y16       BUFG (Prop_bufg_I_O)         0.026    -1.207 r  i_xlnx_clk_gen/inst/clkout1_buf/O
                         net (fo=15067, routed)       0.613    -0.595    i_axi_dwidth_converter_dm_slave/inst/gen_downsizer.gen_simple_downsizer.axi_downsizer_inst/USE_READ.read_addr_inst/cmd_queue/inst/fifo_gen_inst/inst_fifo_gen/gconvfifo.rf/grf.rf/rstblk/clk
    SLICE_X103Y41        FDRE                                         r  i_axi_dwidth_converter_dm_slave/inst/gen_downsizer.gen_simple_downsizer.axi_downsizer_inst/USE_READ.read_addr_inst/cmd_queue/inst/fifo_gen_inst/inst_fifo_gen/gconvfifo.rf/grf.rf/rstblk/ngwrdrst.grst.g7serrst.gnsckt_wrst.gcc_rst.sckt_wr_rst_cc_reg[0]/C
  -------------------------------------------------------------------    -------------------
    SLICE_X103Y41        FDRE (Prop_fdre_C_Q)         0.141    -0.454 f  i_axi_dwidth_converter_dm_slave/inst/gen_downsizer.gen_simple_downsizer.axi_downsizer_inst/USE_READ.read_addr_inst/cmd_queue/inst/fifo_gen_inst/inst_fifo_gen/gconvfifo.rf/grf.rf/rstblk/ngwrdrst.grst.g7serrst.gnsckt_wrst.gcc_rst.sckt_wr_rst_cc_reg[0]/Q
                         net (fo=3, routed)           0.170    -0.283    i_axi_dwidth_converter_dm_slave/inst/gen_downsizer.gen_simple_downsizer.axi_downsizer_inst/USE_READ.read_addr_inst/cmd_queue/inst/fifo_gen_inst/inst_fifo_gen/gconvfifo.rf/grf.rf/rstblk/ngwrdrst.grst.g7serrst.gnsckt_wrst.gcc_rst.sckt_wr_rst_cc[0]
    SLICE_X103Y41        LUT3 (Prop_lut3_I1_O)        0.045    -0.238 f  i_axi_dwidth_converter_dm_slave/inst/gen_downsizer.gen_simple_downsizer.axi_downsizer_inst/USE_READ.read_addr_inst/cmd_queue/inst/fifo_gen_inst/inst_fifo_gen/gconvfifo.rf/grf.rf/rstblk/gpregsm1.curr_fwft_state[1]_i_2/O
                         net (fo=32, routed)          0.131    -0.107    i_axi_dwidth_converter_dm_slave/inst/gen_downsizer.gen_simple_downsizer.axi_downsizer_inst/USE_READ.read_addr_inst/cmd_queue/inst/fifo_gen_inst/inst_fifo_gen/gconvfifo.rf/grf.rf/gntv_or_sync_fifo.gl0.rd/gr1.gr1_int.rfwft/gpregsm1.user_valid_reg_0
    SLICE_X102Y41        FDPE                                         f  i_axi_dwidth_converter_dm_slave/inst/gen_downsizer.gen_simple_downsizer.axi_downsizer_inst/USE_READ.read_addr_inst/cmd_queue/inst/fifo_gen_inst/inst_fifo_gen/gconvfifo.rf/grf.rf/gntv_or_sync_fifo.gl0.rd/gr1.gr1_int.rfwft/aempty_fwft_i_reg/PRE
  -------------------------------------------------------------------    -------------------

                         (clock clk_out1_xlnx_clk_gen rise edge)
                                                      0.000     0.000 r  
    K17                                               0.000     0.000 r  clk_sys (IN)
                         net (fo=0)                   0.000     0.000    i_xlnx_clk_gen/inst/clk_in1
    K17                  IBUF (Prop_ibuf_I_O)         0.431     0.431 r  i_xlnx_clk_gen/inst/clkin1_ibufg/O
                         net (fo=1, routed)           0.480     0.911    i_xlnx_clk_gen/inst/clk_in1_xlnx_clk_gen
    MMCME2_ADV_X1Y2      MMCME2_ADV (Prop_mmcme2_adv_CLKIN1_CLKOUT0)
                                                     -3.407    -2.496 r  i_xlnx_clk_gen/inst/mmcm_adv_inst/CLKOUT0
                         net (fo=1, routed)           0.752    -1.744    i_xlnx_clk_gen/inst/clk_out1_xlnx_clk_gen
    BUFGCTRL_X0Y16       BUFG (Prop_bufg_I_O)         0.029    -1.715 r  i_xlnx_clk_gen/inst/clkout1_buf/O
                         net (fo=15067, routed)       0.883    -0.832    i_axi_dwidth_converter_dm_slave/inst/gen_downsizer.gen_simple_downsizer.axi_downsizer_inst/USE_READ.read_addr_inst/cmd_queue/inst/fifo_gen_inst/inst_fifo_gen/gconvfifo.rf/grf.rf/gntv_or_sync_fifo.gl0.rd/gr1.gr1_int.rfwft/clk
    SLICE_X102Y41        FDPE                                         r  i_axi_dwidth_converter_dm_slave/inst/gen_downsizer.gen_simple_downsizer.axi_downsizer_inst/USE_READ.read_addr_inst/cmd_queue/inst/fifo_gen_inst/inst_fifo_gen/gconvfifo.rf/grf.rf/gntv_or_sync_fifo.gl0.rd/gr1.gr1_int.rfwft/aempty_fwft_i_reg/C
                         clock pessimism              0.251    -0.582    
    SLICE_X102Y41        FDPE (Remov_fdpe_C_PRE)     -0.071    -0.653    i_axi_dwidth_converter_dm_slave/inst/gen_downsizer.gen_simple_downsizer.axi_downsizer_inst/USE_READ.read_addr_inst/cmd_queue/inst/fifo_gen_inst/inst_fifo_gen/gconvfifo.rf/grf.rf/gntv_or_sync_fifo.gl0.rd/gr1.gr1_int.rfwft/aempty_fwft_i_reg
  -------------------------------------------------------------------
                         required time                          0.653    
                         arrival time                          -0.107    
  -------------------------------------------------------------------
                         slack                                  0.545    

Slack (MET) :             0.545ns  (arrival time - required time)
  Source:                 i_axi_dwidth_converter_dm_slave/inst/gen_downsizer.gen_simple_downsizer.axi_downsizer_inst/USE_READ.read_addr_inst/cmd_queue/inst/fifo_gen_inst/inst_fifo_gen/gconvfifo.rf/grf.rf/rstblk/ngwrdrst.grst.g7serrst.gnsckt_wrst.gcc_rst.sckt_wr_rst_cc_reg[0]/C
                            (rising edge-triggered cell FDRE clocked by clk_out1_xlnx_clk_gen  {rise@0.000ns fall@12.500ns period=25.000ns})
  Destination:            i_axi_dwidth_converter_dm_slave/inst/gen_downsizer.gen_simple_downsizer.axi_downsizer_inst/USE_READ.read_addr_inst/cmd_queue/inst/fifo_gen_inst/inst_fifo_gen/gconvfifo.rf/grf.rf/gntv_or_sync_fifo.gl0.rd/gr1.gr1_int.rfwft/empty_fwft_fb_i_reg/PRE
                            (removal check against rising-edge clock clk_out1_xlnx_clk_gen  {rise@0.000ns fall@12.500ns period=25.000ns})
  Path Group:             **async_default**
  Path Type:              Removal (Min at Fast Process Corner)
  Requirement:            0.000ns  (clk_out1_xlnx_clk_gen rise@0.000ns - clk_out1_xlnx_clk_gen rise@0.000ns)
  Data Path Delay:        0.487ns  (logic 0.186ns (38.164%)  route 0.301ns (61.836%))
  Logic Levels:           1  (LUT3=1)
  Clock Path Skew:        0.013ns (DCD - SCD - CPR)
    Destination Clock Delay (DCD):    -0.832ns
    Source Clock Delay      (SCD):    -0.595ns
    Clock Pessimism Removal (CPR):    -0.251ns

    Location             Delay type                Incr(ns)  Path(ns)    Netlist Resource(s)
  -------------------------------------------------------------------    -------------------
                         (clock clk_out1_xlnx_clk_gen rise edge)
                                                      0.000     0.000 r  
    K17                                               0.000     0.000 r  clk_sys (IN)
                         net (fo=0)                   0.000     0.000    i_xlnx_clk_gen/inst/clk_in1
    K17                  IBUF (Prop_ibuf_I_O)         0.243     0.243 r  i_xlnx_clk_gen/inst/clkin1_ibufg/O
                         net (fo=1, routed)           0.440     0.683    i_xlnx_clk_gen/inst/clk_in1_xlnx_clk_gen
    MMCME2_ADV_X1Y2      MMCME2_ADV (Prop_mmcme2_adv_CLKIN1_CLKOUT0)
                                                     -2.613    -1.930 r  i_xlnx_clk_gen/inst/mmcm_adv_inst/CLKOUT0
                         net (fo=1, routed)           0.696    -1.233    i_xlnx_clk_gen/inst/clk_out1_xlnx_clk_gen
    BUFGCTRL_X0Y16       BUFG (Prop_bufg_I_O)         0.026    -1.207 r  i_xlnx_clk_gen/inst/clkout1_buf/O
                         net (fo=15067, routed)       0.613    -0.595    i_axi_dwidth_converter_dm_slave/inst/gen_downsizer.gen_simple_downsizer.axi_downsizer_inst/USE_READ.read_addr_inst/cmd_queue/inst/fifo_gen_inst/inst_fifo_gen/gconvfifo.rf/grf.rf/rstblk/clk
    SLICE_X103Y41        FDRE                                         r  i_axi_dwidth_converter_dm_slave/inst/gen_downsizer.gen_simple_downsizer.axi_downsizer_inst/USE_READ.read_addr_inst/cmd_queue/inst/fifo_gen_inst/inst_fifo_gen/gconvfifo.rf/grf.rf/rstblk/ngwrdrst.grst.g7serrst.gnsckt_wrst.gcc_rst.sckt_wr_rst_cc_reg[0]/C
  -------------------------------------------------------------------    -------------------
    SLICE_X103Y41        FDRE (Prop_fdre_C_Q)         0.141    -0.454 f  i_axi_dwidth_converter_dm_slave/inst/gen_downsizer.gen_simple_downsizer.axi_downsizer_inst/USE_READ.read_addr_inst/cmd_queue/inst/fifo_gen_inst/inst_fifo_gen/gconvfifo.rf/grf.rf/rstblk/ngwrdrst.grst.g7serrst.gnsckt_wrst.gcc_rst.sckt_wr_rst_cc_reg[0]/Q
                         net (fo=3, routed)           0.170    -0.283    i_axi_dwidth_converter_dm_slave/inst/gen_downsizer.gen_simple_downsizer.axi_downsizer_inst/USE_READ.read_addr_inst/cmd_queue/inst/fifo_gen_inst/inst_fifo_gen/gconvfifo.rf/grf.rf/rstblk/ngwrdrst.grst.g7serrst.gnsckt_wrst.gcc_rst.sckt_wr_rst_cc[0]
    SLICE_X103Y41        LUT3 (Prop_lut3_I1_O)        0.045    -0.238 f  i_axi_dwidth_converter_dm_slave/inst/gen_downsizer.gen_simple_downsizer.axi_downsizer_inst/USE_READ.read_addr_inst/cmd_queue/inst/fifo_gen_inst/inst_fifo_gen/gconvfifo.rf/grf.rf/rstblk/gpregsm1.curr_fwft_state[1]_i_2/O
                         net (fo=32, routed)          0.131    -0.107    i_axi_dwidth_converter_dm_slave/inst/gen_downsizer.gen_simple_downsizer.axi_downsizer_inst/USE_READ.read_addr_inst/cmd_queue/inst/fifo_gen_inst/inst_fifo_gen/gconvfifo.rf/grf.rf/gntv_or_sync_fifo.gl0.rd/gr1.gr1_int.rfwft/gpregsm1.user_valid_reg_0
    SLICE_X102Y41        FDPE                                         f  i_axi_dwidth_converter_dm_slave/inst/gen_downsizer.gen_simple_downsizer.axi_downsizer_inst/USE_READ.read_addr_inst/cmd_queue/inst/fifo_gen_inst/inst_fifo_gen/gconvfifo.rf/grf.rf/gntv_or_sync_fifo.gl0.rd/gr1.gr1_int.rfwft/empty_fwft_fb_i_reg/PRE
  -------------------------------------------------------------------    -------------------

                         (clock clk_out1_xlnx_clk_gen rise edge)
                                                      0.000     0.000 r  
    K17                                               0.000     0.000 r  clk_sys (IN)
                         net (fo=0)                   0.000     0.000    i_xlnx_clk_gen/inst/clk_in1
    K17                  IBUF (Prop_ibuf_I_O)         0.431     0.431 r  i_xlnx_clk_gen/inst/clkin1_ibufg/O
                         net (fo=1, routed)           0.480     0.911    i_xlnx_clk_gen/inst/clk_in1_xlnx_clk_gen
    MMCME2_ADV_X1Y2      MMCME2_ADV (Prop_mmcme2_adv_CLKIN1_CLKOUT0)
                                                     -3.407    -2.496 r  i_xlnx_clk_gen/inst/mmcm_adv_inst/CLKOUT0
                         net (fo=1, routed)           0.752    -1.744    i_xlnx_clk_gen/inst/clk_out1_xlnx_clk_gen
    BUFGCTRL_X0Y16       BUFG (Prop_bufg_I_O)         0.029    -1.715 r  i_xlnx_clk_gen/inst/clkout1_buf/O
                         net (fo=15067, routed)       0.883    -0.832    i_axi_dwidth_converter_dm_slave/inst/gen_downsizer.gen_simple_downsizer.axi_downsizer_inst/USE_READ.read_addr_inst/cmd_queue/inst/fifo_gen_inst/inst_fifo_gen/gconvfifo.rf/grf.rf/gntv_or_sync_fifo.gl0.rd/gr1.gr1_int.rfwft/clk
    SLICE_X102Y41        FDPE                                         r  i_axi_dwidth_converter_dm_slave/inst/gen_downsizer.gen_simple_downsizer.axi_downsizer_inst/USE_READ.read_addr_inst/cmd_queue/inst/fifo_gen_inst/inst_fifo_gen/gconvfifo.rf/grf.rf/gntv_or_sync_fifo.gl0.rd/gr1.gr1_int.rfwft/empty_fwft_fb_i_reg/C
                         clock pessimism              0.251    -0.582    
    SLICE_X102Y41        FDPE (Remov_fdpe_C_PRE)     -0.071    -0.653    i_axi_dwidth_converter_dm_slave/inst/gen_downsizer.gen_simple_downsizer.axi_downsizer_inst/USE_READ.read_addr_inst/cmd_queue/inst/fifo_gen_inst/inst_fifo_gen/gconvfifo.rf/grf.rf/gntv_or_sync_fifo.gl0.rd/gr1.gr1_int.rfwft/empty_fwft_fb_i_reg
  -------------------------------------------------------------------
                         required time                          0.653    
                         arrival time                          -0.107    
  -------------------------------------------------------------------
                         slack                                  0.545    

Slack (MET) :             0.545ns  (arrival time - required time)
  Source:                 i_axi_dwidth_converter_dm_slave/inst/gen_downsizer.gen_simple_downsizer.axi_downsizer_inst/USE_READ.read_addr_inst/cmd_queue/inst/fifo_gen_inst/inst_fifo_gen/gconvfifo.rf/grf.rf/rstblk/ngwrdrst.grst.g7serrst.gnsckt_wrst.gcc_rst.sckt_wr_rst_cc_reg[0]/C
                            (rising edge-triggered cell FDRE clocked by clk_out1_xlnx_clk_gen  {rise@0.000ns fall@12.500ns period=25.000ns})
  Destination:            i_axi_dwidth_converter_dm_slave/inst/gen_downsizer.gen_simple_downsizer.axi_downsizer_inst/USE_READ.read_addr_inst/cmd_queue/inst/fifo_gen_inst/inst_fifo_gen/gconvfifo.rf/grf.rf/gntv_or_sync_fifo.gl0.rd/gr1.gr1_int.rfwft/empty_fwft_fb_o_i_reg/PRE
                            (removal check against rising-edge clock clk_out1_xlnx_clk_gen  {rise@0.000ns fall@12.500ns period=25.000ns})
  Path Group:             **async_default**
  Path Type:              Removal (Min at Fast Process Corner)
  Requirement:            0.000ns  (clk_out1_xlnx_clk_gen rise@0.000ns - clk_out1_xlnx_clk_gen rise@0.000ns)
  Data Path Delay:        0.487ns  (logic 0.186ns (38.164%)  route 0.301ns (61.836%))
  Logic Levels:           1  (LUT3=1)
  Clock Path Skew:        0.013ns (DCD - SCD - CPR)
    Destination Clock Delay (DCD):    -0.832ns
    Source Clock Delay      (SCD):    -0.595ns
    Clock Pessimism Removal (CPR):    -0.251ns

    Location             Delay type                Incr(ns)  Path(ns)    Netlist Resource(s)
  -------------------------------------------------------------------    -------------------
                         (clock clk_out1_xlnx_clk_gen rise edge)
                                                      0.000     0.000 r  
    K17                                               0.000     0.000 r  clk_sys (IN)
                         net (fo=0)                   0.000     0.000    i_xlnx_clk_gen/inst/clk_in1
    K17                  IBUF (Prop_ibuf_I_O)         0.243     0.243 r  i_xlnx_clk_gen/inst/clkin1_ibufg/O
                         net (fo=1, routed)           0.440     0.683    i_xlnx_clk_gen/inst/clk_in1_xlnx_clk_gen
    MMCME2_ADV_X1Y2      MMCME2_ADV (Prop_mmcme2_adv_CLKIN1_CLKOUT0)
                                                     -2.613    -1.930 r  i_xlnx_clk_gen/inst/mmcm_adv_inst/CLKOUT0
                         net (fo=1, routed)           0.696    -1.233    i_xlnx_clk_gen/inst/clk_out1_xlnx_clk_gen
    BUFGCTRL_X0Y16       BUFG (Prop_bufg_I_O)         0.026    -1.207 r  i_xlnx_clk_gen/inst/clkout1_buf/O
                         net (fo=15067, routed)       0.613    -0.595    i_axi_dwidth_converter_dm_slave/inst/gen_downsizer.gen_simple_downsizer.axi_downsizer_inst/USE_READ.read_addr_inst/cmd_queue/inst/fifo_gen_inst/inst_fifo_gen/gconvfifo.rf/grf.rf/rstblk/clk
    SLICE_X103Y41        FDRE                                         r  i_axi_dwidth_converter_dm_slave/inst/gen_downsizer.gen_simple_downsizer.axi_downsizer_inst/USE_READ.read_addr_inst/cmd_queue/inst/fifo_gen_inst/inst_fifo_gen/gconvfifo.rf/grf.rf/rstblk/ngwrdrst.grst.g7serrst.gnsckt_wrst.gcc_rst.sckt_wr_rst_cc_reg[0]/C
  -------------------------------------------------------------------    -------------------
    SLICE_X103Y41        FDRE (Prop_fdre_C_Q)         0.141    -0.454 f  i_axi_dwidth_converter_dm_slave/inst/gen_downsizer.gen_simple_downsizer.axi_downsizer_inst/USE_READ.read_addr_inst/cmd_queue/inst/fifo_gen_inst/inst_fifo_gen/gconvfifo.rf/grf.rf/rstblk/ngwrdrst.grst.g7serrst.gnsckt_wrst.gcc_rst.sckt_wr_rst_cc_reg[0]/Q
                         net (fo=3, routed)           0.170    -0.283    i_axi_dwidth_converter_dm_slave/inst/gen_downsizer.gen_simple_downsizer.axi_downsizer_inst/USE_READ.read_addr_inst/cmd_queue/inst/fifo_gen_inst/inst_fifo_gen/gconvfifo.rf/grf.rf/rstblk/ngwrdrst.grst.g7serrst.gnsckt_wrst.gcc_rst.sckt_wr_rst_cc[0]
    SLICE_X103Y41        LUT3 (Prop_lut3_I1_O)        0.045    -0.238 f  i_axi_dwidth_converter_dm_slave/inst/gen_downsizer.gen_simple_downsizer.axi_downsizer_inst/USE_READ.read_addr_inst/cmd_queue/inst/fifo_gen_inst/inst_fifo_gen/gconvfifo.rf/grf.rf/rstblk/gpregsm1.curr_fwft_state[1]_i_2/O
                         net (fo=32, routed)          0.131    -0.107    i_axi_dwidth_converter_dm_slave/inst/gen_downsizer.gen_simple_downsizer.axi_downsizer_inst/USE_READ.read_addr_inst/cmd_queue/inst/fifo_gen_inst/inst_fifo_gen/gconvfifo.rf/grf.rf/gntv_or_sync_fifo.gl0.rd/gr1.gr1_int.rfwft/gpregsm1.user_valid_reg_0
    SLICE_X102Y41        FDPE                                         f  i_axi_dwidth_converter_dm_slave/inst/gen_downsizer.gen_simple_downsizer.axi_downsizer_inst/USE_READ.read_addr_inst/cmd_queue/inst/fifo_gen_inst/inst_fifo_gen/gconvfifo.rf/grf.rf/gntv_or_sync_fifo.gl0.rd/gr1.gr1_int.rfwft/empty_fwft_fb_o_i_reg/PRE
  -------------------------------------------------------------------    -------------------

                         (clock clk_out1_xlnx_clk_gen rise edge)
                                                      0.000     0.000 r  
    K17                                               0.000     0.000 r  clk_sys (IN)
                         net (fo=0)                   0.000     0.000    i_xlnx_clk_gen/inst/clk_in1
    K17                  IBUF (Prop_ibuf_I_O)         0.431     0.431 r  i_xlnx_clk_gen/inst/clkin1_ibufg/O
                         net (fo=1, routed)           0.480     0.911    i_xlnx_clk_gen/inst/clk_in1_xlnx_clk_gen
    MMCME2_ADV_X1Y2      MMCME2_ADV (Prop_mmcme2_adv_CLKIN1_CLKOUT0)
                                                     -3.407    -2.496 r  i_xlnx_clk_gen/inst/mmcm_adv_inst/CLKOUT0
                         net (fo=1, routed)           0.752    -1.744    i_xlnx_clk_gen/inst/clk_out1_xlnx_clk_gen
    BUFGCTRL_X0Y16       BUFG (Prop_bufg_I_O)         0.029    -1.715 r  i_xlnx_clk_gen/inst/clkout1_buf/O
                         net (fo=15067, routed)       0.883    -0.832    i_axi_dwidth_converter_dm_slave/inst/gen_downsizer.gen_simple_downsizer.axi_downsizer_inst/USE_READ.read_addr_inst/cmd_queue/inst/fifo_gen_inst/inst_fifo_gen/gconvfifo.rf/grf.rf/gntv_or_sync_fifo.gl0.rd/gr1.gr1_int.rfwft/clk
    SLICE_X102Y41        FDPE                                         r  i_axi_dwidth_converter_dm_slave/inst/gen_downsizer.gen_simple_downsizer.axi_downsizer_inst/USE_READ.read_addr_inst/cmd_queue/inst/fifo_gen_inst/inst_fifo_gen/gconvfifo.rf/grf.rf/gntv_or_sync_fifo.gl0.rd/gr1.gr1_int.rfwft/empty_fwft_fb_o_i_reg/C
                         clock pessimism              0.251    -0.582    
    SLICE_X102Y41        FDPE (Remov_fdpe_C_PRE)     -0.071    -0.653    i_axi_dwidth_converter_dm_slave/inst/gen_downsizer.gen_simple_downsizer.axi_downsizer_inst/USE_READ.read_addr_inst/cmd_queue/inst/fifo_gen_inst/inst_fifo_gen/gconvfifo.rf/grf.rf/gntv_or_sync_fifo.gl0.rd/gr1.gr1_int.rfwft/empty_fwft_fb_o_i_reg
  -------------------------------------------------------------------
                         required time                          0.653    
                         arrival time                          -0.107    
  -------------------------------------------------------------------
                         slack                                  0.545    

Slack (MET) :             0.545ns  (arrival time - required time)
  Source:                 i_axi_dwidth_converter_dm_slave/inst/gen_downsizer.gen_simple_downsizer.axi_downsizer_inst/USE_READ.read_addr_inst/cmd_queue/inst/fifo_gen_inst/inst_fifo_gen/gconvfifo.rf/grf.rf/rstblk/ngwrdrst.grst.g7serrst.gnsckt_wrst.gcc_rst.sckt_wr_rst_cc_reg[0]/C
                            (rising edge-triggered cell FDRE clocked by clk_out1_xlnx_clk_gen  {rise@0.000ns fall@12.500ns period=25.000ns})
  Destination:            i_axi_dwidth_converter_dm_slave/inst/gen_downsizer.gen_simple_downsizer.axi_downsizer_inst/USE_READ.read_addr_inst/cmd_queue/inst/fifo_gen_inst/inst_fifo_gen/gconvfifo.rf/grf.rf/gntv_or_sync_fifo.gl0.rd/gr1.gr1_int.rfwft/empty_fwft_i_reg/PRE
                            (removal check against rising-edge clock clk_out1_xlnx_clk_gen  {rise@0.000ns fall@12.500ns period=25.000ns})
  Path Group:             **async_default**
  Path Type:              Removal (Min at Fast Process Corner)
  Requirement:            0.000ns  (clk_out1_xlnx_clk_gen rise@0.000ns - clk_out1_xlnx_clk_gen rise@0.000ns)
  Data Path Delay:        0.487ns  (logic 0.186ns (38.164%)  route 0.301ns (61.836%))
  Logic Levels:           1  (LUT3=1)
  Clock Path Skew:        0.013ns (DCD - SCD - CPR)
    Destination Clock Delay (DCD):    -0.832ns
    Source Clock Delay      (SCD):    -0.595ns
    Clock Pessimism Removal (CPR):    -0.251ns

    Location             Delay type                Incr(ns)  Path(ns)    Netlist Resource(s)
  -------------------------------------------------------------------    -------------------
                         (clock clk_out1_xlnx_clk_gen rise edge)
                                                      0.000     0.000 r  
    K17                                               0.000     0.000 r  clk_sys (IN)
                         net (fo=0)                   0.000     0.000    i_xlnx_clk_gen/inst/clk_in1
    K17                  IBUF (Prop_ibuf_I_O)         0.243     0.243 r  i_xlnx_clk_gen/inst/clkin1_ibufg/O
                         net (fo=1, routed)           0.440     0.683    i_xlnx_clk_gen/inst/clk_in1_xlnx_clk_gen
    MMCME2_ADV_X1Y2      MMCME2_ADV (Prop_mmcme2_adv_CLKIN1_CLKOUT0)
                                                     -2.613    -1.930 r  i_xlnx_clk_gen/inst/mmcm_adv_inst/CLKOUT0
                         net (fo=1, routed)           0.696    -1.233    i_xlnx_clk_gen/inst/clk_out1_xlnx_clk_gen
    BUFGCTRL_X0Y16       BUFG (Prop_bufg_I_O)         0.026    -1.207 r  i_xlnx_clk_gen/inst/clkout1_buf/O
                         net (fo=15067, routed)       0.613    -0.595    i_axi_dwidth_converter_dm_slave/inst/gen_downsizer.gen_simple_downsizer.axi_downsizer_inst/USE_READ.read_addr_inst/cmd_queue/inst/fifo_gen_inst/inst_fifo_gen/gconvfifo.rf/grf.rf/rstblk/clk
    SLICE_X103Y41        FDRE                                         r  i_axi_dwidth_converter_dm_slave/inst/gen_downsizer.gen_simple_downsizer.axi_downsizer_inst/USE_READ.read_addr_inst/cmd_queue/inst/fifo_gen_inst/inst_fifo_gen/gconvfifo.rf/grf.rf/rstblk/ngwrdrst.grst.g7serrst.gnsckt_wrst.gcc_rst.sckt_wr_rst_cc_reg[0]/C
  -------------------------------------------------------------------    -------------------
    SLICE_X103Y41        FDRE (Prop_fdre_C_Q)         0.141    -0.454 f  i_axi_dwidth_converter_dm_slave/inst/gen_downsizer.gen_simple_downsizer.axi_downsizer_inst/USE_READ.read_addr_inst/cmd_queue/inst/fifo_gen_inst/inst_fifo_gen/gconvfifo.rf/grf.rf/rstblk/ngwrdrst.grst.g7serrst.gnsckt_wrst.gcc_rst.sckt_wr_rst_cc_reg[0]/Q
                         net (fo=3, routed)           0.170    -0.283    i_axi_dwidth_converter_dm_slave/inst/gen_downsizer.gen_simple_downsizer.axi_downsizer_inst/USE_READ.read_addr_inst/cmd_queue/inst/fifo_gen_inst/inst_fifo_gen/gconvfifo.rf/grf.rf/rstblk/ngwrdrst.grst.g7serrst.gnsckt_wrst.gcc_rst.sckt_wr_rst_cc[0]
    SLICE_X103Y41        LUT3 (Prop_lut3_I1_O)        0.045    -0.238 f  i_axi_dwidth_converter_dm_slave/inst/gen_downsizer.gen_simple_downsizer.axi_downsizer_inst/USE_READ.read_addr_inst/cmd_queue/inst/fifo_gen_inst/inst_fifo_gen/gconvfifo.rf/grf.rf/rstblk/gpregsm1.curr_fwft_state[1]_i_2/O
                         net (fo=32, routed)          0.131    -0.107    i_axi_dwidth_converter_dm_slave/inst/gen_downsizer.gen_simple_downsizer.axi_downsizer_inst/USE_READ.read_addr_inst/cmd_queue/inst/fifo_gen_inst/inst_fifo_gen/gconvfifo.rf/grf.rf/gntv_or_sync_fifo.gl0.rd/gr1.gr1_int.rfwft/gpregsm1.user_valid_reg_0
    SLICE_X102Y41        FDPE                                         f  i_axi_dwidth_converter_dm_slave/inst/gen_downsizer.gen_simple_downsizer.axi_downsizer_inst/USE_READ.read_addr_inst/cmd_queue/inst/fifo_gen_inst/inst_fifo_gen/gconvfifo.rf/grf.rf/gntv_or_sync_fifo.gl0.rd/gr1.gr1_int.rfwft/empty_fwft_i_reg/PRE
  -------------------------------------------------------------------    -------------------

                         (clock clk_out1_xlnx_clk_gen rise edge)
                                                      0.000     0.000 r  
    K17                                               0.000     0.000 r  clk_sys (IN)
                         net (fo=0)                   0.000     0.000    i_xlnx_clk_gen/inst/clk_in1
    K17                  IBUF (Prop_ibuf_I_O)         0.431     0.431 r  i_xlnx_clk_gen/inst/clkin1_ibufg/O
                         net (fo=1, routed)           0.480     0.911    i_xlnx_clk_gen/inst/clk_in1_xlnx_clk_gen
    MMCME2_ADV_X1Y2      MMCME2_ADV (Prop_mmcme2_adv_CLKIN1_CLKOUT0)
                                                     -3.407    -2.496 r  i_xlnx_clk_gen/inst/mmcm_adv_inst/CLKOUT0
                         net (fo=1, routed)           0.752    -1.744    i_xlnx_clk_gen/inst/clk_out1_xlnx_clk_gen
    BUFGCTRL_X0Y16       BUFG (Prop_bufg_I_O)         0.029    -1.715 r  i_xlnx_clk_gen/inst/clkout1_buf/O
                         net (fo=15067, routed)       0.883    -0.832    i_axi_dwidth_converter_dm_slave/inst/gen_downsizer.gen_simple_downsizer.axi_downsizer_inst/USE_READ.read_addr_inst/cmd_queue/inst/fifo_gen_inst/inst_fifo_gen/gconvfifo.rf/grf.rf/gntv_or_sync_fifo.gl0.rd/gr1.gr1_int.rfwft/clk
    SLICE_X102Y41        FDPE                                         r  i_axi_dwidth_converter_dm_slave/inst/gen_downsizer.gen_simple_downsizer.axi_downsizer_inst/USE_READ.read_addr_inst/cmd_queue/inst/fifo_gen_inst/inst_fifo_gen/gconvfifo.rf/grf.rf/gntv_or_sync_fifo.gl0.rd/gr1.gr1_int.rfwft/empty_fwft_i_reg/C
                         clock pessimism              0.251    -0.582    
    SLICE_X102Y41        FDPE (Remov_fdpe_C_PRE)     -0.071    -0.653    i_axi_dwidth_converter_dm_slave/inst/gen_downsizer.gen_simple_downsizer.axi_downsizer_inst/USE_READ.read_addr_inst/cmd_queue/inst/fifo_gen_inst/inst_fifo_gen/gconvfifo.rf/grf.rf/gntv_or_sync_fifo.gl0.rd/gr1.gr1_int.rfwft/empty_fwft_i_reg
  -------------------------------------------------------------------
                         required time                          0.653    
                         arrival time                          -0.107    
  -------------------------------------------------------------------
                         slack                                  0.545    

Slack (MET) :             0.548ns  (arrival time - required time)
  Source:                 i_axi_dwidth_converter_dm_slave/inst/gen_downsizer.gen_simple_downsizer.axi_downsizer_inst/USE_WRITE.write_addr_inst/USE_B_CHANNEL.cmd_b_queue/inst/fifo_gen_inst/inst_fifo_gen/gconvfifo.rf/grf.rf/rstblk/ngwrdrst.grst.g7serrst.gnsckt_wrst.rst_wr_reg2_inst/arststages_ff_reg[1]/C
                            (rising edge-triggered cell FDPE clocked by clk_out1_xlnx_clk_gen  {rise@0.000ns fall@12.500ns period=25.000ns})
  Destination:            i_axi_dwidth_converter_dm_slave/inst/gen_downsizer.gen_simple_downsizer.axi_downsizer_inst/USE_WRITE.write_addr_inst/USE_B_CHANNEL.cmd_b_queue/inst/fifo_gen_inst/inst_fifo_gen/gconvfifo.rf/grf.rf/gntv_or_sync_fifo.gl0.rd/gr1.gr1_int.rfwft/empty_fwft_fb_o_i_reg/PRE
                            (removal check against rising-edge clock clk_out1_xlnx_clk_gen  {rise@0.000ns fall@12.500ns period=25.000ns})
  Path Group:             **async_default**
  Path Type:              Removal (Min at Fast Process Corner)
  Requirement:            0.000ns  (clk_out1_xlnx_clk_gen rise@0.000ns - clk_out1_xlnx_clk_gen rise@0.000ns)
  Data Path Delay:        0.493ns  (logic 0.227ns (46.024%)  route 0.266ns (53.976%))
  Logic Levels:           1  (LUT3=1)
  Clock Path Skew:        0.016ns (DCD - SCD - CPR)
    Destination Clock Delay (DCD):    -0.832ns
    Source Clock Delay      (SCD):    -0.594ns
    Clock Pessimism Removal (CPR):    -0.255ns

    Location             Delay type                Incr(ns)  Path(ns)    Netlist Resource(s)
  -------------------------------------------------------------------    -------------------
                         (clock clk_out1_xlnx_clk_gen rise edge)
                                                      0.000     0.000 r  
    K17                                               0.000     0.000 r  clk_sys (IN)
                         net (fo=0)                   0.000     0.000    i_xlnx_clk_gen/inst/clk_in1
    K17                  IBUF (Prop_ibuf_I_O)         0.243     0.243 r  i_xlnx_clk_gen/inst/clkin1_ibufg/O
                         net (fo=1, routed)           0.440     0.683    i_xlnx_clk_gen/inst/clk_in1_xlnx_clk_gen
    MMCME2_ADV_X1Y2      MMCME2_ADV (Prop_mmcme2_adv_CLKIN1_CLKOUT0)
                                                     -2.613    -1.930 r  i_xlnx_clk_gen/inst/mmcm_adv_inst/CLKOUT0
                         net (fo=1, routed)           0.696    -1.233    i_xlnx_clk_gen/inst/clk_out1_xlnx_clk_gen
    BUFGCTRL_X0Y16       BUFG (Prop_bufg_I_O)         0.026    -1.207 r  i_xlnx_clk_gen/inst/clkout1_buf/O
                         net (fo=15067, routed)       0.614    -0.594    i_axi_dwidth_converter_dm_slave/inst/gen_downsizer.gen_simple_downsizer.axi_downsizer_inst/USE_WRITE.write_addr_inst/USE_B_CHANNEL.cmd_b_queue/inst/fifo_gen_inst/inst_fifo_gen/gconvfifo.rf/grf.rf/rstblk/ngwrdrst.grst.g7serrst.gnsckt_wrst.rst_wr_reg2_inst/dest_clk
    SLICE_X101Y44        FDPE                                         r  i_axi_dwidth_converter_dm_slave/inst/gen_downsizer.gen_simple_downsizer.axi_downsizer_inst/USE_WRITE.write_addr_inst/USE_B_CHANNEL.cmd_b_queue/inst/fifo_gen_inst/inst_fifo_gen/gconvfifo.rf/grf.rf/rstblk/ngwrdrst.grst.g7serrst.gnsckt_wrst.rst_wr_reg2_inst/arststages_ff_reg[1]/C
  -------------------------------------------------------------------    -------------------
    SLICE_X101Y44        FDPE (Prop_fdpe_C_Q)         0.128    -0.466 f  i_axi_dwidth_converter_dm_slave/inst/gen_downsizer.gen_simple_downsizer.axi_downsizer_inst/USE_WRITE.write_addr_inst/USE_B_CHANNEL.cmd_b_queue/inst/fifo_gen_inst/inst_fifo_gen/gconvfifo.rf/grf.rf/rstblk/ngwrdrst.grst.g7serrst.gnsckt_wrst.rst_wr_reg2_inst/arststages_ff_reg[1]/Q
                         net (fo=3, routed)           0.123    -0.343    i_axi_dwidth_converter_dm_slave/inst/gen_downsizer.gen_simple_downsizer.axi_downsizer_inst/USE_WRITE.write_addr_inst/USE_B_CHANNEL.cmd_b_queue/inst/fifo_gen_inst/inst_fifo_gen/gconvfifo.rf/grf.rf/rstblk/ngwrdrst.rst_wr_reg2
    SLICE_X101Y46        LUT3 (Prop_lut3_I2_O)        0.099    -0.244 f  i_axi_dwidth_converter_dm_slave/inst/gen_downsizer.gen_simple_downsizer.axi_downsizer_inst/USE_WRITE.write_addr_inst/USE_B_CHANNEL.cmd_b_queue/inst/fifo_gen_inst/inst_fifo_gen/gconvfifo.rf/grf.rf/rstblk/gpregsm1.curr_fwft_state[1]_i_2/O
                         net (fo=32, routed)          0.143    -0.100    i_axi_dwidth_converter_dm_slave/inst/gen_downsizer.gen_simple_downsizer.axi_downsizer_inst/USE_WRITE.write_addr_inst/USE_B_CHANNEL.cmd_b_queue/inst/fifo_gen_inst/inst_fifo_gen/gconvfifo.rf/grf.rf/gntv_or_sync_fifo.gl0.rd/gr1.gr1_int.rfwft/gpregsm1.user_valid_reg_0
    SLICE_X100Y46        FDPE                                         f  i_axi_dwidth_converter_dm_slave/inst/gen_downsizer.gen_simple_downsizer.axi_downsizer_inst/USE_WRITE.write_addr_inst/USE_B_CHANNEL.cmd_b_queue/inst/fifo_gen_inst/inst_fifo_gen/gconvfifo.rf/grf.rf/gntv_or_sync_fifo.gl0.rd/gr1.gr1_int.rfwft/empty_fwft_fb_o_i_reg/PRE
  -------------------------------------------------------------------    -------------------

                         (clock clk_out1_xlnx_clk_gen rise edge)
                                                      0.000     0.000 r  
    K17                                               0.000     0.000 r  clk_sys (IN)
                         net (fo=0)                   0.000     0.000    i_xlnx_clk_gen/inst/clk_in1
    K17                  IBUF (Prop_ibuf_I_O)         0.431     0.431 r  i_xlnx_clk_gen/inst/clkin1_ibufg/O
                         net (fo=1, routed)           0.480     0.911    i_xlnx_clk_gen/inst/clk_in1_xlnx_clk_gen
    MMCME2_ADV_X1Y2      MMCME2_ADV (Prop_mmcme2_adv_CLKIN1_CLKOUT0)
                                                     -3.407    -2.496 r  i_xlnx_clk_gen/inst/mmcm_adv_inst/CLKOUT0
                         net (fo=1, routed)           0.752    -1.744    i_xlnx_clk_gen/inst/clk_out1_xlnx_clk_gen
    BUFGCTRL_X0Y16       BUFG (Prop_bufg_I_O)         0.029    -1.715 r  i_xlnx_clk_gen/inst/clkout1_buf/O
                         net (fo=15067, routed)       0.883    -0.832    i_axi_dwidth_converter_dm_slave/inst/gen_downsizer.gen_simple_downsizer.axi_downsizer_inst/USE_WRITE.write_addr_inst/USE_B_CHANNEL.cmd_b_queue/inst/fifo_gen_inst/inst_fifo_gen/gconvfifo.rf/grf.rf/gntv_or_sync_fifo.gl0.rd/gr1.gr1_int.rfwft/clk
    SLICE_X100Y46        FDPE                                         r  i_axi_dwidth_converter_dm_slave/inst/gen_downsizer.gen_simple_downsizer.axi_downsizer_inst/USE_WRITE.write_addr_inst/USE_B_CHANNEL.cmd_b_queue/inst/fifo_gen_inst/inst_fifo_gen/gconvfifo.rf/grf.rf/gntv_or_sync_fifo.gl0.rd/gr1.gr1_int.rfwft/empty_fwft_fb_o_i_reg/C
                         clock pessimism              0.255    -0.578    
    SLICE_X100Y46        FDPE (Remov_fdpe_C_PRE)     -0.071    -0.649    i_axi_dwidth_converter_dm_slave/inst/gen_downsizer.gen_simple_downsizer.axi_downsizer_inst/USE_WRITE.write_addr_inst/USE_B_CHANNEL.cmd_b_queue/inst/fifo_gen_inst/inst_fifo_gen/gconvfifo.rf/grf.rf/gntv_or_sync_fifo.gl0.rd/gr1.gr1_int.rfwft/empty_fwft_fb_o_i_reg
  -------------------------------------------------------------------
                         required time                          0.649    
                         arrival time                          -0.100    
  -------------------------------------------------------------------
                         slack                                  0.548    

Slack (MET) :             0.589ns  (arrival time - required time)
  Source:                 i_axi_dwidth_converter_dm_slave/inst/gen_downsizer.gen_simple_downsizer.axi_downsizer_inst/USE_READ.read_addr_inst/cmd_queue/inst/fifo_gen_inst/inst_fifo_gen/gconvfifo.rf/grf.rf/rstblk/ngwrdrst.grst.g7serrst.gnsckt_wrst.gcc_rst.sckt_wr_rst_cc_reg[0]/C
                            (rising edge-triggered cell FDRE clocked by clk_out1_xlnx_clk_gen  {rise@0.000ns fall@12.500ns period=25.000ns})
  Destination:            i_axi_dwidth_converter_dm_slave/inst/gen_downsizer.gen_simple_downsizer.axi_downsizer_inst/USE_READ.read_addr_inst/cmd_queue/inst/fifo_gen_inst/inst_fifo_gen/gconvfifo.rf/grf.rf/gntv_or_sync_fifo.gl0.rd/gr1.gr1_int.rfwft/gpregsm1.user_valid_reg/CLR
                            (removal check against rising-edge clock clk_out1_xlnx_clk_gen  {rise@0.000ns fall@12.500ns period=25.000ns})
  Path Group:             **async_default**
  Path Type:              Removal (Min at Fast Process Corner)
  Requirement:            0.000ns  (clk_out1_xlnx_clk_gen rise@0.000ns - clk_out1_xlnx_clk_gen rise@0.000ns)
  Data Path Delay:        0.558ns  (logic 0.186ns (33.358%)  route 0.372ns (66.642%))
  Logic Levels:           1  (LUT3=1)
  Clock Path Skew:        0.036ns (DCD - SCD - CPR)
    Destination Clock Delay (DCD):    -0.833ns
    Source Clock Delay      (SCD):    -0.595ns
    Clock Pessimism Removal (CPR):    -0.275ns

    Location             Delay type                Incr(ns)  Path(ns)    Netlist Resource(s)
  -------------------------------------------------------------------    -------------------
                         (clock clk_out1_xlnx_clk_gen rise edge)
                                                      0.000     0.000 r  
    K17                                               0.000     0.000 r  clk_sys (IN)
                         net (fo=0)                   0.000     0.000    i_xlnx_clk_gen/inst/clk_in1
    K17                  IBUF (Prop_ibuf_I_O)         0.243     0.243 r  i_xlnx_clk_gen/inst/clkin1_ibufg/O
                         net (fo=1, routed)           0.440     0.683    i_xlnx_clk_gen/inst/clk_in1_xlnx_clk_gen
    MMCME2_ADV_X1Y2      MMCME2_ADV (Prop_mmcme2_adv_CLKIN1_CLKOUT0)
                                                     -2.613    -1.930 r  i_xlnx_clk_gen/inst/mmcm_adv_inst/CLKOUT0
                         net (fo=1, routed)           0.696    -1.233    i_xlnx_clk_gen/inst/clk_out1_xlnx_clk_gen
    BUFGCTRL_X0Y16       BUFG (Prop_bufg_I_O)         0.026    -1.207 r  i_xlnx_clk_gen/inst/clkout1_buf/O
                         net (fo=15067, routed)       0.613    -0.595    i_axi_dwidth_converter_dm_slave/inst/gen_downsizer.gen_simple_downsizer.axi_downsizer_inst/USE_READ.read_addr_inst/cmd_queue/inst/fifo_gen_inst/inst_fifo_gen/gconvfifo.rf/grf.rf/rstblk/clk
    SLICE_X103Y41        FDRE                                         r  i_axi_dwidth_converter_dm_slave/inst/gen_downsizer.gen_simple_downsizer.axi_downsizer_inst/USE_READ.read_addr_inst/cmd_queue/inst/fifo_gen_inst/inst_fifo_gen/gconvfifo.rf/grf.rf/rstblk/ngwrdrst.grst.g7serrst.gnsckt_wrst.gcc_rst.sckt_wr_rst_cc_reg[0]/C
  -------------------------------------------------------------------    -------------------
    SLICE_X103Y41        FDRE (Prop_fdre_C_Q)         0.141    -0.454 f  i_axi_dwidth_converter_dm_slave/inst/gen_downsizer.gen_simple_downsizer.axi_downsizer_inst/USE_READ.read_addr_inst/cmd_queue/inst/fifo_gen_inst/inst_fifo_gen/gconvfifo.rf/grf.rf/rstblk/ngwrdrst.grst.g7serrst.gnsckt_wrst.gcc_rst.sckt_wr_rst_cc_reg[0]/Q
                         net (fo=3, routed)           0.170    -0.283    i_axi_dwidth_converter_dm_slave/inst/gen_downsizer.gen_simple_downsizer.axi_downsizer_inst/USE_READ.read_addr_inst/cmd_queue/inst/fifo_gen_inst/inst_fifo_gen/gconvfifo.rf/grf.rf/rstblk/ngwrdrst.grst.g7serrst.gnsckt_wrst.gcc_rst.sckt_wr_rst_cc[0]
    SLICE_X103Y41        LUT3 (Prop_lut3_I1_O)        0.045    -0.238 f  i_axi_dwidth_converter_dm_slave/inst/gen_downsizer.gen_simple_downsizer.axi_downsizer_inst/USE_READ.read_addr_inst/cmd_queue/inst/fifo_gen_inst/inst_fifo_gen/gconvfifo.rf/grf.rf/rstblk/gpregsm1.curr_fwft_state[1]_i_2/O
                         net (fo=32, routed)          0.201    -0.037    i_axi_dwidth_converter_dm_slave/inst/gen_downsizer.gen_simple_downsizer.axi_downsizer_inst/USE_READ.read_addr_inst/cmd_queue/inst/fifo_gen_inst/inst_fifo_gen/gconvfifo.rf/grf.rf/gntv_or_sync_fifo.gl0.rd/gr1.gr1_int.rfwft/gpregsm1.user_valid_reg_0
    SLICE_X100Y42        FDCE                                         f  i_axi_dwidth_converter_dm_slave/inst/gen_downsizer.gen_simple_downsizer.axi_downsizer_inst/USE_READ.read_addr_inst/cmd_queue/inst/fifo_gen_inst/inst_fifo_gen/gconvfifo.rf/grf.rf/gntv_or_sync_fifo.gl0.rd/gr1.gr1_int.rfwft/gpregsm1.user_valid_reg/CLR
  -------------------------------------------------------------------    -------------------

                         (clock clk_out1_xlnx_clk_gen rise edge)
                                                      0.000     0.000 r  
    K17                                               0.000     0.000 r  clk_sys (IN)
                         net (fo=0)                   0.000     0.000    i_xlnx_clk_gen/inst/clk_in1
    K17                  IBUF (Prop_ibuf_I_O)         0.431     0.431 r  i_xlnx_clk_gen/inst/clkin1_ibufg/O
                         net (fo=1, routed)           0.480     0.911    i_xlnx_clk_gen/inst/clk_in1_xlnx_clk_gen
    MMCME2_ADV_X1Y2      MMCME2_ADV (Prop_mmcme2_adv_CLKIN1_CLKOUT0)
                                                     -3.407    -2.496 r  i_xlnx_clk_gen/inst/mmcm_adv_inst/CLKOUT0
                         net (fo=1, routed)           0.752    -1.744    i_xlnx_clk_gen/inst/clk_out1_xlnx_clk_gen
    BUFGCTRL_X0Y16       BUFG (Prop_bufg_I_O)         0.029    -1.715 r  i_xlnx_clk_gen/inst/clkout1_buf/O
                         net (fo=15067, routed)       0.882    -0.833    i_axi_dwidth_converter_dm_slave/inst/gen_downsizer.gen_simple_downsizer.axi_downsizer_inst/USE_READ.read_addr_inst/cmd_queue/inst/fifo_gen_inst/inst_fifo_gen/gconvfifo.rf/grf.rf/gntv_or_sync_fifo.gl0.rd/gr1.gr1_int.rfwft/clk
    SLICE_X100Y42        FDCE                                         r  i_axi_dwidth_converter_dm_slave/inst/gen_downsizer.gen_simple_downsizer.axi_downsizer_inst/USE_READ.read_addr_inst/cmd_queue/inst/fifo_gen_inst/inst_fifo_gen/gconvfifo.rf/grf.rf/gntv_or_sync_fifo.gl0.rd/gr1.gr1_int.rfwft/gpregsm1.user_valid_reg/C
                         clock pessimism              0.275    -0.559    
    SLICE_X100Y42        FDCE (Remov_fdce_C_CLR)     -0.067    -0.626    i_axi_dwidth_converter_dm_slave/inst/gen_downsizer.gen_simple_downsizer.axi_downsizer_inst/USE_READ.read_addr_inst/cmd_queue/inst/fifo_gen_inst/inst_fifo_gen/gconvfifo.rf/grf.rf/gntv_or_sync_fifo.gl0.rd/gr1.gr1_int.rfwft/gpregsm1.user_valid_reg
  -------------------------------------------------------------------
                         required time                          0.626    
                         arrival time                          -0.037    
  -------------------------------------------------------------------
                         slack                                  0.589    

Slack (MET) :             0.589ns  (arrival time - required time)
  Source:                 i_axi_dwidth_converter_dm_slave/inst/gen_downsizer.gen_simple_downsizer.axi_downsizer_inst/USE_READ.read_addr_inst/cmd_queue/inst/fifo_gen_inst/inst_fifo_gen/gconvfifo.rf/grf.rf/rstblk/ngwrdrst.grst.g7serrst.gnsckt_wrst.gcc_rst.sckt_wr_rst_cc_reg[0]/C
                            (rising edge-triggered cell FDRE clocked by clk_out1_xlnx_clk_gen  {rise@0.000ns fall@12.500ns period=25.000ns})
  Destination:            i_axi_dwidth_converter_dm_slave/inst/gen_downsizer.gen_simple_downsizer.axi_downsizer_inst/USE_READ.read_addr_inst/cmd_queue/inst/fifo_gen_inst/inst_fifo_gen/gconvfifo.rf/grf.rf/gntv_or_sync_fifo.gl0.wr/gwss.wsts/ram_full_fb_i_reg/CLR
                            (removal check against rising-edge clock clk_out1_xlnx_clk_gen  {rise@0.000ns fall@12.500ns period=25.000ns})
  Path Group:             **async_default**
  Path Type:              Removal (Min at Fast Process Corner)
  Requirement:            0.000ns  (clk_out1_xlnx_clk_gen rise@0.000ns - clk_out1_xlnx_clk_gen rise@0.000ns)
  Data Path Delay:        0.558ns  (logic 0.186ns (33.358%)  route 0.372ns (66.642%))
  Logic Levels:           1  (LUT3=1)
  Clock Path Skew:        0.036ns (DCD - SCD - CPR)
    Destination Clock Delay (DCD):    -0.833ns
    Source Clock Delay      (SCD):    -0.595ns
    Clock Pessimism Removal (CPR):    -0.275ns

    Location             Delay type                Incr(ns)  Path(ns)    Netlist Resource(s)
  -------------------------------------------------------------------    -------------------
                         (clock clk_out1_xlnx_clk_gen rise edge)
                                                      0.000     0.000 r  
    K17                                               0.000     0.000 r  clk_sys (IN)
                         net (fo=0)                   0.000     0.000    i_xlnx_clk_gen/inst/clk_in1
    K17                  IBUF (Prop_ibuf_I_O)         0.243     0.243 r  i_xlnx_clk_gen/inst/clkin1_ibufg/O
                         net (fo=1, routed)           0.440     0.683    i_xlnx_clk_gen/inst/clk_in1_xlnx_clk_gen
    MMCME2_ADV_X1Y2      MMCME2_ADV (Prop_mmcme2_adv_CLKIN1_CLKOUT0)
                                                     -2.613    -1.930 r  i_xlnx_clk_gen/inst/mmcm_adv_inst/CLKOUT0
                         net (fo=1, routed)           0.696    -1.233    i_xlnx_clk_gen/inst/clk_out1_xlnx_clk_gen
    BUFGCTRL_X0Y16       BUFG (Prop_bufg_I_O)         0.026    -1.207 r  i_xlnx_clk_gen/inst/clkout1_buf/O
                         net (fo=15067, routed)       0.613    -0.595    i_axi_dwidth_converter_dm_slave/inst/gen_downsizer.gen_simple_downsizer.axi_downsizer_inst/USE_READ.read_addr_inst/cmd_queue/inst/fifo_gen_inst/inst_fifo_gen/gconvfifo.rf/grf.rf/rstblk/clk
    SLICE_X103Y41        FDRE                                         r  i_axi_dwidth_converter_dm_slave/inst/gen_downsizer.gen_simple_downsizer.axi_downsizer_inst/USE_READ.read_addr_inst/cmd_queue/inst/fifo_gen_inst/inst_fifo_gen/gconvfifo.rf/grf.rf/rstblk/ngwrdrst.grst.g7serrst.gnsckt_wrst.gcc_rst.sckt_wr_rst_cc_reg[0]/C
  -------------------------------------------------------------------    -------------------
    SLICE_X103Y41        FDRE (Prop_fdre_C_Q)         0.141    -0.454 f  i_axi_dwidth_converter_dm_slave/inst/gen_downsizer.gen_simple_downsizer.axi_downsizer_inst/USE_READ.read_addr_inst/cmd_queue/inst/fifo_gen_inst/inst_fifo_gen/gconvfifo.rf/grf.rf/rstblk/ngwrdrst.grst.g7serrst.gnsckt_wrst.gcc_rst.sckt_wr_rst_cc_reg[0]/Q
                         net (fo=3, routed)           0.170    -0.283    i_axi_dwidth_converter_dm_slave/inst/gen_downsizer.gen_simple_downsizer.axi_downsizer_inst/USE_READ.read_addr_inst/cmd_queue/inst/fifo_gen_inst/inst_fifo_gen/gconvfifo.rf/grf.rf/rstblk/ngwrdrst.grst.g7serrst.gnsckt_wrst.gcc_rst.sckt_wr_rst_cc[0]
    SLICE_X103Y41        LUT3 (Prop_lut3_I1_O)        0.045    -0.238 f  i_axi_dwidth_converter_dm_slave/inst/gen_downsizer.gen_simple_downsizer.axi_downsizer_inst/USE_READ.read_addr_inst/cmd_queue/inst/fifo_gen_inst/inst_fifo_gen/gconvfifo.rf/grf.rf/rstblk/gpregsm1.curr_fwft_state[1]_i_2/O
                         net (fo=32, routed)          0.201    -0.037    i_axi_dwidth_converter_dm_slave/inst/gen_downsizer.gen_simple_downsizer.axi_downsizer_inst/USE_READ.read_addr_inst/cmd_queue/inst/fifo_gen_inst/inst_fifo_gen/gconvfifo.rf/grf.rf/gntv_or_sync_fifo.gl0.wr/gwss.wsts/AR[0]
    SLICE_X100Y42        FDCE                                         f  i_axi_dwidth_converter_dm_slave/inst/gen_downsizer.gen_simple_downsizer.axi_downsizer_inst/USE_READ.read_addr_inst/cmd_queue/inst/fifo_gen_inst/inst_fifo_gen/gconvfifo.rf/grf.rf/gntv_or_sync_fifo.gl0.wr/gwss.wsts/ram_full_fb_i_reg/CLR
  -------------------------------------------------------------------    -------------------

                         (clock clk_out1_xlnx_clk_gen rise edge)
                                                      0.000     0.000 r  
    K17                                               0.000     0.000 r  clk_sys (IN)
                         net (fo=0)                   0.000     0.000    i_xlnx_clk_gen/inst/clk_in1
    K17                  IBUF (Prop_ibuf_I_O)         0.431     0.431 r  i_xlnx_clk_gen/inst/clkin1_ibufg/O
                         net (fo=1, routed)           0.480     0.911    i_xlnx_clk_gen/inst/clk_in1_xlnx_clk_gen
    MMCME2_ADV_X1Y2      MMCME2_ADV (Prop_mmcme2_adv_CLKIN1_CLKOUT0)
                                                     -3.407    -2.496 r  i_xlnx_clk_gen/inst/mmcm_adv_inst/CLKOUT0
                         net (fo=1, routed)           0.752    -1.744    i_xlnx_clk_gen/inst/clk_out1_xlnx_clk_gen
    BUFGCTRL_X0Y16       BUFG (Prop_bufg_I_O)         0.029    -1.715 r  i_xlnx_clk_gen/inst/clkout1_buf/O
                         net (fo=15067, routed)       0.882    -0.833    i_axi_dwidth_converter_dm_slave/inst/gen_downsizer.gen_simple_downsizer.axi_downsizer_inst/USE_READ.read_addr_inst/cmd_queue/inst/fifo_gen_inst/inst_fifo_gen/gconvfifo.rf/grf.rf/gntv_or_sync_fifo.gl0.wr/gwss.wsts/clk
    SLICE_X100Y42        FDCE                                         r  i_axi_dwidth_converter_dm_slave/inst/gen_downsizer.gen_simple_downsizer.axi_downsizer_inst/USE_READ.read_addr_inst/cmd_queue/inst/fifo_gen_inst/inst_fifo_gen/gconvfifo.rf/grf.rf/gntv_or_sync_fifo.gl0.wr/gwss.wsts/ram_full_fb_i_reg/C
                         clock pessimism              0.275    -0.559    
    SLICE_X100Y42        FDCE (Remov_fdce_C_CLR)     -0.067    -0.626    i_axi_dwidth_converter_dm_slave/inst/gen_downsizer.gen_simple_downsizer.axi_downsizer_inst/USE_READ.read_addr_inst/cmd_queue/inst/fifo_gen_inst/inst_fifo_gen/gconvfifo.rf/grf.rf/gntv_or_sync_fifo.gl0.wr/gwss.wsts/ram_full_fb_i_reg
  -------------------------------------------------------------------
                         required time                          0.626    
                         arrival time                          -0.037    
  -------------------------------------------------------------------
                         slack                                  0.589    





--------------------------------------------------------------------------------------
Path Group:  (none)
From Clock:  clk_out1_xlnx_clk_gen
  To Clock:  clk_out1_xlnx_clk_gen

Max Delay             6 Endpoints
Min Delay             6 Endpoints
--------------------------------------------------------------------------------------


Max Delay Paths
--------------------------------------------------------------------------------------
Slack:                    inf
  Source:                 i_rstgen_main/i_rstgen_bypass/synch_regs_q_reg[3]/C
                            (rising edge-triggered cell FDCE clocked by clk_out1_xlnx_clk_gen  {rise@0.000ns fall@12.500ns period=25.000ns})
  Destination:            i_axi_dwidth_converter_dm_slave/inst/gen_downsizer.gen_simple_downsizer.axi_downsizer_inst/USE_READ.read_addr_inst/cmd_queue/inst/fifo_gen_inst/inst_fifo_gen/gconvfifo.rf/grf.rf/rstblk/ngwrdrst.grst.g7serrst.gnsckt_wrst.rst_wr_reg2_inst/arststages_ff_reg[0]/PRE
                            (recovery check against rising-edge clock clk_out1_xlnx_clk_gen  {rise@0.000ns fall@12.500ns period=25.000ns})
  Path Group:             (none)
  Path Type:              Recovery (Max at Slow Process Corner)
  Data Path Delay:        7.091ns  (logic 0.580ns (8.180%)  route 6.511ns (91.820%))
  Logic Levels:           1  (LUT1=1)
  Clock Path Skew:        -0.560ns (DCD - SCD + CPR)
    Destination Clock Delay (DCD):    -1.520ns
    Source Clock Delay      (SCD):    -0.959ns
    Clock Pessimism Removal (CPR):    0.000ns
  Clock Uncertainty:      0.082ns  ((TSJ^2 + DJ^2)^1/2) / 2 + PE
    Total System Jitter     (TSJ):    0.071ns
    Discrete Jitter          (DJ):    0.149ns
    Phase Error              (PE):    0.000ns
  Timing Exception:       False Path

    Location             Delay type                Incr(ns)  Path(ns)    Netlist Resource(s)
  -------------------------------------------------------------------    -------------------
                         (clock clk_out1_xlnx_clk_gen rise edge)
                                                      0.000     0.000 r  
    K17                                               0.000     0.000 r  clk_sys (IN)
                         net (fo=0)                   0.000     0.000    i_xlnx_clk_gen/inst/clk_in1
    K17                  IBUF (Prop_ibuf_I_O)         1.475     1.475 r  i_xlnx_clk_gen/inst/clkin1_ibufg/O
                         net (fo=1, routed)           1.285     2.760    i_xlnx_clk_gen/inst/clk_in1_xlnx_clk_gen
    MMCME2_ADV_X1Y2      MMCME2_ADV (Prop_mmcme2_adv_CLKIN1_CLKOUT0)
                                                     -7.759    -4.999 r  i_xlnx_clk_gen/inst/mmcm_adv_inst/CLKOUT0
                         net (fo=1, routed)           2.206    -2.793    i_xlnx_clk_gen/inst/clk_out1_xlnx_clk_gen
    BUFGCTRL_X0Y16       BUFG (Prop_bufg_I_O)         0.101    -2.692 r  i_xlnx_clk_gen/inst/clkout1_buf/O
                         net (fo=15067, routed)       1.733    -0.959    i_rstgen_main/i_rstgen_bypass/clk_out1
    SLICE_X76Y40         FDCE                                         r  i_rstgen_main/i_rstgen_bypass/synch_regs_q_reg[3]/C
  -------------------------------------------------------------------    -------------------
    SLICE_X76Y40         FDCE (Prop_fdce_C_Q)         0.456    -0.503 r  i_rstgen_main/i_rstgen_bypass/synch_regs_q_reg[3]/Q
                         net (fo=29, routed)          1.843     1.340    i_axi_dwidth_converter_dm_slave/inst/gen_downsizer.gen_simple_downsizer.axi_downsizer_inst/USE_WRITE.write_addr_inst/USE_B_CHANNEL.cmd_b_queue/inst/out
    SLICE_X94Y43         LUT1 (Prop_lut1_I0_O)        0.124     1.464 f  i_axi_dwidth_converter_dm_slave/inst/gen_downsizer.gen_simple_downsizer.axi_downsizer_inst/USE_WRITE.write_addr_inst/USE_B_CHANNEL.cmd_b_queue/inst/S_AXI_AREADY_I_i_1/O
                         net (fo=156, routed)         4.667     6.131    i_axi_dwidth_converter_dm_slave/inst/gen_downsizer.gen_simple_downsizer.axi_downsizer_inst/USE_READ.read_addr_inst/cmd_queue/inst/fifo_gen_inst/inst_fifo_gen/gconvfifo.rf/grf.rf/rstblk/ngwrdrst.grst.g7serrst.gnsckt_wrst.rst_wr_reg2_inst/src_arst
    SLICE_X104Y41        FDPE                                         f  i_axi_dwidth_converter_dm_slave/inst/gen_downsizer.gen_simple_downsizer.axi_downsizer_inst/USE_READ.read_addr_inst/cmd_queue/inst/fifo_gen_inst/inst_fifo_gen/gconvfifo.rf/grf.rf/rstblk/ngwrdrst.grst.g7serrst.gnsckt_wrst.rst_wr_reg2_inst/arststages_ff_reg[0]/PRE
  -------------------------------------------------------------------    -------------------

                         (clock clk_out1_xlnx_clk_gen rise edge)
                                                      0.000     0.000 r  
    K17                                               0.000     0.000 r  clk_sys (IN)
                         net (fo=0)                   0.000     0.000    i_xlnx_clk_gen/inst/clk_in1
    K17                  IBUF (Prop_ibuf_I_O)         1.404     1.404 r  i_xlnx_clk_gen/inst/clkin1_ibufg/O
                         net (fo=1, routed)           1.162     2.566    i_xlnx_clk_gen/inst/clk_in1_xlnx_clk_gen
    MMCME2_ADV_X1Y2      MMCME2_ADV (Prop_mmcme2_adv_CLKIN1_CLKOUT0)
                                                     -7.814    -5.248 r  i_xlnx_clk_gen/inst/mmcm_adv_inst/CLKOUT0
                         net (fo=1, routed)           2.012    -3.236    i_xlnx_clk_gen/inst/clk_out1_xlnx_clk_gen
    BUFGCTRL_X0Y16       BUFG (Prop_bufg_I_O)         0.091    -3.145 r  i_xlnx_clk_gen/inst/clkout1_buf/O
                         net (fo=15067, routed)       1.625    -1.520    i_axi_dwidth_converter_dm_slave/inst/gen_downsizer.gen_simple_downsizer.axi_downsizer_inst/USE_READ.read_addr_inst/cmd_queue/inst/fifo_gen_inst/inst_fifo_gen/gconvfifo.rf/grf.rf/rstblk/ngwrdrst.grst.g7serrst.gnsckt_wrst.rst_wr_reg2_inst/dest_clk
    SLICE_X104Y41        FDPE                                         r  i_axi_dwidth_converter_dm_slave/inst/gen_downsizer.gen_simple_downsizer.axi_downsizer_inst/USE_READ.read_addr_inst/cmd_queue/inst/fifo_gen_inst/inst_fifo_gen/gconvfifo.rf/grf.rf/rstblk/ngwrdrst.grst.g7serrst.gnsckt_wrst.rst_wr_reg2_inst/arststages_ff_reg[0]/C

Slack:                    inf
  Source:                 i_rstgen_main/i_rstgen_bypass/synch_regs_q_reg[3]/C
                            (rising edge-triggered cell FDCE clocked by clk_out1_xlnx_clk_gen  {rise@0.000ns fall@12.500ns period=25.000ns})
  Destination:            i_axi_dwidth_converter_dm_slave/inst/gen_downsizer.gen_simple_downsizer.axi_downsizer_inst/USE_READ.read_addr_inst/cmd_queue/inst/fifo_gen_inst/inst_fifo_gen/gconvfifo.rf/grf.rf/rstblk/ngwrdrst.grst.g7serrst.gnsckt_wrst.rst_wr_reg2_inst/arststages_ff_reg[1]/PRE
                            (recovery check against rising-edge clock clk_out1_xlnx_clk_gen  {rise@0.000ns fall@12.500ns period=25.000ns})
  Path Group:             (none)
  Path Type:              Recovery (Max at Slow Process Corner)
  Data Path Delay:        7.091ns  (logic 0.580ns (8.180%)  route 6.511ns (91.820%))
  Logic Levels:           1  (LUT1=1)
  Clock Path Skew:        -0.560ns (DCD - SCD + CPR)
    Destination Clock Delay (DCD):    -1.520ns
    Source Clock Delay      (SCD):    -0.959ns
    Clock Pessimism Removal (CPR):    0.000ns
  Clock Uncertainty:      0.082ns  ((TSJ^2 + DJ^2)^1/2) / 2 + PE
    Total System Jitter     (TSJ):    0.071ns
    Discrete Jitter          (DJ):    0.149ns
    Phase Error              (PE):    0.000ns
  Timing Exception:       False Path

    Location             Delay type                Incr(ns)  Path(ns)    Netlist Resource(s)
  -------------------------------------------------------------------    -------------------
                         (clock clk_out1_xlnx_clk_gen rise edge)
                                                      0.000     0.000 r  
    K17                                               0.000     0.000 r  clk_sys (IN)
                         net (fo=0)                   0.000     0.000    i_xlnx_clk_gen/inst/clk_in1
    K17                  IBUF (Prop_ibuf_I_O)         1.475     1.475 r  i_xlnx_clk_gen/inst/clkin1_ibufg/O
                         net (fo=1, routed)           1.285     2.760    i_xlnx_clk_gen/inst/clk_in1_xlnx_clk_gen
    MMCME2_ADV_X1Y2      MMCME2_ADV (Prop_mmcme2_adv_CLKIN1_CLKOUT0)
                                                     -7.759    -4.999 r  i_xlnx_clk_gen/inst/mmcm_adv_inst/CLKOUT0
                         net (fo=1, routed)           2.206    -2.793    i_xlnx_clk_gen/inst/clk_out1_xlnx_clk_gen
    BUFGCTRL_X0Y16       BUFG (Prop_bufg_I_O)         0.101    -2.692 r  i_xlnx_clk_gen/inst/clkout1_buf/O
                         net (fo=15067, routed)       1.733    -0.959    i_rstgen_main/i_rstgen_bypass/clk_out1
    SLICE_X76Y40         FDCE                                         r  i_rstgen_main/i_rstgen_bypass/synch_regs_q_reg[3]/C
  -------------------------------------------------------------------    -------------------
    SLICE_X76Y40         FDCE (Prop_fdce_C_Q)         0.456    -0.503 r  i_rstgen_main/i_rstgen_bypass/synch_regs_q_reg[3]/Q
                         net (fo=29, routed)          1.843     1.340    i_axi_dwidth_converter_dm_slave/inst/gen_downsizer.gen_simple_downsizer.axi_downsizer_inst/USE_WRITE.write_addr_inst/USE_B_CHANNEL.cmd_b_queue/inst/out
    SLICE_X94Y43         LUT1 (Prop_lut1_I0_O)        0.124     1.464 f  i_axi_dwidth_converter_dm_slave/inst/gen_downsizer.gen_simple_downsizer.axi_downsizer_inst/USE_WRITE.write_addr_inst/USE_B_CHANNEL.cmd_b_queue/inst/S_AXI_AREADY_I_i_1/O
                         net (fo=156, routed)         4.667     6.131    i_axi_dwidth_converter_dm_slave/inst/gen_downsizer.gen_simple_downsizer.axi_downsizer_inst/USE_READ.read_addr_inst/cmd_queue/inst/fifo_gen_inst/inst_fifo_gen/gconvfifo.rf/grf.rf/rstblk/ngwrdrst.grst.g7serrst.gnsckt_wrst.rst_wr_reg2_inst/src_arst
    SLICE_X104Y41        FDPE                                         f  i_axi_dwidth_converter_dm_slave/inst/gen_downsizer.gen_simple_downsizer.axi_downsizer_inst/USE_READ.read_addr_inst/cmd_queue/inst/fifo_gen_inst/inst_fifo_gen/gconvfifo.rf/grf.rf/rstblk/ngwrdrst.grst.g7serrst.gnsckt_wrst.rst_wr_reg2_inst/arststages_ff_reg[1]/PRE
  -------------------------------------------------------------------    -------------------

                         (clock clk_out1_xlnx_clk_gen rise edge)
                                                      0.000     0.000 r  
    K17                                               0.000     0.000 r  clk_sys (IN)
                         net (fo=0)                   0.000     0.000    i_xlnx_clk_gen/inst/clk_in1
    K17                  IBUF (Prop_ibuf_I_O)         1.404     1.404 r  i_xlnx_clk_gen/inst/clkin1_ibufg/O
                         net (fo=1, routed)           1.162     2.566    i_xlnx_clk_gen/inst/clk_in1_xlnx_clk_gen
    MMCME2_ADV_X1Y2      MMCME2_ADV (Prop_mmcme2_adv_CLKIN1_CLKOUT0)
                                                     -7.814    -5.248 r  i_xlnx_clk_gen/inst/mmcm_adv_inst/CLKOUT0
                         net (fo=1, routed)           2.012    -3.236    i_xlnx_clk_gen/inst/clk_out1_xlnx_clk_gen
    BUFGCTRL_X0Y16       BUFG (Prop_bufg_I_O)         0.091    -3.145 r  i_xlnx_clk_gen/inst/clkout1_buf/O
                         net (fo=15067, routed)       1.625    -1.520    i_axi_dwidth_converter_dm_slave/inst/gen_downsizer.gen_simple_downsizer.axi_downsizer_inst/USE_READ.read_addr_inst/cmd_queue/inst/fifo_gen_inst/inst_fifo_gen/gconvfifo.rf/grf.rf/rstblk/ngwrdrst.grst.g7serrst.gnsckt_wrst.rst_wr_reg2_inst/dest_clk
    SLICE_X104Y41        FDPE                                         r  i_axi_dwidth_converter_dm_slave/inst/gen_downsizer.gen_simple_downsizer.axi_downsizer_inst/USE_READ.read_addr_inst/cmd_queue/inst/fifo_gen_inst/inst_fifo_gen/gconvfifo.rf/grf.rf/rstblk/ngwrdrst.grst.g7serrst.gnsckt_wrst.rst_wr_reg2_inst/arststages_ff_reg[1]/C

Slack:                    inf
  Source:                 i_rstgen_main/i_rstgen_bypass/synch_regs_q_reg[3]/C
                            (rising edge-triggered cell FDCE clocked by clk_out1_xlnx_clk_gen  {rise@0.000ns fall@12.500ns period=25.000ns})
  Destination:            i_axi_dwidth_converter_dm_slave/inst/gen_downsizer.gen_simple_downsizer.axi_downsizer_inst/USE_WRITE.write_addr_inst/cmd_queue/inst/fifo_gen_inst/inst_fifo_gen/gconvfifo.rf/grf.rf/rstblk/ngwrdrst.grst.g7serrst.gnsckt_wrst.rst_wr_reg2_inst/arststages_ff_reg[0]/PRE
                            (recovery check against rising-edge clock clk_out1_xlnx_clk_gen  {rise@0.000ns fall@12.500ns period=25.000ns})
  Path Group:             (none)
  Path Type:              Recovery (Max at Slow Process Corner)
  Data Path Delay:        5.345ns  (logic 0.580ns (10.851%)  route 4.765ns (89.149%))
  Logic Levels:           1  (LUT1=1)
  Clock Path Skew:        -0.572ns (DCD - SCD + CPR)
    Destination Clock Delay (DCD):    -1.532ns
    Source Clock Delay      (SCD):    -0.959ns
    Clock Pessimism Removal (CPR):    0.000ns
  Clock Uncertainty:      0.082ns  ((TSJ^2 + DJ^2)^1/2) / 2 + PE
    Total System Jitter     (TSJ):    0.071ns
    Discrete Jitter          (DJ):    0.149ns
    Phase Error              (PE):    0.000ns
  Timing Exception:       False Path

    Location             Delay type                Incr(ns)  Path(ns)    Netlist Resource(s)
  -------------------------------------------------------------------    -------------------
                         (clock clk_out1_xlnx_clk_gen rise edge)
                                                      0.000     0.000 r  
    K17                                               0.000     0.000 r  clk_sys (IN)
                         net (fo=0)                   0.000     0.000    i_xlnx_clk_gen/inst/clk_in1
    K17                  IBUF (Prop_ibuf_I_O)         1.475     1.475 r  i_xlnx_clk_gen/inst/clkin1_ibufg/O
                         net (fo=1, routed)           1.285     2.760    i_xlnx_clk_gen/inst/clk_in1_xlnx_clk_gen
    MMCME2_ADV_X1Y2      MMCME2_ADV (Prop_mmcme2_adv_CLKIN1_CLKOUT0)
                                                     -7.759    -4.999 r  i_xlnx_clk_gen/inst/mmcm_adv_inst/CLKOUT0
                         net (fo=1, routed)           2.206    -2.793    i_xlnx_clk_gen/inst/clk_out1_xlnx_clk_gen
    BUFGCTRL_X0Y16       BUFG (Prop_bufg_I_O)         0.101    -2.692 r  i_xlnx_clk_gen/inst/clkout1_buf/O
                         net (fo=15067, routed)       1.733    -0.959    i_rstgen_main/i_rstgen_bypass/clk_out1
    SLICE_X76Y40         FDCE                                         r  i_rstgen_main/i_rstgen_bypass/synch_regs_q_reg[3]/C
  -------------------------------------------------------------------    -------------------
    SLICE_X76Y40         FDCE (Prop_fdce_C_Q)         0.456    -0.503 r  i_rstgen_main/i_rstgen_bypass/synch_regs_q_reg[3]/Q
                         net (fo=29, routed)          1.843     1.340    i_axi_dwidth_converter_dm_slave/inst/gen_downsizer.gen_simple_downsizer.axi_downsizer_inst/USE_WRITE.write_addr_inst/USE_B_CHANNEL.cmd_b_queue/inst/out
    SLICE_X94Y43         LUT1 (Prop_lut1_I0_O)        0.124     1.464 f  i_axi_dwidth_converter_dm_slave/inst/gen_downsizer.gen_simple_downsizer.axi_downsizer_inst/USE_WRITE.write_addr_inst/USE_B_CHANNEL.cmd_b_queue/inst/S_AXI_AREADY_I_i_1/O
                         net (fo=156, routed)         2.922     4.386    i_axi_dwidth_converter_dm_slave/inst/gen_downsizer.gen_simple_downsizer.axi_downsizer_inst/USE_WRITE.write_addr_inst/cmd_queue/inst/fifo_gen_inst/inst_fifo_gen/gconvfifo.rf/grf.rf/rstblk/ngwrdrst.grst.g7serrst.gnsckt_wrst.rst_wr_reg2_inst/src_arst
    SLICE_X101Y28        FDPE                                         f  i_axi_dwidth_converter_dm_slave/inst/gen_downsizer.gen_simple_downsizer.axi_downsizer_inst/USE_WRITE.write_addr_inst/cmd_queue/inst/fifo_gen_inst/inst_fifo_gen/gconvfifo.rf/grf.rf/rstblk/ngwrdrst.grst.g7serrst.gnsckt_wrst.rst_wr_reg2_inst/arststages_ff_reg[0]/PRE
  -------------------------------------------------------------------    -------------------

                         (clock clk_out1_xlnx_clk_gen rise edge)
                                                      0.000     0.000 r  
    K17                                               0.000     0.000 r  clk_sys (IN)
                         net (fo=0)                   0.000     0.000    i_xlnx_clk_gen/inst/clk_in1
    K17                  IBUF (Prop_ibuf_I_O)         1.404     1.404 r  i_xlnx_clk_gen/inst/clkin1_ibufg/O
                         net (fo=1, routed)           1.162     2.566    i_xlnx_clk_gen/inst/clk_in1_xlnx_clk_gen
    MMCME2_ADV_X1Y2      MMCME2_ADV (Prop_mmcme2_adv_CLKIN1_CLKOUT0)
                                                     -7.814    -5.248 r  i_xlnx_clk_gen/inst/mmcm_adv_inst/CLKOUT0
                         net (fo=1, routed)           2.012    -3.236    i_xlnx_clk_gen/inst/clk_out1_xlnx_clk_gen
    BUFGCTRL_X0Y16       BUFG (Prop_bufg_I_O)         0.091    -3.145 r  i_xlnx_clk_gen/inst/clkout1_buf/O
                         net (fo=15067, routed)       1.613    -1.532    i_axi_dwidth_converter_dm_slave/inst/gen_downsizer.gen_simple_downsizer.axi_downsizer_inst/USE_WRITE.write_addr_inst/cmd_queue/inst/fifo_gen_inst/inst_fifo_gen/gconvfifo.rf/grf.rf/rstblk/ngwrdrst.grst.g7serrst.gnsckt_wrst.rst_wr_reg2_inst/dest_clk
    SLICE_X101Y28        FDPE                                         r  i_axi_dwidth_converter_dm_slave/inst/gen_downsizer.gen_simple_downsizer.axi_downsizer_inst/USE_WRITE.write_addr_inst/cmd_queue/inst/fifo_gen_inst/inst_fifo_gen/gconvfifo.rf/grf.rf/rstblk/ngwrdrst.grst.g7serrst.gnsckt_wrst.rst_wr_reg2_inst/arststages_ff_reg[0]/C

Slack:                    inf
  Source:                 i_rstgen_main/i_rstgen_bypass/synch_regs_q_reg[3]/C
                            (rising edge-triggered cell FDCE clocked by clk_out1_xlnx_clk_gen  {rise@0.000ns fall@12.500ns period=25.000ns})
  Destination:            i_axi_dwidth_converter_dm_slave/inst/gen_downsizer.gen_simple_downsizer.axi_downsizer_inst/USE_WRITE.write_addr_inst/cmd_queue/inst/fifo_gen_inst/inst_fifo_gen/gconvfifo.rf/grf.rf/rstblk/ngwrdrst.grst.g7serrst.gnsckt_wrst.rst_wr_reg2_inst/arststages_ff_reg[1]/PRE
                            (recovery check against rising-edge clock clk_out1_xlnx_clk_gen  {rise@0.000ns fall@12.500ns period=25.000ns})
  Path Group:             (none)
  Path Type:              Recovery (Max at Slow Process Corner)
  Data Path Delay:        5.345ns  (logic 0.580ns (10.851%)  route 4.765ns (89.149%))
  Logic Levels:           1  (LUT1=1)
  Clock Path Skew:        -0.572ns (DCD - SCD + CPR)
    Destination Clock Delay (DCD):    -1.532ns
    Source Clock Delay      (SCD):    -0.959ns
    Clock Pessimism Removal (CPR):    0.000ns
  Clock Uncertainty:      0.082ns  ((TSJ^2 + DJ^2)^1/2) / 2 + PE
    Total System Jitter     (TSJ):    0.071ns
    Discrete Jitter          (DJ):    0.149ns
    Phase Error              (PE):    0.000ns
  Timing Exception:       False Path

    Location             Delay type                Incr(ns)  Path(ns)    Netlist Resource(s)
  -------------------------------------------------------------------    -------------------
                         (clock clk_out1_xlnx_clk_gen rise edge)
                                                      0.000     0.000 r  
    K17                                               0.000     0.000 r  clk_sys (IN)
                         net (fo=0)                   0.000     0.000    i_xlnx_clk_gen/inst/clk_in1
    K17                  IBUF (Prop_ibuf_I_O)         1.475     1.475 r  i_xlnx_clk_gen/inst/clkin1_ibufg/O
                         net (fo=1, routed)           1.285     2.760    i_xlnx_clk_gen/inst/clk_in1_xlnx_clk_gen
    MMCME2_ADV_X1Y2      MMCME2_ADV (Prop_mmcme2_adv_CLKIN1_CLKOUT0)
                                                     -7.759    -4.999 r  i_xlnx_clk_gen/inst/mmcm_adv_inst/CLKOUT0
                         net (fo=1, routed)           2.206    -2.793    i_xlnx_clk_gen/inst/clk_out1_xlnx_clk_gen
    BUFGCTRL_X0Y16       BUFG (Prop_bufg_I_O)         0.101    -2.692 r  i_xlnx_clk_gen/inst/clkout1_buf/O
                         net (fo=15067, routed)       1.733    -0.959    i_rstgen_main/i_rstgen_bypass/clk_out1
    SLICE_X76Y40         FDCE                                         r  i_rstgen_main/i_rstgen_bypass/synch_regs_q_reg[3]/C
  -------------------------------------------------------------------    -------------------
    SLICE_X76Y40         FDCE (Prop_fdce_C_Q)         0.456    -0.503 r  i_rstgen_main/i_rstgen_bypass/synch_regs_q_reg[3]/Q
                         net (fo=29, routed)          1.843     1.340    i_axi_dwidth_converter_dm_slave/inst/gen_downsizer.gen_simple_downsizer.axi_downsizer_inst/USE_WRITE.write_addr_inst/USE_B_CHANNEL.cmd_b_queue/inst/out
    SLICE_X94Y43         LUT1 (Prop_lut1_I0_O)        0.124     1.464 f  i_axi_dwidth_converter_dm_slave/inst/gen_downsizer.gen_simple_downsizer.axi_downsizer_inst/USE_WRITE.write_addr_inst/USE_B_CHANNEL.cmd_b_queue/inst/S_AXI_AREADY_I_i_1/O
                         net (fo=156, routed)         2.922     4.386    i_axi_dwidth_converter_dm_slave/inst/gen_downsizer.gen_simple_downsizer.axi_downsizer_inst/USE_WRITE.write_addr_inst/cmd_queue/inst/fifo_gen_inst/inst_fifo_gen/gconvfifo.rf/grf.rf/rstblk/ngwrdrst.grst.g7serrst.gnsckt_wrst.rst_wr_reg2_inst/src_arst
    SLICE_X101Y28        FDPE                                         f  i_axi_dwidth_converter_dm_slave/inst/gen_downsizer.gen_simple_downsizer.axi_downsizer_inst/USE_WRITE.write_addr_inst/cmd_queue/inst/fifo_gen_inst/inst_fifo_gen/gconvfifo.rf/grf.rf/rstblk/ngwrdrst.grst.g7serrst.gnsckt_wrst.rst_wr_reg2_inst/arststages_ff_reg[1]/PRE
  -------------------------------------------------------------------    -------------------

                         (clock clk_out1_xlnx_clk_gen rise edge)
                                                      0.000     0.000 r  
    K17                                               0.000     0.000 r  clk_sys (IN)
                         net (fo=0)                   0.000     0.000    i_xlnx_clk_gen/inst/clk_in1
    K17                  IBUF (Prop_ibuf_I_O)         1.404     1.404 r  i_xlnx_clk_gen/inst/clkin1_ibufg/O
                         net (fo=1, routed)           1.162     2.566    i_xlnx_clk_gen/inst/clk_in1_xlnx_clk_gen
    MMCME2_ADV_X1Y2      MMCME2_ADV (Prop_mmcme2_adv_CLKIN1_CLKOUT0)
                                                     -7.814    -5.248 r  i_xlnx_clk_gen/inst/mmcm_adv_inst/CLKOUT0
                         net (fo=1, routed)           2.012    -3.236    i_xlnx_clk_gen/inst/clk_out1_xlnx_clk_gen
    BUFGCTRL_X0Y16       BUFG (Prop_bufg_I_O)         0.091    -3.145 r  i_xlnx_clk_gen/inst/clkout1_buf/O
                         net (fo=15067, routed)       1.613    -1.532    i_axi_dwidth_converter_dm_slave/inst/gen_downsizer.gen_simple_downsizer.axi_downsizer_inst/USE_WRITE.write_addr_inst/cmd_queue/inst/fifo_gen_inst/inst_fifo_gen/gconvfifo.rf/grf.rf/rstblk/ngwrdrst.grst.g7serrst.gnsckt_wrst.rst_wr_reg2_inst/dest_clk
    SLICE_X101Y28        FDPE                                         r  i_axi_dwidth_converter_dm_slave/inst/gen_downsizer.gen_simple_downsizer.axi_downsizer_inst/USE_WRITE.write_addr_inst/cmd_queue/inst/fifo_gen_inst/inst_fifo_gen/gconvfifo.rf/grf.rf/rstblk/ngwrdrst.grst.g7serrst.gnsckt_wrst.rst_wr_reg2_inst/arststages_ff_reg[1]/C

Slack:                    inf
  Source:                 i_rstgen_main/i_rstgen_bypass/synch_regs_q_reg[3]/C
                            (rising edge-triggered cell FDCE clocked by clk_out1_xlnx_clk_gen  {rise@0.000ns fall@12.500ns period=25.000ns})
  Destination:            i_axi_dwidth_converter_dm_slave/inst/gen_downsizer.gen_simple_downsizer.axi_downsizer_inst/USE_WRITE.write_addr_inst/USE_B_CHANNEL.cmd_b_queue/inst/fifo_gen_inst/inst_fifo_gen/gconvfifo.rf/grf.rf/rstblk/ngwrdrst.grst.g7serrst.gnsckt_wrst.rst_wr_reg2_inst/arststages_ff_reg[0]/PRE
                            (recovery check against rising-edge clock clk_out1_xlnx_clk_gen  {rise@0.000ns fall@12.500ns period=25.000ns})
  Path Group:             (none)
  Path Type:              Recovery (Max at Slow Process Corner)
  Data Path Delay:        3.999ns  (logic 0.580ns (14.505%)  route 3.419ns (85.495%))
  Logic Levels:           1  (LUT1=1)
  Clock Path Skew:        -0.560ns (DCD - SCD + CPR)
    Destination Clock Delay (DCD):    -1.520ns
    Source Clock Delay      (SCD):    -0.959ns
    Clock Pessimism Removal (CPR):    0.000ns
  Clock Uncertainty:      0.082ns  ((TSJ^2 + DJ^2)^1/2) / 2 + PE
    Total System Jitter     (TSJ):    0.071ns
    Discrete Jitter          (DJ):    0.149ns
    Phase Error              (PE):    0.000ns
  Timing Exception:       False Path

    Location             Delay type                Incr(ns)  Path(ns)    Netlist Resource(s)
  -------------------------------------------------------------------    -------------------
                         (clock clk_out1_xlnx_clk_gen rise edge)
                                                      0.000     0.000 r  
    K17                                               0.000     0.000 r  clk_sys (IN)
                         net (fo=0)                   0.000     0.000    i_xlnx_clk_gen/inst/clk_in1
    K17                  IBUF (Prop_ibuf_I_O)         1.475     1.475 r  i_xlnx_clk_gen/inst/clkin1_ibufg/O
                         net (fo=1, routed)           1.285     2.760    i_xlnx_clk_gen/inst/clk_in1_xlnx_clk_gen
    MMCME2_ADV_X1Y2      MMCME2_ADV (Prop_mmcme2_adv_CLKIN1_CLKOUT0)
                                                     -7.759    -4.999 r  i_xlnx_clk_gen/inst/mmcm_adv_inst/CLKOUT0
                         net (fo=1, routed)           2.206    -2.793    i_xlnx_clk_gen/inst/clk_out1_xlnx_clk_gen
    BUFGCTRL_X0Y16       BUFG (Prop_bufg_I_O)         0.101    -2.692 r  i_xlnx_clk_gen/inst/clkout1_buf/O
                         net (fo=15067, routed)       1.733    -0.959    i_rstgen_main/i_rstgen_bypass/clk_out1
    SLICE_X76Y40         FDCE                                         r  i_rstgen_main/i_rstgen_bypass/synch_regs_q_reg[3]/C
  -------------------------------------------------------------------    -------------------
    SLICE_X76Y40         FDCE (Prop_fdce_C_Q)         0.456    -0.503 r  i_rstgen_main/i_rstgen_bypass/synch_regs_q_reg[3]/Q
                         net (fo=29, routed)          1.843     1.340    i_axi_dwidth_converter_dm_slave/inst/gen_downsizer.gen_simple_downsizer.axi_downsizer_inst/USE_WRITE.write_addr_inst/USE_B_CHANNEL.cmd_b_queue/inst/out
    SLICE_X94Y43         LUT1 (Prop_lut1_I0_O)        0.124     1.464 f  i_axi_dwidth_converter_dm_slave/inst/gen_downsizer.gen_simple_downsizer.axi_downsizer_inst/USE_WRITE.write_addr_inst/USE_B_CHANNEL.cmd_b_queue/inst/S_AXI_AREADY_I_i_1/O
                         net (fo=156, routed)         1.575     3.039    i_axi_dwidth_converter_dm_slave/inst/gen_downsizer.gen_simple_downsizer.axi_downsizer_inst/USE_WRITE.write_addr_inst/USE_B_CHANNEL.cmd_b_queue/inst/fifo_gen_inst/inst_fifo_gen/gconvfifo.rf/grf.rf/rstblk/ngwrdrst.grst.g7serrst.gnsckt_wrst.rst_wr_reg2_inst/src_arst
    SLICE_X101Y44        FDPE                                         f  i_axi_dwidth_converter_dm_slave/inst/gen_downsizer.gen_simple_downsizer.axi_downsizer_inst/USE_WRITE.write_addr_inst/USE_B_CHANNEL.cmd_b_queue/inst/fifo_gen_inst/inst_fifo_gen/gconvfifo.rf/grf.rf/rstblk/ngwrdrst.grst.g7serrst.gnsckt_wrst.rst_wr_reg2_inst/arststages_ff_reg[0]/PRE
  -------------------------------------------------------------------    -------------------

                         (clock clk_out1_xlnx_clk_gen rise edge)
                                                      0.000     0.000 r  
    K17                                               0.000     0.000 r  clk_sys (IN)
                         net (fo=0)                   0.000     0.000    i_xlnx_clk_gen/inst/clk_in1
    K17                  IBUF (Prop_ibuf_I_O)         1.404     1.404 r  i_xlnx_clk_gen/inst/clkin1_ibufg/O
                         net (fo=1, routed)           1.162     2.566    i_xlnx_clk_gen/inst/clk_in1_xlnx_clk_gen
    MMCME2_ADV_X1Y2      MMCME2_ADV (Prop_mmcme2_adv_CLKIN1_CLKOUT0)
                                                     -7.814    -5.248 r  i_xlnx_clk_gen/inst/mmcm_adv_inst/CLKOUT0
                         net (fo=1, routed)           2.012    -3.236    i_xlnx_clk_gen/inst/clk_out1_xlnx_clk_gen
    BUFGCTRL_X0Y16       BUFG (Prop_bufg_I_O)         0.091    -3.145 r  i_xlnx_clk_gen/inst/clkout1_buf/O
                         net (fo=15067, routed)       1.625    -1.520    i_axi_dwidth_converter_dm_slave/inst/gen_downsizer.gen_simple_downsizer.axi_downsizer_inst/USE_WRITE.write_addr_inst/USE_B_CHANNEL.cmd_b_queue/inst/fifo_gen_inst/inst_fifo_gen/gconvfifo.rf/grf.rf/rstblk/ngwrdrst.grst.g7serrst.gnsckt_wrst.rst_wr_reg2_inst/dest_clk
    SLICE_X101Y44        FDPE                                         r  i_axi_dwidth_converter_dm_slave/inst/gen_downsizer.gen_simple_downsizer.axi_downsizer_inst/USE_WRITE.write_addr_inst/USE_B_CHANNEL.cmd_b_queue/inst/fifo_gen_inst/inst_fifo_gen/gconvfifo.rf/grf.rf/rstblk/ngwrdrst.grst.g7serrst.gnsckt_wrst.rst_wr_reg2_inst/arststages_ff_reg[0]/C

Slack:                    inf
  Source:                 i_rstgen_main/i_rstgen_bypass/synch_regs_q_reg[3]/C
                            (rising edge-triggered cell FDCE clocked by clk_out1_xlnx_clk_gen  {rise@0.000ns fall@12.500ns period=25.000ns})
  Destination:            i_axi_dwidth_converter_dm_slave/inst/gen_downsizer.gen_simple_downsizer.axi_downsizer_inst/USE_WRITE.write_addr_inst/USE_B_CHANNEL.cmd_b_queue/inst/fifo_gen_inst/inst_fifo_gen/gconvfifo.rf/grf.rf/rstblk/ngwrdrst.grst.g7serrst.gnsckt_wrst.rst_wr_reg2_inst/arststages_ff_reg[1]/PRE
                            (recovery check against rising-edge clock clk_out1_xlnx_clk_gen  {rise@0.000ns fall@12.500ns period=25.000ns})
  Path Group:             (none)
  Path Type:              Recovery (Max at Slow Process Corner)
  Data Path Delay:        3.999ns  (logic 0.580ns (14.505%)  route 3.419ns (85.495%))
  Logic Levels:           1  (LUT1=1)
  Clock Path Skew:        -0.560ns (DCD - SCD + CPR)
    Destination Clock Delay (DCD):    -1.520ns
    Source Clock Delay      (SCD):    -0.959ns
    Clock Pessimism Removal (CPR):    0.000ns
  Clock Uncertainty:      0.082ns  ((TSJ^2 + DJ^2)^1/2) / 2 + PE
    Total System Jitter     (TSJ):    0.071ns
    Discrete Jitter          (DJ):    0.149ns
    Phase Error              (PE):    0.000ns
  Timing Exception:       False Path

    Location             Delay type                Incr(ns)  Path(ns)    Netlist Resource(s)
  -------------------------------------------------------------------    -------------------
                         (clock clk_out1_xlnx_clk_gen rise edge)
                                                      0.000     0.000 r  
    K17                                               0.000     0.000 r  clk_sys (IN)
                         net (fo=0)                   0.000     0.000    i_xlnx_clk_gen/inst/clk_in1
    K17                  IBUF (Prop_ibuf_I_O)         1.475     1.475 r  i_xlnx_clk_gen/inst/clkin1_ibufg/O
                         net (fo=1, routed)           1.285     2.760    i_xlnx_clk_gen/inst/clk_in1_xlnx_clk_gen
    MMCME2_ADV_X1Y2      MMCME2_ADV (Prop_mmcme2_adv_CLKIN1_CLKOUT0)
                                                     -7.759    -4.999 r  i_xlnx_clk_gen/inst/mmcm_adv_inst/CLKOUT0
                         net (fo=1, routed)           2.206    -2.793    i_xlnx_clk_gen/inst/clk_out1_xlnx_clk_gen
    BUFGCTRL_X0Y16       BUFG (Prop_bufg_I_O)         0.101    -2.692 r  i_xlnx_clk_gen/inst/clkout1_buf/O
                         net (fo=15067, routed)       1.733    -0.959    i_rstgen_main/i_rstgen_bypass/clk_out1
    SLICE_X76Y40         FDCE                                         r  i_rstgen_main/i_rstgen_bypass/synch_regs_q_reg[3]/C
  -------------------------------------------------------------------    -------------------
    SLICE_X76Y40         FDCE (Prop_fdce_C_Q)         0.456    -0.503 r  i_rstgen_main/i_rstgen_bypass/synch_regs_q_reg[3]/Q
                         net (fo=29, routed)          1.843     1.340    i_axi_dwidth_converter_dm_slave/inst/gen_downsizer.gen_simple_downsizer.axi_downsizer_inst/USE_WRITE.write_addr_inst/USE_B_CHANNEL.cmd_b_queue/inst/out
    SLICE_X94Y43         LUT1 (Prop_lut1_I0_O)        0.124     1.464 f  i_axi_dwidth_converter_dm_slave/inst/gen_downsizer.gen_simple_downsizer.axi_downsizer_inst/USE_WRITE.write_addr_inst/USE_B_CHANNEL.cmd_b_queue/inst/S_AXI_AREADY_I_i_1/O
                         net (fo=156, routed)         1.575     3.039    i_axi_dwidth_converter_dm_slave/inst/gen_downsizer.gen_simple_downsizer.axi_downsizer_inst/USE_WRITE.write_addr_inst/USE_B_CHANNEL.cmd_b_queue/inst/fifo_gen_inst/inst_fifo_gen/gconvfifo.rf/grf.rf/rstblk/ngwrdrst.grst.g7serrst.gnsckt_wrst.rst_wr_reg2_inst/src_arst
    SLICE_X101Y44        FDPE                                         f  i_axi_dwidth_converter_dm_slave/inst/gen_downsizer.gen_simple_downsizer.axi_downsizer_inst/USE_WRITE.write_addr_inst/USE_B_CHANNEL.cmd_b_queue/inst/fifo_gen_inst/inst_fifo_gen/gconvfifo.rf/grf.rf/rstblk/ngwrdrst.grst.g7serrst.gnsckt_wrst.rst_wr_reg2_inst/arststages_ff_reg[1]/PRE
  -------------------------------------------------------------------    -------------------

                         (clock clk_out1_xlnx_clk_gen rise edge)
                                                      0.000     0.000 r  
    K17                                               0.000     0.000 r  clk_sys (IN)
                         net (fo=0)                   0.000     0.000    i_xlnx_clk_gen/inst/clk_in1
    K17                  IBUF (Prop_ibuf_I_O)         1.404     1.404 r  i_xlnx_clk_gen/inst/clkin1_ibufg/O
                         net (fo=1, routed)           1.162     2.566    i_xlnx_clk_gen/inst/clk_in1_xlnx_clk_gen
    MMCME2_ADV_X1Y2      MMCME2_ADV (Prop_mmcme2_adv_CLKIN1_CLKOUT0)
                                                     -7.814    -5.248 r  i_xlnx_clk_gen/inst/mmcm_adv_inst/CLKOUT0
                         net (fo=1, routed)           2.012    -3.236    i_xlnx_clk_gen/inst/clk_out1_xlnx_clk_gen
    BUFGCTRL_X0Y16       BUFG (Prop_bufg_I_O)         0.091    -3.145 r  i_xlnx_clk_gen/inst/clkout1_buf/O
                         net (fo=15067, routed)       1.625    -1.520    i_axi_dwidth_converter_dm_slave/inst/gen_downsizer.gen_simple_downsizer.axi_downsizer_inst/USE_WRITE.write_addr_inst/USE_B_CHANNEL.cmd_b_queue/inst/fifo_gen_inst/inst_fifo_gen/gconvfifo.rf/grf.rf/rstblk/ngwrdrst.grst.g7serrst.gnsckt_wrst.rst_wr_reg2_inst/dest_clk
    SLICE_X101Y44        FDPE                                         r  i_axi_dwidth_converter_dm_slave/inst/gen_downsizer.gen_simple_downsizer.axi_downsizer_inst/USE_WRITE.write_addr_inst/USE_B_CHANNEL.cmd_b_queue/inst/fifo_gen_inst/inst_fifo_gen/gconvfifo.rf/grf.rf/rstblk/ngwrdrst.grst.g7serrst.gnsckt_wrst.rst_wr_reg2_inst/arststages_ff_reg[1]/C





Min Delay Paths
--------------------------------------------------------------------------------------
Slack:                    inf
  Source:                 i_rstgen_main/i_rstgen_bypass/synch_regs_q_reg[3]/C
                            (rising edge-triggered cell FDCE clocked by clk_out1_xlnx_clk_gen  {rise@0.000ns fall@12.500ns period=25.000ns})
  Destination:            i_axi_dwidth_converter_dm_slave/inst/gen_downsizer.gen_simple_downsizer.axi_downsizer_inst/USE_WRITE.write_addr_inst/USE_B_CHANNEL.cmd_b_queue/inst/fifo_gen_inst/inst_fifo_gen/gconvfifo.rf/grf.rf/rstblk/ngwrdrst.grst.g7serrst.gnsckt_wrst.rst_wr_reg2_inst/arststages_ff_reg[0]/PRE
                            (removal check against rising-edge clock clk_out1_xlnx_clk_gen  {rise@0.000ns fall@12.500ns period=25.000ns})
  Path Group:             (none)
  Path Type:              Removal (Min at Fast Process Corner)
  Data Path Delay:        1.631ns  (logic 0.186ns (11.407%)  route 1.445ns (88.593%))
  Logic Levels:           1  (LUT1=1)
  Clock Path Skew:        -0.212ns (DCD - SCD - CPR)
    Destination Clock Delay (DCD):    -0.832ns
    Source Clock Delay      (SCD):    -0.621ns
    Clock Pessimism Removal (CPR):    -0.000ns
  Clock Uncertainty:      0.082ns  ((TSJ^2 + DJ^2)^1/2) / 2 + PE
    Total System Jitter     (TSJ):    0.071ns
    Discrete Jitter          (DJ):    0.149ns
    Phase Error              (PE):    0.000ns
  Timing Exception:       False Path

    Location             Delay type                Incr(ns)  Path(ns)    Netlist Resource(s)
  -------------------------------------------------------------------    -------------------
                         (clock clk_out1_xlnx_clk_gen rise edge)
                                                      0.000     0.000 r  
    K17                                               0.000     0.000 r  clk_sys (IN)
                         net (fo=0)                   0.000     0.000    i_xlnx_clk_gen/inst/clk_in1
    K17                  IBUF (Prop_ibuf_I_O)         0.243     0.243 r  i_xlnx_clk_gen/inst/clkin1_ibufg/O
                         net (fo=1, routed)           0.440     0.683    i_xlnx_clk_gen/inst/clk_in1_xlnx_clk_gen
    MMCME2_ADV_X1Y2      MMCME2_ADV (Prop_mmcme2_adv_CLKIN1_CLKOUT0)
                                                     -2.613    -1.930 r  i_xlnx_clk_gen/inst/mmcm_adv_inst/CLKOUT0
                         net (fo=1, routed)           0.696    -1.233    i_xlnx_clk_gen/inst/clk_out1_xlnx_clk_gen
    BUFGCTRL_X0Y16       BUFG (Prop_bufg_I_O)         0.026    -1.207 r  i_xlnx_clk_gen/inst/clkout1_buf/O
                         net (fo=15067, routed)       0.587    -0.621    i_rstgen_main/i_rstgen_bypass/clk_out1
    SLICE_X76Y40         FDCE                                         r  i_rstgen_main/i_rstgen_bypass/synch_regs_q_reg[3]/C
  -------------------------------------------------------------------    -------------------
    SLICE_X76Y40         FDCE (Prop_fdce_C_Q)         0.141    -0.480 r  i_rstgen_main/i_rstgen_bypass/synch_regs_q_reg[3]/Q
                         net (fo=29, routed)          0.803     0.324    i_axi_dwidth_converter_dm_slave/inst/gen_downsizer.gen_simple_downsizer.axi_downsizer_inst/USE_WRITE.write_addr_inst/USE_B_CHANNEL.cmd_b_queue/inst/out
    SLICE_X94Y43         LUT1 (Prop_lut1_I0_O)        0.045     0.369 f  i_axi_dwidth_converter_dm_slave/inst/gen_downsizer.gen_simple_downsizer.axi_downsizer_inst/USE_WRITE.write_addr_inst/USE_B_CHANNEL.cmd_b_queue/inst/S_AXI_AREADY_I_i_1/O
                         net (fo=156, routed)         0.641     1.010    i_axi_dwidth_converter_dm_slave/inst/gen_downsizer.gen_simple_downsizer.axi_downsizer_inst/USE_WRITE.write_addr_inst/USE_B_CHANNEL.cmd_b_queue/inst/fifo_gen_inst/inst_fifo_gen/gconvfifo.rf/grf.rf/rstblk/ngwrdrst.grst.g7serrst.gnsckt_wrst.rst_wr_reg2_inst/src_arst
    SLICE_X101Y44        FDPE                                         f  i_axi_dwidth_converter_dm_slave/inst/gen_downsizer.gen_simple_downsizer.axi_downsizer_inst/USE_WRITE.write_addr_inst/USE_B_CHANNEL.cmd_b_queue/inst/fifo_gen_inst/inst_fifo_gen/gconvfifo.rf/grf.rf/rstblk/ngwrdrst.grst.g7serrst.gnsckt_wrst.rst_wr_reg2_inst/arststages_ff_reg[0]/PRE
  -------------------------------------------------------------------    -------------------

                         (clock clk_out1_xlnx_clk_gen rise edge)
                                                      0.000     0.000 r  
    K17                                               0.000     0.000 r  clk_sys (IN)
                         net (fo=0)                   0.000     0.000    i_xlnx_clk_gen/inst/clk_in1
    K17                  IBUF (Prop_ibuf_I_O)         0.431     0.431 r  i_xlnx_clk_gen/inst/clkin1_ibufg/O
                         net (fo=1, routed)           0.480     0.911    i_xlnx_clk_gen/inst/clk_in1_xlnx_clk_gen
    MMCME2_ADV_X1Y2      MMCME2_ADV (Prop_mmcme2_adv_CLKIN1_CLKOUT0)
                                                     -3.407    -2.496 r  i_xlnx_clk_gen/inst/mmcm_adv_inst/CLKOUT0
                         net (fo=1, routed)           0.752    -1.744    i_xlnx_clk_gen/inst/clk_out1_xlnx_clk_gen
    BUFGCTRL_X0Y16       BUFG (Prop_bufg_I_O)         0.029    -1.715 r  i_xlnx_clk_gen/inst/clkout1_buf/O
                         net (fo=15067, routed)       0.883    -0.832    i_axi_dwidth_converter_dm_slave/inst/gen_downsizer.gen_simple_downsizer.axi_downsizer_inst/USE_WRITE.write_addr_inst/USE_B_CHANNEL.cmd_b_queue/inst/fifo_gen_inst/inst_fifo_gen/gconvfifo.rf/grf.rf/rstblk/ngwrdrst.grst.g7serrst.gnsckt_wrst.rst_wr_reg2_inst/dest_clk
    SLICE_X101Y44        FDPE                                         r  i_axi_dwidth_converter_dm_slave/inst/gen_downsizer.gen_simple_downsizer.axi_downsizer_inst/USE_WRITE.write_addr_inst/USE_B_CHANNEL.cmd_b_queue/inst/fifo_gen_inst/inst_fifo_gen/gconvfifo.rf/grf.rf/rstblk/ngwrdrst.grst.g7serrst.gnsckt_wrst.rst_wr_reg2_inst/arststages_ff_reg[0]/C

Slack:                    inf
  Source:                 i_rstgen_main/i_rstgen_bypass/synch_regs_q_reg[3]/C
                            (rising edge-triggered cell FDCE clocked by clk_out1_xlnx_clk_gen  {rise@0.000ns fall@12.500ns period=25.000ns})
  Destination:            i_axi_dwidth_converter_dm_slave/inst/gen_downsizer.gen_simple_downsizer.axi_downsizer_inst/USE_WRITE.write_addr_inst/USE_B_CHANNEL.cmd_b_queue/inst/fifo_gen_inst/inst_fifo_gen/gconvfifo.rf/grf.rf/rstblk/ngwrdrst.grst.g7serrst.gnsckt_wrst.rst_wr_reg2_inst/arststages_ff_reg[1]/PRE
                            (removal check against rising-edge clock clk_out1_xlnx_clk_gen  {rise@0.000ns fall@12.500ns period=25.000ns})
  Path Group:             (none)
  Path Type:              Removal (Min at Fast Process Corner)
  Data Path Delay:        1.631ns  (logic 0.186ns (11.407%)  route 1.445ns (88.593%))
  Logic Levels:           1  (LUT1=1)
  Clock Path Skew:        -0.212ns (DCD - SCD - CPR)
    Destination Clock Delay (DCD):    -0.832ns
    Source Clock Delay      (SCD):    -0.621ns
    Clock Pessimism Removal (CPR):    -0.000ns
  Clock Uncertainty:      0.082ns  ((TSJ^2 + DJ^2)^1/2) / 2 + PE
    Total System Jitter     (TSJ):    0.071ns
    Discrete Jitter          (DJ):    0.149ns
    Phase Error              (PE):    0.000ns
  Timing Exception:       False Path

    Location             Delay type                Incr(ns)  Path(ns)    Netlist Resource(s)
  -------------------------------------------------------------------    -------------------
                         (clock clk_out1_xlnx_clk_gen rise edge)
                                                      0.000     0.000 r  
    K17                                               0.000     0.000 r  clk_sys (IN)
                         net (fo=0)                   0.000     0.000    i_xlnx_clk_gen/inst/clk_in1
    K17                  IBUF (Prop_ibuf_I_O)         0.243     0.243 r  i_xlnx_clk_gen/inst/clkin1_ibufg/O
                         net (fo=1, routed)           0.440     0.683    i_xlnx_clk_gen/inst/clk_in1_xlnx_clk_gen
    MMCME2_ADV_X1Y2      MMCME2_ADV (Prop_mmcme2_adv_CLKIN1_CLKOUT0)
                                                     -2.613    -1.930 r  i_xlnx_clk_gen/inst/mmcm_adv_inst/CLKOUT0
                         net (fo=1, routed)           0.696    -1.233    i_xlnx_clk_gen/inst/clk_out1_xlnx_clk_gen
    BUFGCTRL_X0Y16       BUFG (Prop_bufg_I_O)         0.026    -1.207 r  i_xlnx_clk_gen/inst/clkout1_buf/O
                         net (fo=15067, routed)       0.587    -0.621    i_rstgen_main/i_rstgen_bypass/clk_out1
    SLICE_X76Y40         FDCE                                         r  i_rstgen_main/i_rstgen_bypass/synch_regs_q_reg[3]/C
  -------------------------------------------------------------------    -------------------
    SLICE_X76Y40         FDCE (Prop_fdce_C_Q)         0.141    -0.480 r  i_rstgen_main/i_rstgen_bypass/synch_regs_q_reg[3]/Q
                         net (fo=29, routed)          0.803     0.324    i_axi_dwidth_converter_dm_slave/inst/gen_downsizer.gen_simple_downsizer.axi_downsizer_inst/USE_WRITE.write_addr_inst/USE_B_CHANNEL.cmd_b_queue/inst/out
    SLICE_X94Y43         LUT1 (Prop_lut1_I0_O)        0.045     0.369 f  i_axi_dwidth_converter_dm_slave/inst/gen_downsizer.gen_simple_downsizer.axi_downsizer_inst/USE_WRITE.write_addr_inst/USE_B_CHANNEL.cmd_b_queue/inst/S_AXI_AREADY_I_i_1/O
                         net (fo=156, routed)         0.641     1.010    i_axi_dwidth_converter_dm_slave/inst/gen_downsizer.gen_simple_downsizer.axi_downsizer_inst/USE_WRITE.write_addr_inst/USE_B_CHANNEL.cmd_b_queue/inst/fifo_gen_inst/inst_fifo_gen/gconvfifo.rf/grf.rf/rstblk/ngwrdrst.grst.g7serrst.gnsckt_wrst.rst_wr_reg2_inst/src_arst
    SLICE_X101Y44        FDPE                                         f  i_axi_dwidth_converter_dm_slave/inst/gen_downsizer.gen_simple_downsizer.axi_downsizer_inst/USE_WRITE.write_addr_inst/USE_B_CHANNEL.cmd_b_queue/inst/fifo_gen_inst/inst_fifo_gen/gconvfifo.rf/grf.rf/rstblk/ngwrdrst.grst.g7serrst.gnsckt_wrst.rst_wr_reg2_inst/arststages_ff_reg[1]/PRE
  -------------------------------------------------------------------    -------------------

                         (clock clk_out1_xlnx_clk_gen rise edge)
                                                      0.000     0.000 r  
    K17                                               0.000     0.000 r  clk_sys (IN)
                         net (fo=0)                   0.000     0.000    i_xlnx_clk_gen/inst/clk_in1
    K17                  IBUF (Prop_ibuf_I_O)         0.431     0.431 r  i_xlnx_clk_gen/inst/clkin1_ibufg/O
                         net (fo=1, routed)           0.480     0.911    i_xlnx_clk_gen/inst/clk_in1_xlnx_clk_gen
    MMCME2_ADV_X1Y2      MMCME2_ADV (Prop_mmcme2_adv_CLKIN1_CLKOUT0)
                                                     -3.407    -2.496 r  i_xlnx_clk_gen/inst/mmcm_adv_inst/CLKOUT0
                         net (fo=1, routed)           0.752    -1.744    i_xlnx_clk_gen/inst/clk_out1_xlnx_clk_gen
    BUFGCTRL_X0Y16       BUFG (Prop_bufg_I_O)         0.029    -1.715 r  i_xlnx_clk_gen/inst/clkout1_buf/O
                         net (fo=15067, routed)       0.883    -0.832    i_axi_dwidth_converter_dm_slave/inst/gen_downsizer.gen_simple_downsizer.axi_downsizer_inst/USE_WRITE.write_addr_inst/USE_B_CHANNEL.cmd_b_queue/inst/fifo_gen_inst/inst_fifo_gen/gconvfifo.rf/grf.rf/rstblk/ngwrdrst.grst.g7serrst.gnsckt_wrst.rst_wr_reg2_inst/dest_clk
    SLICE_X101Y44        FDPE                                         r  i_axi_dwidth_converter_dm_slave/inst/gen_downsizer.gen_simple_downsizer.axi_downsizer_inst/USE_WRITE.write_addr_inst/USE_B_CHANNEL.cmd_b_queue/inst/fifo_gen_inst/inst_fifo_gen/gconvfifo.rf/grf.rf/rstblk/ngwrdrst.grst.g7serrst.gnsckt_wrst.rst_wr_reg2_inst/arststages_ff_reg[1]/C

Slack:                    inf
  Source:                 i_rstgen_main/i_rstgen_bypass/synch_regs_q_reg[3]/C
                            (rising edge-triggered cell FDCE clocked by clk_out1_xlnx_clk_gen  {rise@0.000ns fall@12.500ns period=25.000ns})
  Destination:            i_axi_dwidth_converter_dm_slave/inst/gen_downsizer.gen_simple_downsizer.axi_downsizer_inst/USE_WRITE.write_addr_inst/cmd_queue/inst/fifo_gen_inst/inst_fifo_gen/gconvfifo.rf/grf.rf/rstblk/ngwrdrst.grst.g7serrst.gnsckt_wrst.rst_wr_reg2_inst/arststages_ff_reg[0]/PRE
                            (removal check against rising-edge clock clk_out1_xlnx_clk_gen  {rise@0.000ns fall@12.500ns period=25.000ns})
  Path Group:             (none)
  Path Type:              Removal (Min at Fast Process Corner)
  Data Path Delay:        2.245ns  (logic 0.186ns (8.284%)  route 2.059ns (91.716%))
  Logic Levels:           1  (LUT1=1)
  Clock Path Skew:        -0.224ns (DCD - SCD - CPR)
    Destination Clock Delay (DCD):    -0.844ns
    Source Clock Delay      (SCD):    -0.621ns
    Clock Pessimism Removal (CPR):    -0.000ns
  Clock Uncertainty:      0.082ns  ((TSJ^2 + DJ^2)^1/2) / 2 + PE
    Total System Jitter     (TSJ):    0.071ns
    Discrete Jitter          (DJ):    0.149ns
    Phase Error              (PE):    0.000ns
  Timing Exception:       False Path

    Location             Delay type                Incr(ns)  Path(ns)    Netlist Resource(s)
  -------------------------------------------------------------------    -------------------
                         (clock clk_out1_xlnx_clk_gen rise edge)
                                                      0.000     0.000 r  
    K17                                               0.000     0.000 r  clk_sys (IN)
                         net (fo=0)                   0.000     0.000    i_xlnx_clk_gen/inst/clk_in1
    K17                  IBUF (Prop_ibuf_I_O)         0.243     0.243 r  i_xlnx_clk_gen/inst/clkin1_ibufg/O
                         net (fo=1, routed)           0.440     0.683    i_xlnx_clk_gen/inst/clk_in1_xlnx_clk_gen
    MMCME2_ADV_X1Y2      MMCME2_ADV (Prop_mmcme2_adv_CLKIN1_CLKOUT0)
                                                     -2.613    -1.930 r  i_xlnx_clk_gen/inst/mmcm_adv_inst/CLKOUT0
                         net (fo=1, routed)           0.696    -1.233    i_xlnx_clk_gen/inst/clk_out1_xlnx_clk_gen
    BUFGCTRL_X0Y16       BUFG (Prop_bufg_I_O)         0.026    -1.207 r  i_xlnx_clk_gen/inst/clkout1_buf/O
                         net (fo=15067, routed)       0.587    -0.621    i_rstgen_main/i_rstgen_bypass/clk_out1
    SLICE_X76Y40         FDCE                                         r  i_rstgen_main/i_rstgen_bypass/synch_regs_q_reg[3]/C
  -------------------------------------------------------------------    -------------------
    SLICE_X76Y40         FDCE (Prop_fdce_C_Q)         0.141    -0.480 r  i_rstgen_main/i_rstgen_bypass/synch_regs_q_reg[3]/Q
                         net (fo=29, routed)          0.803     0.324    i_axi_dwidth_converter_dm_slave/inst/gen_downsizer.gen_simple_downsizer.axi_downsizer_inst/USE_WRITE.write_addr_inst/USE_B_CHANNEL.cmd_b_queue/inst/out
    SLICE_X94Y43         LUT1 (Prop_lut1_I0_O)        0.045     0.369 f  i_axi_dwidth_converter_dm_slave/inst/gen_downsizer.gen_simple_downsizer.axi_downsizer_inst/USE_WRITE.write_addr_inst/USE_B_CHANNEL.cmd_b_queue/inst/S_AXI_AREADY_I_i_1/O
                         net (fo=156, routed)         1.256     1.625    i_axi_dwidth_converter_dm_slave/inst/gen_downsizer.gen_simple_downsizer.axi_downsizer_inst/USE_WRITE.write_addr_inst/cmd_queue/inst/fifo_gen_inst/inst_fifo_gen/gconvfifo.rf/grf.rf/rstblk/ngwrdrst.grst.g7serrst.gnsckt_wrst.rst_wr_reg2_inst/src_arst
    SLICE_X101Y28        FDPE                                         f  i_axi_dwidth_converter_dm_slave/inst/gen_downsizer.gen_simple_downsizer.axi_downsizer_inst/USE_WRITE.write_addr_inst/cmd_queue/inst/fifo_gen_inst/inst_fifo_gen/gconvfifo.rf/grf.rf/rstblk/ngwrdrst.grst.g7serrst.gnsckt_wrst.rst_wr_reg2_inst/arststages_ff_reg[0]/PRE
  -------------------------------------------------------------------    -------------------

                         (clock clk_out1_xlnx_clk_gen rise edge)
                                                      0.000     0.000 r  
    K17                                               0.000     0.000 r  clk_sys (IN)
                         net (fo=0)                   0.000     0.000    i_xlnx_clk_gen/inst/clk_in1
    K17                  IBUF (Prop_ibuf_I_O)         0.431     0.431 r  i_xlnx_clk_gen/inst/clkin1_ibufg/O
                         net (fo=1, routed)           0.480     0.911    i_xlnx_clk_gen/inst/clk_in1_xlnx_clk_gen
    MMCME2_ADV_X1Y2      MMCME2_ADV (Prop_mmcme2_adv_CLKIN1_CLKOUT0)
                                                     -3.407    -2.496 r  i_xlnx_clk_gen/inst/mmcm_adv_inst/CLKOUT0
                         net (fo=1, routed)           0.752    -1.744    i_xlnx_clk_gen/inst/clk_out1_xlnx_clk_gen
    BUFGCTRL_X0Y16       BUFG (Prop_bufg_I_O)         0.029    -1.715 r  i_xlnx_clk_gen/inst/clkout1_buf/O
                         net (fo=15067, routed)       0.871    -0.844    i_axi_dwidth_converter_dm_slave/inst/gen_downsizer.gen_simple_downsizer.axi_downsizer_inst/USE_WRITE.write_addr_inst/cmd_queue/inst/fifo_gen_inst/inst_fifo_gen/gconvfifo.rf/grf.rf/rstblk/ngwrdrst.grst.g7serrst.gnsckt_wrst.rst_wr_reg2_inst/dest_clk
    SLICE_X101Y28        FDPE                                         r  i_axi_dwidth_converter_dm_slave/inst/gen_downsizer.gen_simple_downsizer.axi_downsizer_inst/USE_WRITE.write_addr_inst/cmd_queue/inst/fifo_gen_inst/inst_fifo_gen/gconvfifo.rf/grf.rf/rstblk/ngwrdrst.grst.g7serrst.gnsckt_wrst.rst_wr_reg2_inst/arststages_ff_reg[0]/C

Slack:                    inf
  Source:                 i_rstgen_main/i_rstgen_bypass/synch_regs_q_reg[3]/C
                            (rising edge-triggered cell FDCE clocked by clk_out1_xlnx_clk_gen  {rise@0.000ns fall@12.500ns period=25.000ns})
  Destination:            i_axi_dwidth_converter_dm_slave/inst/gen_downsizer.gen_simple_downsizer.axi_downsizer_inst/USE_WRITE.write_addr_inst/cmd_queue/inst/fifo_gen_inst/inst_fifo_gen/gconvfifo.rf/grf.rf/rstblk/ngwrdrst.grst.g7serrst.gnsckt_wrst.rst_wr_reg2_inst/arststages_ff_reg[1]/PRE
                            (removal check against rising-edge clock clk_out1_xlnx_clk_gen  {rise@0.000ns fall@12.500ns period=25.000ns})
  Path Group:             (none)
  Path Type:              Removal (Min at Fast Process Corner)
  Data Path Delay:        2.245ns  (logic 0.186ns (8.284%)  route 2.059ns (91.716%))
  Logic Levels:           1  (LUT1=1)
  Clock Path Skew:        -0.224ns (DCD - SCD - CPR)
    Destination Clock Delay (DCD):    -0.844ns
    Source Clock Delay      (SCD):    -0.621ns
    Clock Pessimism Removal (CPR):    -0.000ns
  Clock Uncertainty:      0.082ns  ((TSJ^2 + DJ^2)^1/2) / 2 + PE
    Total System Jitter     (TSJ):    0.071ns
    Discrete Jitter          (DJ):    0.149ns
    Phase Error              (PE):    0.000ns
  Timing Exception:       False Path

    Location             Delay type                Incr(ns)  Path(ns)    Netlist Resource(s)
  -------------------------------------------------------------------    -------------------
                         (clock clk_out1_xlnx_clk_gen rise edge)
                                                      0.000     0.000 r  
    K17                                               0.000     0.000 r  clk_sys (IN)
                         net (fo=0)                   0.000     0.000    i_xlnx_clk_gen/inst/clk_in1
    K17                  IBUF (Prop_ibuf_I_O)         0.243     0.243 r  i_xlnx_clk_gen/inst/clkin1_ibufg/O
                         net (fo=1, routed)           0.440     0.683    i_xlnx_clk_gen/inst/clk_in1_xlnx_clk_gen
    MMCME2_ADV_X1Y2      MMCME2_ADV (Prop_mmcme2_adv_CLKIN1_CLKOUT0)
                                                     -2.613    -1.930 r  i_xlnx_clk_gen/inst/mmcm_adv_inst/CLKOUT0
                         net (fo=1, routed)           0.696    -1.233    i_xlnx_clk_gen/inst/clk_out1_xlnx_clk_gen
    BUFGCTRL_X0Y16       BUFG (Prop_bufg_I_O)         0.026    -1.207 r  i_xlnx_clk_gen/inst/clkout1_buf/O
                         net (fo=15067, routed)       0.587    -0.621    i_rstgen_main/i_rstgen_bypass/clk_out1
    SLICE_X76Y40         FDCE                                         r  i_rstgen_main/i_rstgen_bypass/synch_regs_q_reg[3]/C
  -------------------------------------------------------------------    -------------------
    SLICE_X76Y40         FDCE (Prop_fdce_C_Q)         0.141    -0.480 r  i_rstgen_main/i_rstgen_bypass/synch_regs_q_reg[3]/Q
                         net (fo=29, routed)          0.803     0.324    i_axi_dwidth_converter_dm_slave/inst/gen_downsizer.gen_simple_downsizer.axi_downsizer_inst/USE_WRITE.write_addr_inst/USE_B_CHANNEL.cmd_b_queue/inst/out
    SLICE_X94Y43         LUT1 (Prop_lut1_I0_O)        0.045     0.369 f  i_axi_dwidth_converter_dm_slave/inst/gen_downsizer.gen_simple_downsizer.axi_downsizer_inst/USE_WRITE.write_addr_inst/USE_B_CHANNEL.cmd_b_queue/inst/S_AXI_AREADY_I_i_1/O
                         net (fo=156, routed)         1.256     1.625    i_axi_dwidth_converter_dm_slave/inst/gen_downsizer.gen_simple_downsizer.axi_downsizer_inst/USE_WRITE.write_addr_inst/cmd_queue/inst/fifo_gen_inst/inst_fifo_gen/gconvfifo.rf/grf.rf/rstblk/ngwrdrst.grst.g7serrst.gnsckt_wrst.rst_wr_reg2_inst/src_arst
    SLICE_X101Y28        FDPE                                         f  i_axi_dwidth_converter_dm_slave/inst/gen_downsizer.gen_simple_downsizer.axi_downsizer_inst/USE_WRITE.write_addr_inst/cmd_queue/inst/fifo_gen_inst/inst_fifo_gen/gconvfifo.rf/grf.rf/rstblk/ngwrdrst.grst.g7serrst.gnsckt_wrst.rst_wr_reg2_inst/arststages_ff_reg[1]/PRE
  -------------------------------------------------------------------    -------------------

                         (clock clk_out1_xlnx_clk_gen rise edge)
                                                      0.000     0.000 r  
    K17                                               0.000     0.000 r  clk_sys (IN)
                         net (fo=0)                   0.000     0.000    i_xlnx_clk_gen/inst/clk_in1
    K17                  IBUF (Prop_ibuf_I_O)         0.431     0.431 r  i_xlnx_clk_gen/inst/clkin1_ibufg/O
                         net (fo=1, routed)           0.480     0.911    i_xlnx_clk_gen/inst/clk_in1_xlnx_clk_gen
    MMCME2_ADV_X1Y2      MMCME2_ADV (Prop_mmcme2_adv_CLKIN1_CLKOUT0)
                                                     -3.407    -2.496 r  i_xlnx_clk_gen/inst/mmcm_adv_inst/CLKOUT0
                         net (fo=1, routed)           0.752    -1.744    i_xlnx_clk_gen/inst/clk_out1_xlnx_clk_gen
    BUFGCTRL_X0Y16       BUFG (Prop_bufg_I_O)         0.029    -1.715 r  i_xlnx_clk_gen/inst/clkout1_buf/O
                         net (fo=15067, routed)       0.871    -0.844    i_axi_dwidth_converter_dm_slave/inst/gen_downsizer.gen_simple_downsizer.axi_downsizer_inst/USE_WRITE.write_addr_inst/cmd_queue/inst/fifo_gen_inst/inst_fifo_gen/gconvfifo.rf/grf.rf/rstblk/ngwrdrst.grst.g7serrst.gnsckt_wrst.rst_wr_reg2_inst/dest_clk
    SLICE_X101Y28        FDPE                                         r  i_axi_dwidth_converter_dm_slave/inst/gen_downsizer.gen_simple_downsizer.axi_downsizer_inst/USE_WRITE.write_addr_inst/cmd_queue/inst/fifo_gen_inst/inst_fifo_gen/gconvfifo.rf/grf.rf/rstblk/ngwrdrst.grst.g7serrst.gnsckt_wrst.rst_wr_reg2_inst/arststages_ff_reg[1]/C

Slack:                    inf
  Source:                 i_rstgen_main/i_rstgen_bypass/synch_regs_q_reg[3]/C
                            (rising edge-triggered cell FDCE clocked by clk_out1_xlnx_clk_gen  {rise@0.000ns fall@12.500ns period=25.000ns})
  Destination:            i_axi_dwidth_converter_dm_slave/inst/gen_downsizer.gen_simple_downsizer.axi_downsizer_inst/USE_READ.read_addr_inst/cmd_queue/inst/fifo_gen_inst/inst_fifo_gen/gconvfifo.rf/grf.rf/rstblk/ngwrdrst.grst.g7serrst.gnsckt_wrst.rst_wr_reg2_inst/arststages_ff_reg[0]/PRE
                            (removal check against rising-edge clock clk_out1_xlnx_clk_gen  {rise@0.000ns fall@12.500ns period=25.000ns})
  Path Group:             (none)
  Path Type:              Removal (Min at Fast Process Corner)
  Data Path Delay:        2.980ns  (logic 0.186ns (6.243%)  route 2.794ns (93.757%))
  Logic Levels:           1  (LUT1=1)
  Clock Path Skew:        -0.212ns (DCD - SCD - CPR)
    Destination Clock Delay (DCD):    -0.832ns
    Source Clock Delay      (SCD):    -0.621ns
    Clock Pessimism Removal (CPR):    -0.000ns
  Clock Uncertainty:      0.082ns  ((TSJ^2 + DJ^2)^1/2) / 2 + PE
    Total System Jitter     (TSJ):    0.071ns
    Discrete Jitter          (DJ):    0.149ns
    Phase Error              (PE):    0.000ns
  Timing Exception:       False Path

    Location             Delay type                Incr(ns)  Path(ns)    Netlist Resource(s)
  -------------------------------------------------------------------    -------------------
                         (clock clk_out1_xlnx_clk_gen rise edge)
                                                      0.000     0.000 r  
    K17                                               0.000     0.000 r  clk_sys (IN)
                         net (fo=0)                   0.000     0.000    i_xlnx_clk_gen/inst/clk_in1
    K17                  IBUF (Prop_ibuf_I_O)         0.243     0.243 r  i_xlnx_clk_gen/inst/clkin1_ibufg/O
                         net (fo=1, routed)           0.440     0.683    i_xlnx_clk_gen/inst/clk_in1_xlnx_clk_gen
    MMCME2_ADV_X1Y2      MMCME2_ADV (Prop_mmcme2_adv_CLKIN1_CLKOUT0)
                                                     -2.613    -1.930 r  i_xlnx_clk_gen/inst/mmcm_adv_inst/CLKOUT0
                         net (fo=1, routed)           0.696    -1.233    i_xlnx_clk_gen/inst/clk_out1_xlnx_clk_gen
    BUFGCTRL_X0Y16       BUFG (Prop_bufg_I_O)         0.026    -1.207 r  i_xlnx_clk_gen/inst/clkout1_buf/O
                         net (fo=15067, routed)       0.587    -0.621    i_rstgen_main/i_rstgen_bypass/clk_out1
    SLICE_X76Y40         FDCE                                         r  i_rstgen_main/i_rstgen_bypass/synch_regs_q_reg[3]/C
  -------------------------------------------------------------------    -------------------
    SLICE_X76Y40         FDCE (Prop_fdce_C_Q)         0.141    -0.480 r  i_rstgen_main/i_rstgen_bypass/synch_regs_q_reg[3]/Q
                         net (fo=29, routed)          0.803     0.324    i_axi_dwidth_converter_dm_slave/inst/gen_downsizer.gen_simple_downsizer.axi_downsizer_inst/USE_WRITE.write_addr_inst/USE_B_CHANNEL.cmd_b_queue/inst/out
    SLICE_X94Y43         LUT1 (Prop_lut1_I0_O)        0.045     0.369 f  i_axi_dwidth_converter_dm_slave/inst/gen_downsizer.gen_simple_downsizer.axi_downsizer_inst/USE_WRITE.write_addr_inst/USE_B_CHANNEL.cmd_b_queue/inst/S_AXI_AREADY_I_i_1/O
                         net (fo=156, routed)         1.990     2.359    i_axi_dwidth_converter_dm_slave/inst/gen_downsizer.gen_simple_downsizer.axi_downsizer_inst/USE_READ.read_addr_inst/cmd_queue/inst/fifo_gen_inst/inst_fifo_gen/gconvfifo.rf/grf.rf/rstblk/ngwrdrst.grst.g7serrst.gnsckt_wrst.rst_wr_reg2_inst/src_arst
    SLICE_X104Y41        FDPE                                         f  i_axi_dwidth_converter_dm_slave/inst/gen_downsizer.gen_simple_downsizer.axi_downsizer_inst/USE_READ.read_addr_inst/cmd_queue/inst/fifo_gen_inst/inst_fifo_gen/gconvfifo.rf/grf.rf/rstblk/ngwrdrst.grst.g7serrst.gnsckt_wrst.rst_wr_reg2_inst/arststages_ff_reg[0]/PRE
  -------------------------------------------------------------------    -------------------

                         (clock clk_out1_xlnx_clk_gen rise edge)
                                                      0.000     0.000 r  
    K17                                               0.000     0.000 r  clk_sys (IN)
                         net (fo=0)                   0.000     0.000    i_xlnx_clk_gen/inst/clk_in1
    K17                  IBUF (Prop_ibuf_I_O)         0.431     0.431 r  i_xlnx_clk_gen/inst/clkin1_ibufg/O
                         net (fo=1, routed)           0.480     0.911    i_xlnx_clk_gen/inst/clk_in1_xlnx_clk_gen
    MMCME2_ADV_X1Y2      MMCME2_ADV (Prop_mmcme2_adv_CLKIN1_CLKOUT0)
                                                     -3.407    -2.496 r  i_xlnx_clk_gen/inst/mmcm_adv_inst/CLKOUT0
                         net (fo=1, routed)           0.752    -1.744    i_xlnx_clk_gen/inst/clk_out1_xlnx_clk_gen
    BUFGCTRL_X0Y16       BUFG (Prop_bufg_I_O)         0.029    -1.715 r  i_xlnx_clk_gen/inst/clkout1_buf/O
                         net (fo=15067, routed)       0.883    -0.832    i_axi_dwidth_converter_dm_slave/inst/gen_downsizer.gen_simple_downsizer.axi_downsizer_inst/USE_READ.read_addr_inst/cmd_queue/inst/fifo_gen_inst/inst_fifo_gen/gconvfifo.rf/grf.rf/rstblk/ngwrdrst.grst.g7serrst.gnsckt_wrst.rst_wr_reg2_inst/dest_clk
    SLICE_X104Y41        FDPE                                         r  i_axi_dwidth_converter_dm_slave/inst/gen_downsizer.gen_simple_downsizer.axi_downsizer_inst/USE_READ.read_addr_inst/cmd_queue/inst/fifo_gen_inst/inst_fifo_gen/gconvfifo.rf/grf.rf/rstblk/ngwrdrst.grst.g7serrst.gnsckt_wrst.rst_wr_reg2_inst/arststages_ff_reg[0]/C

Slack:                    inf
  Source:                 i_rstgen_main/i_rstgen_bypass/synch_regs_q_reg[3]/C
                            (rising edge-triggered cell FDCE clocked by clk_out1_xlnx_clk_gen  {rise@0.000ns fall@12.500ns period=25.000ns})
  Destination:            i_axi_dwidth_converter_dm_slave/inst/gen_downsizer.gen_simple_downsizer.axi_downsizer_inst/USE_READ.read_addr_inst/cmd_queue/inst/fifo_gen_inst/inst_fifo_gen/gconvfifo.rf/grf.rf/rstblk/ngwrdrst.grst.g7serrst.gnsckt_wrst.rst_wr_reg2_inst/arststages_ff_reg[1]/PRE
                            (removal check against rising-edge clock clk_out1_xlnx_clk_gen  {rise@0.000ns fall@12.500ns period=25.000ns})
  Path Group:             (none)
  Path Type:              Removal (Min at Fast Process Corner)
  Data Path Delay:        2.980ns  (logic 0.186ns (6.243%)  route 2.794ns (93.757%))
  Logic Levels:           1  (LUT1=1)
  Clock Path Skew:        -0.212ns (DCD - SCD - CPR)
    Destination Clock Delay (DCD):    -0.832ns
    Source Clock Delay      (SCD):    -0.621ns
    Clock Pessimism Removal (CPR):    -0.000ns
  Clock Uncertainty:      0.082ns  ((TSJ^2 + DJ^2)^1/2) / 2 + PE
    Total System Jitter     (TSJ):    0.071ns
    Discrete Jitter          (DJ):    0.149ns
    Phase Error              (PE):    0.000ns
  Timing Exception:       False Path

    Location             Delay type                Incr(ns)  Path(ns)    Netlist Resource(s)
  -------------------------------------------------------------------    -------------------
                         (clock clk_out1_xlnx_clk_gen rise edge)
                                                      0.000     0.000 r  
    K17                                               0.000     0.000 r  clk_sys (IN)
                         net (fo=0)                   0.000     0.000    i_xlnx_clk_gen/inst/clk_in1
    K17                  IBUF (Prop_ibuf_I_O)         0.243     0.243 r  i_xlnx_clk_gen/inst/clkin1_ibufg/O
                         net (fo=1, routed)           0.440     0.683    i_xlnx_clk_gen/inst/clk_in1_xlnx_clk_gen
    MMCME2_ADV_X1Y2      MMCME2_ADV (Prop_mmcme2_adv_CLKIN1_CLKOUT0)
                                                     -2.613    -1.930 r  i_xlnx_clk_gen/inst/mmcm_adv_inst/CLKOUT0
                         net (fo=1, routed)           0.696    -1.233    i_xlnx_clk_gen/inst/clk_out1_xlnx_clk_gen
    BUFGCTRL_X0Y16       BUFG (Prop_bufg_I_O)         0.026    -1.207 r  i_xlnx_clk_gen/inst/clkout1_buf/O
                         net (fo=15067, routed)       0.587    -0.621    i_rstgen_main/i_rstgen_bypass/clk_out1
    SLICE_X76Y40         FDCE                                         r  i_rstgen_main/i_rstgen_bypass/synch_regs_q_reg[3]/C
  -------------------------------------------------------------------    -------------------
    SLICE_X76Y40         FDCE (Prop_fdce_C_Q)         0.141    -0.480 r  i_rstgen_main/i_rstgen_bypass/synch_regs_q_reg[3]/Q
                         net (fo=29, routed)          0.803     0.324    i_axi_dwidth_converter_dm_slave/inst/gen_downsizer.gen_simple_downsizer.axi_downsizer_inst/USE_WRITE.write_addr_inst/USE_B_CHANNEL.cmd_b_queue/inst/out
    SLICE_X94Y43         LUT1 (Prop_lut1_I0_O)        0.045     0.369 f  i_axi_dwidth_converter_dm_slave/inst/gen_downsizer.gen_simple_downsizer.axi_downsizer_inst/USE_WRITE.write_addr_inst/USE_B_CHANNEL.cmd_b_queue/inst/S_AXI_AREADY_I_i_1/O
                         net (fo=156, routed)         1.990     2.359    i_axi_dwidth_converter_dm_slave/inst/gen_downsizer.gen_simple_downsizer.axi_downsizer_inst/USE_READ.read_addr_inst/cmd_queue/inst/fifo_gen_inst/inst_fifo_gen/gconvfifo.rf/grf.rf/rstblk/ngwrdrst.grst.g7serrst.gnsckt_wrst.rst_wr_reg2_inst/src_arst
    SLICE_X104Y41        FDPE                                         f  i_axi_dwidth_converter_dm_slave/inst/gen_downsizer.gen_simple_downsizer.axi_downsizer_inst/USE_READ.read_addr_inst/cmd_queue/inst/fifo_gen_inst/inst_fifo_gen/gconvfifo.rf/grf.rf/rstblk/ngwrdrst.grst.g7serrst.gnsckt_wrst.rst_wr_reg2_inst/arststages_ff_reg[1]/PRE
  -------------------------------------------------------------------    -------------------

                         (clock clk_out1_xlnx_clk_gen rise edge)
                                                      0.000     0.000 r  
    K17                                               0.000     0.000 r  clk_sys (IN)
                         net (fo=0)                   0.000     0.000    i_xlnx_clk_gen/inst/clk_in1
    K17                  IBUF (Prop_ibuf_I_O)         0.431     0.431 r  i_xlnx_clk_gen/inst/clkin1_ibufg/O
                         net (fo=1, routed)           0.480     0.911    i_xlnx_clk_gen/inst/clk_in1_xlnx_clk_gen
    MMCME2_ADV_X1Y2      MMCME2_ADV (Prop_mmcme2_adv_CLKIN1_CLKOUT0)
                                                     -3.407    -2.496 r  i_xlnx_clk_gen/inst/mmcm_adv_inst/CLKOUT0
                         net (fo=1, routed)           0.752    -1.744    i_xlnx_clk_gen/inst/clk_out1_xlnx_clk_gen
    BUFGCTRL_X0Y16       BUFG (Prop_bufg_I_O)         0.029    -1.715 r  i_xlnx_clk_gen/inst/clkout1_buf/O
                         net (fo=15067, routed)       0.883    -0.832    i_axi_dwidth_converter_dm_slave/inst/gen_downsizer.gen_simple_downsizer.axi_downsizer_inst/USE_READ.read_addr_inst/cmd_queue/inst/fifo_gen_inst/inst_fifo_gen/gconvfifo.rf/grf.rf/rstblk/ngwrdrst.grst.g7serrst.gnsckt_wrst.rst_wr_reg2_inst/dest_clk
    SLICE_X104Y41        FDPE                                         r  i_axi_dwidth_converter_dm_slave/inst/gen_downsizer.gen_simple_downsizer.axi_downsizer_inst/USE_READ.read_addr_inst/cmd_queue/inst/fifo_gen_inst/inst_fifo_gen/gconvfifo.rf/grf.rf/rstblk/ngwrdrst.grst.g7serrst.gnsckt_wrst.rst_wr_reg2_inst/arststages_ff_reg[1]/C





--------------------------------------------------------------------------------------
Path Group:  (none)
From Clock:  tck
  To Clock:  clk_out1_xlnx_clk_gen

Max Delay            43 Endpoints
Min Delay            43 Endpoints
--------------------------------------------------------------------------------------


Max Delay Paths
--------------------------------------------------------------------------------------
Slack:                    inf
  Source:                 i_dmi_jtag/i_dmi_cdc/i_cdc_req/i_src/data_src_q_reg[addr][0]/C
                            (rising edge-triggered cell FDCE clocked by tck  {rise@0.000ns fall@50.000ns period=100.000ns})
  Destination:            i_dmi_jtag/i_dmi_cdc/i_cdc_req/i_dst/data_dst_q_reg[addr][0]/D
                            (rising edge-triggered cell FDCE clocked by clk_out1_xlnx_clk_gen  {rise@0.000ns fall@12.500ns period=25.000ns})
  Path Group:             (none)
  Path Type:              Setup (Max at Slow Process Corner)
  Data Path Delay:        1.316ns  (logic 0.518ns (39.357%)  route 0.798ns (60.643%))
  Logic Levels:           0  
  Clock Path Skew:        -8.579ns (DCD - SCD + CPR)
    Destination Clock Delay (DCD):    -1.527ns
    Source Clock Delay      (SCD):    7.052ns
    Clock Pessimism Removal (CPR):    0.000ns
  Clock Uncertainty:      0.604ns  ((TSJ^2 + TIJ^2 + DJ^2)^1/2) / 2 + PE
    Total System Jitter     (TSJ):    0.071ns
    Total Input Jitter      (TIJ):    1.000ns
    Discrete Jitter          (DJ):    0.149ns
    Phase Error              (PE):    0.097ns
  Timing Exception:       Asynchronous Clock Groups

    Location             Delay type                Incr(ns)  Path(ns)    Netlist Resource(s)
  -------------------------------------------------------------------    -------------------
                         (clock tck rise edge)        0.000     0.000 r  
    H15                                               0.000     0.000 r  tck (IN)
                         net (fo=0)                   0.000     0.000    tck
    H15                  IBUF (Prop_ibuf_I_O)         1.500     1.500 r  tck_IBUF_inst/O
                         net (fo=1, routed)           3.659     5.159    tck_IBUF
    BUFGCTRL_X0Y0        BUFG (Prop_bufg_I_O)         0.101     5.260 r  tck_IBUF_BUFG_inst/O
                         net (fo=258, routed)         1.792     7.052    i_dmi_jtag/i_dmi_cdc/i_cdc_req/i_src/CLK
    SLICE_X90Y13         FDCE                                         r  i_dmi_jtag/i_dmi_cdc/i_cdc_req/i_src/data_src_q_reg[addr][0]/C
  -------------------------------------------------------------------    -------------------
    SLICE_X90Y13         FDCE (Prop_fdce_C_Q)         0.518     7.570 r  i_dmi_jtag/i_dmi_cdc/i_cdc_req/i_src/data_src_q_reg[addr][0]/Q
                         net (fo=1, routed)           0.798     8.369    i_dmi_jtag/i_dmi_cdc/i_cdc_req/i_dst/data_dst_q_reg[addr][6]_2[0]
    SLICE_X91Y12         FDCE                                         r  i_dmi_jtag/i_dmi_cdc/i_cdc_req/i_dst/data_dst_q_reg[addr][0]/D
  -------------------------------------------------------------------    -------------------

                         (clock clk_out1_xlnx_clk_gen rise edge)
                                                      0.000     0.000 r  
    K17                                               0.000     0.000 r  clk_sys (IN)
                         net (fo=0)                   0.000     0.000    i_xlnx_clk_gen/inst/clk_in1
    K17                  IBUF (Prop_ibuf_I_O)         1.404     1.404 r  i_xlnx_clk_gen/inst/clkin1_ibufg/O
                         net (fo=1, routed)           1.162     2.566    i_xlnx_clk_gen/inst/clk_in1_xlnx_clk_gen
    MMCME2_ADV_X1Y2      MMCME2_ADV (Prop_mmcme2_adv_CLKIN1_CLKOUT0)
                                                     -7.814    -5.248 r  i_xlnx_clk_gen/inst/mmcm_adv_inst/CLKOUT0
                         net (fo=1, routed)           2.012    -3.236    i_xlnx_clk_gen/inst/clk_out1_xlnx_clk_gen
    BUFGCTRL_X0Y16       BUFG (Prop_bufg_I_O)         0.091    -3.145 r  i_xlnx_clk_gen/inst/clkout1_buf/O
                         net (fo=15067, routed)       1.618    -1.527    i_dmi_jtag/i_dmi_cdc/i_cdc_req/i_dst/clk_out1
    SLICE_X91Y12         FDCE                                         r  i_dmi_jtag/i_dmi_cdc/i_cdc_req/i_dst/data_dst_q_reg[addr][0]/C

Slack:                    inf
  Source:                 i_dmi_jtag/i_dmi_cdc/i_cdc_req/i_src/data_src_q_reg[addr][6]/C
                            (rising edge-triggered cell FDCE clocked by tck  {rise@0.000ns fall@50.000ns period=100.000ns})
  Destination:            i_dmi_jtag/i_dmi_cdc/i_cdc_req/i_dst/data_dst_q_reg[addr][6]/D
                            (rising edge-triggered cell FDCE clocked by clk_out1_xlnx_clk_gen  {rise@0.000ns fall@12.500ns period=25.000ns})
  Path Group:             (none)
  Path Type:              Setup (Max at Slow Process Corner)
  Data Path Delay:        1.287ns  (logic 0.518ns (40.236%)  route 0.769ns (59.764%))
  Logic Levels:           0  
  Clock Path Skew:        -8.566ns (DCD - SCD + CPR)
    Destination Clock Delay (DCD):    -1.525ns
    Source Clock Delay      (SCD):    7.041ns
    Clock Pessimism Removal (CPR):    0.000ns
  Clock Uncertainty:      0.604ns  ((TSJ^2 + TIJ^2 + DJ^2)^1/2) / 2 + PE
    Total System Jitter     (TSJ):    0.071ns
    Total Input Jitter      (TIJ):    1.000ns
    Discrete Jitter          (DJ):    0.149ns
    Phase Error              (PE):    0.097ns
  Timing Exception:       Asynchronous Clock Groups

    Location             Delay type                Incr(ns)  Path(ns)    Netlist Resource(s)
  -------------------------------------------------------------------    -------------------
                         (clock tck rise edge)        0.000     0.000 r  
    H15                                               0.000     0.000 r  tck (IN)
                         net (fo=0)                   0.000     0.000    tck
    H15                  IBUF (Prop_ibuf_I_O)         1.500     1.500 r  tck_IBUF_inst/O
                         net (fo=1, routed)           3.659     5.159    tck_IBUF
    BUFGCTRL_X0Y0        BUFG (Prop_bufg_I_O)         0.101     5.260 r  tck_IBUF_BUFG_inst/O
                         net (fo=258, routed)         1.781     7.041    i_dmi_jtag/i_dmi_cdc/i_cdc_req/i_src/CLK
    SLICE_X100Y26        FDCE                                         r  i_dmi_jtag/i_dmi_cdc/i_cdc_req/i_src/data_src_q_reg[addr][6]/C
  -------------------------------------------------------------------    -------------------
    SLICE_X100Y26        FDCE (Prop_fdce_C_Q)         0.518     7.559 r  i_dmi_jtag/i_dmi_cdc/i_cdc_req/i_src/data_src_q_reg[addr][6]/Q
                         net (fo=1, routed)           0.769     8.329    i_dmi_jtag/i_dmi_cdc/i_cdc_req/i_dst/data_dst_q_reg[addr][6]_2[6]
    SLICE_X100Y13        FDCE                                         r  i_dmi_jtag/i_dmi_cdc/i_cdc_req/i_dst/data_dst_q_reg[addr][6]/D
  -------------------------------------------------------------------    -------------------

                         (clock clk_out1_xlnx_clk_gen rise edge)
                                                      0.000     0.000 r  
    K17                                               0.000     0.000 r  clk_sys (IN)
                         net (fo=0)                   0.000     0.000    i_xlnx_clk_gen/inst/clk_in1
    K17                  IBUF (Prop_ibuf_I_O)         1.404     1.404 r  i_xlnx_clk_gen/inst/clkin1_ibufg/O
                         net (fo=1, routed)           1.162     2.566    i_xlnx_clk_gen/inst/clk_in1_xlnx_clk_gen
    MMCME2_ADV_X1Y2      MMCME2_ADV (Prop_mmcme2_adv_CLKIN1_CLKOUT0)
                                                     -7.814    -5.248 r  i_xlnx_clk_gen/inst/mmcm_adv_inst/CLKOUT0
                         net (fo=1, routed)           2.012    -3.236    i_xlnx_clk_gen/inst/clk_out1_xlnx_clk_gen
    BUFGCTRL_X0Y16       BUFG (Prop_bufg_I_O)         0.091    -3.145 r  i_xlnx_clk_gen/inst/clkout1_buf/O
                         net (fo=15067, routed)       1.620    -1.525    i_dmi_jtag/i_dmi_cdc/i_cdc_req/i_dst/clk_out1
    SLICE_X100Y13        FDCE                                         r  i_dmi_jtag/i_dmi_cdc/i_cdc_req/i_dst/data_dst_q_reg[addr][6]/C

Slack:                    inf
  Source:                 i_dmi_jtag/i_dmi_cdc/i_cdc_req/i_src/data_src_q_reg[data][26]/C
                            (rising edge-triggered cell FDCE clocked by tck  {rise@0.000ns fall@50.000ns period=100.000ns})
  Destination:            i_dmi_jtag/i_dmi_cdc/i_cdc_req/i_dst/data_dst_q_reg[data][26]/D
                            (rising edge-triggered cell FDCE clocked by clk_out1_xlnx_clk_gen  {rise@0.000ns fall@12.500ns period=25.000ns})
  Path Group:             (none)
  Path Type:              Setup (Max at Slow Process Corner)
  Data Path Delay:        1.229ns  (logic 0.478ns (38.906%)  route 0.751ns (61.094%))
  Logic Levels:           0  
  Clock Path Skew:        -8.641ns (DCD - SCD + CPR)
    Destination Clock Delay (DCD):    -1.586ns
    Source Clock Delay      (SCD):    7.055ns
    Clock Pessimism Removal (CPR):    0.000ns
  Clock Uncertainty:      0.604ns  ((TSJ^2 + TIJ^2 + DJ^2)^1/2) / 2 + PE
    Total System Jitter     (TSJ):    0.071ns
    Total Input Jitter      (TIJ):    1.000ns
    Discrete Jitter          (DJ):    0.149ns
    Phase Error              (PE):    0.097ns
  Timing Exception:       Asynchronous Clock Groups

    Location             Delay type                Incr(ns)  Path(ns)    Netlist Resource(s)
  -------------------------------------------------------------------    -------------------
                         (clock tck rise edge)        0.000     0.000 r  
    H15                                               0.000     0.000 r  tck (IN)
                         net (fo=0)                   0.000     0.000    tck
    H15                  IBUF (Prop_ibuf_I_O)         1.500     1.500 r  tck_IBUF_inst/O
                         net (fo=1, routed)           3.659     5.159    tck_IBUF
    BUFGCTRL_X0Y0        BUFG (Prop_bufg_I_O)         0.101     5.260 r  tck_IBUF_BUFG_inst/O
                         net (fo=258, routed)         1.795     7.055    i_dmi_jtag/i_dmi_cdc/i_cdc_req/i_src/CLK
    SLICE_X96Y12         FDCE                                         r  i_dmi_jtag/i_dmi_cdc/i_cdc_req/i_src/data_src_q_reg[data][26]/C
  -------------------------------------------------------------------    -------------------
    SLICE_X96Y12         FDCE (Prop_fdce_C_Q)         0.478     7.533 r  i_dmi_jtag/i_dmi_cdc/i_cdc_req/i_src/data_src_q_reg[data][26]/Q
                         net (fo=1, routed)           0.751     8.284    i_dmi_jtag/i_dmi_cdc/i_cdc_req/i_dst/data_dst_q_reg[data][31]_2[26]
    SLICE_X89Y12         FDCE                                         r  i_dmi_jtag/i_dmi_cdc/i_cdc_req/i_dst/data_dst_q_reg[data][26]/D
  -------------------------------------------------------------------    -------------------

                         (clock clk_out1_xlnx_clk_gen rise edge)
                                                      0.000     0.000 r  
    K17                                               0.000     0.000 r  clk_sys (IN)
                         net (fo=0)                   0.000     0.000    i_xlnx_clk_gen/inst/clk_in1
    K17                  IBUF (Prop_ibuf_I_O)         1.404     1.404 r  i_xlnx_clk_gen/inst/clkin1_ibufg/O
                         net (fo=1, routed)           1.162     2.566    i_xlnx_clk_gen/inst/clk_in1_xlnx_clk_gen
    MMCME2_ADV_X1Y2      MMCME2_ADV (Prop_mmcme2_adv_CLKIN1_CLKOUT0)
                                                     -7.814    -5.248 r  i_xlnx_clk_gen/inst/mmcm_adv_inst/CLKOUT0
                         net (fo=1, routed)           2.012    -3.236    i_xlnx_clk_gen/inst/clk_out1_xlnx_clk_gen
    BUFGCTRL_X0Y16       BUFG (Prop_bufg_I_O)         0.091    -3.145 r  i_xlnx_clk_gen/inst/clkout1_buf/O
                         net (fo=15067, routed)       1.559    -1.586    i_dmi_jtag/i_dmi_cdc/i_cdc_req/i_dst/clk_out1
    SLICE_X89Y12         FDCE                                         r  i_dmi_jtag/i_dmi_cdc/i_cdc_req/i_dst/data_dst_q_reg[data][26]/C

Slack:                    inf
  Source:                 i_dmi_jtag/i_dmi_cdc/i_cdc_req/i_src/data_src_q_reg[addr][2]/C
                            (rising edge-triggered cell FDCE clocked by tck  {rise@0.000ns fall@50.000ns period=100.000ns})
  Destination:            i_dmi_jtag/i_dmi_cdc/i_cdc_req/i_dst/data_dst_q_reg[addr][2]/D
                            (rising edge-triggered cell FDCE clocked by clk_out1_xlnx_clk_gen  {rise@0.000ns fall@12.500ns period=25.000ns})
  Path Group:             (none)
  Path Type:              Setup (Max at Slow Process Corner)
  Data Path Delay:        1.210ns  (logic 0.518ns (42.800%)  route 0.692ns (57.200%))
  Logic Levels:           0  
  Clock Path Skew:        -8.638ns (DCD - SCD + CPR)
    Destination Clock Delay (DCD):    -1.586ns
    Source Clock Delay      (SCD):    7.052ns
    Clock Pessimism Removal (CPR):    0.000ns
  Clock Uncertainty:      0.604ns  ((TSJ^2 + TIJ^2 + DJ^2)^1/2) / 2 + PE
    Total System Jitter     (TSJ):    0.071ns
    Total Input Jitter      (TIJ):    1.000ns
    Discrete Jitter          (DJ):    0.149ns
    Phase Error              (PE):    0.097ns
  Timing Exception:       Asynchronous Clock Groups

    Location             Delay type                Incr(ns)  Path(ns)    Netlist Resource(s)
  -------------------------------------------------------------------    -------------------
                         (clock tck rise edge)        0.000     0.000 r  
    H15                                               0.000     0.000 r  tck (IN)
                         net (fo=0)                   0.000     0.000    tck
    H15                  IBUF (Prop_ibuf_I_O)         1.500     1.500 r  tck_IBUF_inst/O
                         net (fo=1, routed)           3.659     5.159    tck_IBUF
    BUFGCTRL_X0Y0        BUFG (Prop_bufg_I_O)         0.101     5.260 r  tck_IBUF_BUFG_inst/O
                         net (fo=258, routed)         1.792     7.052    i_dmi_jtag/i_dmi_cdc/i_cdc_req/i_src/CLK
    SLICE_X90Y13         FDCE                                         r  i_dmi_jtag/i_dmi_cdc/i_cdc_req/i_src/data_src_q_reg[addr][2]/C
  -------------------------------------------------------------------    -------------------
    SLICE_X90Y13         FDCE (Prop_fdce_C_Q)         0.518     7.570 r  i_dmi_jtag/i_dmi_cdc/i_cdc_req/i_src/data_src_q_reg[addr][2]/Q
                         net (fo=1, routed)           0.692     8.263    i_dmi_jtag/i_dmi_cdc/i_cdc_req/i_dst/data_dst_q_reg[addr][6]_2[2]
    SLICE_X89Y12         FDCE                                         r  i_dmi_jtag/i_dmi_cdc/i_cdc_req/i_dst/data_dst_q_reg[addr][2]/D
  -------------------------------------------------------------------    -------------------

                         (clock clk_out1_xlnx_clk_gen rise edge)
                                                      0.000     0.000 r  
    K17                                               0.000     0.000 r  clk_sys (IN)
                         net (fo=0)                   0.000     0.000    i_xlnx_clk_gen/inst/clk_in1
    K17                  IBUF (Prop_ibuf_I_O)         1.404     1.404 r  i_xlnx_clk_gen/inst/clkin1_ibufg/O
                         net (fo=1, routed)           1.162     2.566    i_xlnx_clk_gen/inst/clk_in1_xlnx_clk_gen
    MMCME2_ADV_X1Y2      MMCME2_ADV (Prop_mmcme2_adv_CLKIN1_CLKOUT0)
                                                     -7.814    -5.248 r  i_xlnx_clk_gen/inst/mmcm_adv_inst/CLKOUT0
                         net (fo=1, routed)           2.012    -3.236    i_xlnx_clk_gen/inst/clk_out1_xlnx_clk_gen
    BUFGCTRL_X0Y16       BUFG (Prop_bufg_I_O)         0.091    -3.145 r  i_xlnx_clk_gen/inst/clkout1_buf/O
                         net (fo=15067, routed)       1.559    -1.586    i_dmi_jtag/i_dmi_cdc/i_cdc_req/i_dst/clk_out1
    SLICE_X89Y12         FDCE                                         r  i_dmi_jtag/i_dmi_cdc/i_cdc_req/i_dst/data_dst_q_reg[addr][2]/C

Slack:                    inf
  Source:                 i_dmi_jtag/i_dmi_cdc/i_cdc_req/i_src/data_src_q_reg[data][31]/C
                            (rising edge-triggered cell FDCE clocked by tck  {rise@0.000ns fall@50.000ns period=100.000ns})
  Destination:            i_dmi_jtag/i_dmi_cdc/i_cdc_req/i_dst/data_dst_q_reg[data][31]/D
                            (rising edge-triggered cell FDCE clocked by clk_out1_xlnx_clk_gen  {rise@0.000ns fall@12.500ns period=25.000ns})
  Path Group:             (none)
  Path Type:              Setup (Max at Slow Process Corner)
  Data Path Delay:        1.209ns  (logic 0.456ns (37.713%)  route 0.753ns (62.287%))
  Logic Levels:           0  
  Clock Path Skew:        -8.577ns (DCD - SCD + CPR)
    Destination Clock Delay (DCD):    -1.525ns
    Source Clock Delay      (SCD):    7.052ns
    Clock Pessimism Removal (CPR):    0.000ns
  Clock Uncertainty:      0.604ns  ((TSJ^2 + TIJ^2 + DJ^2)^1/2) / 2 + PE
    Total System Jitter     (TSJ):    0.071ns
    Total Input Jitter      (TIJ):    1.000ns
    Discrete Jitter          (DJ):    0.149ns
    Phase Error              (PE):    0.097ns
  Timing Exception:       Asynchronous Clock Groups

    Location             Delay type                Incr(ns)  Path(ns)    Netlist Resource(s)
  -------------------------------------------------------------------    -------------------
                         (clock tck rise edge)        0.000     0.000 r  
    H15                                               0.000     0.000 r  tck (IN)
                         net (fo=0)                   0.000     0.000    tck
    H15                  IBUF (Prop_ibuf_I_O)         1.500     1.500 r  tck_IBUF_inst/O
                         net (fo=1, routed)           3.659     5.159    tck_IBUF
    BUFGCTRL_X0Y0        BUFG (Prop_bufg_I_O)         0.101     5.260 r  tck_IBUF_BUFG_inst/O
                         net (fo=258, routed)         1.792     7.052    i_dmi_jtag/i_dmi_cdc/i_cdc_req/i_src/CLK
    SLICE_X91Y13         FDCE                                         r  i_dmi_jtag/i_dmi_cdc/i_cdc_req/i_src/data_src_q_reg[data][31]/C
  -------------------------------------------------------------------    -------------------
    SLICE_X91Y13         FDCE (Prop_fdce_C_Q)         0.456     7.508 r  i_dmi_jtag/i_dmi_cdc/i_cdc_req/i_src/data_src_q_reg[data][31]/Q
                         net (fo=1, routed)           0.753     8.262    i_dmi_jtag/i_dmi_cdc/i_cdc_req/i_dst/data_dst_q_reg[data][31]_2[31]
    SLICE_X91Y10         FDCE                                         r  i_dmi_jtag/i_dmi_cdc/i_cdc_req/i_dst/data_dst_q_reg[data][31]/D
  -------------------------------------------------------------------    -------------------

                         (clock clk_out1_xlnx_clk_gen rise edge)
                                                      0.000     0.000 r  
    K17                                               0.000     0.000 r  clk_sys (IN)
                         net (fo=0)                   0.000     0.000    i_xlnx_clk_gen/inst/clk_in1
    K17                  IBUF (Prop_ibuf_I_O)         1.404     1.404 r  i_xlnx_clk_gen/inst/clkin1_ibufg/O
                         net (fo=1, routed)           1.162     2.566    i_xlnx_clk_gen/inst/clk_in1_xlnx_clk_gen
    MMCME2_ADV_X1Y2      MMCME2_ADV (Prop_mmcme2_adv_CLKIN1_CLKOUT0)
                                                     -7.814    -5.248 r  i_xlnx_clk_gen/inst/mmcm_adv_inst/CLKOUT0
                         net (fo=1, routed)           2.012    -3.236    i_xlnx_clk_gen/inst/clk_out1_xlnx_clk_gen
    BUFGCTRL_X0Y16       BUFG (Prop_bufg_I_O)         0.091    -3.145 r  i_xlnx_clk_gen/inst/clkout1_buf/O
                         net (fo=15067, routed)       1.620    -1.525    i_dmi_jtag/i_dmi_cdc/i_cdc_req/i_dst/clk_out1
    SLICE_X91Y10         FDCE                                         r  i_dmi_jtag/i_dmi_cdc/i_cdc_req/i_dst/data_dst_q_reg[data][31]/C

Slack:                    inf
  Source:                 i_dmi_jtag/i_dmi_cdc/i_cdc_resp/i_dst/ack_dst_q_reg/C
                            (rising edge-triggered cell FDCE clocked by tck  {rise@0.000ns fall@50.000ns period=100.000ns})
  Destination:            i_dmi_jtag/i_dmi_cdc/i_cdc_resp/i_src/ack_src_q_reg/D
                            (rising edge-triggered cell FDCE clocked by clk_out1_xlnx_clk_gen  {rise@0.000ns fall@12.500ns period=25.000ns})
  Path Group:             (none)
  Path Type:              Setup (Max at Slow Process Corner)
  Data Path Delay:        1.186ns  (logic 0.456ns (38.441%)  route 0.730ns (61.560%))
  Logic Levels:           0  
  Clock Path Skew:        -8.581ns (DCD - SCD + CPR)
    Destination Clock Delay (DCD):    -1.527ns
    Source Clock Delay      (SCD):    7.054ns
    Clock Pessimism Removal (CPR):    0.000ns
  Clock Uncertainty:      0.604ns  ((TSJ^2 + TIJ^2 + DJ^2)^1/2) / 2 + PE
    Total System Jitter     (TSJ):    0.071ns
    Total Input Jitter      (TIJ):    1.000ns
    Discrete Jitter          (DJ):    0.149ns
    Phase Error              (PE):    0.097ns
  Timing Exception:       Asynchronous Clock Groups

    Location             Delay type                Incr(ns)  Path(ns)    Netlist Resource(s)
  -------------------------------------------------------------------    -------------------
                         (clock tck rise edge)        0.000     0.000 r  
    H15                                               0.000     0.000 r  tck (IN)
                         net (fo=0)                   0.000     0.000    tck
    H15                  IBUF (Prop_ibuf_I_O)         1.500     1.500 r  tck_IBUF_inst/O
                         net (fo=1, routed)           3.659     5.159    tck_IBUF
    BUFGCTRL_X0Y0        BUFG (Prop_bufg_I_O)         0.101     5.260 r  tck_IBUF_BUFG_inst/O
                         net (fo=258, routed)         1.794     7.054    i_dmi_jtag/i_dmi_cdc/i_cdc_resp/i_dst/CLK
    SLICE_X95Y14         FDCE                                         r  i_dmi_jtag/i_dmi_cdc/i_cdc_resp/i_dst/ack_dst_q_reg/C
  -------------------------------------------------------------------    -------------------
    SLICE_X95Y14         FDCE (Prop_fdce_C_Q)         0.456     7.510 r  i_dmi_jtag/i_dmi_cdc/i_cdc_resp/i_dst/ack_dst_q_reg/Q
                         net (fo=6, routed)           0.730     8.241    i_dmi_jtag/i_dmi_cdc/i_cdc_resp/i_src/ack_src_q_reg_0
    SLICE_X93Y12         FDCE                                         r  i_dmi_jtag/i_dmi_cdc/i_cdc_resp/i_src/ack_src_q_reg/D
  -------------------------------------------------------------------    -------------------

                         (clock clk_out1_xlnx_clk_gen rise edge)
                                                      0.000     0.000 r  
    K17                                               0.000     0.000 r  clk_sys (IN)
                         net (fo=0)                   0.000     0.000    i_xlnx_clk_gen/inst/clk_in1
    K17                  IBUF (Prop_ibuf_I_O)         1.404     1.404 r  i_xlnx_clk_gen/inst/clkin1_ibufg/O
                         net (fo=1, routed)           1.162     2.566    i_xlnx_clk_gen/inst/clk_in1_xlnx_clk_gen
    MMCME2_ADV_X1Y2      MMCME2_ADV (Prop_mmcme2_adv_CLKIN1_CLKOUT0)
                                                     -7.814    -5.248 r  i_xlnx_clk_gen/inst/mmcm_adv_inst/CLKOUT0
                         net (fo=1, routed)           2.012    -3.236    i_xlnx_clk_gen/inst/clk_out1_xlnx_clk_gen
    BUFGCTRL_X0Y16       BUFG (Prop_bufg_I_O)         0.091    -3.145 r  i_xlnx_clk_gen/inst/clkout1_buf/O
                         net (fo=15067, routed)       1.618    -1.527    i_dmi_jtag/i_dmi_cdc/i_cdc_resp/i_src/clk_out1
    SLICE_X93Y12         FDCE                                         r  i_dmi_jtag/i_dmi_cdc/i_cdc_resp/i_src/ack_src_q_reg/C

Slack:                    inf
  Source:                 i_dmi_jtag/i_dmi_cdc/i_cdc_req/i_src/data_src_q_reg[data][25]/C
                            (rising edge-triggered cell FDCE clocked by tck  {rise@0.000ns fall@50.000ns period=100.000ns})
  Destination:            i_dmi_jtag/i_dmi_cdc/i_cdc_req/i_dst/data_dst_q_reg[data][25]/D
                            (rising edge-triggered cell FDCE clocked by clk_out1_xlnx_clk_gen  {rise@0.000ns fall@12.500ns period=25.000ns})
  Path Group:             (none)
  Path Type:              Setup (Max at Slow Process Corner)
  Data Path Delay:        1.169ns  (logic 0.518ns (44.302%)  route 0.651ns (55.698%))
  Logic Levels:           0  
  Clock Path Skew:        -8.580ns (DCD - SCD + CPR)
    Destination Clock Delay (DCD):    -1.525ns
    Source Clock Delay      (SCD):    7.055ns
    Clock Pessimism Removal (CPR):    0.000ns
  Clock Uncertainty:      0.604ns  ((TSJ^2 + TIJ^2 + DJ^2)^1/2) / 2 + PE
    Total System Jitter     (TSJ):    0.071ns
    Total Input Jitter      (TIJ):    1.000ns
    Discrete Jitter          (DJ):    0.149ns
    Phase Error              (PE):    0.097ns
  Timing Exception:       Asynchronous Clock Groups

    Location             Delay type                Incr(ns)  Path(ns)    Netlist Resource(s)
  -------------------------------------------------------------------    -------------------
                         (clock tck rise edge)        0.000     0.000 r  
    H15                                               0.000     0.000 r  tck (IN)
                         net (fo=0)                   0.000     0.000    tck
    H15                  IBUF (Prop_ibuf_I_O)         1.500     1.500 r  tck_IBUF_inst/O
                         net (fo=1, routed)           3.659     5.159    tck_IBUF
    BUFGCTRL_X0Y0        BUFG (Prop_bufg_I_O)         0.101     5.260 r  tck_IBUF_BUFG_inst/O
                         net (fo=258, routed)         1.795     7.055    i_dmi_jtag/i_dmi_cdc/i_cdc_req/i_src/CLK
    SLICE_X96Y12         FDCE                                         r  i_dmi_jtag/i_dmi_cdc/i_cdc_req/i_src/data_src_q_reg[data][25]/C
  -------------------------------------------------------------------    -------------------
    SLICE_X96Y12         FDCE (Prop_fdce_C_Q)         0.518     7.573 r  i_dmi_jtag/i_dmi_cdc/i_cdc_req/i_src/data_src_q_reg[data][25]/Q
                         net (fo=1, routed)           0.651     8.225    i_dmi_jtag/i_dmi_cdc/i_cdc_req/i_dst/data_dst_q_reg[data][31]_2[25]
    SLICE_X91Y10         FDCE                                         r  i_dmi_jtag/i_dmi_cdc/i_cdc_req/i_dst/data_dst_q_reg[data][25]/D
  -------------------------------------------------------------------    -------------------

                         (clock clk_out1_xlnx_clk_gen rise edge)
                                                      0.000     0.000 r  
    K17                                               0.000     0.000 r  clk_sys (IN)
                         net (fo=0)                   0.000     0.000    i_xlnx_clk_gen/inst/clk_in1
    K17                  IBUF (Prop_ibuf_I_O)         1.404     1.404 r  i_xlnx_clk_gen/inst/clkin1_ibufg/O
                         net (fo=1, routed)           1.162     2.566    i_xlnx_clk_gen/inst/clk_in1_xlnx_clk_gen
    MMCME2_ADV_X1Y2      MMCME2_ADV (Prop_mmcme2_adv_CLKIN1_CLKOUT0)
                                                     -7.814    -5.248 r  i_xlnx_clk_gen/inst/mmcm_adv_inst/CLKOUT0
                         net (fo=1, routed)           2.012    -3.236    i_xlnx_clk_gen/inst/clk_out1_xlnx_clk_gen
    BUFGCTRL_X0Y16       BUFG (Prop_bufg_I_O)         0.091    -3.145 r  i_xlnx_clk_gen/inst/clkout1_buf/O
                         net (fo=15067, routed)       1.620    -1.525    i_dmi_jtag/i_dmi_cdc/i_cdc_req/i_dst/clk_out1
    SLICE_X91Y10         FDCE                                         r  i_dmi_jtag/i_dmi_cdc/i_cdc_req/i_dst/data_dst_q_reg[data][25]/C

Slack:                    inf
  Source:                 i_dmi_jtag/i_dmi_cdc/i_cdc_req/i_src/data_src_q_reg[data][14]/C
                            (rising edge-triggered cell FDCE clocked by tck  {rise@0.000ns fall@50.000ns period=100.000ns})
  Destination:            i_dmi_jtag/i_dmi_cdc/i_cdc_req/i_dst/data_dst_q_reg[data][14]/D
                            (rising edge-triggered cell FDCE clocked by clk_out1_xlnx_clk_gen  {rise@0.000ns fall@12.500ns period=25.000ns})
  Path Group:             (none)
  Path Type:              Setup (Max at Slow Process Corner)
  Data Path Delay:        1.122ns  (logic 0.518ns (46.171%)  route 0.604ns (53.829%))
  Logic Levels:           0  
  Clock Path Skew:        -8.580ns (DCD - SCD + CPR)
    Destination Clock Delay (DCD):    -1.520ns
    Source Clock Delay      (SCD):    7.060ns
    Clock Pessimism Removal (CPR):    0.000ns
  Clock Uncertainty:      0.604ns  ((TSJ^2 + TIJ^2 + DJ^2)^1/2) / 2 + PE
    Total System Jitter     (TSJ):    0.071ns
    Total Input Jitter      (TIJ):    1.000ns
    Discrete Jitter          (DJ):    0.149ns
    Phase Error              (PE):    0.097ns
  Timing Exception:       Asynchronous Clock Groups

    Location             Delay type                Incr(ns)  Path(ns)    Netlist Resource(s)
  -------------------------------------------------------------------    -------------------
                         (clock tck rise edge)        0.000     0.000 r  
    H15                                               0.000     0.000 r  tck (IN)
                         net (fo=0)                   0.000     0.000    tck
    H15                  IBUF (Prop_ibuf_I_O)         1.500     1.500 r  tck_IBUF_inst/O
                         net (fo=1, routed)           3.659     5.159    tck_IBUF
    BUFGCTRL_X0Y0        BUFG (Prop_bufg_I_O)         0.101     5.260 r  tck_IBUF_BUFG_inst/O
                         net (fo=258, routed)         1.800     7.060    i_dmi_jtag/i_dmi_cdc/i_cdc_req/i_src/CLK
    SLICE_X102Y3         FDCE                                         r  i_dmi_jtag/i_dmi_cdc/i_cdc_req/i_src/data_src_q_reg[data][14]/C
  -------------------------------------------------------------------    -------------------
    SLICE_X102Y3         FDCE (Prop_fdce_C_Q)         0.518     7.578 r  i_dmi_jtag/i_dmi_cdc/i_cdc_req/i_src/data_src_q_reg[data][14]/Q
                         net (fo=1, routed)           0.604     8.182    i_dmi_jtag/i_dmi_cdc/i_cdc_req/i_dst/data_dst_q_reg[data][31]_2[14]
    SLICE_X101Y4         FDCE                                         r  i_dmi_jtag/i_dmi_cdc/i_cdc_req/i_dst/data_dst_q_reg[data][14]/D
  -------------------------------------------------------------------    -------------------

                         (clock clk_out1_xlnx_clk_gen rise edge)
                                                      0.000     0.000 r  
    K17                                               0.000     0.000 r  clk_sys (IN)
                         net (fo=0)                   0.000     0.000    i_xlnx_clk_gen/inst/clk_in1
    K17                  IBUF (Prop_ibuf_I_O)         1.404     1.404 r  i_xlnx_clk_gen/inst/clkin1_ibufg/O
                         net (fo=1, routed)           1.162     2.566    i_xlnx_clk_gen/inst/clk_in1_xlnx_clk_gen
    MMCME2_ADV_X1Y2      MMCME2_ADV (Prop_mmcme2_adv_CLKIN1_CLKOUT0)
                                                     -7.814    -5.248 r  i_xlnx_clk_gen/inst/mmcm_adv_inst/CLKOUT0
                         net (fo=1, routed)           2.012    -3.236    i_xlnx_clk_gen/inst/clk_out1_xlnx_clk_gen
    BUFGCTRL_X0Y16       BUFG (Prop_bufg_I_O)         0.091    -3.145 r  i_xlnx_clk_gen/inst/clkout1_buf/O
                         net (fo=15067, routed)       1.625    -1.520    i_dmi_jtag/i_dmi_cdc/i_cdc_req/i_dst/clk_out1
    SLICE_X101Y4         FDCE                                         r  i_dmi_jtag/i_dmi_cdc/i_cdc_req/i_dst/data_dst_q_reg[data][14]/C

Slack:                    inf
  Source:                 i_dmi_jtag/i_dmi_cdc/i_cdc_req/i_src/data_src_q_reg[data][6]/C
                            (rising edge-triggered cell FDCE clocked by tck  {rise@0.000ns fall@50.000ns period=100.000ns})
  Destination:            i_dmi_jtag/i_dmi_cdc/i_cdc_req/i_dst/data_dst_q_reg[data][6]/D
                            (rising edge-triggered cell FDCE clocked by clk_out1_xlnx_clk_gen  {rise@0.000ns fall@12.500ns period=25.000ns})
  Path Group:             (none)
  Path Type:              Setup (Max at Slow Process Corner)
  Data Path Delay:        1.120ns  (logic 0.478ns (42.668%)  route 0.642ns (57.332%))
  Logic Levels:           0  
  Clock Path Skew:        -8.580ns (DCD - SCD + CPR)
    Destination Clock Delay (DCD):    -1.520ns
    Source Clock Delay      (SCD):    7.060ns
    Clock Pessimism Removal (CPR):    0.000ns
  Clock Uncertainty:      0.604ns  ((TSJ^2 + TIJ^2 + DJ^2)^1/2) / 2 + PE
    Total System Jitter     (TSJ):    0.071ns
    Total Input Jitter      (TIJ):    1.000ns
    Discrete Jitter          (DJ):    0.149ns
    Phase Error              (PE):    0.097ns
  Timing Exception:       Asynchronous Clock Groups

    Location             Delay type                Incr(ns)  Path(ns)    Netlist Resource(s)
  -------------------------------------------------------------------    -------------------
                         (clock tck rise edge)        0.000     0.000 r  
    H15                                               0.000     0.000 r  tck (IN)
                         net (fo=0)                   0.000     0.000    tck
    H15                  IBUF (Prop_ibuf_I_O)         1.500     1.500 r  tck_IBUF_inst/O
                         net (fo=1, routed)           3.659     5.159    tck_IBUF
    BUFGCTRL_X0Y0        BUFG (Prop_bufg_I_O)         0.101     5.260 r  tck_IBUF_BUFG_inst/O
                         net (fo=258, routed)         1.800     7.060    i_dmi_jtag/i_dmi_cdc/i_cdc_req/i_src/CLK
    SLICE_X102Y5         FDCE                                         r  i_dmi_jtag/i_dmi_cdc/i_cdc_req/i_src/data_src_q_reg[data][6]/C
  -------------------------------------------------------------------    -------------------
    SLICE_X102Y5         FDCE (Prop_fdce_C_Q)         0.478     7.538 r  i_dmi_jtag/i_dmi_cdc/i_cdc_req/i_src/data_src_q_reg[data][6]/Q
                         net (fo=1, routed)           0.642     8.181    i_dmi_jtag/i_dmi_cdc/i_cdc_req/i_dst/data_dst_q_reg[data][31]_2[6]
    SLICE_X100Y6         FDCE                                         r  i_dmi_jtag/i_dmi_cdc/i_cdc_req/i_dst/data_dst_q_reg[data][6]/D
  -------------------------------------------------------------------    -------------------

                         (clock clk_out1_xlnx_clk_gen rise edge)
                                                      0.000     0.000 r  
    K17                                               0.000     0.000 r  clk_sys (IN)
                         net (fo=0)                   0.000     0.000    i_xlnx_clk_gen/inst/clk_in1
    K17                  IBUF (Prop_ibuf_I_O)         1.404     1.404 r  i_xlnx_clk_gen/inst/clkin1_ibufg/O
                         net (fo=1, routed)           1.162     2.566    i_xlnx_clk_gen/inst/clk_in1_xlnx_clk_gen
    MMCME2_ADV_X1Y2      MMCME2_ADV (Prop_mmcme2_adv_CLKIN1_CLKOUT0)
                                                     -7.814    -5.248 r  i_xlnx_clk_gen/inst/mmcm_adv_inst/CLKOUT0
                         net (fo=1, routed)           2.012    -3.236    i_xlnx_clk_gen/inst/clk_out1_xlnx_clk_gen
    BUFGCTRL_X0Y16       BUFG (Prop_bufg_I_O)         0.091    -3.145 r  i_xlnx_clk_gen/inst/clkout1_buf/O
                         net (fo=15067, routed)       1.625    -1.520    i_dmi_jtag/i_dmi_cdc/i_cdc_req/i_dst/clk_out1
    SLICE_X100Y6         FDCE                                         r  i_dmi_jtag/i_dmi_cdc/i_cdc_req/i_dst/data_dst_q_reg[data][6]/C

Slack:                    inf
  Source:                 i_dmi_jtag/i_dmi_cdc/i_cdc_req/i_src/data_src_q_reg[addr][3]/C
                            (rising edge-triggered cell FDCE clocked by tck  {rise@0.000ns fall@50.000ns period=100.000ns})
  Destination:            i_dmi_jtag/i_dmi_cdc/i_cdc_req/i_dst/data_dst_q_reg[addr][3]/D
                            (rising edge-triggered cell FDCE clocked by clk_out1_xlnx_clk_gen  {rise@0.000ns fall@12.500ns period=25.000ns})
  Path Group:             (none)
  Path Type:              Setup (Max at Slow Process Corner)
  Data Path Delay:        1.125ns  (logic 0.518ns (46.049%)  route 0.607ns (53.951%))
  Logic Levels:           0  
  Clock Path Skew:        -8.577ns (DCD - SCD + CPR)
    Destination Clock Delay (DCD):    -1.525ns
    Source Clock Delay      (SCD):    7.052ns
    Clock Pessimism Removal (CPR):    0.000ns
  Clock Uncertainty:      0.604ns  ((TSJ^2 + TIJ^2 + DJ^2)^1/2) / 2 + PE
    Total System Jitter     (TSJ):    0.071ns
    Total Input Jitter      (TIJ):    1.000ns
    Discrete Jitter          (DJ):    0.149ns
    Phase Error              (PE):    0.097ns
  Timing Exception:       Asynchronous Clock Groups

    Location             Delay type                Incr(ns)  Path(ns)    Netlist Resource(s)
  -------------------------------------------------------------------    -------------------
                         (clock tck rise edge)        0.000     0.000 r  
    H15                                               0.000     0.000 r  tck (IN)
                         net (fo=0)                   0.000     0.000    tck
    H15                  IBUF (Prop_ibuf_I_O)         1.500     1.500 r  tck_IBUF_inst/O
                         net (fo=1, routed)           3.659     5.159    tck_IBUF
    BUFGCTRL_X0Y0        BUFG (Prop_bufg_I_O)         0.101     5.260 r  tck_IBUF_BUFG_inst/O
                         net (fo=258, routed)         1.792     7.052    i_dmi_jtag/i_dmi_cdc/i_cdc_req/i_src/CLK
    SLICE_X90Y13         FDCE                                         r  i_dmi_jtag/i_dmi_cdc/i_cdc_req/i_src/data_src_q_reg[addr][3]/C
  -------------------------------------------------------------------    -------------------
    SLICE_X90Y13         FDCE (Prop_fdce_C_Q)         0.518     7.570 r  i_dmi_jtag/i_dmi_cdc/i_cdc_req/i_src/data_src_q_reg[addr][3]/Q
                         net (fo=1, routed)           0.607     8.177    i_dmi_jtag/i_dmi_cdc/i_cdc_req/i_dst/data_dst_q_reg[addr][6]_2[3]
    SLICE_X91Y10         FDCE                                         r  i_dmi_jtag/i_dmi_cdc/i_cdc_req/i_dst/data_dst_q_reg[addr][3]/D
  -------------------------------------------------------------------    -------------------

                         (clock clk_out1_xlnx_clk_gen rise edge)
                                                      0.000     0.000 r  
    K17                                               0.000     0.000 r  clk_sys (IN)
                         net (fo=0)                   0.000     0.000    i_xlnx_clk_gen/inst/clk_in1
    K17                  IBUF (Prop_ibuf_I_O)         1.404     1.404 r  i_xlnx_clk_gen/inst/clkin1_ibufg/O
                         net (fo=1, routed)           1.162     2.566    i_xlnx_clk_gen/inst/clk_in1_xlnx_clk_gen
    MMCME2_ADV_X1Y2      MMCME2_ADV (Prop_mmcme2_adv_CLKIN1_CLKOUT0)
                                                     -7.814    -5.248 r  i_xlnx_clk_gen/inst/mmcm_adv_inst/CLKOUT0
                         net (fo=1, routed)           2.012    -3.236    i_xlnx_clk_gen/inst/clk_out1_xlnx_clk_gen
    BUFGCTRL_X0Y16       BUFG (Prop_bufg_I_O)         0.091    -3.145 r  i_xlnx_clk_gen/inst/clkout1_buf/O
                         net (fo=15067, routed)       1.620    -1.525    i_dmi_jtag/i_dmi_cdc/i_cdc_req/i_dst/clk_out1
    SLICE_X91Y10         FDCE                                         r  i_dmi_jtag/i_dmi_cdc/i_cdc_req/i_dst/data_dst_q_reg[addr][3]/C





Min Delay Paths
--------------------------------------------------------------------------------------
Slack:                    inf
  Source:                 i_dmi_jtag/i_dmi_cdc/i_cdc_req/i_src/data_src_q_reg[op][0]/C
                            (rising edge-triggered cell FDCE clocked by tck  {rise@0.000ns fall@50.000ns period=100.000ns})
  Destination:            i_dmi_jtag/i_dmi_cdc/i_cdc_req/i_dst/data_dst_q_reg[op][0]/D
                            (rising edge-triggered cell FDCE clocked by clk_out1_xlnx_clk_gen  {rise@0.000ns fall@12.500ns period=25.000ns})
  Path Group:             (none)
  Path Type:              Hold (Min at Fast Process Corner)
  Data Path Delay:        0.251ns  (logic 0.141ns (56.174%)  route 0.110ns (43.826%))
  Logic Levels:           0  
  Clock Path Skew:        -3.254ns (DCD - SCD - CPR)
    Destination Clock Delay (DCD):    -0.838ns
    Source Clock Delay      (SCD):    2.416ns
    Clock Pessimism Removal (CPR):    -0.000ns
  Clock Uncertainty:      0.604ns  ((TSJ^2 + TIJ^2 + DJ^2)^1/2) / 2 + PE
    Total System Jitter     (TSJ):    0.071ns
    Total Input Jitter      (TIJ):    1.000ns
    Discrete Jitter          (DJ):    0.149ns
    Phase Error              (PE):    0.097ns
  Timing Exception:       Asynchronous Clock Groups

    Location             Delay type                Incr(ns)  Path(ns)    Netlist Resource(s)
  -------------------------------------------------------------------    -------------------
                         (clock tck rise edge)        0.000     0.000 r  
    H15                                               0.000     0.000 r  tck (IN)
                         net (fo=0)                   0.000     0.000    tck
    H15                  IBUF (Prop_ibuf_I_O)         0.268     0.268 r  tck_IBUF_inst/O
                         net (fo=1, routed)           1.516     1.784    tck_IBUF
    BUFGCTRL_X0Y0        BUFG (Prop_bufg_I_O)         0.026     1.810 r  tck_IBUF_BUFG_inst/O
                         net (fo=258, routed)         0.606     2.416    i_dmi_jtag/i_dmi_cdc/i_cdc_req/i_src/CLK
    SLICE_X91Y13         FDCE                                         r  i_dmi_jtag/i_dmi_cdc/i_cdc_req/i_src/data_src_q_reg[op][0]/C
  -------------------------------------------------------------------    -------------------
    SLICE_X91Y13         FDCE (Prop_fdce_C_Q)         0.141     2.557 r  i_dmi_jtag/i_dmi_cdc/i_cdc_req/i_src/data_src_q_reg[op][0]/Q
                         net (fo=1, routed)           0.110     2.667    i_dmi_jtag/i_dmi_cdc/i_cdc_req/i_dst/data_dst_q_reg[op][1]_0[0]
    SLICE_X91Y12         FDCE                                         r  i_dmi_jtag/i_dmi_cdc/i_cdc_req/i_dst/data_dst_q_reg[op][0]/D
  -------------------------------------------------------------------    -------------------

                         (clock clk_out1_xlnx_clk_gen rise edge)
                                                      0.000     0.000 r  
    K17                                               0.000     0.000 r  clk_sys (IN)
                         net (fo=0)                   0.000     0.000    i_xlnx_clk_gen/inst/clk_in1
    K17                  IBUF (Prop_ibuf_I_O)         0.431     0.431 r  i_xlnx_clk_gen/inst/clkin1_ibufg/O
                         net (fo=1, routed)           0.480     0.911    i_xlnx_clk_gen/inst/clk_in1_xlnx_clk_gen
    MMCME2_ADV_X1Y2      MMCME2_ADV (Prop_mmcme2_adv_CLKIN1_CLKOUT0)
                                                     -3.407    -2.496 r  i_xlnx_clk_gen/inst/mmcm_adv_inst/CLKOUT0
                         net (fo=1, routed)           0.752    -1.744    i_xlnx_clk_gen/inst/clk_out1_xlnx_clk_gen
    BUFGCTRL_X0Y16       BUFG (Prop_bufg_I_O)         0.029    -1.715 r  i_xlnx_clk_gen/inst/clkout1_buf/O
                         net (fo=15067, routed)       0.877    -0.838    i_dmi_jtag/i_dmi_cdc/i_cdc_req/i_dst/clk_out1
    SLICE_X91Y12         FDCE                                         r  i_dmi_jtag/i_dmi_cdc/i_cdc_req/i_dst/data_dst_q_reg[op][0]/C

Slack:                    inf
  Source:                 i_dmi_jtag/i_dmi_cdc/i_cdc_req/i_src/req_src_q_reg/C
                            (rising edge-triggered cell FDCE clocked by tck  {rise@0.000ns fall@50.000ns period=100.000ns})
  Destination:            i_dmi_jtag/i_dmi_cdc/i_cdc_req/i_dst/req_dst_q_reg/D
                            (rising edge-triggered cell FDCE clocked by clk_out1_xlnx_clk_gen  {rise@0.000ns fall@12.500ns period=25.000ns})
  Path Group:             (none)
  Path Type:              Hold (Min at Fast Process Corner)
  Data Path Delay:        0.251ns  (logic 0.141ns (56.099%)  route 0.110ns (43.901%))
  Logic Levels:           0  
  Clock Path Skew:        -3.254ns (DCD - SCD - CPR)
    Destination Clock Delay (DCD):    -0.838ns
    Source Clock Delay      (SCD):    2.416ns
    Clock Pessimism Removal (CPR):    -0.000ns
  Clock Uncertainty:      0.604ns  ((TSJ^2 + TIJ^2 + DJ^2)^1/2) / 2 + PE
    Total System Jitter     (TSJ):    0.071ns
    Total Input Jitter      (TIJ):    1.000ns
    Discrete Jitter          (DJ):    0.149ns
    Phase Error              (PE):    0.097ns
  Timing Exception:       Asynchronous Clock Groups

    Location             Delay type                Incr(ns)  Path(ns)    Netlist Resource(s)
  -------------------------------------------------------------------    -------------------
                         (clock tck rise edge)        0.000     0.000 r  
    H15                                               0.000     0.000 r  tck (IN)
                         net (fo=0)                   0.000     0.000    tck
    H15                  IBUF (Prop_ibuf_I_O)         0.268     0.268 r  tck_IBUF_inst/O
                         net (fo=1, routed)           1.516     1.784    tck_IBUF
    BUFGCTRL_X0Y0        BUFG (Prop_bufg_I_O)         0.026     1.810 r  tck_IBUF_BUFG_inst/O
                         net (fo=258, routed)         0.606     2.416    i_dmi_jtag/i_dmi_cdc/i_cdc_req/i_src/CLK
    SLICE_X93Y14         FDCE                                         r  i_dmi_jtag/i_dmi_cdc/i_cdc_req/i_src/req_src_q_reg/C
  -------------------------------------------------------------------    -------------------
    SLICE_X93Y14         FDCE (Prop_fdce_C_Q)         0.141     2.557 r  i_dmi_jtag/i_dmi_cdc/i_cdc_req/i_src/req_src_q_reg/Q
                         net (fo=3, routed)           0.110     2.667    i_dmi_jtag/i_dmi_cdc/i_cdc_req/i_dst/req_dst_q_reg_0
    SLICE_X92Y14         FDCE                                         r  i_dmi_jtag/i_dmi_cdc/i_cdc_req/i_dst/req_dst_q_reg/D
  -------------------------------------------------------------------    -------------------

                         (clock clk_out1_xlnx_clk_gen rise edge)
                                                      0.000     0.000 r  
    K17                                               0.000     0.000 r  clk_sys (IN)
                         net (fo=0)                   0.000     0.000    i_xlnx_clk_gen/inst/clk_in1
    K17                  IBUF (Prop_ibuf_I_O)         0.431     0.431 r  i_xlnx_clk_gen/inst/clkin1_ibufg/O
                         net (fo=1, routed)           0.480     0.911    i_xlnx_clk_gen/inst/clk_in1_xlnx_clk_gen
    MMCME2_ADV_X1Y2      MMCME2_ADV (Prop_mmcme2_adv_CLKIN1_CLKOUT0)
                                                     -3.407    -2.496 r  i_xlnx_clk_gen/inst/mmcm_adv_inst/CLKOUT0
                         net (fo=1, routed)           0.752    -1.744    i_xlnx_clk_gen/inst/clk_out1_xlnx_clk_gen
    BUFGCTRL_X0Y16       BUFG (Prop_bufg_I_O)         0.029    -1.715 r  i_xlnx_clk_gen/inst/clkout1_buf/O
                         net (fo=15067, routed)       0.877    -0.838    i_dmi_jtag/i_dmi_cdc/i_cdc_req/i_dst/clk_out1
    SLICE_X92Y14         FDCE                                         r  i_dmi_jtag/i_dmi_cdc/i_cdc_req/i_dst/req_dst_q_reg/C

Slack:                    inf
  Source:                 i_dmi_jtag/i_dmi_cdc/i_cdc_req/i_src/data_src_q_reg[data][30]/C
                            (rising edge-triggered cell FDCE clocked by tck  {rise@0.000ns fall@50.000ns period=100.000ns})
  Destination:            i_dmi_jtag/i_dmi_cdc/i_cdc_req/i_dst/data_dst_q_reg[data][30]/D
                            (rising edge-triggered cell FDCE clocked by clk_out1_xlnx_clk_gen  {rise@0.000ns fall@12.500ns period=25.000ns})
  Path Group:             (none)
  Path Type:              Hold (Min at Fast Process Corner)
  Data Path Delay:        0.254ns  (logic 0.141ns (55.511%)  route 0.113ns (44.489%))
  Logic Levels:           0  
  Clock Path Skew:        -3.254ns (DCD - SCD - CPR)
    Destination Clock Delay (DCD):    -0.838ns
    Source Clock Delay      (SCD):    2.416ns
    Clock Pessimism Removal (CPR):    -0.000ns
  Clock Uncertainty:      0.604ns  ((TSJ^2 + TIJ^2 + DJ^2)^1/2) / 2 + PE
    Total System Jitter     (TSJ):    0.071ns
    Total Input Jitter      (TIJ):    1.000ns
    Discrete Jitter          (DJ):    0.149ns
    Phase Error              (PE):    0.097ns
  Timing Exception:       Asynchronous Clock Groups

    Location             Delay type                Incr(ns)  Path(ns)    Netlist Resource(s)
  -------------------------------------------------------------------    -------------------
                         (clock tck rise edge)        0.000     0.000 r  
    H15                                               0.000     0.000 r  tck (IN)
                         net (fo=0)                   0.000     0.000    tck
    H15                  IBUF (Prop_ibuf_I_O)         0.268     0.268 r  tck_IBUF_inst/O
                         net (fo=1, routed)           1.516     1.784    tck_IBUF
    BUFGCTRL_X0Y0        BUFG (Prop_bufg_I_O)         0.026     1.810 r  tck_IBUF_BUFG_inst/O
                         net (fo=258, routed)         0.606     2.416    i_dmi_jtag/i_dmi_cdc/i_cdc_req/i_src/CLK
    SLICE_X91Y13         FDCE                                         r  i_dmi_jtag/i_dmi_cdc/i_cdc_req/i_src/data_src_q_reg[data][30]/C
  -------------------------------------------------------------------    -------------------
    SLICE_X91Y13         FDCE (Prop_fdce_C_Q)         0.141     2.557 r  i_dmi_jtag/i_dmi_cdc/i_cdc_req/i_src/data_src_q_reg[data][30]/Q
                         net (fo=1, routed)           0.113     2.670    i_dmi_jtag/i_dmi_cdc/i_cdc_req/i_dst/data_dst_q_reg[data][31]_2[30]
    SLICE_X91Y12         FDCE                                         r  i_dmi_jtag/i_dmi_cdc/i_cdc_req/i_dst/data_dst_q_reg[data][30]/D
  -------------------------------------------------------------------    -------------------

                         (clock clk_out1_xlnx_clk_gen rise edge)
                                                      0.000     0.000 r  
    K17                                               0.000     0.000 r  clk_sys (IN)
                         net (fo=0)                   0.000     0.000    i_xlnx_clk_gen/inst/clk_in1
    K17                  IBUF (Prop_ibuf_I_O)         0.431     0.431 r  i_xlnx_clk_gen/inst/clkin1_ibufg/O
                         net (fo=1, routed)           0.480     0.911    i_xlnx_clk_gen/inst/clk_in1_xlnx_clk_gen
    MMCME2_ADV_X1Y2      MMCME2_ADV (Prop_mmcme2_adv_CLKIN1_CLKOUT0)
                                                     -3.407    -2.496 r  i_xlnx_clk_gen/inst/mmcm_adv_inst/CLKOUT0
                         net (fo=1, routed)           0.752    -1.744    i_xlnx_clk_gen/inst/clk_out1_xlnx_clk_gen
    BUFGCTRL_X0Y16       BUFG (Prop_bufg_I_O)         0.029    -1.715 r  i_xlnx_clk_gen/inst/clkout1_buf/O
                         net (fo=15067, routed)       0.877    -0.838    i_dmi_jtag/i_dmi_cdc/i_cdc_req/i_dst/clk_out1
    SLICE_X91Y12         FDCE                                         r  i_dmi_jtag/i_dmi_cdc/i_cdc_req/i_dst/data_dst_q_reg[data][30]/C

Slack:                    inf
  Source:                 i_dmi_jtag/i_dmi_cdc/i_cdc_req/i_src/data_src_q_reg[data][28]/C
                            (rising edge-triggered cell FDCE clocked by tck  {rise@0.000ns fall@50.000ns period=100.000ns})
  Destination:            i_dmi_jtag/i_dmi_cdc/i_cdc_req/i_dst/data_dst_q_reg[data][28]/D
                            (rising edge-triggered cell FDCE clocked by clk_out1_xlnx_clk_gen  {rise@0.000ns fall@12.500ns period=25.000ns})
  Path Group:             (none)
  Path Type:              Hold (Min at Fast Process Corner)
  Data Path Delay:        0.262ns  (logic 0.148ns (56.487%)  route 0.114ns (43.513%))
  Logic Levels:           0  
  Clock Path Skew:        -3.252ns (DCD - SCD - CPR)
    Destination Clock Delay (DCD):    -0.834ns
    Source Clock Delay      (SCD):    2.418ns
    Clock Pessimism Removal (CPR):    -0.000ns
  Clock Uncertainty:      0.604ns  ((TSJ^2 + TIJ^2 + DJ^2)^1/2) / 2 + PE
    Total System Jitter     (TSJ):    0.071ns
    Total Input Jitter      (TIJ):    1.000ns
    Discrete Jitter          (DJ):    0.149ns
    Phase Error              (PE):    0.097ns
  Timing Exception:       Asynchronous Clock Groups

    Location             Delay type                Incr(ns)  Path(ns)    Netlist Resource(s)
  -------------------------------------------------------------------    -------------------
                         (clock tck rise edge)        0.000     0.000 r  
    H15                                               0.000     0.000 r  tck (IN)
                         net (fo=0)                   0.000     0.000    tck
    H15                  IBUF (Prop_ibuf_I_O)         0.268     0.268 r  tck_IBUF_inst/O
                         net (fo=1, routed)           1.516     1.784    tck_IBUF
    BUFGCTRL_X0Y0        BUFG (Prop_bufg_I_O)         0.026     1.810 r  tck_IBUF_BUFG_inst/O
                         net (fo=258, routed)         0.608     2.418    i_dmi_jtag/i_dmi_cdc/i_cdc_req/i_src/CLK
    SLICE_X96Y12         FDCE                                         r  i_dmi_jtag/i_dmi_cdc/i_cdc_req/i_src/data_src_q_reg[data][28]/C
  -------------------------------------------------------------------    -------------------
    SLICE_X96Y12         FDCE (Prop_fdce_C_Q)         0.148     2.566 r  i_dmi_jtag/i_dmi_cdc/i_cdc_req/i_src/data_src_q_reg[data][28]/Q
                         net (fo=1, routed)           0.114     2.680    i_dmi_jtag/i_dmi_cdc/i_cdc_req/i_dst/data_dst_q_reg[data][31]_2[28]
    SLICE_X96Y11         FDCE                                         r  i_dmi_jtag/i_dmi_cdc/i_cdc_req/i_dst/data_dst_q_reg[data][28]/D
  -------------------------------------------------------------------    -------------------

                         (clock clk_out1_xlnx_clk_gen rise edge)
                                                      0.000     0.000 r  
    K17                                               0.000     0.000 r  clk_sys (IN)
                         net (fo=0)                   0.000     0.000    i_xlnx_clk_gen/inst/clk_in1
    K17                  IBUF (Prop_ibuf_I_O)         0.431     0.431 r  i_xlnx_clk_gen/inst/clkin1_ibufg/O
                         net (fo=1, routed)           0.480     0.911    i_xlnx_clk_gen/inst/clk_in1_xlnx_clk_gen
    MMCME2_ADV_X1Y2      MMCME2_ADV (Prop_mmcme2_adv_CLKIN1_CLKOUT0)
                                                     -3.407    -2.496 r  i_xlnx_clk_gen/inst/mmcm_adv_inst/CLKOUT0
                         net (fo=1, routed)           0.752    -1.744    i_xlnx_clk_gen/inst/clk_out1_xlnx_clk_gen
    BUFGCTRL_X0Y16       BUFG (Prop_bufg_I_O)         0.029    -1.715 r  i_xlnx_clk_gen/inst/clkout1_buf/O
                         net (fo=15067, routed)       0.881    -0.834    i_dmi_jtag/i_dmi_cdc/i_cdc_req/i_dst/clk_out1
    SLICE_X96Y11         FDCE                                         r  i_dmi_jtag/i_dmi_cdc/i_cdc_req/i_dst/data_dst_q_reg[data][28]/C

Slack:                    inf
  Source:                 i_dmi_jtag/i_dmi_cdc/i_cdc_req/i_src/data_src_q_reg[addr][1]/C
                            (rising edge-triggered cell FDCE clocked by tck  {rise@0.000ns fall@50.000ns period=100.000ns})
  Destination:            i_dmi_jtag/i_dmi_cdc/i_cdc_req/i_dst/data_dst_q_reg[addr][1]/D
                            (rising edge-triggered cell FDCE clocked by clk_out1_xlnx_clk_gen  {rise@0.000ns fall@12.500ns period=25.000ns})
  Path Group:             (none)
  Path Type:              Hold (Min at Fast Process Corner)
  Data Path Delay:        0.271ns  (logic 0.164ns (60.478%)  route 0.107ns (39.522%))
  Logic Levels:           0  
  Clock Path Skew:        -3.254ns (DCD - SCD - CPR)
    Destination Clock Delay (DCD):    -0.838ns
    Source Clock Delay      (SCD):    2.416ns
    Clock Pessimism Removal (CPR):    -0.000ns
  Clock Uncertainty:      0.604ns  ((TSJ^2 + TIJ^2 + DJ^2)^1/2) / 2 + PE
    Total System Jitter     (TSJ):    0.071ns
    Total Input Jitter      (TIJ):    1.000ns
    Discrete Jitter          (DJ):    0.149ns
    Phase Error              (PE):    0.097ns
  Timing Exception:       Asynchronous Clock Groups

    Location             Delay type                Incr(ns)  Path(ns)    Netlist Resource(s)
  -------------------------------------------------------------------    -------------------
                         (clock tck rise edge)        0.000     0.000 r  
    H15                                               0.000     0.000 r  tck (IN)
                         net (fo=0)                   0.000     0.000    tck
    H15                  IBUF (Prop_ibuf_I_O)         0.268     0.268 r  tck_IBUF_inst/O
                         net (fo=1, routed)           1.516     1.784    tck_IBUF
    BUFGCTRL_X0Y0        BUFG (Prop_bufg_I_O)         0.026     1.810 r  tck_IBUF_BUFG_inst/O
                         net (fo=258, routed)         0.606     2.416    i_dmi_jtag/i_dmi_cdc/i_cdc_req/i_src/CLK
    SLICE_X90Y13         FDCE                                         r  i_dmi_jtag/i_dmi_cdc/i_cdc_req/i_src/data_src_q_reg[addr][1]/C
  -------------------------------------------------------------------    -------------------
    SLICE_X90Y13         FDCE (Prop_fdce_C_Q)         0.164     2.580 r  i_dmi_jtag/i_dmi_cdc/i_cdc_req/i_src/data_src_q_reg[addr][1]/Q
                         net (fo=1, routed)           0.107     2.687    i_dmi_jtag/i_dmi_cdc/i_cdc_req/i_dst/data_dst_q_reg[addr][6]_2[1]
    SLICE_X91Y12         FDCE                                         r  i_dmi_jtag/i_dmi_cdc/i_cdc_req/i_dst/data_dst_q_reg[addr][1]/D
  -------------------------------------------------------------------    -------------------

                         (clock clk_out1_xlnx_clk_gen rise edge)
                                                      0.000     0.000 r  
    K17                                               0.000     0.000 r  clk_sys (IN)
                         net (fo=0)                   0.000     0.000    i_xlnx_clk_gen/inst/clk_in1
    K17                  IBUF (Prop_ibuf_I_O)         0.431     0.431 r  i_xlnx_clk_gen/inst/clkin1_ibufg/O
                         net (fo=1, routed)           0.480     0.911    i_xlnx_clk_gen/inst/clk_in1_xlnx_clk_gen
    MMCME2_ADV_X1Y2      MMCME2_ADV (Prop_mmcme2_adv_CLKIN1_CLKOUT0)
                                                     -3.407    -2.496 r  i_xlnx_clk_gen/inst/mmcm_adv_inst/CLKOUT0
                         net (fo=1, routed)           0.752    -1.744    i_xlnx_clk_gen/inst/clk_out1_xlnx_clk_gen
    BUFGCTRL_X0Y16       BUFG (Prop_bufg_I_O)         0.029    -1.715 r  i_xlnx_clk_gen/inst/clkout1_buf/O
                         net (fo=15067, routed)       0.877    -0.838    i_dmi_jtag/i_dmi_cdc/i_cdc_req/i_dst/clk_out1
    SLICE_X91Y12         FDCE                                         r  i_dmi_jtag/i_dmi_cdc/i_cdc_req/i_dst/data_dst_q_reg[addr][1]/C

Slack:                    inf
  Source:                 i_dmi_jtag/i_dmi_cdc/i_cdc_req/i_src/data_src_q_reg[addr][5]/C
                            (rising edge-triggered cell FDCE clocked by tck  {rise@0.000ns fall@50.000ns period=100.000ns})
  Destination:            i_dmi_jtag/i_dmi_cdc/i_cdc_req/i_dst/data_dst_q_reg[addr][5]/D
                            (rising edge-triggered cell FDCE clocked by clk_out1_xlnx_clk_gen  {rise@0.000ns fall@12.500ns period=25.000ns})
  Path Group:             (none)
  Path Type:              Hold (Min at Fast Process Corner)
  Data Path Delay:        0.274ns  (logic 0.164ns (59.853%)  route 0.110ns (40.147%))
  Logic Levels:           0  
  Clock Path Skew:        -3.252ns (DCD - SCD - CPR)
    Destination Clock Delay (DCD):    -0.834ns
    Source Clock Delay      (SCD):    2.418ns
    Clock Pessimism Removal (CPR):    -0.000ns
  Clock Uncertainty:      0.604ns  ((TSJ^2 + TIJ^2 + DJ^2)^1/2) / 2 + PE
    Total System Jitter     (TSJ):    0.071ns
    Total Input Jitter      (TIJ):    1.000ns
    Discrete Jitter          (DJ):    0.149ns
    Phase Error              (PE):    0.097ns
  Timing Exception:       Asynchronous Clock Groups

    Location             Delay type                Incr(ns)  Path(ns)    Netlist Resource(s)
  -------------------------------------------------------------------    -------------------
                         (clock tck rise edge)        0.000     0.000 r  
    H15                                               0.000     0.000 r  tck (IN)
                         net (fo=0)                   0.000     0.000    tck
    H15                  IBUF (Prop_ibuf_I_O)         0.268     0.268 r  tck_IBUF_inst/O
                         net (fo=1, routed)           1.516     1.784    tck_IBUF
    BUFGCTRL_X0Y0        BUFG (Prop_bufg_I_O)         0.026     1.810 r  tck_IBUF_BUFG_inst/O
                         net (fo=258, routed)         0.608     2.418    i_dmi_jtag/i_dmi_cdc/i_cdc_req/i_src/CLK
    SLICE_X96Y12         FDCE                                         r  i_dmi_jtag/i_dmi_cdc/i_cdc_req/i_src/data_src_q_reg[addr][5]/C
  -------------------------------------------------------------------    -------------------
    SLICE_X96Y12         FDCE (Prop_fdce_C_Q)         0.164     2.582 r  i_dmi_jtag/i_dmi_cdc/i_cdc_req/i_src/data_src_q_reg[addr][5]/Q
                         net (fo=1, routed)           0.110     2.692    i_dmi_jtag/i_dmi_cdc/i_cdc_req/i_dst/data_dst_q_reg[addr][6]_2[5]
    SLICE_X96Y11         FDCE                                         r  i_dmi_jtag/i_dmi_cdc/i_cdc_req/i_dst/data_dst_q_reg[addr][5]/D
  -------------------------------------------------------------------    -------------------

                         (clock clk_out1_xlnx_clk_gen rise edge)
                                                      0.000     0.000 r  
    K17                                               0.000     0.000 r  clk_sys (IN)
                         net (fo=0)                   0.000     0.000    i_xlnx_clk_gen/inst/clk_in1
    K17                  IBUF (Prop_ibuf_I_O)         0.431     0.431 r  i_xlnx_clk_gen/inst/clkin1_ibufg/O
                         net (fo=1, routed)           0.480     0.911    i_xlnx_clk_gen/inst/clk_in1_xlnx_clk_gen
    MMCME2_ADV_X1Y2      MMCME2_ADV (Prop_mmcme2_adv_CLKIN1_CLKOUT0)
                                                     -3.407    -2.496 r  i_xlnx_clk_gen/inst/mmcm_adv_inst/CLKOUT0
                         net (fo=1, routed)           0.752    -1.744    i_xlnx_clk_gen/inst/clk_out1_xlnx_clk_gen
    BUFGCTRL_X0Y16       BUFG (Prop_bufg_I_O)         0.029    -1.715 r  i_xlnx_clk_gen/inst/clkout1_buf/O
                         net (fo=15067, routed)       0.881    -0.834    i_dmi_jtag/i_dmi_cdc/i_cdc_req/i_dst/clk_out1
    SLICE_X96Y11         FDCE                                         r  i_dmi_jtag/i_dmi_cdc/i_cdc_req/i_dst/data_dst_q_reg[addr][5]/C

Slack:                    inf
  Source:                 i_dmi_jtag/i_dmi_cdc/i_cdc_req/i_src/data_src_q_reg[data][0]/C
                            (rising edge-triggered cell FDCE clocked by tck  {rise@0.000ns fall@50.000ns period=100.000ns})
  Destination:            i_dmi_jtag/i_dmi_cdc/i_cdc_req/i_dst/data_dst_q_reg[data][0]/D
                            (rising edge-triggered cell FDCE clocked by clk_out1_xlnx_clk_gen  {rise@0.000ns fall@12.500ns period=25.000ns})
  Path Group:             (none)
  Path Type:              Hold (Min at Fast Process Corner)
  Data Path Delay:        0.274ns  (logic 0.164ns (59.853%)  route 0.110ns (40.147%))
  Logic Levels:           0  
  Clock Path Skew:        -3.252ns (DCD - SCD - CPR)
    Destination Clock Delay (DCD):    -0.834ns
    Source Clock Delay      (SCD):    2.418ns
    Clock Pessimism Removal (CPR):    -0.000ns
  Clock Uncertainty:      0.604ns  ((TSJ^2 + TIJ^2 + DJ^2)^1/2) / 2 + PE
    Total System Jitter     (TSJ):    0.071ns
    Total Input Jitter      (TIJ):    1.000ns
    Discrete Jitter          (DJ):    0.149ns
    Phase Error              (PE):    0.097ns
  Timing Exception:       Asynchronous Clock Groups

    Location             Delay type                Incr(ns)  Path(ns)    Netlist Resource(s)
  -------------------------------------------------------------------    -------------------
                         (clock tck rise edge)        0.000     0.000 r  
    H15                                               0.000     0.000 r  tck (IN)
                         net (fo=0)                   0.000     0.000    tck
    H15                  IBUF (Prop_ibuf_I_O)         0.268     0.268 r  tck_IBUF_inst/O
                         net (fo=1, routed)           1.516     1.784    tck_IBUF
    BUFGCTRL_X0Y0        BUFG (Prop_bufg_I_O)         0.026     1.810 r  tck_IBUF_BUFG_inst/O
                         net (fo=258, routed)         0.608     2.418    i_dmi_jtag/i_dmi_cdc/i_cdc_req/i_src/CLK
    SLICE_X96Y12         FDCE                                         r  i_dmi_jtag/i_dmi_cdc/i_cdc_req/i_src/data_src_q_reg[data][0]/C
  -------------------------------------------------------------------    -------------------
    SLICE_X96Y12         FDCE (Prop_fdce_C_Q)         0.164     2.582 r  i_dmi_jtag/i_dmi_cdc/i_cdc_req/i_src/data_src_q_reg[data][0]/Q
                         net (fo=1, routed)           0.110     2.692    i_dmi_jtag/i_dmi_cdc/i_cdc_req/i_dst/data_dst_q_reg[data][31]_2[0]
    SLICE_X96Y11         FDCE                                         r  i_dmi_jtag/i_dmi_cdc/i_cdc_req/i_dst/data_dst_q_reg[data][0]/D
  -------------------------------------------------------------------    -------------------

                         (clock clk_out1_xlnx_clk_gen rise edge)
                                                      0.000     0.000 r  
    K17                                               0.000     0.000 r  clk_sys (IN)
                         net (fo=0)                   0.000     0.000    i_xlnx_clk_gen/inst/clk_in1
    K17                  IBUF (Prop_ibuf_I_O)         0.431     0.431 r  i_xlnx_clk_gen/inst/clkin1_ibufg/O
                         net (fo=1, routed)           0.480     0.911    i_xlnx_clk_gen/inst/clk_in1_xlnx_clk_gen
    MMCME2_ADV_X1Y2      MMCME2_ADV (Prop_mmcme2_adv_CLKIN1_CLKOUT0)
                                                     -3.407    -2.496 r  i_xlnx_clk_gen/inst/mmcm_adv_inst/CLKOUT0
                         net (fo=1, routed)           0.752    -1.744    i_xlnx_clk_gen/inst/clk_out1_xlnx_clk_gen
    BUFGCTRL_X0Y16       BUFG (Prop_bufg_I_O)         0.029    -1.715 r  i_xlnx_clk_gen/inst/clkout1_buf/O
                         net (fo=15067, routed)       0.881    -0.834    i_dmi_jtag/i_dmi_cdc/i_cdc_req/i_dst/clk_out1
    SLICE_X96Y11         FDCE                                         r  i_dmi_jtag/i_dmi_cdc/i_cdc_req/i_dst/data_dst_q_reg[data][0]/C

Slack:                    inf
  Source:                 i_dmi_jtag/i_dmi_cdc/i_cdc_req/i_src/data_src_q_reg[data][22]/C
                            (rising edge-triggered cell FDCE clocked by tck  {rise@0.000ns fall@50.000ns period=100.000ns})
  Destination:            i_dmi_jtag/i_dmi_cdc/i_cdc_req/i_dst/data_dst_q_reg[data][22]/D
                            (rising edge-triggered cell FDCE clocked by clk_out1_xlnx_clk_gen  {rise@0.000ns fall@12.500ns period=25.000ns})
  Path Group:             (none)
  Path Type:              Hold (Min at Fast Process Corner)
  Data Path Delay:        0.274ns  (logic 0.164ns (59.853%)  route 0.110ns (40.147%))
  Logic Levels:           0  
  Clock Path Skew:        -3.253ns (DCD - SCD - CPR)
    Destination Clock Delay (DCD):    -0.833ns
    Source Clock Delay      (SCD):    2.420ns
    Clock Pessimism Removal (CPR):    -0.000ns
  Clock Uncertainty:      0.604ns  ((TSJ^2 + TIJ^2 + DJ^2)^1/2) / 2 + PE
    Total System Jitter     (TSJ):    0.071ns
    Total Input Jitter      (TIJ):    1.000ns
    Discrete Jitter          (DJ):    0.149ns
    Phase Error              (PE):    0.097ns
  Timing Exception:       Asynchronous Clock Groups

    Location             Delay type                Incr(ns)  Path(ns)    Netlist Resource(s)
  -------------------------------------------------------------------    -------------------
                         (clock tck rise edge)        0.000     0.000 r  
    H15                                               0.000     0.000 r  tck (IN)
                         net (fo=0)                   0.000     0.000    tck
    H15                  IBUF (Prop_ibuf_I_O)         0.268     0.268 r  tck_IBUF_inst/O
                         net (fo=1, routed)           1.516     1.784    tck_IBUF
    BUFGCTRL_X0Y0        BUFG (Prop_bufg_I_O)         0.026     1.810 r  tck_IBUF_BUFG_inst/O
                         net (fo=258, routed)         0.610     2.420    i_dmi_jtag/i_dmi_cdc/i_cdc_req/i_src/CLK
    SLICE_X100Y10        FDCE                                         r  i_dmi_jtag/i_dmi_cdc/i_cdc_req/i_src/data_src_q_reg[data][22]/C
  -------------------------------------------------------------------    -------------------
    SLICE_X100Y10        FDCE (Prop_fdce_C_Q)         0.164     2.584 r  i_dmi_jtag/i_dmi_cdc/i_cdc_req/i_src/data_src_q_reg[data][22]/Q
                         net (fo=1, routed)           0.110     2.694    i_dmi_jtag/i_dmi_cdc/i_cdc_req/i_dst/data_dst_q_reg[data][31]_2[22]
    SLICE_X101Y9         FDCE                                         r  i_dmi_jtag/i_dmi_cdc/i_cdc_req/i_dst/data_dst_q_reg[data][22]/D
  -------------------------------------------------------------------    -------------------

                         (clock clk_out1_xlnx_clk_gen rise edge)
                                                      0.000     0.000 r  
    K17                                               0.000     0.000 r  clk_sys (IN)
                         net (fo=0)                   0.000     0.000    i_xlnx_clk_gen/inst/clk_in1
    K17                  IBUF (Prop_ibuf_I_O)         0.431     0.431 r  i_xlnx_clk_gen/inst/clkin1_ibufg/O
                         net (fo=1, routed)           0.480     0.911    i_xlnx_clk_gen/inst/clk_in1_xlnx_clk_gen
    MMCME2_ADV_X1Y2      MMCME2_ADV (Prop_mmcme2_adv_CLKIN1_CLKOUT0)
                                                     -3.407    -2.496 r  i_xlnx_clk_gen/inst/mmcm_adv_inst/CLKOUT0
                         net (fo=1, routed)           0.752    -1.744    i_xlnx_clk_gen/inst/clk_out1_xlnx_clk_gen
    BUFGCTRL_X0Y16       BUFG (Prop_bufg_I_O)         0.029    -1.715 r  i_xlnx_clk_gen/inst/clkout1_buf/O
                         net (fo=15067, routed)       0.882    -0.833    i_dmi_jtag/i_dmi_cdc/i_cdc_req/i_dst/clk_out1
    SLICE_X101Y9         FDCE                                         r  i_dmi_jtag/i_dmi_cdc/i_cdc_req/i_dst/data_dst_q_reg[data][22]/C

Slack:                    inf
  Source:                 i_dmi_jtag/i_dmi_cdc/i_cdc_req/i_src/data_src_q_reg[data][23]/C
                            (rising edge-triggered cell FDCE clocked by tck  {rise@0.000ns fall@50.000ns period=100.000ns})
  Destination:            i_dmi_jtag/i_dmi_cdc/i_cdc_req/i_dst/data_dst_q_reg[data][23]/D
                            (rising edge-triggered cell FDCE clocked by clk_out1_xlnx_clk_gen  {rise@0.000ns fall@12.500ns period=25.000ns})
  Path Group:             (none)
  Path Type:              Hold (Min at Fast Process Corner)
  Data Path Delay:        0.274ns  (logic 0.164ns (59.853%)  route 0.110ns (40.147%))
  Logic Levels:           0  
  Clock Path Skew:        -3.253ns (DCD - SCD - CPR)
    Destination Clock Delay (DCD):    -0.833ns
    Source Clock Delay      (SCD):    2.420ns
    Clock Pessimism Removal (CPR):    -0.000ns
  Clock Uncertainty:      0.604ns  ((TSJ^2 + TIJ^2 + DJ^2)^1/2) / 2 + PE
    Total System Jitter     (TSJ):    0.071ns
    Total Input Jitter      (TIJ):    1.000ns
    Discrete Jitter          (DJ):    0.149ns
    Phase Error              (PE):    0.097ns
  Timing Exception:       Asynchronous Clock Groups

    Location             Delay type                Incr(ns)  Path(ns)    Netlist Resource(s)
  -------------------------------------------------------------------    -------------------
                         (clock tck rise edge)        0.000     0.000 r  
    H15                                               0.000     0.000 r  tck (IN)
                         net (fo=0)                   0.000     0.000    tck
    H15                  IBUF (Prop_ibuf_I_O)         0.268     0.268 r  tck_IBUF_inst/O
                         net (fo=1, routed)           1.516     1.784    tck_IBUF
    BUFGCTRL_X0Y0        BUFG (Prop_bufg_I_O)         0.026     1.810 r  tck_IBUF_BUFG_inst/O
                         net (fo=258, routed)         0.610     2.420    i_dmi_jtag/i_dmi_cdc/i_cdc_req/i_src/CLK
    SLICE_X100Y10        FDCE                                         r  i_dmi_jtag/i_dmi_cdc/i_cdc_req/i_src/data_src_q_reg[data][23]/C
  -------------------------------------------------------------------    -------------------
    SLICE_X100Y10        FDCE (Prop_fdce_C_Q)         0.164     2.584 r  i_dmi_jtag/i_dmi_cdc/i_cdc_req/i_src/data_src_q_reg[data][23]/Q
                         net (fo=1, routed)           0.110     2.694    i_dmi_jtag/i_dmi_cdc/i_cdc_req/i_dst/data_dst_q_reg[data][31]_2[23]
    SLICE_X101Y9         FDCE                                         r  i_dmi_jtag/i_dmi_cdc/i_cdc_req/i_dst/data_dst_q_reg[data][23]/D
  -------------------------------------------------------------------    -------------------

                         (clock clk_out1_xlnx_clk_gen rise edge)
                                                      0.000     0.000 r  
    K17                                               0.000     0.000 r  clk_sys (IN)
                         net (fo=0)                   0.000     0.000    i_xlnx_clk_gen/inst/clk_in1
    K17                  IBUF (Prop_ibuf_I_O)         0.431     0.431 r  i_xlnx_clk_gen/inst/clkin1_ibufg/O
                         net (fo=1, routed)           0.480     0.911    i_xlnx_clk_gen/inst/clk_in1_xlnx_clk_gen
    MMCME2_ADV_X1Y2      MMCME2_ADV (Prop_mmcme2_adv_CLKIN1_CLKOUT0)
                                                     -3.407    -2.496 r  i_xlnx_clk_gen/inst/mmcm_adv_inst/CLKOUT0
                         net (fo=1, routed)           0.752    -1.744    i_xlnx_clk_gen/inst/clk_out1_xlnx_clk_gen
    BUFGCTRL_X0Y16       BUFG (Prop_bufg_I_O)         0.029    -1.715 r  i_xlnx_clk_gen/inst/clkout1_buf/O
                         net (fo=15067, routed)       0.882    -0.833    i_dmi_jtag/i_dmi_cdc/i_cdc_req/i_dst/clk_out1
    SLICE_X101Y9         FDCE                                         r  i_dmi_jtag/i_dmi_cdc/i_cdc_req/i_dst/data_dst_q_reg[data][23]/C

Slack:                    inf
  Source:                 i_dmi_jtag/i_dmi_cdc/i_cdc_req/i_src/data_src_q_reg[data][7]/C
                            (rising edge-triggered cell FDCE clocked by tck  {rise@0.000ns fall@50.000ns period=100.000ns})
  Destination:            i_dmi_jtag/i_dmi_cdc/i_cdc_req/i_dst/data_dst_q_reg[data][7]/D
                            (rising edge-triggered cell FDCE clocked by clk_out1_xlnx_clk_gen  {rise@0.000ns fall@12.500ns period=25.000ns})
  Path Group:             (none)
  Path Type:              Hold (Min at Fast Process Corner)
  Data Path Delay:        0.286ns  (logic 0.148ns (51.817%)  route 0.138ns (48.183%))
  Logic Levels:           0  
  Clock Path Skew:        -3.254ns (DCD - SCD - CPR)
    Destination Clock Delay (DCD):    -0.832ns
    Source Clock Delay      (SCD):    2.422ns
    Clock Pessimism Removal (CPR):    -0.000ns
  Clock Uncertainty:      0.604ns  ((TSJ^2 + TIJ^2 + DJ^2)^1/2) / 2 + PE
    Total System Jitter     (TSJ):    0.071ns
    Total Input Jitter      (TIJ):    1.000ns
    Discrete Jitter          (DJ):    0.149ns
    Phase Error              (PE):    0.097ns
  Timing Exception:       Asynchronous Clock Groups

    Location             Delay type                Incr(ns)  Path(ns)    Netlist Resource(s)
  -------------------------------------------------------------------    -------------------
                         (clock tck rise edge)        0.000     0.000 r  
    H15                                               0.000     0.000 r  tck (IN)
                         net (fo=0)                   0.000     0.000    tck
    H15                  IBUF (Prop_ibuf_I_O)         0.268     0.268 r  tck_IBUF_inst/O
                         net (fo=1, routed)           1.516     1.784    tck_IBUF
    BUFGCTRL_X0Y0        BUFG (Prop_bufg_I_O)         0.026     1.810 r  tck_IBUF_BUFG_inst/O
                         net (fo=258, routed)         0.612     2.422    i_dmi_jtag/i_dmi_cdc/i_cdc_req/i_src/CLK
    SLICE_X102Y5         FDCE                                         r  i_dmi_jtag/i_dmi_cdc/i_cdc_req/i_src/data_src_q_reg[data][7]/C
  -------------------------------------------------------------------    -------------------
    SLICE_X102Y5         FDCE (Prop_fdce_C_Q)         0.148     2.570 r  i_dmi_jtag/i_dmi_cdc/i_cdc_req/i_src/data_src_q_reg[data][7]/Q
                         net (fo=1, routed)           0.138     2.707    i_dmi_jtag/i_dmi_cdc/i_cdc_req/i_dst/data_dst_q_reg[data][31]_2[7]
    SLICE_X101Y5         FDCE                                         r  i_dmi_jtag/i_dmi_cdc/i_cdc_req/i_dst/data_dst_q_reg[data][7]/D
  -------------------------------------------------------------------    -------------------

                         (clock clk_out1_xlnx_clk_gen rise edge)
                                                      0.000     0.000 r  
    K17                                               0.000     0.000 r  clk_sys (IN)
                         net (fo=0)                   0.000     0.000    i_xlnx_clk_gen/inst/clk_in1
    K17                  IBUF (Prop_ibuf_I_O)         0.431     0.431 r  i_xlnx_clk_gen/inst/clkin1_ibufg/O
                         net (fo=1, routed)           0.480     0.911    i_xlnx_clk_gen/inst/clk_in1_xlnx_clk_gen
    MMCME2_ADV_X1Y2      MMCME2_ADV (Prop_mmcme2_adv_CLKIN1_CLKOUT0)
                                                     -3.407    -2.496 r  i_xlnx_clk_gen/inst/mmcm_adv_inst/CLKOUT0
                         net (fo=1, routed)           0.752    -1.744    i_xlnx_clk_gen/inst/clk_out1_xlnx_clk_gen
    BUFGCTRL_X0Y16       BUFG (Prop_bufg_I_O)         0.029    -1.715 r  i_xlnx_clk_gen/inst/clkout1_buf/O
                         net (fo=15067, routed)       0.883    -0.832    i_dmi_jtag/i_dmi_cdc/i_cdc_req/i_dst/clk_out1
    SLICE_X101Y5         FDCE                                         r  i_dmi_jtag/i_dmi_cdc/i_cdc_req/i_dst/data_dst_q_reg[data][7]/C





--------------------------------------------------------------------------------------
Path Group:  (none)
From Clock:  
  To Clock:  tck

Max Delay           258 Endpoints
Min Delay           258 Endpoints
--------------------------------------------------------------------------------------


Max Delay Paths
--------------------------------------------------------------------------------------
Slack:                    inf
  Source:                 trst_n
                            (input port)
  Destination:            i_dmi_jtag/dr_q_reg[18]/CLR
                            (recovery check against rising-edge clock tck  {rise@0.000ns fall@50.000ns period=100.000ns})
  Path Group:             (none)
  Path Type:              Recovery (Max at Slow Process Corner)
  Data Path Delay:        9.912ns  (logic 1.694ns (17.091%)  route 8.218ns (82.909%))
  Logic Levels:           2  (IBUF=1 LUT1=1)
  Clock Path Skew:        6.264ns (DCD - SCD + CPR)
    Destination Clock Delay (DCD):    6.264ns
    Source Clock Delay      (SCD):    0.000ns
    Clock Pessimism Removal (CPR):    0.000ns
  Clock Uncertainty:      0.501ns  ((TSJ^2 + TIJ^2)^1/2 + DJ) / 2 + PE
    Total System Jitter     (TSJ):    0.050ns
    Total Input Jitter      (TIJ):    1.000ns
    Discrete Jitter          (DJ):    0.000ns
    Phase Error              (PE):    0.000ns
  Timing Exception:       False Path

    Location             Delay type                Incr(ns)  Path(ns)    Netlist Resource(s)
  -------------------------------------------------------------------    -------------------
    V13                                               0.000     0.000 r  trst_n (IN)
                         net (fo=0)                   0.000     0.000    trst_n
    V13                  IBUF (Prop_ibuf_I_O)         1.570     1.570 r  trst_n_IBUF_inst/O
                         net (fo=1, routed)           1.285     2.855    i_dmi_jtag/i_dmi_jtag_tap/trst_n_IBUF
    SLICE_X108Y89        LUT1 (Prop_lut1_I0_O)        0.124     2.979 f  i_dmi_jtag/i_dmi_jtag_tap/FSM_onehot_tap_state_q[15]_i_2/O
                         net (fo=258, routed)         6.933     9.912    i_dmi_jtag/i_dmi_jtag_tap_n_0
    SLICE_X103Y2         FDCE                                         f  i_dmi_jtag/dr_q_reg[18]/CLR
  -------------------------------------------------------------------    -------------------

                         (clock tck rise edge)        0.000     0.000 r  
    H15                                               0.000     0.000 r  tck (IN)
                         net (fo=0)                   0.000     0.000    tck
    H15                  IBUF (Prop_ibuf_I_O)         1.430     1.430 r  tck_IBUF_inst/O
                         net (fo=1, routed)           3.120     4.550    tck_IBUF
    BUFGCTRL_X0Y0        BUFG (Prop_bufg_I_O)         0.091     4.641 r  tck_IBUF_BUFG_inst/O
                         net (fo=258, routed)         1.623     6.264    i_dmi_jtag/CLK
    SLICE_X103Y2         FDCE                                         r  i_dmi_jtag/dr_q_reg[18]/C

Slack:                    inf
  Source:                 trst_n
                            (input port)
  Destination:            i_dmi_jtag/dr_q_reg[19]/CLR
                            (recovery check against rising-edge clock tck  {rise@0.000ns fall@50.000ns period=100.000ns})
  Path Group:             (none)
  Path Type:              Recovery (Max at Slow Process Corner)
  Data Path Delay:        9.912ns  (logic 1.694ns (17.091%)  route 8.218ns (82.909%))
  Logic Levels:           2  (IBUF=1 LUT1=1)
  Clock Path Skew:        6.264ns (DCD - SCD + CPR)
    Destination Clock Delay (DCD):    6.264ns
    Source Clock Delay      (SCD):    0.000ns
    Clock Pessimism Removal (CPR):    0.000ns
  Clock Uncertainty:      0.501ns  ((TSJ^2 + TIJ^2)^1/2 + DJ) / 2 + PE
    Total System Jitter     (TSJ):    0.050ns
    Total Input Jitter      (TIJ):    1.000ns
    Discrete Jitter          (DJ):    0.000ns
    Phase Error              (PE):    0.000ns
  Timing Exception:       False Path

    Location             Delay type                Incr(ns)  Path(ns)    Netlist Resource(s)
  -------------------------------------------------------------------    -------------------
    V13                                               0.000     0.000 r  trst_n (IN)
                         net (fo=0)                   0.000     0.000    trst_n
    V13                  IBUF (Prop_ibuf_I_O)         1.570     1.570 r  trst_n_IBUF_inst/O
                         net (fo=1, routed)           1.285     2.855    i_dmi_jtag/i_dmi_jtag_tap/trst_n_IBUF
    SLICE_X108Y89        LUT1 (Prop_lut1_I0_O)        0.124     2.979 f  i_dmi_jtag/i_dmi_jtag_tap/FSM_onehot_tap_state_q[15]_i_2/O
                         net (fo=258, routed)         6.933     9.912    i_dmi_jtag/i_dmi_jtag_tap_n_0
    SLICE_X103Y2         FDCE                                         f  i_dmi_jtag/dr_q_reg[19]/CLR
  -------------------------------------------------------------------    -------------------

                         (clock tck rise edge)        0.000     0.000 r  
    H15                                               0.000     0.000 r  tck (IN)
                         net (fo=0)                   0.000     0.000    tck
    H15                  IBUF (Prop_ibuf_I_O)         1.430     1.430 r  tck_IBUF_inst/O
                         net (fo=1, routed)           3.120     4.550    tck_IBUF
    BUFGCTRL_X0Y0        BUFG (Prop_bufg_I_O)         0.091     4.641 r  tck_IBUF_BUFG_inst/O
                         net (fo=258, routed)         1.623     6.264    i_dmi_jtag/CLK
    SLICE_X103Y2         FDCE                                         r  i_dmi_jtag/dr_q_reg[19]/C

Slack:                    inf
  Source:                 trst_n
                            (input port)
  Destination:            i_dmi_jtag/i_dmi_cdc/i_cdc_resp/i_dst/data_dst_q_reg[data][3]/CLR
                            (recovery check against rising-edge clock tck  {rise@0.000ns fall@50.000ns period=100.000ns})
  Path Group:             (none)
  Path Type:              Recovery (Max at Slow Process Corner)
  Data Path Delay:        9.711ns  (logic 1.694ns (17.445%)  route 8.017ns (82.555%))
  Logic Levels:           2  (IBUF=1 LUT1=1)
  Clock Path Skew:        6.261ns (DCD - SCD + CPR)
    Destination Clock Delay (DCD):    6.261ns
    Source Clock Delay      (SCD):    0.000ns
    Clock Pessimism Removal (CPR):    0.000ns
  Clock Uncertainty:      0.501ns  ((TSJ^2 + TIJ^2)^1/2 + DJ) / 2 + PE
    Total System Jitter     (TSJ):    0.050ns
    Total Input Jitter      (TIJ):    1.000ns
    Discrete Jitter          (DJ):    0.000ns
    Phase Error              (PE):    0.000ns
  Timing Exception:       False Path

    Location             Delay type                Incr(ns)  Path(ns)    Netlist Resource(s)
  -------------------------------------------------------------------    -------------------
    V13                                               0.000     0.000 r  trst_n (IN)
                         net (fo=0)                   0.000     0.000    trst_n
    V13                  IBUF (Prop_ibuf_I_O)         1.570     1.570 r  trst_n_IBUF_inst/O
                         net (fo=1, routed)           1.285     2.855    i_dmi_jtag/i_dmi_jtag_tap/trst_n_IBUF
    SLICE_X108Y89        LUT1 (Prop_lut1_I0_O)        0.124     2.979 f  i_dmi_jtag/i_dmi_jtag_tap/FSM_onehot_tap_state_q[15]_i_2/O
                         net (fo=258, routed)         6.732     9.711    i_dmi_jtag/i_dmi_cdc/i_cdc_resp/i_dst/data_dst_q_reg[resp][0]_0
    SLICE_X99Y9          FDCE                                         f  i_dmi_jtag/i_dmi_cdc/i_cdc_resp/i_dst/data_dst_q_reg[data][3]/CLR
  -------------------------------------------------------------------    -------------------

                         (clock tck rise edge)        0.000     0.000 r  
    H15                                               0.000     0.000 r  tck (IN)
                         net (fo=0)                   0.000     0.000    tck
    H15                  IBUF (Prop_ibuf_I_O)         1.430     1.430 r  tck_IBUF_inst/O
                         net (fo=1, routed)           3.120     4.550    tck_IBUF
    BUFGCTRL_X0Y0        BUFG (Prop_bufg_I_O)         0.091     4.641 r  tck_IBUF_BUFG_inst/O
                         net (fo=258, routed)         1.620     6.261    i_dmi_jtag/i_dmi_cdc/i_cdc_resp/i_dst/CLK
    SLICE_X99Y9          FDCE                                         r  i_dmi_jtag/i_dmi_cdc/i_cdc_resp/i_dst/data_dst_q_reg[data][3]/C

Slack:                    inf
  Source:                 trst_n
                            (input port)
  Destination:            i_dmi_jtag/i_dmi_cdc/i_cdc_req/i_src/data_src_q_reg[data][12]/CLR
                            (recovery check against rising-edge clock tck  {rise@0.000ns fall@50.000ns period=100.000ns})
  Path Group:             (none)
  Path Type:              Recovery (Max at Slow Process Corner)
  Data Path Delay:        9.660ns  (logic 1.694ns (17.537%)  route 7.966ns (82.463%))
  Logic Levels:           2  (IBUF=1 LUT1=1)
  Clock Path Skew:        6.263ns (DCD - SCD + CPR)
    Destination Clock Delay (DCD):    6.263ns
    Source Clock Delay      (SCD):    0.000ns
    Clock Pessimism Removal (CPR):    0.000ns
  Clock Uncertainty:      0.501ns  ((TSJ^2 + TIJ^2)^1/2 + DJ) / 2 + PE
    Total System Jitter     (TSJ):    0.050ns
    Total Input Jitter      (TIJ):    1.000ns
    Discrete Jitter          (DJ):    0.000ns
    Phase Error              (PE):    0.000ns
  Timing Exception:       False Path

    Location             Delay type                Incr(ns)  Path(ns)    Netlist Resource(s)
  -------------------------------------------------------------------    -------------------
    V13                                               0.000     0.000 r  trst_n (IN)
                         net (fo=0)                   0.000     0.000    trst_n
    V13                  IBUF (Prop_ibuf_I_O)         1.570     1.570 r  trst_n_IBUF_inst/O
                         net (fo=1, routed)           1.285     2.855    i_dmi_jtag/i_dmi_jtag_tap/trst_n_IBUF
    SLICE_X108Y89        LUT1 (Prop_lut1_I0_O)        0.124     2.979 f  i_dmi_jtag/i_dmi_jtag_tap/FSM_onehot_tap_state_q[15]_i_2/O
                         net (fo=258, routed)         6.681     9.660    i_dmi_jtag/i_dmi_cdc/i_cdc_req/i_src/data_src_q_reg[data][0]_0
    SLICE_X101Y6         FDCE                                         f  i_dmi_jtag/i_dmi_cdc/i_cdc_req/i_src/data_src_q_reg[data][12]/CLR
  -------------------------------------------------------------------    -------------------

                         (clock tck rise edge)        0.000     0.000 r  
    H15                                               0.000     0.000 r  tck (IN)
                         net (fo=0)                   0.000     0.000    tck
    H15                  IBUF (Prop_ibuf_I_O)         1.430     1.430 r  tck_IBUF_inst/O
                         net (fo=1, routed)           3.120     4.550    tck_IBUF
    BUFGCTRL_X0Y0        BUFG (Prop_bufg_I_O)         0.091     4.641 r  tck_IBUF_BUFG_inst/O
                         net (fo=258, routed)         1.622     6.263    i_dmi_jtag/i_dmi_cdc/i_cdc_req/i_src/CLK
    SLICE_X101Y6         FDCE                                         r  i_dmi_jtag/i_dmi_cdc/i_cdc_req/i_src/data_src_q_reg[data][12]/C

Slack:                    inf
  Source:                 trst_n
                            (input port)
  Destination:            i_dmi_jtag/i_dmi_cdc/i_cdc_req/i_src/data_src_q_reg[data][13]/CLR
                            (recovery check against rising-edge clock tck  {rise@0.000ns fall@50.000ns period=100.000ns})
  Path Group:             (none)
  Path Type:              Recovery (Max at Slow Process Corner)
  Data Path Delay:        9.660ns  (logic 1.694ns (17.537%)  route 7.966ns (82.463%))
  Logic Levels:           2  (IBUF=1 LUT1=1)
  Clock Path Skew:        6.263ns (DCD - SCD + CPR)
    Destination Clock Delay (DCD):    6.263ns
    Source Clock Delay      (SCD):    0.000ns
    Clock Pessimism Removal (CPR):    0.000ns
  Clock Uncertainty:      0.501ns  ((TSJ^2 + TIJ^2)^1/2 + DJ) / 2 + PE
    Total System Jitter     (TSJ):    0.050ns
    Total Input Jitter      (TIJ):    1.000ns
    Discrete Jitter          (DJ):    0.000ns
    Phase Error              (PE):    0.000ns
  Timing Exception:       False Path

    Location             Delay type                Incr(ns)  Path(ns)    Netlist Resource(s)
  -------------------------------------------------------------------    -------------------
    V13                                               0.000     0.000 r  trst_n (IN)
                         net (fo=0)                   0.000     0.000    trst_n
    V13                  IBUF (Prop_ibuf_I_O)         1.570     1.570 r  trst_n_IBUF_inst/O
                         net (fo=1, routed)           1.285     2.855    i_dmi_jtag/i_dmi_jtag_tap/trst_n_IBUF
    SLICE_X108Y89        LUT1 (Prop_lut1_I0_O)        0.124     2.979 f  i_dmi_jtag/i_dmi_jtag_tap/FSM_onehot_tap_state_q[15]_i_2/O
                         net (fo=258, routed)         6.681     9.660    i_dmi_jtag/i_dmi_cdc/i_cdc_req/i_src/data_src_q_reg[data][0]_0
    SLICE_X101Y6         FDCE                                         f  i_dmi_jtag/i_dmi_cdc/i_cdc_req/i_src/data_src_q_reg[data][13]/CLR
  -------------------------------------------------------------------    -------------------

                         (clock tck rise edge)        0.000     0.000 r  
    H15                                               0.000     0.000 r  tck (IN)
                         net (fo=0)                   0.000     0.000    tck
    H15                  IBUF (Prop_ibuf_I_O)         1.430     1.430 r  tck_IBUF_inst/O
                         net (fo=1, routed)           3.120     4.550    tck_IBUF
    BUFGCTRL_X0Y0        BUFG (Prop_bufg_I_O)         0.091     4.641 r  tck_IBUF_BUFG_inst/O
                         net (fo=258, routed)         1.622     6.263    i_dmi_jtag/i_dmi_cdc/i_cdc_req/i_src/CLK
    SLICE_X101Y6         FDCE                                         r  i_dmi_jtag/i_dmi_cdc/i_cdc_req/i_src/data_src_q_reg[data][13]/C

Slack:                    inf
  Source:                 trst_n
                            (input port)
  Destination:            i_dmi_jtag/i_dmi_cdc/i_cdc_req/i_src/data_src_q_reg[data][9]/CLR
                            (recovery check against rising-edge clock tck  {rise@0.000ns fall@50.000ns period=100.000ns})
  Path Group:             (none)
  Path Type:              Recovery (Max at Slow Process Corner)
  Data Path Delay:        9.660ns  (logic 1.694ns (17.537%)  route 7.966ns (82.463%))
  Logic Levels:           2  (IBUF=1 LUT1=1)
  Clock Path Skew:        6.263ns (DCD - SCD + CPR)
    Destination Clock Delay (DCD):    6.263ns
    Source Clock Delay      (SCD):    0.000ns
    Clock Pessimism Removal (CPR):    0.000ns
  Clock Uncertainty:      0.501ns  ((TSJ^2 + TIJ^2)^1/2 + DJ) / 2 + PE
    Total System Jitter     (TSJ):    0.050ns
    Total Input Jitter      (TIJ):    1.000ns
    Discrete Jitter          (DJ):    0.000ns
    Phase Error              (PE):    0.000ns
  Timing Exception:       False Path

    Location             Delay type                Incr(ns)  Path(ns)    Netlist Resource(s)
  -------------------------------------------------------------------    -------------------
    V13                                               0.000     0.000 r  trst_n (IN)
                         net (fo=0)                   0.000     0.000    trst_n
    V13                  IBUF (Prop_ibuf_I_O)         1.570     1.570 r  trst_n_IBUF_inst/O
                         net (fo=1, routed)           1.285     2.855    i_dmi_jtag/i_dmi_jtag_tap/trst_n_IBUF
    SLICE_X108Y89        LUT1 (Prop_lut1_I0_O)        0.124     2.979 f  i_dmi_jtag/i_dmi_jtag_tap/FSM_onehot_tap_state_q[15]_i_2/O
                         net (fo=258, routed)         6.681     9.660    i_dmi_jtag/i_dmi_cdc/i_cdc_req/i_src/data_src_q_reg[data][0]_0
    SLICE_X101Y6         FDCE                                         f  i_dmi_jtag/i_dmi_cdc/i_cdc_req/i_src/data_src_q_reg[data][9]/CLR
  -------------------------------------------------------------------    -------------------

                         (clock tck rise edge)        0.000     0.000 r  
    H15                                               0.000     0.000 r  tck (IN)
                         net (fo=0)                   0.000     0.000    tck
    H15                  IBUF (Prop_ibuf_I_O)         1.430     1.430 r  tck_IBUF_inst/O
                         net (fo=1, routed)           3.120     4.550    tck_IBUF
    BUFGCTRL_X0Y0        BUFG (Prop_bufg_I_O)         0.091     4.641 r  tck_IBUF_BUFG_inst/O
                         net (fo=258, routed)         1.622     6.263    i_dmi_jtag/i_dmi_cdc/i_cdc_req/i_src/CLK
    SLICE_X101Y6         FDCE                                         r  i_dmi_jtag/i_dmi_cdc/i_cdc_req/i_src/data_src_q_reg[data][9]/C

Slack:                    inf
  Source:                 trst_n
                            (input port)
  Destination:            i_dmi_jtag/i_dmi_cdc/i_cdc_resp/i_dst/data_dst_q_reg[data][10]/CLR
                            (recovery check against rising-edge clock tck  {rise@0.000ns fall@50.000ns period=100.000ns})
  Path Group:             (none)
  Path Type:              Recovery (Max at Slow Process Corner)
  Data Path Delay:        9.560ns  (logic 1.694ns (17.721%)  route 7.866ns (82.279%))
  Logic Levels:           2  (IBUF=1 LUT1=1)
  Clock Path Skew:        6.264ns (DCD - SCD + CPR)
    Destination Clock Delay (DCD):    6.264ns
    Source Clock Delay      (SCD):    0.000ns
    Clock Pessimism Removal (CPR):    0.000ns
  Clock Uncertainty:      0.501ns  ((TSJ^2 + TIJ^2)^1/2 + DJ) / 2 + PE
    Total System Jitter     (TSJ):    0.050ns
    Total Input Jitter      (TIJ):    1.000ns
    Discrete Jitter          (DJ):    0.000ns
    Phase Error              (PE):    0.000ns
  Timing Exception:       False Path

    Location             Delay type                Incr(ns)  Path(ns)    Netlist Resource(s)
  -------------------------------------------------------------------    -------------------
    V13                                               0.000     0.000 r  trst_n (IN)
                         net (fo=0)                   0.000     0.000    trst_n
    V13                  IBUF (Prop_ibuf_I_O)         1.570     1.570 r  trst_n_IBUF_inst/O
                         net (fo=1, routed)           1.285     2.855    i_dmi_jtag/i_dmi_jtag_tap/trst_n_IBUF
    SLICE_X108Y89        LUT1 (Prop_lut1_I0_O)        0.124     2.979 f  i_dmi_jtag/i_dmi_jtag_tap/FSM_onehot_tap_state_q[15]_i_2/O
                         net (fo=258, routed)         6.581     9.560    i_dmi_jtag/i_dmi_cdc/i_cdc_resp/i_dst/data_dst_q_reg[resp][0]_0
    SLICE_X105Y3         FDCE                                         f  i_dmi_jtag/i_dmi_cdc/i_cdc_resp/i_dst/data_dst_q_reg[data][10]/CLR
  -------------------------------------------------------------------    -------------------

                         (clock tck rise edge)        0.000     0.000 r  
    H15                                               0.000     0.000 r  tck (IN)
                         net (fo=0)                   0.000     0.000    tck
    H15                  IBUF (Prop_ibuf_I_O)         1.430     1.430 r  tck_IBUF_inst/O
                         net (fo=1, routed)           3.120     4.550    tck_IBUF
    BUFGCTRL_X0Y0        BUFG (Prop_bufg_I_O)         0.091     4.641 r  tck_IBUF_BUFG_inst/O
                         net (fo=258, routed)         1.623     6.264    i_dmi_jtag/i_dmi_cdc/i_cdc_resp/i_dst/CLK
    SLICE_X105Y3         FDCE                                         r  i_dmi_jtag/i_dmi_cdc/i_cdc_resp/i_dst/data_dst_q_reg[data][10]/C

Slack:                    inf
  Source:                 trst_n
                            (input port)
  Destination:            i_dmi_jtag/i_dmi_cdc/i_cdc_resp/i_dst/data_dst_q_reg[data][11]/CLR
                            (recovery check against rising-edge clock tck  {rise@0.000ns fall@50.000ns period=100.000ns})
  Path Group:             (none)
  Path Type:              Recovery (Max at Slow Process Corner)
  Data Path Delay:        9.560ns  (logic 1.694ns (17.721%)  route 7.866ns (82.279%))
  Logic Levels:           2  (IBUF=1 LUT1=1)
  Clock Path Skew:        6.264ns (DCD - SCD + CPR)
    Destination Clock Delay (DCD):    6.264ns
    Source Clock Delay      (SCD):    0.000ns
    Clock Pessimism Removal (CPR):    0.000ns
  Clock Uncertainty:      0.501ns  ((TSJ^2 + TIJ^2)^1/2 + DJ) / 2 + PE
    Total System Jitter     (TSJ):    0.050ns
    Total Input Jitter      (TIJ):    1.000ns
    Discrete Jitter          (DJ):    0.000ns
    Phase Error              (PE):    0.000ns
  Timing Exception:       False Path

    Location             Delay type                Incr(ns)  Path(ns)    Netlist Resource(s)
  -------------------------------------------------------------------    -------------------
    V13                                               0.000     0.000 r  trst_n (IN)
                         net (fo=0)                   0.000     0.000    trst_n
    V13                  IBUF (Prop_ibuf_I_O)         1.570     1.570 r  trst_n_IBUF_inst/O
                         net (fo=1, routed)           1.285     2.855    i_dmi_jtag/i_dmi_jtag_tap/trst_n_IBUF
    SLICE_X108Y89        LUT1 (Prop_lut1_I0_O)        0.124     2.979 f  i_dmi_jtag/i_dmi_jtag_tap/FSM_onehot_tap_state_q[15]_i_2/O
                         net (fo=258, routed)         6.581     9.560    i_dmi_jtag/i_dmi_cdc/i_cdc_resp/i_dst/data_dst_q_reg[resp][0]_0
    SLICE_X105Y3         FDCE                                         f  i_dmi_jtag/i_dmi_cdc/i_cdc_resp/i_dst/data_dst_q_reg[data][11]/CLR
  -------------------------------------------------------------------    -------------------

                         (clock tck rise edge)        0.000     0.000 r  
    H15                                               0.000     0.000 r  tck (IN)
                         net (fo=0)                   0.000     0.000    tck
    H15                  IBUF (Prop_ibuf_I_O)         1.430     1.430 r  tck_IBUF_inst/O
                         net (fo=1, routed)           3.120     4.550    tck_IBUF
    BUFGCTRL_X0Y0        BUFG (Prop_bufg_I_O)         0.091     4.641 r  tck_IBUF_BUFG_inst/O
                         net (fo=258, routed)         1.623     6.264    i_dmi_jtag/i_dmi_cdc/i_cdc_resp/i_dst/CLK
    SLICE_X105Y3         FDCE                                         r  i_dmi_jtag/i_dmi_cdc/i_cdc_resp/i_dst/data_dst_q_reg[data][11]/C

Slack:                    inf
  Source:                 trst_n
                            (input port)
  Destination:            i_dmi_jtag/i_dmi_cdc/i_cdc_resp/i_dst/data_dst_q_reg[data][16]/CLR
                            (recovery check against rising-edge clock tck  {rise@0.000ns fall@50.000ns period=100.000ns})
  Path Group:             (none)
  Path Type:              Recovery (Max at Slow Process Corner)
  Data Path Delay:        9.560ns  (logic 1.694ns (17.721%)  route 7.866ns (82.279%))
  Logic Levels:           2  (IBUF=1 LUT1=1)
  Clock Path Skew:        6.264ns (DCD - SCD + CPR)
    Destination Clock Delay (DCD):    6.264ns
    Source Clock Delay      (SCD):    0.000ns
    Clock Pessimism Removal (CPR):    0.000ns
  Clock Uncertainty:      0.501ns  ((TSJ^2 + TIJ^2)^1/2 + DJ) / 2 + PE
    Total System Jitter     (TSJ):    0.050ns
    Total Input Jitter      (TIJ):    1.000ns
    Discrete Jitter          (DJ):    0.000ns
    Phase Error              (PE):    0.000ns
  Timing Exception:       False Path

    Location             Delay type                Incr(ns)  Path(ns)    Netlist Resource(s)
  -------------------------------------------------------------------    -------------------
    V13                                               0.000     0.000 r  trst_n (IN)
                         net (fo=0)                   0.000     0.000    trst_n
    V13                  IBUF (Prop_ibuf_I_O)         1.570     1.570 r  trst_n_IBUF_inst/O
                         net (fo=1, routed)           1.285     2.855    i_dmi_jtag/i_dmi_jtag_tap/trst_n_IBUF
    SLICE_X108Y89        LUT1 (Prop_lut1_I0_O)        0.124     2.979 f  i_dmi_jtag/i_dmi_jtag_tap/FSM_onehot_tap_state_q[15]_i_2/O
                         net (fo=258, routed)         6.581     9.560    i_dmi_jtag/i_dmi_cdc/i_cdc_resp/i_dst/data_dst_q_reg[resp][0]_0
    SLICE_X105Y3         FDCE                                         f  i_dmi_jtag/i_dmi_cdc/i_cdc_resp/i_dst/data_dst_q_reg[data][16]/CLR
  -------------------------------------------------------------------    -------------------

                         (clock tck rise edge)        0.000     0.000 r  
    H15                                               0.000     0.000 r  tck (IN)
                         net (fo=0)                   0.000     0.000    tck
    H15                  IBUF (Prop_ibuf_I_O)         1.430     1.430 r  tck_IBUF_inst/O
                         net (fo=1, routed)           3.120     4.550    tck_IBUF
    BUFGCTRL_X0Y0        BUFG (Prop_bufg_I_O)         0.091     4.641 r  tck_IBUF_BUFG_inst/O
                         net (fo=258, routed)         1.623     6.264    i_dmi_jtag/i_dmi_cdc/i_cdc_resp/i_dst/CLK
    SLICE_X105Y3         FDCE                                         r  i_dmi_jtag/i_dmi_cdc/i_cdc_resp/i_dst/data_dst_q_reg[data][16]/C

Slack:                    inf
  Source:                 trst_n
                            (input port)
  Destination:            i_dmi_jtag/i_dmi_cdc/i_cdc_resp/i_dst/data_dst_q_reg[data][17]/CLR
                            (recovery check against rising-edge clock tck  {rise@0.000ns fall@50.000ns period=100.000ns})
  Path Group:             (none)
  Path Type:              Recovery (Max at Slow Process Corner)
  Data Path Delay:        9.560ns  (logic 1.694ns (17.721%)  route 7.866ns (82.279%))
  Logic Levels:           2  (IBUF=1 LUT1=1)
  Clock Path Skew:        6.264ns (DCD - SCD + CPR)
    Destination Clock Delay (DCD):    6.264ns
    Source Clock Delay      (SCD):    0.000ns
    Clock Pessimism Removal (CPR):    0.000ns
  Clock Uncertainty:      0.501ns  ((TSJ^2 + TIJ^2)^1/2 + DJ) / 2 + PE
    Total System Jitter     (TSJ):    0.050ns
    Total Input Jitter      (TIJ):    1.000ns
    Discrete Jitter          (DJ):    0.000ns
    Phase Error              (PE):    0.000ns
  Timing Exception:       False Path

    Location             Delay type                Incr(ns)  Path(ns)    Netlist Resource(s)
  -------------------------------------------------------------------    -------------------
    V13                                               0.000     0.000 r  trst_n (IN)
                         net (fo=0)                   0.000     0.000    trst_n
    V13                  IBUF (Prop_ibuf_I_O)         1.570     1.570 r  trst_n_IBUF_inst/O
                         net (fo=1, routed)           1.285     2.855    i_dmi_jtag/i_dmi_jtag_tap/trst_n_IBUF
    SLICE_X108Y89        LUT1 (Prop_lut1_I0_O)        0.124     2.979 f  i_dmi_jtag/i_dmi_jtag_tap/FSM_onehot_tap_state_q[15]_i_2/O
                         net (fo=258, routed)         6.581     9.560    i_dmi_jtag/i_dmi_cdc/i_cdc_resp/i_dst/data_dst_q_reg[resp][0]_0
    SLICE_X104Y3         FDCE                                         f  i_dmi_jtag/i_dmi_cdc/i_cdc_resp/i_dst/data_dst_q_reg[data][17]/CLR
  -------------------------------------------------------------------    -------------------

                         (clock tck rise edge)        0.000     0.000 r  
    H15                                               0.000     0.000 r  tck (IN)
                         net (fo=0)                   0.000     0.000    tck
    H15                  IBUF (Prop_ibuf_I_O)         1.430     1.430 r  tck_IBUF_inst/O
                         net (fo=1, routed)           3.120     4.550    tck_IBUF
    BUFGCTRL_X0Y0        BUFG (Prop_bufg_I_O)         0.091     4.641 r  tck_IBUF_BUFG_inst/O
                         net (fo=258, routed)         1.623     6.264    i_dmi_jtag/i_dmi_cdc/i_cdc_resp/i_dst/CLK
    SLICE_X104Y3         FDCE                                         r  i_dmi_jtag/i_dmi_cdc/i_cdc_resp/i_dst/data_dst_q_reg[data][17]/C





Min Delay Paths
--------------------------------------------------------------------------------------
Slack:                    inf
  Source:                 trst_n
                            (input port)
  Destination:            i_dmi_jtag/i_dmi_jtag_tap/td_o_reg/CLR
                            (removal check against rising-edge clock tck  {rise@0.000ns fall@50.000ns period=100.000ns})
  Path Group:             (none)
  Path Type:              Removal (Min at Fast Process Corner)
  Data Path Delay:        1.474ns  (logic 0.382ns (25.913%)  route 1.092ns (74.087%))
  Logic Levels:           2  (IBUF=1 LUT1=1)
  Clock Path Skew:        3.141ns (DCD - SCD - CPR)
    Destination Clock Delay (DCD):    3.141ns = ( 53.141 - 50.000 ) 
    Source Clock Delay      (SCD):    0.000ns
    Clock Pessimism Removal (CPR):    -0.000ns
  Timing Exception:       False Path

    Location             Delay type                Incr(ns)  Path(ns)    Netlist Resource(s)
  -------------------------------------------------------------------    -------------------
    V13                                               0.000     0.000 r  trst_n (IN)
                         net (fo=0)                   0.000     0.000    trst_n
    V13                  IBUF (Prop_ibuf_I_O)         0.337     0.337 r  trst_n_IBUF_inst/O
                         net (fo=1, routed)           0.486     0.823    i_dmi_jtag/i_dmi_jtag_tap/trst_n_IBUF
    SLICE_X108Y89        LUT1 (Prop_lut1_I0_O)        0.045     0.868 f  i_dmi_jtag/i_dmi_jtag_tap/FSM_onehot_tap_state_q[15]_i_2/O
                         net (fo=258, routed)         0.606     1.474    i_dmi_jtag/i_dmi_jtag_tap/trst_n
    SLICE_X106Y77        FDCE                                         f  i_dmi_jtag/i_dmi_jtag_tap/td_o_reg/CLR
  -------------------------------------------------------------------    -------------------

                         (clock tck fall edge)       50.000    50.000 f  
    H15                                               0.000    50.000 f  tck (IN)
                         net (fo=0)                   0.000    50.000    tck
    H15                  IBUF (Prop_ibuf_I_O)         0.456    50.456 f  tck_IBUF_inst/O
                         net (fo=1, routed)           1.762    52.218    tck_IBUF
    BUFGCTRL_X0Y0        BUFG (Prop_bufg_I_O)         0.029    52.247 f  tck_IBUF_BUFG_inst/O
                         net (fo=258, routed)         0.894    53.141    i_dmi_jtag/i_dmi_jtag_tap/tck_ni
    SLICE_X106Y77        FDCE                                         r  i_dmi_jtag/i_dmi_jtag_tap/td_o_reg/C  (IS_INVERTED)

Slack:                    inf
  Source:                 trst_n
                            (input port)
  Destination:            i_dmi_jtag/i_dmi_jtag_tap/idcode_q_reg[0]/PRE
                            (removal check against rising-edge clock tck  {rise@0.000ns fall@50.000ns period=100.000ns})
  Path Group:             (none)
  Path Type:              Removal (Min at Fast Process Corner)
  Data Path Delay:        1.662ns  (logic 0.382ns (22.992%)  route 1.280ns (77.008%))
  Logic Levels:           2  (IBUF=1 LUT1=1)
  Clock Path Skew:        3.128ns (DCD - SCD - CPR)
    Destination Clock Delay (DCD):    3.128ns
    Source Clock Delay      (SCD):    0.000ns
    Clock Pessimism Removal (CPR):    -0.000ns
  Timing Exception:       False Path

    Location             Delay type                Incr(ns)  Path(ns)    Netlist Resource(s)
  -------------------------------------------------------------------    -------------------
    V13                                               0.000     0.000 r  trst_n (IN)
                         net (fo=0)                   0.000     0.000    trst_n
    V13                  IBUF (Prop_ibuf_I_O)         0.337     0.337 r  trst_n_IBUF_inst/O
                         net (fo=1, routed)           0.486     0.823    i_dmi_jtag/i_dmi_jtag_tap/trst_n_IBUF
    SLICE_X108Y89        LUT1 (Prop_lut1_I0_O)        0.045     0.868 f  i_dmi_jtag/i_dmi_jtag_tap/FSM_onehot_tap_state_q[15]_i_2/O
                         net (fo=258, routed)         0.794     1.662    i_dmi_jtag/i_dmi_jtag_tap/trst_n
    SLICE_X100Y51        FDPE                                         f  i_dmi_jtag/i_dmi_jtag_tap/idcode_q_reg[0]/PRE
  -------------------------------------------------------------------    -------------------

                         (clock tck rise edge)        0.000     0.000 r  
    H15                                               0.000     0.000 r  tck (IN)
                         net (fo=0)                   0.000     0.000    tck
    H15                  IBUF (Prop_ibuf_I_O)         0.456     0.456 r  tck_IBUF_inst/O
                         net (fo=1, routed)           1.762     2.218    tck_IBUF
    BUFGCTRL_X0Y0        BUFG (Prop_bufg_I_O)         0.029     2.247 r  tck_IBUF_BUFG_inst/O
                         net (fo=258, routed)         0.881     3.128    i_dmi_jtag/i_dmi_jtag_tap/CLK
    SLICE_X100Y51        FDPE                                         r  i_dmi_jtag/i_dmi_jtag_tap/idcode_q_reg[0]/C

Slack:                    inf
  Source:                 trst_n
                            (input port)
  Destination:            i_dmi_jtag/i_dmi_jtag_tap/idcode_q_reg[22]/CLR
                            (removal check against rising-edge clock tck  {rise@0.000ns fall@50.000ns period=100.000ns})
  Path Group:             (none)
  Path Type:              Removal (Min at Fast Process Corner)
  Data Path Delay:        1.662ns  (logic 0.382ns (22.992%)  route 1.280ns (77.008%))
  Logic Levels:           2  (IBUF=1 LUT1=1)
  Clock Path Skew:        3.128ns (DCD - SCD - CPR)
    Destination Clock Delay (DCD):    3.128ns
    Source Clock Delay      (SCD):    0.000ns
    Clock Pessimism Removal (CPR):    -0.000ns
  Timing Exception:       False Path

    Location             Delay type                Incr(ns)  Path(ns)    Netlist Resource(s)
  -------------------------------------------------------------------    -------------------
    V13                                               0.000     0.000 r  trst_n (IN)
                         net (fo=0)                   0.000     0.000    trst_n
    V13                  IBUF (Prop_ibuf_I_O)         0.337     0.337 r  trst_n_IBUF_inst/O
                         net (fo=1, routed)           0.486     0.823    i_dmi_jtag/i_dmi_jtag_tap/trst_n_IBUF
    SLICE_X108Y89        LUT1 (Prop_lut1_I0_O)        0.045     0.868 f  i_dmi_jtag/i_dmi_jtag_tap/FSM_onehot_tap_state_q[15]_i_2/O
                         net (fo=258, routed)         0.794     1.662    i_dmi_jtag/i_dmi_jtag_tap/trst_n
    SLICE_X100Y51        FDCE                                         f  i_dmi_jtag/i_dmi_jtag_tap/idcode_q_reg[22]/CLR
  -------------------------------------------------------------------    -------------------

                         (clock tck rise edge)        0.000     0.000 r  
    H15                                               0.000     0.000 r  tck (IN)
                         net (fo=0)                   0.000     0.000    tck
    H15                  IBUF (Prop_ibuf_I_O)         0.456     0.456 r  tck_IBUF_inst/O
                         net (fo=1, routed)           1.762     2.218    tck_IBUF
    BUFGCTRL_X0Y0        BUFG (Prop_bufg_I_O)         0.029     2.247 r  tck_IBUF_BUFG_inst/O
                         net (fo=258, routed)         0.881     3.128    i_dmi_jtag/i_dmi_jtag_tap/CLK
    SLICE_X100Y51        FDCE                                         r  i_dmi_jtag/i_dmi_jtag_tap/idcode_q_reg[22]/C

Slack:                    inf
  Source:                 trst_n
                            (input port)
  Destination:            i_dmi_jtag/i_dmi_jtag_tap/idcode_q_reg[23]/PRE
                            (removal check against rising-edge clock tck  {rise@0.000ns fall@50.000ns period=100.000ns})
  Path Group:             (none)
  Path Type:              Removal (Min at Fast Process Corner)
  Data Path Delay:        1.662ns  (logic 0.382ns (22.992%)  route 1.280ns (77.008%))
  Logic Levels:           2  (IBUF=1 LUT1=1)
  Clock Path Skew:        3.128ns (DCD - SCD - CPR)
    Destination Clock Delay (DCD):    3.128ns
    Source Clock Delay      (SCD):    0.000ns
    Clock Pessimism Removal (CPR):    -0.000ns
  Timing Exception:       False Path

    Location             Delay type                Incr(ns)  Path(ns)    Netlist Resource(s)
  -------------------------------------------------------------------    -------------------
    V13                                               0.000     0.000 r  trst_n (IN)
                         net (fo=0)                   0.000     0.000    trst_n
    V13                  IBUF (Prop_ibuf_I_O)         0.337     0.337 r  trst_n_IBUF_inst/O
                         net (fo=1, routed)           0.486     0.823    i_dmi_jtag/i_dmi_jtag_tap/trst_n_IBUF
    SLICE_X108Y89        LUT1 (Prop_lut1_I0_O)        0.045     0.868 f  i_dmi_jtag/i_dmi_jtag_tap/FSM_onehot_tap_state_q[15]_i_2/O
                         net (fo=258, routed)         0.794     1.662    i_dmi_jtag/i_dmi_jtag_tap/trst_n
    SLICE_X100Y51        FDPE                                         f  i_dmi_jtag/i_dmi_jtag_tap/idcode_q_reg[23]/PRE
  -------------------------------------------------------------------    -------------------

                         (clock tck rise edge)        0.000     0.000 r  
    H15                                               0.000     0.000 r  tck (IN)
                         net (fo=0)                   0.000     0.000    tck
    H15                  IBUF (Prop_ibuf_I_O)         0.456     0.456 r  tck_IBUF_inst/O
                         net (fo=1, routed)           1.762     2.218    tck_IBUF
    BUFGCTRL_X0Y0        BUFG (Prop_bufg_I_O)         0.029     2.247 r  tck_IBUF_BUFG_inst/O
                         net (fo=258, routed)         0.881     3.128    i_dmi_jtag/i_dmi_jtag_tap/CLK
    SLICE_X100Y51        FDPE                                         r  i_dmi_jtag/i_dmi_jtag_tap/idcode_q_reg[23]/C

Slack:                    inf
  Source:                 trst_n
                            (input port)
  Destination:            i_dmi_jtag/i_dmi_jtag_tap/idcode_q_reg[15]/CLR
                            (removal check against rising-edge clock tck  {rise@0.000ns fall@50.000ns period=100.000ns})
  Path Group:             (none)
  Path Type:              Removal (Min at Fast Process Corner)
  Data Path Delay:        1.733ns  (logic 0.382ns (22.047%)  route 1.351ns (77.953%))
  Logic Levels:           2  (IBUF=1 LUT1=1)
  Clock Path Skew:        3.128ns (DCD - SCD - CPR)
    Destination Clock Delay (DCD):    3.128ns
    Source Clock Delay      (SCD):    0.000ns
    Clock Pessimism Removal (CPR):    -0.000ns
  Timing Exception:       False Path

    Location             Delay type                Incr(ns)  Path(ns)    Netlist Resource(s)
  -------------------------------------------------------------------    -------------------
    V13                                               0.000     0.000 r  trst_n (IN)
                         net (fo=0)                   0.000     0.000    trst_n
    V13                  IBUF (Prop_ibuf_I_O)         0.337     0.337 r  trst_n_IBUF_inst/O
                         net (fo=1, routed)           0.486     0.823    i_dmi_jtag/i_dmi_jtag_tap/trst_n_IBUF
    SLICE_X108Y89        LUT1 (Prop_lut1_I0_O)        0.045     0.868 f  i_dmi_jtag/i_dmi_jtag_tap/FSM_onehot_tap_state_q[15]_i_2/O
                         net (fo=258, routed)         0.865     1.733    i_dmi_jtag/i_dmi_jtag_tap/trst_n
    SLICE_X100Y50        FDCE                                         f  i_dmi_jtag/i_dmi_jtag_tap/idcode_q_reg[15]/CLR
  -------------------------------------------------------------------    -------------------

                         (clock tck rise edge)        0.000     0.000 r  
    H15                                               0.000     0.000 r  tck (IN)
                         net (fo=0)                   0.000     0.000    tck
    H15                  IBUF (Prop_ibuf_I_O)         0.456     0.456 r  tck_IBUF_inst/O
                         net (fo=1, routed)           1.762     2.218    tck_IBUF
    BUFGCTRL_X0Y0        BUFG (Prop_bufg_I_O)         0.029     2.247 r  tck_IBUF_BUFG_inst/O
                         net (fo=258, routed)         0.881     3.128    i_dmi_jtag/i_dmi_jtag_tap/CLK
    SLICE_X100Y50        FDCE                                         r  i_dmi_jtag/i_dmi_jtag_tap/idcode_q_reg[15]/C

Slack:                    inf
  Source:                 trst_n
                            (input port)
  Destination:            i_dmi_jtag/i_dmi_jtag_tap/idcode_q_reg[16]/PRE
                            (removal check against rising-edge clock tck  {rise@0.000ns fall@50.000ns period=100.000ns})
  Path Group:             (none)
  Path Type:              Removal (Min at Fast Process Corner)
  Data Path Delay:        1.733ns  (logic 0.382ns (22.047%)  route 1.351ns (77.953%))
  Logic Levels:           2  (IBUF=1 LUT1=1)
  Clock Path Skew:        3.128ns (DCD - SCD - CPR)
    Destination Clock Delay (DCD):    3.128ns
    Source Clock Delay      (SCD):    0.000ns
    Clock Pessimism Removal (CPR):    -0.000ns
  Timing Exception:       False Path

    Location             Delay type                Incr(ns)  Path(ns)    Netlist Resource(s)
  -------------------------------------------------------------------    -------------------
    V13                                               0.000     0.000 r  trst_n (IN)
                         net (fo=0)                   0.000     0.000    trst_n
    V13                  IBUF (Prop_ibuf_I_O)         0.337     0.337 r  trst_n_IBUF_inst/O
                         net (fo=1, routed)           0.486     0.823    i_dmi_jtag/i_dmi_jtag_tap/trst_n_IBUF
    SLICE_X108Y89        LUT1 (Prop_lut1_I0_O)        0.045     0.868 f  i_dmi_jtag/i_dmi_jtag_tap/FSM_onehot_tap_state_q[15]_i_2/O
                         net (fo=258, routed)         0.865     1.733    i_dmi_jtag/i_dmi_jtag_tap/trst_n
    SLICE_X100Y50        FDPE                                         f  i_dmi_jtag/i_dmi_jtag_tap/idcode_q_reg[16]/PRE
  -------------------------------------------------------------------    -------------------

                         (clock tck rise edge)        0.000     0.000 r  
    H15                                               0.000     0.000 r  tck (IN)
                         net (fo=0)                   0.000     0.000    tck
    H15                  IBUF (Prop_ibuf_I_O)         0.456     0.456 r  tck_IBUF_inst/O
                         net (fo=1, routed)           1.762     2.218    tck_IBUF
    BUFGCTRL_X0Y0        BUFG (Prop_bufg_I_O)         0.029     2.247 r  tck_IBUF_BUFG_inst/O
                         net (fo=258, routed)         0.881     3.128    i_dmi_jtag/i_dmi_jtag_tap/CLK
    SLICE_X100Y50        FDPE                                         r  i_dmi_jtag/i_dmi_jtag_tap/idcode_q_reg[16]/C

Slack:                    inf
  Source:                 trst_n
                            (input port)
  Destination:            i_dmi_jtag/i_dmi_jtag_tap/idcode_q_reg[1]/PRE
                            (removal check against rising-edge clock tck  {rise@0.000ns fall@50.000ns period=100.000ns})
  Path Group:             (none)
  Path Type:              Removal (Min at Fast Process Corner)
  Data Path Delay:        1.733ns  (logic 0.382ns (22.047%)  route 1.351ns (77.953%))
  Logic Levels:           2  (IBUF=1 LUT1=1)
  Clock Path Skew:        3.128ns (DCD - SCD - CPR)
    Destination Clock Delay (DCD):    3.128ns
    Source Clock Delay      (SCD):    0.000ns
    Clock Pessimism Removal (CPR):    -0.000ns
  Timing Exception:       False Path

    Location             Delay type                Incr(ns)  Path(ns)    Netlist Resource(s)
  -------------------------------------------------------------------    -------------------
    V13                                               0.000     0.000 r  trst_n (IN)
                         net (fo=0)                   0.000     0.000    trst_n
    V13                  IBUF (Prop_ibuf_I_O)         0.337     0.337 r  trst_n_IBUF_inst/O
                         net (fo=1, routed)           0.486     0.823    i_dmi_jtag/i_dmi_jtag_tap/trst_n_IBUF
    SLICE_X108Y89        LUT1 (Prop_lut1_I0_O)        0.045     0.868 f  i_dmi_jtag/i_dmi_jtag_tap/FSM_onehot_tap_state_q[15]_i_2/O
                         net (fo=258, routed)         0.865     1.733    i_dmi_jtag/i_dmi_jtag_tap/trst_n
    SLICE_X100Y50        FDPE                                         f  i_dmi_jtag/i_dmi_jtag_tap/idcode_q_reg[1]/PRE
  -------------------------------------------------------------------    -------------------

                         (clock tck rise edge)        0.000     0.000 r  
    H15                                               0.000     0.000 r  tck (IN)
                         net (fo=0)                   0.000     0.000    tck
    H15                  IBUF (Prop_ibuf_I_O)         0.456     0.456 r  tck_IBUF_inst/O
                         net (fo=1, routed)           1.762     2.218    tck_IBUF
    BUFGCTRL_X0Y0        BUFG (Prop_bufg_I_O)         0.029     2.247 r  tck_IBUF_BUFG_inst/O
                         net (fo=258, routed)         0.881     3.128    i_dmi_jtag/i_dmi_jtag_tap/CLK
    SLICE_X100Y50        FDPE                                         r  i_dmi_jtag/i_dmi_jtag_tap/idcode_q_reg[1]/C

Slack:                    inf
  Source:                 trst_n
                            (input port)
  Destination:            i_dmi_jtag/i_dmi_jtag_tap/idcode_q_reg[2]/CLR
                            (removal check against rising-edge clock tck  {rise@0.000ns fall@50.000ns period=100.000ns})
  Path Group:             (none)
  Path Type:              Removal (Min at Fast Process Corner)
  Data Path Delay:        1.733ns  (logic 0.382ns (22.047%)  route 1.351ns (77.953%))
  Logic Levels:           2  (IBUF=1 LUT1=1)
  Clock Path Skew:        3.128ns (DCD - SCD - CPR)
    Destination Clock Delay (DCD):    3.128ns
    Source Clock Delay      (SCD):    0.000ns
    Clock Pessimism Removal (CPR):    -0.000ns
  Timing Exception:       False Path

    Location             Delay type                Incr(ns)  Path(ns)    Netlist Resource(s)
  -------------------------------------------------------------------    -------------------
    V13                                               0.000     0.000 r  trst_n (IN)
                         net (fo=0)                   0.000     0.000    trst_n
    V13                  IBUF (Prop_ibuf_I_O)         0.337     0.337 r  trst_n_IBUF_inst/O
                         net (fo=1, routed)           0.486     0.823    i_dmi_jtag/i_dmi_jtag_tap/trst_n_IBUF
    SLICE_X108Y89        LUT1 (Prop_lut1_I0_O)        0.045     0.868 f  i_dmi_jtag/i_dmi_jtag_tap/FSM_onehot_tap_state_q[15]_i_2/O
                         net (fo=258, routed)         0.865     1.733    i_dmi_jtag/i_dmi_jtag_tap/trst_n
    SLICE_X100Y50        FDCE                                         f  i_dmi_jtag/i_dmi_jtag_tap/idcode_q_reg[2]/CLR
  -------------------------------------------------------------------    -------------------

                         (clock tck rise edge)        0.000     0.000 r  
    H15                                               0.000     0.000 r  tck (IN)
                         net (fo=0)                   0.000     0.000    tck
    H15                  IBUF (Prop_ibuf_I_O)         0.456     0.456 r  tck_IBUF_inst/O
                         net (fo=1, routed)           1.762     2.218    tck_IBUF
    BUFGCTRL_X0Y0        BUFG (Prop_bufg_I_O)         0.029     2.247 r  tck_IBUF_BUFG_inst/O
                         net (fo=258, routed)         0.881     3.128    i_dmi_jtag/i_dmi_jtag_tap/CLK
    SLICE_X100Y50        FDCE                                         r  i_dmi_jtag/i_dmi_jtag_tap/idcode_q_reg[2]/C

Slack:                    inf
  Source:                 trst_n
                            (input port)
  Destination:            i_dmi_jtag/i_dmi_jtag_tap/idcode_q_reg[3]/CLR
                            (removal check against rising-edge clock tck  {rise@0.000ns fall@50.000ns period=100.000ns})
  Path Group:             (none)
  Path Type:              Removal (Min at Fast Process Corner)
  Data Path Delay:        1.733ns  (logic 0.382ns (22.047%)  route 1.351ns (77.953%))
  Logic Levels:           2  (IBUF=1 LUT1=1)
  Clock Path Skew:        3.128ns (DCD - SCD - CPR)
    Destination Clock Delay (DCD):    3.128ns
    Source Clock Delay      (SCD):    0.000ns
    Clock Pessimism Removal (CPR):    -0.000ns
  Timing Exception:       False Path

    Location             Delay type                Incr(ns)  Path(ns)    Netlist Resource(s)
  -------------------------------------------------------------------    -------------------
    V13                                               0.000     0.000 r  trst_n (IN)
                         net (fo=0)                   0.000     0.000    trst_n
    V13                  IBUF (Prop_ibuf_I_O)         0.337     0.337 r  trst_n_IBUF_inst/O
                         net (fo=1, routed)           0.486     0.823    i_dmi_jtag/i_dmi_jtag_tap/trst_n_IBUF
    SLICE_X108Y89        LUT1 (Prop_lut1_I0_O)        0.045     0.868 f  i_dmi_jtag/i_dmi_jtag_tap/FSM_onehot_tap_state_q[15]_i_2/O
                         net (fo=258, routed)         0.865     1.733    i_dmi_jtag/i_dmi_jtag_tap/trst_n
    SLICE_X101Y50        FDCE                                         f  i_dmi_jtag/i_dmi_jtag_tap/idcode_q_reg[3]/CLR
  -------------------------------------------------------------------    -------------------

                         (clock tck rise edge)        0.000     0.000 r  
    H15                                               0.000     0.000 r  tck (IN)
                         net (fo=0)                   0.000     0.000    tck
    H15                  IBUF (Prop_ibuf_I_O)         0.456     0.456 r  tck_IBUF_inst/O
                         net (fo=1, routed)           1.762     2.218    tck_IBUF
    BUFGCTRL_X0Y0        BUFG (Prop_bufg_I_O)         0.029     2.247 r  tck_IBUF_BUFG_inst/O
                         net (fo=258, routed)         0.881     3.128    i_dmi_jtag/i_dmi_jtag_tap/CLK
    SLICE_X101Y50        FDCE                                         r  i_dmi_jtag/i_dmi_jtag_tap/idcode_q_reg[3]/C

Slack:                    inf
  Source:                 trst_n
                            (input port)
  Destination:            i_dmi_jtag/i_dmi_jtag_tap/idcode_q_reg[4]/CLR
                            (removal check against rising-edge clock tck  {rise@0.000ns fall@50.000ns period=100.000ns})
  Path Group:             (none)
  Path Type:              Removal (Min at Fast Process Corner)
  Data Path Delay:        1.733ns  (logic 0.382ns (22.047%)  route 1.351ns (77.953%))
  Logic Levels:           2  (IBUF=1 LUT1=1)
  Clock Path Skew:        3.128ns (DCD - SCD - CPR)
    Destination Clock Delay (DCD):    3.128ns
    Source Clock Delay      (SCD):    0.000ns
    Clock Pessimism Removal (CPR):    -0.000ns
  Timing Exception:       False Path

    Location             Delay type                Incr(ns)  Path(ns)    Netlist Resource(s)
  -------------------------------------------------------------------    -------------------
    V13                                               0.000     0.000 r  trst_n (IN)
                         net (fo=0)                   0.000     0.000    trst_n
    V13                  IBUF (Prop_ibuf_I_O)         0.337     0.337 r  trst_n_IBUF_inst/O
                         net (fo=1, routed)           0.486     0.823    i_dmi_jtag/i_dmi_jtag_tap/trst_n_IBUF
    SLICE_X108Y89        LUT1 (Prop_lut1_I0_O)        0.045     0.868 f  i_dmi_jtag/i_dmi_jtag_tap/FSM_onehot_tap_state_q[15]_i_2/O
                         net (fo=258, routed)         0.865     1.733    i_dmi_jtag/i_dmi_jtag_tap/trst_n
    SLICE_X101Y50        FDCE                                         f  i_dmi_jtag/i_dmi_jtag_tap/idcode_q_reg[4]/CLR
  -------------------------------------------------------------------    -------------------

                         (clock tck rise edge)        0.000     0.000 r  
    H15                                               0.000     0.000 r  tck (IN)
                         net (fo=0)                   0.000     0.000    tck
    H15                  IBUF (Prop_ibuf_I_O)         0.456     0.456 r  tck_IBUF_inst/O
                         net (fo=1, routed)           1.762     2.218    tck_IBUF
    BUFGCTRL_X0Y0        BUFG (Prop_bufg_I_O)         0.029     2.247 r  tck_IBUF_BUFG_inst/O
                         net (fo=258, routed)         0.881     3.128    i_dmi_jtag/i_dmi_jtag_tap/CLK
    SLICE_X101Y50        FDCE                                         r  i_dmi_jtag/i_dmi_jtag_tap/idcode_q_reg[4]/C





--------------------------------------------------------------------------------------
Path Group:  (none)
From Clock:  clk_out1_xlnx_clk_gen
  To Clock:  tck

Max Delay            36 Endpoints
Min Delay            36 Endpoints
--------------------------------------------------------------------------------------


Max Delay Paths
--------------------------------------------------------------------------------------
Slack:                    inf
  Source:                 i_dmi_jtag/i_dmi_cdc/i_cdc_req/i_dst/ack_dst_q_reg/C
                            (rising edge-triggered cell FDCE clocked by clk_out1_xlnx_clk_gen  {rise@0.000ns fall@12.500ns period=25.000ns})
  Destination:            i_dmi_jtag/i_dmi_cdc/i_cdc_req/i_src/ack_src_q_reg/D
                            (rising edge-triggered cell FDCE clocked by tck  {rise@0.000ns fall@50.000ns period=100.000ns})
  Path Group:             (none)
  Path Type:              Setup (Max at Slow Process Corner)
  Data Path Delay:        1.447ns  (logic 0.456ns (31.511%)  route 0.991ns (68.489%))
  Logic Levels:           0  
  Clock Path Skew:        7.153ns (DCD - SCD + CPR)
    Destination Clock Delay (DCD):    6.257ns
    Source Clock Delay      (SCD):    -0.896ns
    Clock Pessimism Removal (CPR):    0.000ns
  Clock Uncertainty:      0.604ns  ((TSJ^2 + TIJ^2 + DJ^2)^1/2) / 2 + PE
    Total System Jitter     (TSJ):    0.071ns
    Total Input Jitter      (TIJ):    1.000ns
    Discrete Jitter          (DJ):    0.149ns
    Phase Error              (PE):    0.097ns
  Timing Exception:       Asynchronous Clock Groups

    Location             Delay type                Incr(ns)  Path(ns)    Netlist Resource(s)
  -------------------------------------------------------------------    -------------------
                         (clock clk_out1_xlnx_clk_gen rise edge)
                                                      0.000     0.000 r  
    K17                                               0.000     0.000 r  clk_sys (IN)
                         net (fo=0)                   0.000     0.000    i_xlnx_clk_gen/inst/clk_in1
    K17                  IBUF (Prop_ibuf_I_O)         1.475     1.475 r  i_xlnx_clk_gen/inst/clkin1_ibufg/O
                         net (fo=1, routed)           1.285     2.760    i_xlnx_clk_gen/inst/clk_in1_xlnx_clk_gen
    MMCME2_ADV_X1Y2      MMCME2_ADV (Prop_mmcme2_adv_CLKIN1_CLKOUT0)
                                                     -7.759    -4.999 r  i_xlnx_clk_gen/inst/mmcm_adv_inst/CLKOUT0
                         net (fo=1, routed)           2.206    -2.793    i_xlnx_clk_gen/inst/clk_out1_xlnx_clk_gen
    BUFGCTRL_X0Y16       BUFG (Prop_bufg_I_O)         0.101    -2.692 r  i_xlnx_clk_gen/inst/clkout1_buf/O
                         net (fo=15067, routed)       1.796    -0.896    i_dmi_jtag/i_dmi_cdc/i_cdc_req/i_dst/clk_out1
    SLICE_X93Y12         FDCE                                         r  i_dmi_jtag/i_dmi_cdc/i_cdc_req/i_dst/ack_dst_q_reg/C
  -------------------------------------------------------------------    -------------------
    SLICE_X93Y12         FDCE (Prop_fdce_C_Q)         0.456    -0.440 r  i_dmi_jtag/i_dmi_cdc/i_cdc_req/i_dst/ack_dst_q_reg/Q
                         net (fo=11, routed)          0.991     0.551    i_dmi_jtag/i_dmi_cdc/i_cdc_req/i_src/ack_src_q_reg_0
    SLICE_X94Y14         FDCE                                         r  i_dmi_jtag/i_dmi_cdc/i_cdc_req/i_src/ack_src_q_reg/D
  -------------------------------------------------------------------    -------------------

                         (clock tck rise edge)        0.000     0.000 r  
    H15                                               0.000     0.000 r  tck (IN)
                         net (fo=0)                   0.000     0.000    tck
    H15                  IBUF (Prop_ibuf_I_O)         1.430     1.430 r  tck_IBUF_inst/O
                         net (fo=1, routed)           3.120     4.550    tck_IBUF
    BUFGCTRL_X0Y0        BUFG (Prop_bufg_I_O)         0.091     4.641 r  tck_IBUF_BUFG_inst/O
                         net (fo=258, routed)         1.616     6.257    i_dmi_jtag/i_dmi_cdc/i_cdc_req/i_src/CLK
    SLICE_X94Y14         FDCE                                         r  i_dmi_jtag/i_dmi_cdc/i_cdc_req/i_src/ack_src_q_reg/C

Slack:                    inf
  Source:                 i_dmi_jtag/i_dmi_cdc/i_cdc_resp/i_src/data_src_q_reg[data][2]/C
                            (rising edge-triggered cell FDCE clocked by clk_out1_xlnx_clk_gen  {rise@0.000ns fall@12.500ns period=25.000ns})
  Destination:            i_dmi_jtag/i_dmi_cdc/i_cdc_resp/i_dst/data_dst_q_reg[data][2]/D
                            (rising edge-triggered cell FDCE clocked by tck  {rise@0.000ns fall@50.000ns period=100.000ns})
  Path Group:             (none)
  Path Type:              Setup (Max at Slow Process Corner)
  Data Path Delay:        1.131ns  (logic 0.518ns (45.800%)  route 0.613ns (54.200%))
  Logic Levels:           0  
  Clock Path Skew:        7.151ns (DCD - SCD + CPR)
    Destination Clock Delay (DCD):    6.260ns
    Source Clock Delay      (SCD):    -0.891ns
    Clock Pessimism Removal (CPR):    0.000ns
  Clock Uncertainty:      0.604ns  ((TSJ^2 + TIJ^2 + DJ^2)^1/2) / 2 + PE
    Total System Jitter     (TSJ):    0.071ns
    Total Input Jitter      (TIJ):    1.000ns
    Discrete Jitter          (DJ):    0.149ns
    Phase Error              (PE):    0.097ns
  Timing Exception:       Asynchronous Clock Groups

    Location             Delay type                Incr(ns)  Path(ns)    Netlist Resource(s)
  -------------------------------------------------------------------    -------------------
                         (clock clk_out1_xlnx_clk_gen rise edge)
                                                      0.000     0.000 r  
    K17                                               0.000     0.000 r  clk_sys (IN)
                         net (fo=0)                   0.000     0.000    i_xlnx_clk_gen/inst/clk_in1
    K17                  IBUF (Prop_ibuf_I_O)         1.475     1.475 r  i_xlnx_clk_gen/inst/clkin1_ibufg/O
                         net (fo=1, routed)           1.285     2.760    i_xlnx_clk_gen/inst/clk_in1_xlnx_clk_gen
    MMCME2_ADV_X1Y2      MMCME2_ADV (Prop_mmcme2_adv_CLKIN1_CLKOUT0)
                                                     -7.759    -4.999 r  i_xlnx_clk_gen/inst/mmcm_adv_inst/CLKOUT0
                         net (fo=1, routed)           2.206    -2.793    i_xlnx_clk_gen/inst/clk_out1_xlnx_clk_gen
    BUFGCTRL_X0Y16       BUFG (Prop_bufg_I_O)         0.101    -2.692 r  i_xlnx_clk_gen/inst/clkout1_buf/O
                         net (fo=15067, routed)       1.801    -0.891    i_dmi_jtag/i_dmi_cdc/i_cdc_resp/i_src/clk_out1
    SLICE_X100Y8         FDCE                                         r  i_dmi_jtag/i_dmi_cdc/i_cdc_resp/i_src/data_src_q_reg[data][2]/C
  -------------------------------------------------------------------    -------------------
    SLICE_X100Y8         FDCE (Prop_fdce_C_Q)         0.518    -0.373 r  i_dmi_jtag/i_dmi_cdc/i_cdc_resp/i_src/data_src_q_reg[data][2]/Q
                         net (fo=1, routed)           0.613     0.240    i_dmi_jtag/i_dmi_cdc/i_cdc_resp/i_dst/D[2]
    SLICE_X100Y11        FDCE                                         r  i_dmi_jtag/i_dmi_cdc/i_cdc_resp/i_dst/data_dst_q_reg[data][2]/D
  -------------------------------------------------------------------    -------------------

                         (clock tck rise edge)        0.000     0.000 r  
    H15                                               0.000     0.000 r  tck (IN)
                         net (fo=0)                   0.000     0.000    tck
    H15                  IBUF (Prop_ibuf_I_O)         1.430     1.430 r  tck_IBUF_inst/O
                         net (fo=1, routed)           3.120     4.550    tck_IBUF
    BUFGCTRL_X0Y0        BUFG (Prop_bufg_I_O)         0.091     4.641 r  tck_IBUF_BUFG_inst/O
                         net (fo=258, routed)         1.619     6.260    i_dmi_jtag/i_dmi_cdc/i_cdc_resp/i_dst/CLK
    SLICE_X100Y11        FDCE                                         r  i_dmi_jtag/i_dmi_cdc/i_cdc_resp/i_dst/data_dst_q_reg[data][2]/C

Slack:                    inf
  Source:                 i_dmi_jtag/i_dmi_cdc/i_cdc_resp/i_src/data_src_q_reg[data][14]/C
                            (rising edge-triggered cell FDCE clocked by clk_out1_xlnx_clk_gen  {rise@0.000ns fall@12.500ns period=25.000ns})
  Destination:            i_dmi_jtag/i_dmi_cdc/i_cdc_resp/i_dst/data_dst_q_reg[data][14]/D
                            (rising edge-triggered cell FDCE clocked by tck  {rise@0.000ns fall@50.000ns period=100.000ns})
  Path Group:             (none)
  Path Type:              Setup (Max at Slow Process Corner)
  Data Path Delay:        1.112ns  (logic 0.456ns (40.995%)  route 0.656ns (59.005%))
  Logic Levels:           0  
  Clock Path Skew:        7.152ns (DCD - SCD + CPR)
    Destination Clock Delay (DCD):    6.263ns
    Source Clock Delay      (SCD):    -0.889ns
    Clock Pessimism Removal (CPR):    0.000ns
  Clock Uncertainty:      0.604ns  ((TSJ^2 + TIJ^2 + DJ^2)^1/2) / 2 + PE
    Total System Jitter     (TSJ):    0.071ns
    Total Input Jitter      (TIJ):    1.000ns
    Discrete Jitter          (DJ):    0.149ns
    Phase Error              (PE):    0.097ns
  Timing Exception:       Asynchronous Clock Groups

    Location             Delay type                Incr(ns)  Path(ns)    Netlist Resource(s)
  -------------------------------------------------------------------    -------------------
                         (clock clk_out1_xlnx_clk_gen rise edge)
                                                      0.000     0.000 r  
    K17                                               0.000     0.000 r  clk_sys (IN)
                         net (fo=0)                   0.000     0.000    i_xlnx_clk_gen/inst/clk_in1
    K17                  IBUF (Prop_ibuf_I_O)         1.475     1.475 r  i_xlnx_clk_gen/inst/clkin1_ibufg/O
                         net (fo=1, routed)           1.285     2.760    i_xlnx_clk_gen/inst/clk_in1_xlnx_clk_gen
    MMCME2_ADV_X1Y2      MMCME2_ADV (Prop_mmcme2_adv_CLKIN1_CLKOUT0)
                                                     -7.759    -4.999 r  i_xlnx_clk_gen/inst/mmcm_adv_inst/CLKOUT0
                         net (fo=1, routed)           2.206    -2.793    i_xlnx_clk_gen/inst/clk_out1_xlnx_clk_gen
    BUFGCTRL_X0Y16       BUFG (Prop_bufg_I_O)         0.101    -2.692 r  i_xlnx_clk_gen/inst/clkout1_buf/O
                         net (fo=15067, routed)       1.803    -0.889    i_dmi_jtag/i_dmi_cdc/i_cdc_resp/i_src/clk_out1
    SLICE_X101Y2         FDCE                                         r  i_dmi_jtag/i_dmi_cdc/i_cdc_resp/i_src/data_src_q_reg[data][14]/C
  -------------------------------------------------------------------    -------------------
    SLICE_X101Y2         FDCE (Prop_fdce_C_Q)         0.456    -0.433 r  i_dmi_jtag/i_dmi_cdc/i_cdc_resp/i_src/data_src_q_reg[data][14]/Q
                         net (fo=1, routed)           0.656     0.223    i_dmi_jtag/i_dmi_cdc/i_cdc_resp/i_dst/D[14]
    SLICE_X100Y4         FDCE                                         r  i_dmi_jtag/i_dmi_cdc/i_cdc_resp/i_dst/data_dst_q_reg[data][14]/D
  -------------------------------------------------------------------    -------------------

                         (clock tck rise edge)        0.000     0.000 r  
    H15                                               0.000     0.000 r  tck (IN)
                         net (fo=0)                   0.000     0.000    tck
    H15                  IBUF (Prop_ibuf_I_O)         1.430     1.430 r  tck_IBUF_inst/O
                         net (fo=1, routed)           3.120     4.550    tck_IBUF
    BUFGCTRL_X0Y0        BUFG (Prop_bufg_I_O)         0.091     4.641 r  tck_IBUF_BUFG_inst/O
                         net (fo=258, routed)         1.622     6.263    i_dmi_jtag/i_dmi_cdc/i_cdc_resp/i_dst/CLK
    SLICE_X100Y4         FDCE                                         r  i_dmi_jtag/i_dmi_cdc/i_cdc_resp/i_dst/data_dst_q_reg[data][14]/C

Slack:                    inf
  Source:                 i_dmi_jtag/i_dmi_cdc/i_cdc_resp/i_src/data_src_q_reg[data][17]/C
                            (rising edge-triggered cell FDCE clocked by clk_out1_xlnx_clk_gen  {rise@0.000ns fall@12.500ns period=25.000ns})
  Destination:            i_dmi_jtag/i_dmi_cdc/i_cdc_resp/i_dst/data_dst_q_reg[data][17]/D
                            (rising edge-triggered cell FDCE clocked by tck  {rise@0.000ns fall@50.000ns period=100.000ns})
  Path Group:             (none)
  Path Type:              Setup (Max at Slow Process Corner)
  Data Path Delay:        1.107ns  (logic 0.478ns (43.178%)  route 0.629ns (56.822%))
  Logic Levels:           0  
  Clock Path Skew:        7.152ns (DCD - SCD + CPR)
    Destination Clock Delay (DCD):    6.264ns
    Source Clock Delay      (SCD):    -0.888ns
    Clock Pessimism Removal (CPR):    0.000ns
  Clock Uncertainty:      0.604ns  ((TSJ^2 + TIJ^2 + DJ^2)^1/2) / 2 + PE
    Total System Jitter     (TSJ):    0.071ns
    Total Input Jitter      (TIJ):    1.000ns
    Discrete Jitter          (DJ):    0.149ns
    Phase Error              (PE):    0.097ns
  Timing Exception:       Asynchronous Clock Groups

    Location             Delay type                Incr(ns)  Path(ns)    Netlist Resource(s)
  -------------------------------------------------------------------    -------------------
                         (clock clk_out1_xlnx_clk_gen rise edge)
                                                      0.000     0.000 r  
    K17                                               0.000     0.000 r  clk_sys (IN)
                         net (fo=0)                   0.000     0.000    i_xlnx_clk_gen/inst/clk_in1
    K17                  IBUF (Prop_ibuf_I_O)         1.475     1.475 r  i_xlnx_clk_gen/inst/clkin1_ibufg/O
                         net (fo=1, routed)           1.285     2.760    i_xlnx_clk_gen/inst/clk_in1_xlnx_clk_gen
    MMCME2_ADV_X1Y2      MMCME2_ADV (Prop_mmcme2_adv_CLKIN1_CLKOUT0)
                                                     -7.759    -4.999 r  i_xlnx_clk_gen/inst/mmcm_adv_inst/CLKOUT0
                         net (fo=1, routed)           2.206    -2.793    i_xlnx_clk_gen/inst/clk_out1_xlnx_clk_gen
    BUFGCTRL_X0Y16       BUFG (Prop_bufg_I_O)         0.101    -2.692 r  i_xlnx_clk_gen/inst/clkout1_buf/O
                         net (fo=15067, routed)       1.804    -0.888    i_dmi_jtag/i_dmi_cdc/i_cdc_resp/i_src/clk_out1
    SLICE_X104Y2         FDCE                                         r  i_dmi_jtag/i_dmi_cdc/i_cdc_resp/i_src/data_src_q_reg[data][17]/C
  -------------------------------------------------------------------    -------------------
    SLICE_X104Y2         FDCE (Prop_fdce_C_Q)         0.478    -0.410 r  i_dmi_jtag/i_dmi_cdc/i_cdc_resp/i_src/data_src_q_reg[data][17]/Q
                         net (fo=1, routed)           0.629     0.219    i_dmi_jtag/i_dmi_cdc/i_cdc_resp/i_dst/D[17]
    SLICE_X104Y3         FDCE                                         r  i_dmi_jtag/i_dmi_cdc/i_cdc_resp/i_dst/data_dst_q_reg[data][17]/D
  -------------------------------------------------------------------    -------------------

                         (clock tck rise edge)        0.000     0.000 r  
    H15                                               0.000     0.000 r  tck (IN)
                         net (fo=0)                   0.000     0.000    tck
    H15                  IBUF (Prop_ibuf_I_O)         1.430     1.430 r  tck_IBUF_inst/O
                         net (fo=1, routed)           3.120     4.550    tck_IBUF
    BUFGCTRL_X0Y0        BUFG (Prop_bufg_I_O)         0.091     4.641 r  tck_IBUF_BUFG_inst/O
                         net (fo=258, routed)         1.623     6.264    i_dmi_jtag/i_dmi_cdc/i_cdc_resp/i_dst/CLK
    SLICE_X104Y3         FDCE                                         r  i_dmi_jtag/i_dmi_cdc/i_cdc_resp/i_dst/data_dst_q_reg[data][17]/C

Slack:                    inf
  Source:                 i_dmi_jtag/i_dmi_cdc/i_cdc_resp/i_src/data_src_q_reg[data][24]/C
                            (rising edge-triggered cell FDCE clocked by clk_out1_xlnx_clk_gen  {rise@0.000ns fall@12.500ns period=25.000ns})
  Destination:            i_dmi_jtag/i_dmi_cdc/i_cdc_resp/i_dst/data_dst_q_reg[data][24]/D
                            (rising edge-triggered cell FDCE clocked by tck  {rise@0.000ns fall@50.000ns period=100.000ns})
  Path Group:             (none)
  Path Type:              Setup (Max at Slow Process Corner)
  Data Path Delay:        1.107ns  (logic 0.518ns (46.785%)  route 0.589ns (53.215%))
  Logic Levels:           0  
  Clock Path Skew:        7.151ns (DCD - SCD + CPR)
    Destination Clock Delay (DCD):    6.260ns
    Source Clock Delay      (SCD):    -0.891ns
    Clock Pessimism Removal (CPR):    0.000ns
  Clock Uncertainty:      0.604ns  ((TSJ^2 + TIJ^2 + DJ^2)^1/2) / 2 + PE
    Total System Jitter     (TSJ):    0.071ns
    Total Input Jitter      (TIJ):    1.000ns
    Discrete Jitter          (DJ):    0.149ns
    Phase Error              (PE):    0.097ns
  Timing Exception:       Asynchronous Clock Groups

    Location             Delay type                Incr(ns)  Path(ns)    Netlist Resource(s)
  -------------------------------------------------------------------    -------------------
                         (clock clk_out1_xlnx_clk_gen rise edge)
                                                      0.000     0.000 r  
    K17                                               0.000     0.000 r  clk_sys (IN)
                         net (fo=0)                   0.000     0.000    i_xlnx_clk_gen/inst/clk_in1
    K17                  IBUF (Prop_ibuf_I_O)         1.475     1.475 r  i_xlnx_clk_gen/inst/clkin1_ibufg/O
                         net (fo=1, routed)           1.285     2.760    i_xlnx_clk_gen/inst/clk_in1_xlnx_clk_gen
    MMCME2_ADV_X1Y2      MMCME2_ADV (Prop_mmcme2_adv_CLKIN1_CLKOUT0)
                                                     -7.759    -4.999 r  i_xlnx_clk_gen/inst/mmcm_adv_inst/CLKOUT0
                         net (fo=1, routed)           2.206    -2.793    i_xlnx_clk_gen/inst/clk_out1_xlnx_clk_gen
    BUFGCTRL_X0Y16       BUFG (Prop_bufg_I_O)         0.101    -2.692 r  i_xlnx_clk_gen/inst/clkout1_buf/O
                         net (fo=15067, routed)       1.801    -0.891    i_dmi_jtag/i_dmi_cdc/i_cdc_resp/i_src/clk_out1
    SLICE_X100Y8         FDCE                                         r  i_dmi_jtag/i_dmi_cdc/i_cdc_resp/i_src/data_src_q_reg[data][24]/C
  -------------------------------------------------------------------    -------------------
    SLICE_X100Y8         FDCE (Prop_fdce_C_Q)         0.518    -0.373 r  i_dmi_jtag/i_dmi_cdc/i_cdc_resp/i_src/data_src_q_reg[data][24]/Q
                         net (fo=1, routed)           0.589     0.216    i_dmi_jtag/i_dmi_cdc/i_cdc_resp/i_dst/D[24]
    SLICE_X100Y11        FDCE                                         r  i_dmi_jtag/i_dmi_cdc/i_cdc_resp/i_dst/data_dst_q_reg[data][24]/D
  -------------------------------------------------------------------    -------------------

                         (clock tck rise edge)        0.000     0.000 r  
    H15                                               0.000     0.000 r  tck (IN)
                         net (fo=0)                   0.000     0.000    tck
    H15                  IBUF (Prop_ibuf_I_O)         1.430     1.430 r  tck_IBUF_inst/O
                         net (fo=1, routed)           3.120     4.550    tck_IBUF
    BUFGCTRL_X0Y0        BUFG (Prop_bufg_I_O)         0.091     4.641 r  tck_IBUF_BUFG_inst/O
                         net (fo=258, routed)         1.619     6.260    i_dmi_jtag/i_dmi_cdc/i_cdc_resp/i_dst/CLK
    SLICE_X100Y11        FDCE                                         r  i_dmi_jtag/i_dmi_cdc/i_cdc_resp/i_dst/data_dst_q_reg[data][24]/C

Slack:                    inf
  Source:                 i_dmi_jtag/i_dmi_cdc/i_cdc_resp/i_src/data_src_q_reg[data][11]/C
                            (rising edge-triggered cell FDCE clocked by clk_out1_xlnx_clk_gen  {rise@0.000ns fall@12.500ns period=25.000ns})
  Destination:            i_dmi_jtag/i_dmi_cdc/i_cdc_resp/i_dst/data_dst_q_reg[data][11]/D
                            (rising edge-triggered cell FDCE clocked by tck  {rise@0.000ns fall@50.000ns period=100.000ns})
  Path Group:             (none)
  Path Type:              Setup (Max at Slow Process Corner)
  Data Path Delay:        1.080ns  (logic 0.478ns (44.251%)  route 0.602ns (55.749%))
  Logic Levels:           0  
  Clock Path Skew:        7.152ns (DCD - SCD + CPR)
    Destination Clock Delay (DCD):    6.264ns
    Source Clock Delay      (SCD):    -0.888ns
    Clock Pessimism Removal (CPR):    0.000ns
  Clock Uncertainty:      0.604ns  ((TSJ^2 + TIJ^2 + DJ^2)^1/2) / 2 + PE
    Total System Jitter     (TSJ):    0.071ns
    Total Input Jitter      (TIJ):    1.000ns
    Discrete Jitter          (DJ):    0.149ns
    Phase Error              (PE):    0.097ns
  Timing Exception:       Asynchronous Clock Groups

    Location             Delay type                Incr(ns)  Path(ns)    Netlist Resource(s)
  -------------------------------------------------------------------    -------------------
                         (clock clk_out1_xlnx_clk_gen rise edge)
                                                      0.000     0.000 r  
    K17                                               0.000     0.000 r  clk_sys (IN)
                         net (fo=0)                   0.000     0.000    i_xlnx_clk_gen/inst/clk_in1
    K17                  IBUF (Prop_ibuf_I_O)         1.475     1.475 r  i_xlnx_clk_gen/inst/clkin1_ibufg/O
                         net (fo=1, routed)           1.285     2.760    i_xlnx_clk_gen/inst/clk_in1_xlnx_clk_gen
    MMCME2_ADV_X1Y2      MMCME2_ADV (Prop_mmcme2_adv_CLKIN1_CLKOUT0)
                                                     -7.759    -4.999 r  i_xlnx_clk_gen/inst/mmcm_adv_inst/CLKOUT0
                         net (fo=1, routed)           2.206    -2.793    i_xlnx_clk_gen/inst/clk_out1_xlnx_clk_gen
    BUFGCTRL_X0Y16       BUFG (Prop_bufg_I_O)         0.101    -2.692 r  i_xlnx_clk_gen/inst/clkout1_buf/O
                         net (fo=15067, routed)       1.804    -0.888    i_dmi_jtag/i_dmi_cdc/i_cdc_resp/i_src/clk_out1
    SLICE_X104Y2         FDCE                                         r  i_dmi_jtag/i_dmi_cdc/i_cdc_resp/i_src/data_src_q_reg[data][11]/C
  -------------------------------------------------------------------    -------------------
    SLICE_X104Y2         FDCE (Prop_fdce_C_Q)         0.478    -0.410 r  i_dmi_jtag/i_dmi_cdc/i_cdc_resp/i_src/data_src_q_reg[data][11]/Q
                         net (fo=1, routed)           0.602     0.192    i_dmi_jtag/i_dmi_cdc/i_cdc_resp/i_dst/D[11]
    SLICE_X105Y3         FDCE                                         r  i_dmi_jtag/i_dmi_cdc/i_cdc_resp/i_dst/data_dst_q_reg[data][11]/D
  -------------------------------------------------------------------    -------------------

                         (clock tck rise edge)        0.000     0.000 r  
    H15                                               0.000     0.000 r  tck (IN)
                         net (fo=0)                   0.000     0.000    tck
    H15                  IBUF (Prop_ibuf_I_O)         1.430     1.430 r  tck_IBUF_inst/O
                         net (fo=1, routed)           3.120     4.550    tck_IBUF
    BUFGCTRL_X0Y0        BUFG (Prop_bufg_I_O)         0.091     4.641 r  tck_IBUF_BUFG_inst/O
                         net (fo=258, routed)         1.623     6.264    i_dmi_jtag/i_dmi_cdc/i_cdc_resp/i_dst/CLK
    SLICE_X105Y3         FDCE                                         r  i_dmi_jtag/i_dmi_cdc/i_cdc_resp/i_dst/data_dst_q_reg[data][11]/C

Slack:                    inf
  Source:                 i_dmi_jtag/i_dmi_cdc/i_cdc_resp/i_src/data_src_q_reg[data][20]/C
                            (rising edge-triggered cell FDCE clocked by clk_out1_xlnx_clk_gen  {rise@0.000ns fall@12.500ns period=25.000ns})
  Destination:            i_dmi_jtag/i_dmi_cdc/i_cdc_resp/i_dst/data_dst_q_reg[data][20]/D
                            (rising edge-triggered cell FDCE clocked by tck  {rise@0.000ns fall@50.000ns period=100.000ns})
  Path Group:             (none)
  Path Type:              Setup (Max at Slow Process Corner)
  Data Path Delay:        1.060ns  (logic 0.518ns (48.848%)  route 0.542ns (51.152%))
  Logic Levels:           0  
  Clock Path Skew:        7.152ns (DCD - SCD + CPR)
    Destination Clock Delay (DCD):    6.262ns
    Source Clock Delay      (SCD):    -0.890ns
    Clock Pessimism Removal (CPR):    0.000ns
  Clock Uncertainty:      0.604ns  ((TSJ^2 + TIJ^2 + DJ^2)^1/2) / 2 + PE
    Total System Jitter     (TSJ):    0.071ns
    Total Input Jitter      (TIJ):    1.000ns
    Discrete Jitter          (DJ):    0.149ns
    Phase Error              (PE):    0.097ns
  Timing Exception:       Asynchronous Clock Groups

    Location             Delay type                Incr(ns)  Path(ns)    Netlist Resource(s)
  -------------------------------------------------------------------    -------------------
                         (clock clk_out1_xlnx_clk_gen rise edge)
                                                      0.000     0.000 r  
    K17                                               0.000     0.000 r  clk_sys (IN)
                         net (fo=0)                   0.000     0.000    i_xlnx_clk_gen/inst/clk_in1
    K17                  IBUF (Prop_ibuf_I_O)         1.475     1.475 r  i_xlnx_clk_gen/inst/clkin1_ibufg/O
                         net (fo=1, routed)           1.285     2.760    i_xlnx_clk_gen/inst/clk_in1_xlnx_clk_gen
    MMCME2_ADV_X1Y2      MMCME2_ADV (Prop_mmcme2_adv_CLKIN1_CLKOUT0)
                                                     -7.759    -4.999 r  i_xlnx_clk_gen/inst/mmcm_adv_inst/CLKOUT0
                         net (fo=1, routed)           2.206    -2.793    i_xlnx_clk_gen/inst/clk_out1_xlnx_clk_gen
    BUFGCTRL_X0Y16       BUFG (Prop_bufg_I_O)         0.101    -2.692 r  i_xlnx_clk_gen/inst/clkout1_buf/O
                         net (fo=15067, routed)       1.802    -0.890    i_dmi_jtag/i_dmi_cdc/i_cdc_resp/i_src/clk_out1
    SLICE_X104Y7         FDCE                                         r  i_dmi_jtag/i_dmi_cdc/i_cdc_resp/i_src/data_src_q_reg[data][20]/C
  -------------------------------------------------------------------    -------------------
    SLICE_X104Y7         FDCE (Prop_fdce_C_Q)         0.518    -0.372 r  i_dmi_jtag/i_dmi_cdc/i_cdc_resp/i_src/data_src_q_reg[data][20]/Q
                         net (fo=1, routed)           0.542     0.170    i_dmi_jtag/i_dmi_cdc/i_cdc_resp/i_dst/D[20]
    SLICE_X103Y7         FDCE                                         r  i_dmi_jtag/i_dmi_cdc/i_cdc_resp/i_dst/data_dst_q_reg[data][20]/D
  -------------------------------------------------------------------    -------------------

                         (clock tck rise edge)        0.000     0.000 r  
    H15                                               0.000     0.000 r  tck (IN)
                         net (fo=0)                   0.000     0.000    tck
    H15                  IBUF (Prop_ibuf_I_O)         1.430     1.430 r  tck_IBUF_inst/O
                         net (fo=1, routed)           3.120     4.550    tck_IBUF
    BUFGCTRL_X0Y0        BUFG (Prop_bufg_I_O)         0.091     4.641 r  tck_IBUF_BUFG_inst/O
                         net (fo=258, routed)         1.621     6.262    i_dmi_jtag/i_dmi_cdc/i_cdc_resp/i_dst/CLK
    SLICE_X103Y7         FDCE                                         r  i_dmi_jtag/i_dmi_cdc/i_cdc_resp/i_dst/data_dst_q_reg[data][20]/C

Slack:                    inf
  Source:                 i_dmi_jtag/i_dmi_cdc/i_cdc_resp/i_src/data_src_q_reg[data][29]/C
                            (rising edge-triggered cell FDCE clocked by clk_out1_xlnx_clk_gen  {rise@0.000ns fall@12.500ns period=25.000ns})
  Destination:            i_dmi_jtag/i_dmi_cdc/i_cdc_resp/i_dst/data_dst_q_reg[data][29]/D
                            (rising edge-triggered cell FDCE clocked by tck  {rise@0.000ns fall@50.000ns period=100.000ns})
  Path Group:             (none)
  Path Type:              Setup (Max at Slow Process Corner)
  Data Path Delay:        1.045ns  (logic 0.419ns (40.104%)  route 0.626ns (59.896%))
  Logic Levels:           0  
  Clock Path Skew:        7.153ns (DCD - SCD + CPR)
    Destination Clock Delay (DCD):    6.260ns
    Source Clock Delay      (SCD):    -0.893ns
    Clock Pessimism Removal (CPR):    0.000ns
  Clock Uncertainty:      0.604ns  ((TSJ^2 + TIJ^2 + DJ^2)^1/2) / 2 + PE
    Total System Jitter     (TSJ):    0.071ns
    Total Input Jitter      (TIJ):    1.000ns
    Discrete Jitter          (DJ):    0.149ns
    Phase Error              (PE):    0.097ns
  Timing Exception:       Asynchronous Clock Groups

    Location             Delay type                Incr(ns)  Path(ns)    Netlist Resource(s)
  -------------------------------------------------------------------    -------------------
                         (clock clk_out1_xlnx_clk_gen rise edge)
                                                      0.000     0.000 r  
    K17                                               0.000     0.000 r  clk_sys (IN)
                         net (fo=0)                   0.000     0.000    i_xlnx_clk_gen/inst/clk_in1
    K17                  IBUF (Prop_ibuf_I_O)         1.475     1.475 r  i_xlnx_clk_gen/inst/clkin1_ibufg/O
                         net (fo=1, routed)           1.285     2.760    i_xlnx_clk_gen/inst/clk_in1_xlnx_clk_gen
    MMCME2_ADV_X1Y2      MMCME2_ADV (Prop_mmcme2_adv_CLKIN1_CLKOUT0)
                                                     -7.759    -4.999 r  i_xlnx_clk_gen/inst/mmcm_adv_inst/CLKOUT0
                         net (fo=1, routed)           2.206    -2.793    i_xlnx_clk_gen/inst/clk_out1_xlnx_clk_gen
    BUFGCTRL_X0Y16       BUFG (Prop_bufg_I_O)         0.101    -2.692 r  i_xlnx_clk_gen/inst/clkout1_buf/O
                         net (fo=15067, routed)       1.799    -0.893    i_dmi_jtag/i_dmi_cdc/i_cdc_resp/i_src/clk_out1
    SLICE_X99Y11         FDCE                                         r  i_dmi_jtag/i_dmi_cdc/i_cdc_resp/i_src/data_src_q_reg[data][29]/C
  -------------------------------------------------------------------    -------------------
    SLICE_X99Y11         FDCE (Prop_fdce_C_Q)         0.419    -0.474 r  i_dmi_jtag/i_dmi_cdc/i_cdc_resp/i_src/data_src_q_reg[data][29]/Q
                         net (fo=1, routed)           0.626     0.152    i_dmi_jtag/i_dmi_cdc/i_cdc_resp/i_dst/D[29]
    SLICE_X100Y11        FDCE                                         r  i_dmi_jtag/i_dmi_cdc/i_cdc_resp/i_dst/data_dst_q_reg[data][29]/D
  -------------------------------------------------------------------    -------------------

                         (clock tck rise edge)        0.000     0.000 r  
    H15                                               0.000     0.000 r  tck (IN)
                         net (fo=0)                   0.000     0.000    tck
    H15                  IBUF (Prop_ibuf_I_O)         1.430     1.430 r  tck_IBUF_inst/O
                         net (fo=1, routed)           3.120     4.550    tck_IBUF
    BUFGCTRL_X0Y0        BUFG (Prop_bufg_I_O)         0.091     4.641 r  tck_IBUF_BUFG_inst/O
                         net (fo=258, routed)         1.619     6.260    i_dmi_jtag/i_dmi_cdc/i_cdc_resp/i_dst/CLK
    SLICE_X100Y11        FDCE                                         r  i_dmi_jtag/i_dmi_cdc/i_cdc_resp/i_dst/data_dst_q_reg[data][29]/C

Slack:                    inf
  Source:                 i_dmi_jtag/i_dmi_cdc/i_cdc_resp/i_src/data_src_q_reg[data][31]/C
                            (rising edge-triggered cell FDCE clocked by clk_out1_xlnx_clk_gen  {rise@0.000ns fall@12.500ns period=25.000ns})
  Destination:            i_dmi_jtag/i_dmi_cdc/i_cdc_resp/i_dst/data_dst_q_reg[data][31]/D
                            (rising edge-triggered cell FDCE clocked by tck  {rise@0.000ns fall@50.000ns period=100.000ns})
  Path Group:             (none)
  Path Type:              Setup (Max at Slow Process Corner)
  Data Path Delay:        1.044ns  (logic 0.419ns (40.117%)  route 0.625ns (59.883%))
  Logic Levels:           0  
  Clock Path Skew:        7.151ns (DCD - SCD + CPR)
    Destination Clock Delay (DCD):    6.257ns
    Source Clock Delay      (SCD):    -0.894ns
    Clock Pessimism Removal (CPR):    0.000ns
  Clock Uncertainty:      0.604ns  ((TSJ^2 + TIJ^2 + DJ^2)^1/2) / 2 + PE
    Total System Jitter     (TSJ):    0.071ns
    Total Input Jitter      (TIJ):    1.000ns
    Discrete Jitter          (DJ):    0.149ns
    Phase Error              (PE):    0.097ns
  Timing Exception:       Asynchronous Clock Groups

    Location             Delay type                Incr(ns)  Path(ns)    Netlist Resource(s)
  -------------------------------------------------------------------    -------------------
                         (clock clk_out1_xlnx_clk_gen rise edge)
                                                      0.000     0.000 r  
    K17                                               0.000     0.000 r  clk_sys (IN)
                         net (fo=0)                   0.000     0.000    i_xlnx_clk_gen/inst/clk_in1
    K17                  IBUF (Prop_ibuf_I_O)         1.475     1.475 r  i_xlnx_clk_gen/inst/clkin1_ibufg/O
                         net (fo=1, routed)           1.285     2.760    i_xlnx_clk_gen/inst/clk_in1_xlnx_clk_gen
    MMCME2_ADV_X1Y2      MMCME2_ADV (Prop_mmcme2_adv_CLKIN1_CLKOUT0)
                                                     -7.759    -4.999 r  i_xlnx_clk_gen/inst/mmcm_adv_inst/CLKOUT0
                         net (fo=1, routed)           2.206    -2.793    i_xlnx_clk_gen/inst/clk_out1_xlnx_clk_gen
    BUFGCTRL_X0Y16       BUFG (Prop_bufg_I_O)         0.101    -2.692 r  i_xlnx_clk_gen/inst/clkout1_buf/O
                         net (fo=15067, routed)       1.798    -0.894    i_dmi_jtag/i_dmi_cdc/i_cdc_resp/i_src/clk_out1
    SLICE_X91Y9          FDCE                                         r  i_dmi_jtag/i_dmi_cdc/i_cdc_resp/i_src/data_src_q_reg[data][31]/C
  -------------------------------------------------------------------    -------------------
    SLICE_X91Y9          FDCE (Prop_fdce_C_Q)         0.419    -0.475 r  i_dmi_jtag/i_dmi_cdc/i_cdc_resp/i_src/data_src_q_reg[data][31]/Q
                         net (fo=1, routed)           0.625     0.150    i_dmi_jtag/i_dmi_cdc/i_cdc_resp/i_dst/D[31]
    SLICE_X92Y11         FDCE                                         r  i_dmi_jtag/i_dmi_cdc/i_cdc_resp/i_dst/data_dst_q_reg[data][31]/D
  -------------------------------------------------------------------    -------------------

                         (clock tck rise edge)        0.000     0.000 r  
    H15                                               0.000     0.000 r  tck (IN)
                         net (fo=0)                   0.000     0.000    tck
    H15                  IBUF (Prop_ibuf_I_O)         1.430     1.430 r  tck_IBUF_inst/O
                         net (fo=1, routed)           3.120     4.550    tck_IBUF
    BUFGCTRL_X0Y0        BUFG (Prop_bufg_I_O)         0.091     4.641 r  tck_IBUF_BUFG_inst/O
                         net (fo=258, routed)         1.616     6.257    i_dmi_jtag/i_dmi_cdc/i_cdc_resp/i_dst/CLK
    SLICE_X92Y11         FDCE                                         r  i_dmi_jtag/i_dmi_cdc/i_cdc_resp/i_dst/data_dst_q_reg[data][31]/C

Slack:                    inf
  Source:                 i_dmi_jtag/i_dmi_cdc/i_cdc_resp/i_src/data_src_q_reg[data][6]/C
                            (rising edge-triggered cell FDCE clocked by clk_out1_xlnx_clk_gen  {rise@0.000ns fall@12.500ns period=25.000ns})
  Destination:            i_dmi_jtag/i_dmi_cdc/i_cdc_resp/i_dst/data_dst_q_reg[data][6]/D
                            (rising edge-triggered cell FDCE clocked by tck  {rise@0.000ns fall@50.000ns period=100.000ns})
  Path Group:             (none)
  Path Type:              Setup (Max at Slow Process Corner)
  Data Path Delay:        1.038ns  (logic 0.518ns (49.891%)  route 0.520ns (50.109%))
  Logic Levels:           0  
  Clock Path Skew:        7.152ns (DCD - SCD + CPR)
    Destination Clock Delay (DCD):    6.264ns
    Source Clock Delay      (SCD):    -0.888ns
    Clock Pessimism Removal (CPR):    0.000ns
  Clock Uncertainty:      0.604ns  ((TSJ^2 + TIJ^2 + DJ^2)^1/2) / 2 + PE
    Total System Jitter     (TSJ):    0.071ns
    Total Input Jitter      (TIJ):    1.000ns
    Discrete Jitter          (DJ):    0.149ns
    Phase Error              (PE):    0.097ns
  Timing Exception:       Asynchronous Clock Groups

    Location             Delay type                Incr(ns)  Path(ns)    Netlist Resource(s)
  -------------------------------------------------------------------    -------------------
                         (clock clk_out1_xlnx_clk_gen rise edge)
                                                      0.000     0.000 r  
    K17                                               0.000     0.000 r  clk_sys (IN)
                         net (fo=0)                   0.000     0.000    i_xlnx_clk_gen/inst/clk_in1
    K17                  IBUF (Prop_ibuf_I_O)         1.475     1.475 r  i_xlnx_clk_gen/inst/clkin1_ibufg/O
                         net (fo=1, routed)           1.285     2.760    i_xlnx_clk_gen/inst/clk_in1_xlnx_clk_gen
    MMCME2_ADV_X1Y2      MMCME2_ADV (Prop_mmcme2_adv_CLKIN1_CLKOUT0)
                                                     -7.759    -4.999 r  i_xlnx_clk_gen/inst/mmcm_adv_inst/CLKOUT0
                         net (fo=1, routed)           2.206    -2.793    i_xlnx_clk_gen/inst/clk_out1_xlnx_clk_gen
    BUFGCTRL_X0Y16       BUFG (Prop_bufg_I_O)         0.101    -2.692 r  i_xlnx_clk_gen/inst/clkout1_buf/O
                         net (fo=15067, routed)       1.804    -0.888    i_dmi_jtag/i_dmi_cdc/i_cdc_resp/i_src/clk_out1
    SLICE_X104Y2         FDCE                                         r  i_dmi_jtag/i_dmi_cdc/i_cdc_resp/i_src/data_src_q_reg[data][6]/C
  -------------------------------------------------------------------    -------------------
    SLICE_X104Y2         FDCE (Prop_fdce_C_Q)         0.518    -0.370 r  i_dmi_jtag/i_dmi_cdc/i_cdc_resp/i_src/data_src_q_reg[data][6]/Q
                         net (fo=1, routed)           0.520     0.150    i_dmi_jtag/i_dmi_cdc/i_cdc_resp/i_dst/D[6]
    SLICE_X104Y3         FDCE                                         r  i_dmi_jtag/i_dmi_cdc/i_cdc_resp/i_dst/data_dst_q_reg[data][6]/D
  -------------------------------------------------------------------    -------------------

                         (clock tck rise edge)        0.000     0.000 r  
    H15                                               0.000     0.000 r  tck (IN)
                         net (fo=0)                   0.000     0.000    tck
    H15                  IBUF (Prop_ibuf_I_O)         1.430     1.430 r  tck_IBUF_inst/O
                         net (fo=1, routed)           3.120     4.550    tck_IBUF
    BUFGCTRL_X0Y0        BUFG (Prop_bufg_I_O)         0.091     4.641 r  tck_IBUF_BUFG_inst/O
                         net (fo=258, routed)         1.623     6.264    i_dmi_jtag/i_dmi_cdc/i_cdc_resp/i_dst/CLK
    SLICE_X104Y3         FDCE                                         r  i_dmi_jtag/i_dmi_cdc/i_cdc_resp/i_dst/data_dst_q_reg[data][6]/C





Min Delay Paths
--------------------------------------------------------------------------------------
Slack:                    inf
  Source:                 i_dmi_jtag/i_dmi_cdc/i_cdc_resp/i_src/data_src_q_reg[data][13]/C
                            (rising edge-triggered cell FDCE clocked by clk_out1_xlnx_clk_gen  {rise@0.000ns fall@12.500ns period=25.000ns})
  Destination:            i_dmi_jtag/i_dmi_cdc/i_cdc_resp/i_dst/data_dst_q_reg[data][13]/D
                            (rising edge-triggered cell FDCE clocked by tck  {rise@0.000ns fall@50.000ns period=100.000ns})
  Path Group:             (none)
  Path Type:              Hold (Min at Slow Process Corner)
  Data Path Delay:        0.597ns  (logic 0.337ns (56.445%)  route 0.260ns (43.555%))
  Logic Levels:           0  
  Clock Path Skew:        8.578ns (DCD - SCD - CPR)
    Destination Clock Delay (DCD):    7.059ns
    Source Clock Delay      (SCD):    -1.519ns
    Clock Pessimism Removal (CPR):    -0.000ns
  Clock Uncertainty:      0.604ns  ((TSJ^2 + TIJ^2 + DJ^2)^1/2) / 2 + PE
    Total System Jitter     (TSJ):    0.071ns
    Total Input Jitter      (TIJ):    1.000ns
    Discrete Jitter          (DJ):    0.149ns
    Phase Error              (PE):    0.097ns
  Timing Exception:       Asynchronous Clock Groups

    Location             Delay type                Incr(ns)  Path(ns)    Netlist Resource(s)
  -------------------------------------------------------------------    -------------------
                         (clock clk_out1_xlnx_clk_gen rise edge)
                                                      0.000     0.000 r  
    K17                                               0.000     0.000 r  clk_sys (IN)
                         net (fo=0)                   0.000     0.000    i_xlnx_clk_gen/inst/clk_in1
    K17                  IBUF (Prop_ibuf_I_O)         1.404     1.404 r  i_xlnx_clk_gen/inst/clkin1_ibufg/O
                         net (fo=1, routed)           1.162     2.566    i_xlnx_clk_gen/inst/clk_in1_xlnx_clk_gen
    MMCME2_ADV_X1Y2      MMCME2_ADV (Prop_mmcme2_adv_CLKIN1_CLKOUT0)
                                                     -7.814    -5.248 r  i_xlnx_clk_gen/inst/mmcm_adv_inst/CLKOUT0
                         net (fo=1, routed)           2.012    -3.236    i_xlnx_clk_gen/inst/clk_out1_xlnx_clk_gen
    BUFGCTRL_X0Y16       BUFG (Prop_bufg_I_O)         0.091    -3.145 r  i_xlnx_clk_gen/inst/clkout1_buf/O
                         net (fo=15067, routed)       1.626    -1.519    i_dmi_jtag/i_dmi_cdc/i_cdc_resp/i_src/clk_out1
    SLICE_X101Y2         FDCE                                         r  i_dmi_jtag/i_dmi_cdc/i_cdc_resp/i_src/data_src_q_reg[data][13]/C
  -------------------------------------------------------------------    -------------------
    SLICE_X101Y2         FDCE (Prop_fdce_C_Q)         0.337    -1.182 r  i_dmi_jtag/i_dmi_cdc/i_cdc_resp/i_src/data_src_q_reg[data][13]/Q
                         net (fo=1, routed)           0.260    -0.921    i_dmi_jtag/i_dmi_cdc/i_cdc_resp/i_dst/D[13]
    SLICE_X100Y4         FDCE                                         r  i_dmi_jtag/i_dmi_cdc/i_cdc_resp/i_dst/data_dst_q_reg[data][13]/D
  -------------------------------------------------------------------    -------------------

                         (clock tck rise edge)        0.000     0.000 r  
    H15                                               0.000     0.000 r  tck (IN)
                         net (fo=0)                   0.000     0.000    tck
    H15                  IBUF (Prop_ibuf_I_O)         1.500     1.500 r  tck_IBUF_inst/O
                         net (fo=1, routed)           3.659     5.159    tck_IBUF
    BUFGCTRL_X0Y0        BUFG (Prop_bufg_I_O)         0.101     5.260 r  tck_IBUF_BUFG_inst/O
                         net (fo=258, routed)         1.799     7.059    i_dmi_jtag/i_dmi_cdc/i_cdc_resp/i_dst/CLK
    SLICE_X100Y4         FDCE                                         r  i_dmi_jtag/i_dmi_cdc/i_cdc_resp/i_dst/data_dst_q_reg[data][13]/C

Slack:                    inf
  Source:                 i_dmi_jtag/i_dmi_cdc/i_cdc_resp/i_src/data_src_q_reg[data][26]/C
                            (rising edge-triggered cell FDCE clocked by clk_out1_xlnx_clk_gen  {rise@0.000ns fall@12.500ns period=25.000ns})
  Destination:            i_dmi_jtag/i_dmi_cdc/i_cdc_resp/i_dst/data_dst_q_reg[data][26]/D
                            (rising edge-triggered cell FDCE clocked by tck  {rise@0.000ns fall@50.000ns period=100.000ns})
  Path Group:             (none)
  Path Type:              Hold (Min at Slow Process Corner)
  Data Path Delay:        0.615ns  (logic 0.367ns (59.658%)  route 0.248ns (40.342%))
  Logic Levels:           0  
  Clock Path Skew:        8.579ns (DCD - SCD - CPR)
    Destination Clock Delay (DCD):    7.056ns
    Source Clock Delay      (SCD):    -1.523ns
    Clock Pessimism Removal (CPR):    -0.000ns
  Clock Uncertainty:      0.604ns  ((TSJ^2 + TIJ^2 + DJ^2)^1/2) / 2 + PE
    Total System Jitter     (TSJ):    0.071ns
    Total Input Jitter      (TIJ):    1.000ns
    Discrete Jitter          (DJ):    0.149ns
    Phase Error              (PE):    0.097ns
  Timing Exception:       Asynchronous Clock Groups

    Location             Delay type                Incr(ns)  Path(ns)    Netlist Resource(s)
  -------------------------------------------------------------------    -------------------
                         (clock clk_out1_xlnx_clk_gen rise edge)
                                                      0.000     0.000 r  
    K17                                               0.000     0.000 r  clk_sys (IN)
                         net (fo=0)                   0.000     0.000    i_xlnx_clk_gen/inst/clk_in1
    K17                  IBUF (Prop_ibuf_I_O)         1.404     1.404 r  i_xlnx_clk_gen/inst/clkin1_ibufg/O
                         net (fo=1, routed)           1.162     2.566    i_xlnx_clk_gen/inst/clk_in1_xlnx_clk_gen
    MMCME2_ADV_X1Y2      MMCME2_ADV (Prop_mmcme2_adv_CLKIN1_CLKOUT0)
                                                     -7.814    -5.248 r  i_xlnx_clk_gen/inst/mmcm_adv_inst/CLKOUT0
                         net (fo=1, routed)           2.012    -3.236    i_xlnx_clk_gen/inst/clk_out1_xlnx_clk_gen
    BUFGCTRL_X0Y16       BUFG (Prop_bufg_I_O)         0.091    -3.145 r  i_xlnx_clk_gen/inst/clkout1_buf/O
                         net (fo=15067, routed)       1.622    -1.523    i_dmi_jtag/i_dmi_cdc/i_cdc_resp/i_src/clk_out1
    SLICE_X99Y11         FDCE                                         r  i_dmi_jtag/i_dmi_cdc/i_cdc_resp/i_src/data_src_q_reg[data][26]/C
  -------------------------------------------------------------------    -------------------
    SLICE_X99Y11         FDCE (Prop_fdce_C_Q)         0.367    -1.156 r  i_dmi_jtag/i_dmi_cdc/i_cdc_resp/i_src/data_src_q_reg[data][26]/Q
                         net (fo=1, routed)           0.248    -0.907    i_dmi_jtag/i_dmi_cdc/i_cdc_resp/i_dst/D[26]
    SLICE_X100Y11        FDCE                                         r  i_dmi_jtag/i_dmi_cdc/i_cdc_resp/i_dst/data_dst_q_reg[data][26]/D
  -------------------------------------------------------------------    -------------------

                         (clock tck rise edge)        0.000     0.000 r  
    H15                                               0.000     0.000 r  tck (IN)
                         net (fo=0)                   0.000     0.000    tck
    H15                  IBUF (Prop_ibuf_I_O)         1.500     1.500 r  tck_IBUF_inst/O
                         net (fo=1, routed)           3.659     5.159    tck_IBUF
    BUFGCTRL_X0Y0        BUFG (Prop_bufg_I_O)         0.101     5.260 r  tck_IBUF_BUFG_inst/O
                         net (fo=258, routed)         1.796     7.056    i_dmi_jtag/i_dmi_cdc/i_cdc_resp/i_dst/CLK
    SLICE_X100Y11        FDCE                                         r  i_dmi_jtag/i_dmi_cdc/i_cdc_resp/i_dst/data_dst_q_reg[data][26]/C

Slack:                    inf
  Source:                 i_dmi_jtag/i_dmi_cdc/i_cdc_resp/i_src/data_src_q_reg[data][23]/C
                            (rising edge-triggered cell FDCE clocked by clk_out1_xlnx_clk_gen  {rise@0.000ns fall@12.500ns period=25.000ns})
  Destination:            i_dmi_jtag/i_dmi_cdc/i_cdc_resp/i_dst/data_dst_q_reg[data][23]/D
                            (rising edge-triggered cell FDCE clocked by tck  {rise@0.000ns fall@50.000ns period=100.000ns})
  Path Group:             (none)
  Path Type:              Hold (Min at Slow Process Corner)
  Data Path Delay:        0.617ns  (logic 0.337ns (54.653%)  route 0.280ns (45.347%))
  Logic Levels:           0  
  Clock Path Skew:        8.579ns (DCD - SCD - CPR)
    Destination Clock Delay (DCD):    7.058ns
    Source Clock Delay      (SCD):    -1.521ns
    Clock Pessimism Removal (CPR):    -0.000ns
  Clock Uncertainty:      0.604ns  ((TSJ^2 + TIJ^2 + DJ^2)^1/2) / 2 + PE
    Total System Jitter     (TSJ):    0.071ns
    Total Input Jitter      (TIJ):    1.000ns
    Discrete Jitter          (DJ):    0.149ns
    Phase Error              (PE):    0.097ns
  Timing Exception:       Asynchronous Clock Groups

    Location             Delay type                Incr(ns)  Path(ns)    Netlist Resource(s)
  -------------------------------------------------------------------    -------------------
                         (clock clk_out1_xlnx_clk_gen rise edge)
                                                      0.000     0.000 r  
    K17                                               0.000     0.000 r  clk_sys (IN)
                         net (fo=0)                   0.000     0.000    i_xlnx_clk_gen/inst/clk_in1
    K17                  IBUF (Prop_ibuf_I_O)         1.404     1.404 r  i_xlnx_clk_gen/inst/clkin1_ibufg/O
                         net (fo=1, routed)           1.162     2.566    i_xlnx_clk_gen/inst/clk_in1_xlnx_clk_gen
    MMCME2_ADV_X1Y2      MMCME2_ADV (Prop_mmcme2_adv_CLKIN1_CLKOUT0)
                                                     -7.814    -5.248 r  i_xlnx_clk_gen/inst/mmcm_adv_inst/CLKOUT0
                         net (fo=1, routed)           2.012    -3.236    i_xlnx_clk_gen/inst/clk_out1_xlnx_clk_gen
    BUFGCTRL_X0Y16       BUFG (Prop_bufg_I_O)         0.091    -3.145 r  i_xlnx_clk_gen/inst/clkout1_buf/O
                         net (fo=15067, routed)       1.624    -1.521    i_dmi_jtag/i_dmi_cdc/i_cdc_resp/i_src/clk_out1
    SLICE_X103Y8         FDCE                                         r  i_dmi_jtag/i_dmi_cdc/i_cdc_resp/i_src/data_src_q_reg[data][23]/C
  -------------------------------------------------------------------    -------------------
    SLICE_X103Y8         FDCE (Prop_fdce_C_Q)         0.337    -1.184 r  i_dmi_jtag/i_dmi_cdc/i_cdc_resp/i_src/data_src_q_reg[data][23]/Q
                         net (fo=1, routed)           0.280    -0.904    i_dmi_jtag/i_dmi_cdc/i_cdc_resp/i_dst/D[23]
    SLICE_X102Y9         FDCE                                         r  i_dmi_jtag/i_dmi_cdc/i_cdc_resp/i_dst/data_dst_q_reg[data][23]/D
  -------------------------------------------------------------------    -------------------

                         (clock tck rise edge)        0.000     0.000 r  
    H15                                               0.000     0.000 r  tck (IN)
                         net (fo=0)                   0.000     0.000    tck
    H15                  IBUF (Prop_ibuf_I_O)         1.500     1.500 r  tck_IBUF_inst/O
                         net (fo=1, routed)           3.659     5.159    tck_IBUF
    BUFGCTRL_X0Y0        BUFG (Prop_bufg_I_O)         0.101     5.260 r  tck_IBUF_BUFG_inst/O
                         net (fo=258, routed)         1.798     7.058    i_dmi_jtag/i_dmi_cdc/i_cdc_resp/i_dst/CLK
    SLICE_X102Y9         FDCE                                         r  i_dmi_jtag/i_dmi_cdc/i_cdc_resp/i_dst/data_dst_q_reg[data][23]/C

Slack:                    inf
  Source:                 i_dmi_jtag/i_dmi_cdc/i_cdc_resp/i_src/data_src_q_reg[data][15]/C
                            (rising edge-triggered cell FDCE clocked by clk_out1_xlnx_clk_gen  {rise@0.000ns fall@12.500ns period=25.000ns})
  Destination:            i_dmi_jtag/i_dmi_cdc/i_cdc_resp/i_dst/data_dst_q_reg[data][15]/D
                            (rising edge-triggered cell FDCE clocked by tck  {rise@0.000ns fall@50.000ns period=100.000ns})
  Path Group:             (none)
  Path Type:              Hold (Min at Slow Process Corner)
  Data Path Delay:        0.620ns  (logic 0.337ns (54.354%)  route 0.283ns (45.646%))
  Logic Levels:           0  
  Clock Path Skew:        8.578ns (DCD - SCD - CPR)
    Destination Clock Delay (DCD):    7.059ns
    Source Clock Delay      (SCD):    -1.519ns
    Clock Pessimism Removal (CPR):    -0.000ns
  Clock Uncertainty:      0.604ns  ((TSJ^2 + TIJ^2 + DJ^2)^1/2) / 2 + PE
    Total System Jitter     (TSJ):    0.071ns
    Total Input Jitter      (TIJ):    1.000ns
    Discrete Jitter          (DJ):    0.149ns
    Phase Error              (PE):    0.097ns
  Timing Exception:       Asynchronous Clock Groups

    Location             Delay type                Incr(ns)  Path(ns)    Netlist Resource(s)
  -------------------------------------------------------------------    -------------------
                         (clock clk_out1_xlnx_clk_gen rise edge)
                                                      0.000     0.000 r  
    K17                                               0.000     0.000 r  clk_sys (IN)
                         net (fo=0)                   0.000     0.000    i_xlnx_clk_gen/inst/clk_in1
    K17                  IBUF (Prop_ibuf_I_O)         1.404     1.404 r  i_xlnx_clk_gen/inst/clkin1_ibufg/O
                         net (fo=1, routed)           1.162     2.566    i_xlnx_clk_gen/inst/clk_in1_xlnx_clk_gen
    MMCME2_ADV_X1Y2      MMCME2_ADV (Prop_mmcme2_adv_CLKIN1_CLKOUT0)
                                                     -7.814    -5.248 r  i_xlnx_clk_gen/inst/mmcm_adv_inst/CLKOUT0
                         net (fo=1, routed)           2.012    -3.236    i_xlnx_clk_gen/inst/clk_out1_xlnx_clk_gen
    BUFGCTRL_X0Y16       BUFG (Prop_bufg_I_O)         0.091    -3.145 r  i_xlnx_clk_gen/inst/clkout1_buf/O
                         net (fo=15067, routed)       1.626    -1.519    i_dmi_jtag/i_dmi_cdc/i_cdc_resp/i_src/clk_out1
    SLICE_X101Y2         FDCE                                         r  i_dmi_jtag/i_dmi_cdc/i_cdc_resp/i_src/data_src_q_reg[data][15]/C
  -------------------------------------------------------------------    -------------------
    SLICE_X101Y2         FDCE (Prop_fdce_C_Q)         0.337    -1.182 r  i_dmi_jtag/i_dmi_cdc/i_cdc_resp/i_src/data_src_q_reg[data][15]/Q
                         net (fo=1, routed)           0.283    -0.898    i_dmi_jtag/i_dmi_cdc/i_cdc_resp/i_dst/D[15]
    SLICE_X100Y4         FDCE                                         r  i_dmi_jtag/i_dmi_cdc/i_cdc_resp/i_dst/data_dst_q_reg[data][15]/D
  -------------------------------------------------------------------    -------------------

                         (clock tck rise edge)        0.000     0.000 r  
    H15                                               0.000     0.000 r  tck (IN)
                         net (fo=0)                   0.000     0.000    tck
    H15                  IBUF (Prop_ibuf_I_O)         1.500     1.500 r  tck_IBUF_inst/O
                         net (fo=1, routed)           3.659     5.159    tck_IBUF
    BUFGCTRL_X0Y0        BUFG (Prop_bufg_I_O)         0.101     5.260 r  tck_IBUF_BUFG_inst/O
                         net (fo=258, routed)         1.799     7.059    i_dmi_jtag/i_dmi_cdc/i_cdc_resp/i_dst/CLK
    SLICE_X100Y4         FDCE                                         r  i_dmi_jtag/i_dmi_cdc/i_cdc_resp/i_dst/data_dst_q_reg[data][15]/C

Slack:                    inf
  Source:                 i_dmi_jtag/i_dmi_cdc/i_cdc_resp/i_src/data_src_q_reg[data][22]/C
                            (rising edge-triggered cell FDCE clocked by clk_out1_xlnx_clk_gen  {rise@0.000ns fall@12.500ns period=25.000ns})
  Destination:            i_dmi_jtag/i_dmi_cdc/i_cdc_resp/i_dst/data_dst_q_reg[data][22]/D
                            (rising edge-triggered cell FDCE clocked by tck  {rise@0.000ns fall@50.000ns period=100.000ns})
  Path Group:             (none)
  Path Type:              Hold (Min at Slow Process Corner)
  Data Path Delay:        0.645ns  (logic 0.367ns (56.899%)  route 0.278ns (43.101%))
  Logic Levels:           0  
  Clock Path Skew:        8.579ns (DCD - SCD - CPR)
    Destination Clock Delay (DCD):    7.058ns
    Source Clock Delay      (SCD):    -1.521ns
    Clock Pessimism Removal (CPR):    -0.000ns
  Clock Uncertainty:      0.604ns  ((TSJ^2 + TIJ^2 + DJ^2)^1/2) / 2 + PE
    Total System Jitter     (TSJ):    0.071ns
    Total Input Jitter      (TIJ):    1.000ns
    Discrete Jitter          (DJ):    0.149ns
    Phase Error              (PE):    0.097ns
  Timing Exception:       Asynchronous Clock Groups

    Location             Delay type                Incr(ns)  Path(ns)    Netlist Resource(s)
  -------------------------------------------------------------------    -------------------
                         (clock clk_out1_xlnx_clk_gen rise edge)
                                                      0.000     0.000 r  
    K17                                               0.000     0.000 r  clk_sys (IN)
                         net (fo=0)                   0.000     0.000    i_xlnx_clk_gen/inst/clk_in1
    K17                  IBUF (Prop_ibuf_I_O)         1.404     1.404 r  i_xlnx_clk_gen/inst/clkin1_ibufg/O
                         net (fo=1, routed)           1.162     2.566    i_xlnx_clk_gen/inst/clk_in1_xlnx_clk_gen
    MMCME2_ADV_X1Y2      MMCME2_ADV (Prop_mmcme2_adv_CLKIN1_CLKOUT0)
                                                     -7.814    -5.248 r  i_xlnx_clk_gen/inst/mmcm_adv_inst/CLKOUT0
                         net (fo=1, routed)           2.012    -3.236    i_xlnx_clk_gen/inst/clk_out1_xlnx_clk_gen
    BUFGCTRL_X0Y16       BUFG (Prop_bufg_I_O)         0.091    -3.145 r  i_xlnx_clk_gen/inst/clkout1_buf/O
                         net (fo=15067, routed)       1.624    -1.521    i_dmi_jtag/i_dmi_cdc/i_cdc_resp/i_src/clk_out1
    SLICE_X103Y8         FDCE                                         r  i_dmi_jtag/i_dmi_cdc/i_cdc_resp/i_src/data_src_q_reg[data][22]/C
  -------------------------------------------------------------------    -------------------
    SLICE_X103Y8         FDCE (Prop_fdce_C_Q)         0.367    -1.154 r  i_dmi_jtag/i_dmi_cdc/i_cdc_resp/i_src/data_src_q_reg[data][22]/Q
                         net (fo=1, routed)           0.278    -0.875    i_dmi_jtag/i_dmi_cdc/i_cdc_resp/i_dst/D[22]
    SLICE_X102Y9         FDCE                                         r  i_dmi_jtag/i_dmi_cdc/i_cdc_resp/i_dst/data_dst_q_reg[data][22]/D
  -------------------------------------------------------------------    -------------------

                         (clock tck rise edge)        0.000     0.000 r  
    H15                                               0.000     0.000 r  tck (IN)
                         net (fo=0)                   0.000     0.000    tck
    H15                  IBUF (Prop_ibuf_I_O)         1.500     1.500 r  tck_IBUF_inst/O
                         net (fo=1, routed)           3.659     5.159    tck_IBUF
    BUFGCTRL_X0Y0        BUFG (Prop_bufg_I_O)         0.101     5.260 r  tck_IBUF_BUFG_inst/O
                         net (fo=258, routed)         1.798     7.058    i_dmi_jtag/i_dmi_cdc/i_cdc_resp/i_dst/CLK
    SLICE_X102Y9         FDCE                                         r  i_dmi_jtag/i_dmi_cdc/i_cdc_resp/i_dst/data_dst_q_reg[data][22]/C

Slack:                    inf
  Source:                 i_dmi_jtag/i_dmi_cdc/i_cdc_resp/i_src/data_src_q_reg[data][3]/C
                            (rising edge-triggered cell FDCE clocked by clk_out1_xlnx_clk_gen  {rise@0.000ns fall@12.500ns period=25.000ns})
  Destination:            i_dmi_jtag/i_dmi_cdc/i_cdc_resp/i_dst/data_dst_q_reg[data][3]/D
                            (rising edge-triggered cell FDCE clocked by tck  {rise@0.000ns fall@50.000ns period=100.000ns})
  Path Group:             (none)
  Path Type:              Hold (Min at Slow Process Corner)
  Data Path Delay:        0.661ns  (logic 0.385ns (58.245%)  route 0.276ns (41.755%))
  Logic Levels:           0  
  Clock Path Skew:        8.578ns (DCD - SCD - CPR)
    Destination Clock Delay (DCD):    7.057ns
    Source Clock Delay      (SCD):    -1.521ns
    Clock Pessimism Removal (CPR):    -0.000ns
  Clock Uncertainty:      0.604ns  ((TSJ^2 + TIJ^2 + DJ^2)^1/2) / 2 + PE
    Total System Jitter     (TSJ):    0.071ns
    Total Input Jitter      (TIJ):    1.000ns
    Discrete Jitter          (DJ):    0.149ns
    Phase Error              (PE):    0.097ns
  Timing Exception:       Asynchronous Clock Groups

    Location             Delay type                Incr(ns)  Path(ns)    Netlist Resource(s)
  -------------------------------------------------------------------    -------------------
                         (clock clk_out1_xlnx_clk_gen rise edge)
                                                      0.000     0.000 r  
    K17                                               0.000     0.000 r  clk_sys (IN)
                         net (fo=0)                   0.000     0.000    i_xlnx_clk_gen/inst/clk_in1
    K17                  IBUF (Prop_ibuf_I_O)         1.404     1.404 r  i_xlnx_clk_gen/inst/clkin1_ibufg/O
                         net (fo=1, routed)           1.162     2.566    i_xlnx_clk_gen/inst/clk_in1_xlnx_clk_gen
    MMCME2_ADV_X1Y2      MMCME2_ADV (Prop_mmcme2_adv_CLKIN1_CLKOUT0)
                                                     -7.814    -5.248 r  i_xlnx_clk_gen/inst/mmcm_adv_inst/CLKOUT0
                         net (fo=1, routed)           2.012    -3.236    i_xlnx_clk_gen/inst/clk_out1_xlnx_clk_gen
    BUFGCTRL_X0Y16       BUFG (Prop_bufg_I_O)         0.091    -3.145 r  i_xlnx_clk_gen/inst/clkout1_buf/O
                         net (fo=15067, routed)       1.624    -1.521    i_dmi_jtag/i_dmi_cdc/i_cdc_resp/i_src/clk_out1
    SLICE_X100Y8         FDCE                                         r  i_dmi_jtag/i_dmi_cdc/i_cdc_resp/i_src/data_src_q_reg[data][3]/C
  -------------------------------------------------------------------    -------------------
    SLICE_X100Y8         FDCE (Prop_fdce_C_Q)         0.385    -1.136 r  i_dmi_jtag/i_dmi_cdc/i_cdc_resp/i_src/data_src_q_reg[data][3]/Q
                         net (fo=1, routed)           0.276    -0.859    i_dmi_jtag/i_dmi_cdc/i_cdc_resp/i_dst/D[3]
    SLICE_X99Y9          FDCE                                         r  i_dmi_jtag/i_dmi_cdc/i_cdc_resp/i_dst/data_dst_q_reg[data][3]/D
  -------------------------------------------------------------------    -------------------

                         (clock tck rise edge)        0.000     0.000 r  
    H15                                               0.000     0.000 r  tck (IN)
                         net (fo=0)                   0.000     0.000    tck
    H15                  IBUF (Prop_ibuf_I_O)         1.500     1.500 r  tck_IBUF_inst/O
                         net (fo=1, routed)           3.659     5.159    tck_IBUF
    BUFGCTRL_X0Y0        BUFG (Prop_bufg_I_O)         0.101     5.260 r  tck_IBUF_BUFG_inst/O
                         net (fo=258, routed)         1.797     7.057    i_dmi_jtag/i_dmi_cdc/i_cdc_resp/i_dst/CLK
    SLICE_X99Y9          FDCE                                         r  i_dmi_jtag/i_dmi_cdc/i_cdc_resp/i_dst/data_dst_q_reg[data][3]/C

Slack:                    inf
  Source:                 i_dmi_jtag/i_dmi_cdc/i_cdc_resp/i_src/data_src_q_reg[data][9]/C
                            (rising edge-triggered cell FDCE clocked by clk_out1_xlnx_clk_gen  {rise@0.000ns fall@12.500ns period=25.000ns})
  Destination:            i_dmi_jtag/i_dmi_cdc/i_cdc_resp/i_dst/data_dst_q_reg[data][9]/D
                            (rising edge-triggered cell FDCE clocked by tck  {rise@0.000ns fall@50.000ns period=100.000ns})
  Path Group:             (none)
  Path Type:              Hold (Min at Slow Process Corner)
  Data Path Delay:        0.660ns  (logic 0.385ns (58.294%)  route 0.275ns (41.706%))
  Logic Levels:           0  
  Clock Path Skew:        8.579ns (DCD - SCD - CPR)
    Destination Clock Delay (DCD):    7.059ns
    Source Clock Delay      (SCD):    -1.520ns
    Clock Pessimism Removal (CPR):    -0.000ns
  Clock Uncertainty:      0.604ns  ((TSJ^2 + TIJ^2 + DJ^2)^1/2) / 2 + PE
    Total System Jitter     (TSJ):    0.071ns
    Total Input Jitter      (TIJ):    1.000ns
    Discrete Jitter          (DJ):    0.149ns
    Phase Error              (PE):    0.097ns
  Timing Exception:       Asynchronous Clock Groups

    Location             Delay type                Incr(ns)  Path(ns)    Netlist Resource(s)
  -------------------------------------------------------------------    -------------------
                         (clock clk_out1_xlnx_clk_gen rise edge)
                                                      0.000     0.000 r  
    K17                                               0.000     0.000 r  clk_sys (IN)
                         net (fo=0)                   0.000     0.000    i_xlnx_clk_gen/inst/clk_in1
    K17                  IBUF (Prop_ibuf_I_O)         1.404     1.404 r  i_xlnx_clk_gen/inst/clkin1_ibufg/O
                         net (fo=1, routed)           1.162     2.566    i_xlnx_clk_gen/inst/clk_in1_xlnx_clk_gen
    MMCME2_ADV_X1Y2      MMCME2_ADV (Prop_mmcme2_adv_CLKIN1_CLKOUT0)
                                                     -7.814    -5.248 r  i_xlnx_clk_gen/inst/mmcm_adv_inst/CLKOUT0
                         net (fo=1, routed)           2.012    -3.236    i_xlnx_clk_gen/inst/clk_out1_xlnx_clk_gen
    BUFGCTRL_X0Y16       BUFG (Prop_bufg_I_O)         0.091    -3.145 r  i_xlnx_clk_gen/inst/clkout1_buf/O
                         net (fo=15067, routed)       1.625    -1.520    i_dmi_jtag/i_dmi_cdc/i_cdc_resp/i_src/clk_out1
    SLICE_X98Y4          FDCE                                         r  i_dmi_jtag/i_dmi_cdc/i_cdc_resp/i_src/data_src_q_reg[data][9]/C
  -------------------------------------------------------------------    -------------------
    SLICE_X98Y4          FDCE (Prop_fdce_C_Q)         0.385    -1.135 r  i_dmi_jtag/i_dmi_cdc/i_cdc_resp/i_src/data_src_q_reg[data][9]/Q
                         net (fo=1, routed)           0.275    -0.859    i_dmi_jtag/i_dmi_cdc/i_cdc_resp/i_dst/D[9]
    SLICE_X100Y4         FDCE                                         r  i_dmi_jtag/i_dmi_cdc/i_cdc_resp/i_dst/data_dst_q_reg[data][9]/D
  -------------------------------------------------------------------    -------------------

                         (clock tck rise edge)        0.000     0.000 r  
    H15                                               0.000     0.000 r  tck (IN)
                         net (fo=0)                   0.000     0.000    tck
    H15                  IBUF (Prop_ibuf_I_O)         1.500     1.500 r  tck_IBUF_inst/O
                         net (fo=1, routed)           3.659     5.159    tck_IBUF
    BUFGCTRL_X0Y0        BUFG (Prop_bufg_I_O)         0.101     5.260 r  tck_IBUF_BUFG_inst/O
                         net (fo=258, routed)         1.799     7.059    i_dmi_jtag/i_dmi_cdc/i_cdc_resp/i_dst/CLK
    SLICE_X100Y4         FDCE                                         r  i_dmi_jtag/i_dmi_cdc/i_cdc_resp/i_dst/data_dst_q_reg[data][9]/C

Slack:                    inf
  Source:                 i_dmi_jtag/i_dmi_cdc/i_cdc_resp/i_src/data_src_q_reg[data][18]/C
                            (rising edge-triggered cell FDCE clocked by clk_out1_xlnx_clk_gen  {rise@0.000ns fall@12.500ns period=25.000ns})
  Destination:            i_dmi_jtag/i_dmi_cdc/i_cdc_resp/i_dst/data_dst_q_reg[data][18]/D
                            (rising edge-triggered cell FDCE clocked by tck  {rise@0.000ns fall@50.000ns period=100.000ns})
  Path Group:             (none)
  Path Type:              Hold (Min at Slow Process Corner)
  Data Path Delay:        0.694ns  (logic 0.418ns (60.230%)  route 0.276ns (39.770%))
  Logic Levels:           0  
  Clock Path Skew:        8.578ns (DCD - SCD - CPR)
    Destination Clock Delay (DCD):    7.060ns
    Source Clock Delay      (SCD):    -1.518ns
    Clock Pessimism Removal (CPR):    -0.000ns
  Clock Uncertainty:      0.604ns  ((TSJ^2 + TIJ^2 + DJ^2)^1/2) / 2 + PE
    Total System Jitter     (TSJ):    0.071ns
    Total Input Jitter      (TIJ):    1.000ns
    Discrete Jitter          (DJ):    0.149ns
    Phase Error              (PE):    0.097ns
  Timing Exception:       Asynchronous Clock Groups

    Location             Delay type                Incr(ns)  Path(ns)    Netlist Resource(s)
  -------------------------------------------------------------------    -------------------
                         (clock clk_out1_xlnx_clk_gen rise edge)
                                                      0.000     0.000 r  
    K17                                               0.000     0.000 r  clk_sys (IN)
                         net (fo=0)                   0.000     0.000    i_xlnx_clk_gen/inst/clk_in1
    K17                  IBUF (Prop_ibuf_I_O)         1.404     1.404 r  i_xlnx_clk_gen/inst/clkin1_ibufg/O
                         net (fo=1, routed)           1.162     2.566    i_xlnx_clk_gen/inst/clk_in1_xlnx_clk_gen
    MMCME2_ADV_X1Y2      MMCME2_ADV (Prop_mmcme2_adv_CLKIN1_CLKOUT0)
                                                     -7.814    -5.248 r  i_xlnx_clk_gen/inst/mmcm_adv_inst/CLKOUT0
                         net (fo=1, routed)           2.012    -3.236    i_xlnx_clk_gen/inst/clk_out1_xlnx_clk_gen
    BUFGCTRL_X0Y16       BUFG (Prop_bufg_I_O)         0.091    -3.145 r  i_xlnx_clk_gen/inst/clkout1_buf/O
                         net (fo=15067, routed)       1.627    -1.518    i_dmi_jtag/i_dmi_cdc/i_cdc_resp/i_src/clk_out1
    SLICE_X104Y2         FDCE                                         r  i_dmi_jtag/i_dmi_cdc/i_cdc_resp/i_src/data_src_q_reg[data][18]/C
  -------------------------------------------------------------------    -------------------
    SLICE_X104Y2         FDCE (Prop_fdce_C_Q)         0.418    -1.100 r  i_dmi_jtag/i_dmi_cdc/i_cdc_resp/i_src/data_src_q_reg[data][18]/Q
                         net (fo=1, routed)           0.276    -0.823    i_dmi_jtag/i_dmi_cdc/i_cdc_resp/i_dst/D[18]
    SLICE_X104Y3         FDCE                                         r  i_dmi_jtag/i_dmi_cdc/i_cdc_resp/i_dst/data_dst_q_reg[data][18]/D
  -------------------------------------------------------------------    -------------------

                         (clock tck rise edge)        0.000     0.000 r  
    H15                                               0.000     0.000 r  tck (IN)
                         net (fo=0)                   0.000     0.000    tck
    H15                  IBUF (Prop_ibuf_I_O)         1.500     1.500 r  tck_IBUF_inst/O
                         net (fo=1, routed)           3.659     5.159    tck_IBUF
    BUFGCTRL_X0Y0        BUFG (Prop_bufg_I_O)         0.101     5.260 r  tck_IBUF_BUFG_inst/O
                         net (fo=258, routed)         1.800     7.060    i_dmi_jtag/i_dmi_cdc/i_cdc_resp/i_dst/CLK
    SLICE_X104Y3         FDCE                                         r  i_dmi_jtag/i_dmi_cdc/i_cdc_resp/i_dst/data_dst_q_reg[data][18]/C

Slack:                    inf
  Source:                 i_dmi_jtag/i_dmi_cdc/i_cdc_resp/i_src/data_src_q_reg[data][10]/C
                            (rising edge-triggered cell FDCE clocked by clk_out1_xlnx_clk_gen  {rise@0.000ns fall@12.500ns period=25.000ns})
  Destination:            i_dmi_jtag/i_dmi_cdc/i_cdc_resp/i_dst/data_dst_q_reg[data][10]/D
                            (rising edge-triggered cell FDCE clocked by tck  {rise@0.000ns fall@50.000ns period=100.000ns})
  Path Group:             (none)
  Path Type:              Hold (Min at Slow Process Corner)
  Data Path Delay:        0.696ns  (logic 0.418ns (60.057%)  route 0.278ns (39.943%))
  Logic Levels:           0  
  Clock Path Skew:        8.578ns (DCD - SCD - CPR)
    Destination Clock Delay (DCD):    7.060ns
    Source Clock Delay      (SCD):    -1.518ns
    Clock Pessimism Removal (CPR):    -0.000ns
  Clock Uncertainty:      0.604ns  ((TSJ^2 + TIJ^2 + DJ^2)^1/2) / 2 + PE
    Total System Jitter     (TSJ):    0.071ns
    Total Input Jitter      (TIJ):    1.000ns
    Discrete Jitter          (DJ):    0.149ns
    Phase Error              (PE):    0.097ns
  Timing Exception:       Asynchronous Clock Groups

    Location             Delay type                Incr(ns)  Path(ns)    Netlist Resource(s)
  -------------------------------------------------------------------    -------------------
                         (clock clk_out1_xlnx_clk_gen rise edge)
                                                      0.000     0.000 r  
    K17                                               0.000     0.000 r  clk_sys (IN)
                         net (fo=0)                   0.000     0.000    i_xlnx_clk_gen/inst/clk_in1
    K17                  IBUF (Prop_ibuf_I_O)         1.404     1.404 r  i_xlnx_clk_gen/inst/clkin1_ibufg/O
                         net (fo=1, routed)           1.162     2.566    i_xlnx_clk_gen/inst/clk_in1_xlnx_clk_gen
    MMCME2_ADV_X1Y2      MMCME2_ADV (Prop_mmcme2_adv_CLKIN1_CLKOUT0)
                                                     -7.814    -5.248 r  i_xlnx_clk_gen/inst/mmcm_adv_inst/CLKOUT0
                         net (fo=1, routed)           2.012    -3.236    i_xlnx_clk_gen/inst/clk_out1_xlnx_clk_gen
    BUFGCTRL_X0Y16       BUFG (Prop_bufg_I_O)         0.091    -3.145 r  i_xlnx_clk_gen/inst/clkout1_buf/O
                         net (fo=15067, routed)       1.627    -1.518    i_dmi_jtag/i_dmi_cdc/i_cdc_resp/i_src/clk_out1
    SLICE_X104Y2         FDCE                                         r  i_dmi_jtag/i_dmi_cdc/i_cdc_resp/i_src/data_src_q_reg[data][10]/C
  -------------------------------------------------------------------    -------------------
    SLICE_X104Y2         FDCE (Prop_fdce_C_Q)         0.418    -1.100 r  i_dmi_jtag/i_dmi_cdc/i_cdc_resp/i_src/data_src_q_reg[data][10]/Q
                         net (fo=1, routed)           0.278    -0.821    i_dmi_jtag/i_dmi_cdc/i_cdc_resp/i_dst/D[10]
    SLICE_X105Y3         FDCE                                         r  i_dmi_jtag/i_dmi_cdc/i_cdc_resp/i_dst/data_dst_q_reg[data][10]/D
  -------------------------------------------------------------------    -------------------

                         (clock tck rise edge)        0.000     0.000 r  
    H15                                               0.000     0.000 r  tck (IN)
                         net (fo=0)                   0.000     0.000    tck
    H15                  IBUF (Prop_ibuf_I_O)         1.500     1.500 r  tck_IBUF_inst/O
                         net (fo=1, routed)           3.659     5.159    tck_IBUF
    BUFGCTRL_X0Y0        BUFG (Prop_bufg_I_O)         0.101     5.260 r  tck_IBUF_BUFG_inst/O
                         net (fo=258, routed)         1.800     7.060    i_dmi_jtag/i_dmi_cdc/i_cdc_resp/i_dst/CLK
    SLICE_X105Y3         FDCE                                         r  i_dmi_jtag/i_dmi_cdc/i_cdc_resp/i_dst/data_dst_q_reg[data][10]/C

Slack:                    inf
  Source:                 i_dmi_jtag/i_dmi_cdc/i_cdc_resp/i_src/data_src_q_reg[resp][0]/C
                            (rising edge-triggered cell FDCE clocked by clk_out1_xlnx_clk_gen  {rise@0.000ns fall@12.500ns period=25.000ns})
  Destination:            i_dmi_jtag/i_dmi_cdc/i_cdc_resp/i_dst/data_dst_q_reg[resp][0]/D
                            (rising edge-triggered cell FDCE clocked by tck  {rise@0.000ns fall@50.000ns period=100.000ns})
  Path Group:             (none)
  Path Type:              Hold (Min at Slow Process Corner)
  Data Path Delay:        0.705ns  (logic 0.418ns (59.332%)  route 0.287ns (40.668%))
  Logic Levels:           0  
  Clock Path Skew:        8.579ns (DCD - SCD - CPR)
    Destination Clock Delay (DCD):    7.059ns
    Source Clock Delay      (SCD):    -1.520ns
    Clock Pessimism Removal (CPR):    -0.000ns
  Clock Uncertainty:      0.604ns  ((TSJ^2 + TIJ^2 + DJ^2)^1/2) / 2 + PE
    Total System Jitter     (TSJ):    0.071ns
    Total Input Jitter      (TIJ):    1.000ns
    Discrete Jitter          (DJ):    0.149ns
    Phase Error              (PE):    0.097ns
  Timing Exception:       Asynchronous Clock Groups

    Location             Delay type                Incr(ns)  Path(ns)    Netlist Resource(s)
  -------------------------------------------------------------------    -------------------
                         (clock clk_out1_xlnx_clk_gen rise edge)
                                                      0.000     0.000 r  
    K17                                               0.000     0.000 r  clk_sys (IN)
                         net (fo=0)                   0.000     0.000    i_xlnx_clk_gen/inst/clk_in1
    K17                  IBUF (Prop_ibuf_I_O)         1.404     1.404 r  i_xlnx_clk_gen/inst/clkin1_ibufg/O
                         net (fo=1, routed)           1.162     2.566    i_xlnx_clk_gen/inst/clk_in1_xlnx_clk_gen
    MMCME2_ADV_X1Y2      MMCME2_ADV (Prop_mmcme2_adv_CLKIN1_CLKOUT0)
                                                     -7.814    -5.248 r  i_xlnx_clk_gen/inst/mmcm_adv_inst/CLKOUT0
                         net (fo=1, routed)           2.012    -3.236    i_xlnx_clk_gen/inst/clk_out1_xlnx_clk_gen
    BUFGCTRL_X0Y16       BUFG (Prop_bufg_I_O)         0.091    -3.145 r  i_xlnx_clk_gen/inst/clkout1_buf/O
                         net (fo=15067, routed)       1.625    -1.520    i_dmi_jtag/i_dmi_cdc/i_cdc_resp/i_src/clk_out1
    SLICE_X104Y7         FDCE                                         r  i_dmi_jtag/i_dmi_cdc/i_cdc_resp/i_src/data_src_q_reg[resp][0]/C
  -------------------------------------------------------------------    -------------------
    SLICE_X104Y7         FDCE (Prop_fdce_C_Q)         0.418    -1.102 r  i_dmi_jtag/i_dmi_cdc/i_cdc_resp/i_src/data_src_q_reg[resp][0]/Q
                         net (fo=1, routed)           0.287    -0.815    i_dmi_jtag/i_dmi_cdc/i_cdc_resp/i_dst/data_dst_q_reg[resp][1]_0[0]
    SLICE_X103Y7         FDCE                                         r  i_dmi_jtag/i_dmi_cdc/i_cdc_resp/i_dst/data_dst_q_reg[resp][0]/D
  -------------------------------------------------------------------    -------------------

                         (clock tck rise edge)        0.000     0.000 r  
    H15                                               0.000     0.000 r  tck (IN)
                         net (fo=0)                   0.000     0.000    tck
    H15                  IBUF (Prop_ibuf_I_O)         1.500     1.500 r  tck_IBUF_inst/O
                         net (fo=1, routed)           3.659     5.159    tck_IBUF
    BUFGCTRL_X0Y0        BUFG (Prop_bufg_I_O)         0.101     5.260 r  tck_IBUF_BUFG_inst/O
                         net (fo=258, routed)         1.799     7.059    i_dmi_jtag/i_dmi_cdc/i_cdc_resp/i_dst/CLK
    SLICE_X103Y7         FDCE                                         r  i_dmi_jtag/i_dmi_cdc/i_cdc_resp/i_dst/data_dst_q_reg[resp][0]/C





--------------------------------------------------------------------------------------
Path Group:  (none)
From Clock:  clk_out1_xlnx_clk_gen
  To Clock:  

Max Delay             1 Endpoint
Min Delay             1 Endpoint
--------------------------------------------------------------------------------------


Max Delay Paths
--------------------------------------------------------------------------------------
Slack:                    inf
  Source:                 i_ariane_peripherals/gen_uart.i_apb_uart/SOUT_reg/C
                            (rising edge-triggered cell FDPE clocked by clk_out1_xlnx_clk_gen  {rise@0.000ns fall@12.500ns period=25.000ns})
  Destination:            tx
                            (output port)
  Path Group:             (none)
  Path Type:              Max at Slow Process Corner
  Data Path Delay:        9.969ns  (logic 4.140ns (41.531%)  route 5.828ns (58.469%))
  Logic Levels:           1  (OBUF=1)
  Clock Uncertainty:      0.175ns  ((TSJ^2 + DJ^2)^1/2) / 2 + PE
    Total System Jitter     (TSJ):    0.050ns
    Discrete Jitter          (DJ):    0.149ns
    Phase Error              (PE):    0.097ns

    Location             Delay type                Incr(ns)  Path(ns)    Netlist Resource(s)
  -------------------------------------------------------------------    -------------------
                         (clock clk_out1_xlnx_clk_gen rise edge)
                                                      0.000     0.000 r  
    K17                                               0.000     0.000 r  clk_sys (IN)
                         net (fo=0)                   0.000     0.000    i_xlnx_clk_gen/inst/clk_in1
    K17                  IBUF (Prop_ibuf_I_O)         1.475     1.475 r  i_xlnx_clk_gen/inst/clkin1_ibufg/O
                         net (fo=1, routed)           1.285     2.760    i_xlnx_clk_gen/inst/clk_in1_xlnx_clk_gen
    MMCME2_ADV_X1Y2      MMCME2_ADV (Prop_mmcme2_adv_CLKIN1_CLKOUT0)
                                                     -7.759    -4.999 r  i_xlnx_clk_gen/inst/mmcm_adv_inst/CLKOUT0
                         net (fo=1, routed)           2.206    -2.793    i_xlnx_clk_gen/inst/clk_out1_xlnx_clk_gen
    BUFGCTRL_X0Y16       BUFG (Prop_bufg_I_O)         0.101    -2.692 r  i_xlnx_clk_gen/inst/clkout1_buf/O
                         net (fo=15067, routed)       1.903    -0.789    i_ariane_peripherals/gen_uart.i_apb_uart/clk_out1
    SLICE_X62Y111        FDPE                                         r  i_ariane_peripherals/gen_uart.i_apb_uart/SOUT_reg/C
  -------------------------------------------------------------------    -------------------
    SLICE_X62Y111        FDPE (Prop_fdpe_C_Q)         0.518    -0.271 r  i_ariane_peripherals/gen_uart.i_apb_uart/SOUT_reg/Q
                         net (fo=1, routed)           5.828     5.557    tx_OBUF
    W8                   OBUF (Prop_obuf_I_O)         3.622     9.179 r  tx_OBUF_inst/O
                         net (fo=0)                   0.000     9.179    tx
    W8                                                                r  tx (OUT)
  -------------------------------------------------------------------    -------------------





Min Delay Paths
--------------------------------------------------------------------------------------
Slack:                    inf
  Source:                 i_ariane_peripherals/gen_uart.i_apb_uart/SOUT_reg/C
                            (rising edge-triggered cell FDPE clocked by clk_out1_xlnx_clk_gen  {rise@0.000ns fall@12.500ns period=25.000ns})
  Destination:            tx
                            (output port)
  Path Group:             (none)
  Path Type:              Min at Fast Process Corner
  Data Path Delay:        3.725ns  (logic 1.486ns (39.887%)  route 2.239ns (60.113%))
  Logic Levels:           1  (OBUF=1)
  Clock Uncertainty:      0.175ns  ((TSJ^2 + DJ^2)^1/2) / 2 + PE
    Total System Jitter     (TSJ):    0.050ns
    Discrete Jitter          (DJ):    0.149ns
    Phase Error              (PE):    0.097ns

    Location             Delay type                Incr(ns)  Path(ns)    Netlist Resource(s)
  -------------------------------------------------------------------    -------------------
                         (clock clk_out1_xlnx_clk_gen rise edge)
                                                      0.000     0.000 r  
    K17                                               0.000     0.000 r  clk_sys (IN)
                         net (fo=0)                   0.000     0.000    i_xlnx_clk_gen/inst/clk_in1
    K17                  IBUF (Prop_ibuf_I_O)         0.243     0.243 r  i_xlnx_clk_gen/inst/clkin1_ibufg/O
                         net (fo=1, routed)           0.440     0.683    i_xlnx_clk_gen/inst/clk_in1_xlnx_clk_gen
    MMCME2_ADV_X1Y2      MMCME2_ADV (Prop_mmcme2_adv_CLKIN1_CLKOUT0)
                                                     -2.613    -1.930 r  i_xlnx_clk_gen/inst/mmcm_adv_inst/CLKOUT0
                         net (fo=1, routed)           0.696    -1.233    i_xlnx_clk_gen/inst/clk_out1_xlnx_clk_gen
    BUFGCTRL_X0Y16       BUFG (Prop_bufg_I_O)         0.026    -1.207 r  i_xlnx_clk_gen/inst/clkout1_buf/O
                         net (fo=15067, routed)       0.659    -0.548    i_ariane_peripherals/gen_uart.i_apb_uart/clk_out1
    SLICE_X62Y111        FDPE                                         r  i_ariane_peripherals/gen_uart.i_apb_uart/SOUT_reg/C
  -------------------------------------------------------------------    -------------------
    SLICE_X62Y111        FDPE (Prop_fdpe_C_Q)         0.164    -0.384 r  i_ariane_peripherals/gen_uart.i_apb_uart/SOUT_reg/Q
                         net (fo=1, routed)           2.239     1.855    tx_OBUF
    W8                   OBUF (Prop_obuf_I_O)         1.322     3.177 r  tx_OBUF_inst/O
                         net (fo=0)                   0.000     3.177    tx
    W8                                                                r  tx (OUT)
  -------------------------------------------------------------------    -------------------





--------------------------------------------------------------------------------------
Path Group:  (none)
From Clock:  clkfbout_xlnx_clk_gen
  To Clock:  

Max Delay             1 Endpoint
Min Delay             1 Endpoint
--------------------------------------------------------------------------------------


Max Delay Paths
--------------------------------------------------------------------------------------
Slack:                    inf
  Source:                 i_xlnx_clk_gen/inst/mmcm_adv_inst/CLKFBOUT
                            (clock source 'clkfbout_xlnx_clk_gen'  {rise@0.000ns fall@4.000ns period=8.000ns})
  Destination:            i_xlnx_clk_gen/inst/mmcm_adv_inst/CLKFBIN
  Path Group:             (none)
  Path Type:              Max at Slow Process Corner
  Data Path Delay:        4.287ns  (logic 0.101ns (2.356%)  route 4.186ns (97.644%))
  Logic Levels:           1  (BUFG=1)
  Clock Uncertainty:      0.144ns  ((TSJ^2 + DJ^2)^1/2) / 2 + PE
    Total System Jitter     (TSJ):    0.050ns
    Discrete Jitter          (DJ):    0.080ns
    Phase Error              (PE):    0.097ns

    Location             Delay type                Incr(ns)  Path(ns)    Netlist Resource(s)
  -------------------------------------------------------------------    -------------------
                         (clock clkfbout_xlnx_clk_gen fall edge)
                                                      4.000     4.000 f  
    K17                                               0.000     4.000 f  clk_sys (IN)
                         net (fo=0)                   0.000     4.000    i_xlnx_clk_gen/inst/clk_in1
    K17                  IBUF (Prop_ibuf_I_O)         1.475     5.475 f  i_xlnx_clk_gen/inst/clkin1_ibufg/O
                         net (fo=1, routed)           1.285     6.760    i_xlnx_clk_gen/inst/clk_in1_xlnx_clk_gen
  -------------------------------------------------------------------    -------------------
    MMCME2_ADV_X1Y2      MMCME2_ADV (Prop_mmcme2_adv_CLKIN1_CLKFBOUT)
                                                     -7.759    -0.999 f  i_xlnx_clk_gen/inst/mmcm_adv_inst/CLKFBOUT
                         net (fo=1, routed)           2.206     1.207    i_xlnx_clk_gen/inst/clkfbout_xlnx_clk_gen
    BUFGCTRL_X0Y17       BUFG (Prop_bufg_I_O)         0.101     1.308 f  i_xlnx_clk_gen/inst/clkf_buf/O
                         net (fo=1, routed)           1.980     3.288    i_xlnx_clk_gen/inst/clkfbout_buf_xlnx_clk_gen
    MMCME2_ADV_X1Y2      MMCME2_ADV                                   f  i_xlnx_clk_gen/inst/mmcm_adv_inst/CLKFBIN
  -------------------------------------------------------------------    -------------------





Min Delay Paths
--------------------------------------------------------------------------------------
Slack:                    inf
  Source:                 i_xlnx_clk_gen/inst/mmcm_adv_inst/CLKFBOUT
                            (clock source 'clkfbout_xlnx_clk_gen'  {rise@0.000ns fall@4.000ns period=8.000ns})
  Destination:            i_xlnx_clk_gen/inst/mmcm_adv_inst/CLKFBIN
  Path Group:             (none)
  Path Type:              Min at Slow Process Corner
  Data Path Delay:        3.873ns  (logic 0.091ns (2.349%)  route 3.782ns (97.651%))
  Logic Levels:           1  (BUFG=1)
  Clock Uncertainty:      0.144ns  ((TSJ^2 + DJ^2)^1/2) / 2 + PE
    Total System Jitter     (TSJ):    0.050ns
    Discrete Jitter          (DJ):    0.080ns
    Phase Error              (PE):    0.097ns

    Location             Delay type                Incr(ns)  Path(ns)    Netlist Resource(s)
  -------------------------------------------------------------------    -------------------
                         (clock clkfbout_xlnx_clk_gen rise edge)
                                                      0.000     0.000 r  
    K17                                               0.000     0.000 r  clk_sys (IN)
                         net (fo=0)                   0.000     0.000    i_xlnx_clk_gen/inst/clk_in1
    K17                  IBUF (Prop_ibuf_I_O)         1.404     1.404 r  i_xlnx_clk_gen/inst/clkin1_ibufg/O
                         net (fo=1, routed)           1.162     2.566    i_xlnx_clk_gen/inst/clk_in1_xlnx_clk_gen
  -------------------------------------------------------------------    -------------------
    MMCME2_ADV_X1Y2      MMCME2_ADV (Prop_mmcme2_adv_CLKIN1_CLKFBOUT)
                                                     -7.814    -5.248 r  i_xlnx_clk_gen/inst/mmcm_adv_inst/CLKFBOUT
                         net (fo=1, routed)           2.012    -3.236    i_xlnx_clk_gen/inst/clkfbout_xlnx_clk_gen
    BUFGCTRL_X0Y17       BUFG (Prop_bufg_I_O)         0.091    -3.145 r  i_xlnx_clk_gen/inst/clkf_buf/O
                         net (fo=1, routed)           1.770    -1.375    i_xlnx_clk_gen/inst/clkfbout_buf_xlnx_clk_gen
    MMCME2_ADV_X1Y2      MMCME2_ADV                                   r  i_xlnx_clk_gen/inst/mmcm_adv_inst/CLKFBIN
  -------------------------------------------------------------------    -------------------





--------------------------------------------------------------------------------------
Path Group:  (none)
From Clock:  
  To Clock:  clk_out1_xlnx_clk_gen

Max Delay           842 Endpoints
Min Delay           842 Endpoints
--------------------------------------------------------------------------------------


Max Delay Paths
--------------------------------------------------------------------------------------
Slack:                    inf
  Source:                 cpu_reset
                            (input port)
  Destination:            i_dm_axi_master/outstanding_aw_cnt_q_reg[0]/CLR
                            (recovery check against rising-edge clock clk_out1_xlnx_clk_gen  {rise@0.000ns fall@12.500ns period=25.000ns})
  Path Group:             (none)
  Path Type:              Recovery (Max at Slow Process Corner)
  Data Path Delay:        11.568ns  (logic 1.569ns (13.565%)  route 9.999ns (86.435%))
  Logic Levels:           1  (IBUF=1)
  Clock Path Skew:        -1.597ns (DCD - SCD + CPR)
    Destination Clock Delay (DCD):    -1.597ns
    Source Clock Delay      (SCD):    0.000ns
    Clock Pessimism Removal (CPR):    0.000ns
  Clock Uncertainty:      0.175ns  ((TSJ^2 + DJ^2)^1/2) / 2 + PE
    Total System Jitter     (TSJ):    0.050ns
    Discrete Jitter          (DJ):    0.149ns
    Phase Error              (PE):    0.097ns

    Location             Delay type                Incr(ns)  Path(ns)    Netlist Resource(s)
  -------------------------------------------------------------------    -------------------
    Y16                                               0.000     0.000 f  cpu_reset (IN)
                         net (fo=0)                   0.000     0.000    cpu_reset
    Y16                  IBUF (Prop_ibuf_I_O)         1.569     1.569 f  cpu_reset_IBUF_inst/O
                         net (fo=838, routed)         9.999    11.568    i_dm_axi_master/cpu_reset_IBUF
    SLICE_X83Y22         FDCE                                         f  i_dm_axi_master/outstanding_aw_cnt_q_reg[0]/CLR
  -------------------------------------------------------------------    -------------------

                         (clock clk_out1_xlnx_clk_gen rise edge)
                                                      0.000     0.000 r  
    K17                                               0.000     0.000 r  clk_sys (IN)
                         net (fo=0)                   0.000     0.000    i_xlnx_clk_gen/inst/clk_in1
    K17                  IBUF (Prop_ibuf_I_O)         1.404     1.404 r  i_xlnx_clk_gen/inst/clkin1_ibufg/O
                         net (fo=1, routed)           1.162     2.566    i_xlnx_clk_gen/inst/clk_in1_xlnx_clk_gen
    MMCME2_ADV_X1Y2      MMCME2_ADV (Prop_mmcme2_adv_CLKIN1_CLKOUT0)
                                                     -7.814    -5.248 r  i_xlnx_clk_gen/inst/mmcm_adv_inst/CLKOUT0
                         net (fo=1, routed)           2.012    -3.236    i_xlnx_clk_gen/inst/clk_out1_xlnx_clk_gen
    BUFGCTRL_X0Y16       BUFG (Prop_bufg_I_O)         0.091    -3.145 r  i_xlnx_clk_gen/inst/clkout1_buf/O
                         net (fo=15067, routed)       1.548    -1.597    i_dm_axi_master/clk_out1
    SLICE_X83Y22         FDCE                                         r  i_dm_axi_master/outstanding_aw_cnt_q_reg[0]/C

Slack:                    inf
  Source:                 cpu_reset
                            (input port)
  Destination:            i_dm_axi_master/outstanding_aw_cnt_q_reg[1]/CLR
                            (recovery check against rising-edge clock clk_out1_xlnx_clk_gen  {rise@0.000ns fall@12.500ns period=25.000ns})
  Path Group:             (none)
  Path Type:              Recovery (Max at Slow Process Corner)
  Data Path Delay:        11.568ns  (logic 1.569ns (13.565%)  route 9.999ns (86.435%))
  Logic Levels:           1  (IBUF=1)
  Clock Path Skew:        -1.597ns (DCD - SCD + CPR)
    Destination Clock Delay (DCD):    -1.597ns
    Source Clock Delay      (SCD):    0.000ns
    Clock Pessimism Removal (CPR):    0.000ns
  Clock Uncertainty:      0.175ns  ((TSJ^2 + DJ^2)^1/2) / 2 + PE
    Total System Jitter     (TSJ):    0.050ns
    Discrete Jitter          (DJ):    0.149ns
    Phase Error              (PE):    0.097ns

    Location             Delay type                Incr(ns)  Path(ns)    Netlist Resource(s)
  -------------------------------------------------------------------    -------------------
    Y16                                               0.000     0.000 f  cpu_reset (IN)
                         net (fo=0)                   0.000     0.000    cpu_reset
    Y16                  IBUF (Prop_ibuf_I_O)         1.569     1.569 f  cpu_reset_IBUF_inst/O
                         net (fo=838, routed)         9.999    11.568    i_dm_axi_master/cpu_reset_IBUF
    SLICE_X83Y22         FDCE                                         f  i_dm_axi_master/outstanding_aw_cnt_q_reg[1]/CLR
  -------------------------------------------------------------------    -------------------

                         (clock clk_out1_xlnx_clk_gen rise edge)
                                                      0.000     0.000 r  
    K17                                               0.000     0.000 r  clk_sys (IN)
                         net (fo=0)                   0.000     0.000    i_xlnx_clk_gen/inst/clk_in1
    K17                  IBUF (Prop_ibuf_I_O)         1.404     1.404 r  i_xlnx_clk_gen/inst/clkin1_ibufg/O
                         net (fo=1, routed)           1.162     2.566    i_xlnx_clk_gen/inst/clk_in1_xlnx_clk_gen
    MMCME2_ADV_X1Y2      MMCME2_ADV (Prop_mmcme2_adv_CLKIN1_CLKOUT0)
                                                     -7.814    -5.248 r  i_xlnx_clk_gen/inst/mmcm_adv_inst/CLKOUT0
                         net (fo=1, routed)           2.012    -3.236    i_xlnx_clk_gen/inst/clk_out1_xlnx_clk_gen
    BUFGCTRL_X0Y16       BUFG (Prop_bufg_I_O)         0.091    -3.145 r  i_xlnx_clk_gen/inst/clkout1_buf/O
                         net (fo=15067, routed)       1.548    -1.597    i_dm_axi_master/clk_out1
    SLICE_X83Y22         FDCE                                         r  i_dm_axi_master/outstanding_aw_cnt_q_reg[1]/C

Slack:                    inf
  Source:                 cpu_reset
                            (input port)
  Destination:            i_dm_axi_master/outstanding_aw_cnt_q_reg[2]/CLR
                            (recovery check against rising-edge clock clk_out1_xlnx_clk_gen  {rise@0.000ns fall@12.500ns period=25.000ns})
  Path Group:             (none)
  Path Type:              Recovery (Max at Slow Process Corner)
  Data Path Delay:        11.568ns  (logic 1.569ns (13.565%)  route 9.999ns (86.435%))
  Logic Levels:           1  (IBUF=1)
  Clock Path Skew:        -1.597ns (DCD - SCD + CPR)
    Destination Clock Delay (DCD):    -1.597ns
    Source Clock Delay      (SCD):    0.000ns
    Clock Pessimism Removal (CPR):    0.000ns
  Clock Uncertainty:      0.175ns  ((TSJ^2 + DJ^2)^1/2) / 2 + PE
    Total System Jitter     (TSJ):    0.050ns
    Discrete Jitter          (DJ):    0.149ns
    Phase Error              (PE):    0.097ns

    Location             Delay type                Incr(ns)  Path(ns)    Netlist Resource(s)
  -------------------------------------------------------------------    -------------------
    Y16                                               0.000     0.000 f  cpu_reset (IN)
                         net (fo=0)                   0.000     0.000    cpu_reset
    Y16                  IBUF (Prop_ibuf_I_O)         1.569     1.569 f  cpu_reset_IBUF_inst/O
                         net (fo=838, routed)         9.999    11.568    i_dm_axi_master/cpu_reset_IBUF
    SLICE_X83Y22         FDCE                                         f  i_dm_axi_master/outstanding_aw_cnt_q_reg[2]/CLR
  -------------------------------------------------------------------    -------------------

                         (clock clk_out1_xlnx_clk_gen rise edge)
                                                      0.000     0.000 r  
    K17                                               0.000     0.000 r  clk_sys (IN)
                         net (fo=0)                   0.000     0.000    i_xlnx_clk_gen/inst/clk_in1
    K17                  IBUF (Prop_ibuf_I_O)         1.404     1.404 r  i_xlnx_clk_gen/inst/clkin1_ibufg/O
                         net (fo=1, routed)           1.162     2.566    i_xlnx_clk_gen/inst/clk_in1_xlnx_clk_gen
    MMCME2_ADV_X1Y2      MMCME2_ADV (Prop_mmcme2_adv_CLKIN1_CLKOUT0)
                                                     -7.814    -5.248 r  i_xlnx_clk_gen/inst/mmcm_adv_inst/CLKOUT0
                         net (fo=1, routed)           2.012    -3.236    i_xlnx_clk_gen/inst/clk_out1_xlnx_clk_gen
    BUFGCTRL_X0Y16       BUFG (Prop_bufg_I_O)         0.091    -3.145 r  i_xlnx_clk_gen/inst/clkout1_buf/O
                         net (fo=15067, routed)       1.548    -1.597    i_dm_axi_master/clk_out1
    SLICE_X83Y22         FDCE                                         r  i_dm_axi_master/outstanding_aw_cnt_q_reg[2]/C

Slack:                    inf
  Source:                 cpu_reset
                            (input port)
  Destination:            i_dm_top/i_dm_csrs/data_q_reg[0][26]/CLR
                            (recovery check against rising-edge clock clk_out1_xlnx_clk_gen  {rise@0.000ns fall@12.500ns period=25.000ns})
  Path Group:             (none)
  Path Type:              Recovery (Max at Slow Process Corner)
  Data Path Delay:        11.422ns  (logic 1.569ns (13.738%)  route 9.853ns (86.262%))
  Logic Levels:           1  (IBUF=1)
  Clock Path Skew:        -1.586ns (DCD - SCD + CPR)
    Destination Clock Delay (DCD):    -1.586ns
    Source Clock Delay      (SCD):    0.000ns
    Clock Pessimism Removal (CPR):    0.000ns
  Clock Uncertainty:      0.175ns  ((TSJ^2 + DJ^2)^1/2) / 2 + PE
    Total System Jitter     (TSJ):    0.050ns
    Discrete Jitter          (DJ):    0.149ns
    Phase Error              (PE):    0.097ns

    Location             Delay type                Incr(ns)  Path(ns)    Netlist Resource(s)
  -------------------------------------------------------------------    -------------------
    Y16                                               0.000     0.000 f  cpu_reset (IN)
                         net (fo=0)                   0.000     0.000    cpu_reset
    Y16                  IBUF (Prop_ibuf_I_O)         1.569     1.569 f  cpu_reset_IBUF_inst/O
                         net (fo=838, routed)         9.853    11.422    i_dm_top/i_dm_csrs/cpu_reset_IBUF
    SLICE_X84Y11         FDCE                                         f  i_dm_top/i_dm_csrs/data_q_reg[0][26]/CLR
  -------------------------------------------------------------------    -------------------

                         (clock clk_out1_xlnx_clk_gen rise edge)
                                                      0.000     0.000 r  
    K17                                               0.000     0.000 r  clk_sys (IN)
                         net (fo=0)                   0.000     0.000    i_xlnx_clk_gen/inst/clk_in1
    K17                  IBUF (Prop_ibuf_I_O)         1.404     1.404 r  i_xlnx_clk_gen/inst/clkin1_ibufg/O
                         net (fo=1, routed)           1.162     2.566    i_xlnx_clk_gen/inst/clk_in1_xlnx_clk_gen
    MMCME2_ADV_X1Y2      MMCME2_ADV (Prop_mmcme2_adv_CLKIN1_CLKOUT0)
                                                     -7.814    -5.248 r  i_xlnx_clk_gen/inst/mmcm_adv_inst/CLKOUT0
                         net (fo=1, routed)           2.012    -3.236    i_xlnx_clk_gen/inst/clk_out1_xlnx_clk_gen
    BUFGCTRL_X0Y16       BUFG (Prop_bufg_I_O)         0.091    -3.145 r  i_xlnx_clk_gen/inst/clkout1_buf/O
                         net (fo=15067, routed)       1.559    -1.586    i_dm_top/i_dm_csrs/clk_out1
    SLICE_X84Y11         FDCE                                         r  i_dm_top/i_dm_csrs/data_q_reg[0][26]/C

Slack:                    inf
  Source:                 cpu_reset
                            (input port)
  Destination:            i_dm_top/i_dm_csrs/data_q_reg[0][28]/CLR
                            (recovery check against rising-edge clock clk_out1_xlnx_clk_gen  {rise@0.000ns fall@12.500ns period=25.000ns})
  Path Group:             (none)
  Path Type:              Recovery (Max at Slow Process Corner)
  Data Path Delay:        11.422ns  (logic 1.569ns (13.738%)  route 9.853ns (86.262%))
  Logic Levels:           1  (IBUF=1)
  Clock Path Skew:        -1.586ns (DCD - SCD + CPR)
    Destination Clock Delay (DCD):    -1.586ns
    Source Clock Delay      (SCD):    0.000ns
    Clock Pessimism Removal (CPR):    0.000ns
  Clock Uncertainty:      0.175ns  ((TSJ^2 + DJ^2)^1/2) / 2 + PE
    Total System Jitter     (TSJ):    0.050ns
    Discrete Jitter          (DJ):    0.149ns
    Phase Error              (PE):    0.097ns

    Location             Delay type                Incr(ns)  Path(ns)    Netlist Resource(s)
  -------------------------------------------------------------------    -------------------
    Y16                                               0.000     0.000 f  cpu_reset (IN)
                         net (fo=0)                   0.000     0.000    cpu_reset
    Y16                  IBUF (Prop_ibuf_I_O)         1.569     1.569 f  cpu_reset_IBUF_inst/O
                         net (fo=838, routed)         9.853    11.422    i_dm_top/i_dm_csrs/cpu_reset_IBUF
    SLICE_X84Y11         FDCE                                         f  i_dm_top/i_dm_csrs/data_q_reg[0][28]/CLR
  -------------------------------------------------------------------    -------------------

                         (clock clk_out1_xlnx_clk_gen rise edge)
                                                      0.000     0.000 r  
    K17                                               0.000     0.000 r  clk_sys (IN)
                         net (fo=0)                   0.000     0.000    i_xlnx_clk_gen/inst/clk_in1
    K17                  IBUF (Prop_ibuf_I_O)         1.404     1.404 r  i_xlnx_clk_gen/inst/clkin1_ibufg/O
                         net (fo=1, routed)           1.162     2.566    i_xlnx_clk_gen/inst/clk_in1_xlnx_clk_gen
    MMCME2_ADV_X1Y2      MMCME2_ADV (Prop_mmcme2_adv_CLKIN1_CLKOUT0)
                                                     -7.814    -5.248 r  i_xlnx_clk_gen/inst/mmcm_adv_inst/CLKOUT0
                         net (fo=1, routed)           2.012    -3.236    i_xlnx_clk_gen/inst/clk_out1_xlnx_clk_gen
    BUFGCTRL_X0Y16       BUFG (Prop_bufg_I_O)         0.091    -3.145 r  i_xlnx_clk_gen/inst/clkout1_buf/O
                         net (fo=15067, routed)       1.559    -1.586    i_dm_top/i_dm_csrs/clk_out1
    SLICE_X84Y11         FDCE                                         r  i_dm_top/i_dm_csrs/data_q_reg[0][28]/C

Slack:                    inf
  Source:                 cpu_reset
                            (input port)
  Destination:            i_dm_top/i_dm_csrs/data_q_reg[0][30]/CLR
                            (recovery check against rising-edge clock clk_out1_xlnx_clk_gen  {rise@0.000ns fall@12.500ns period=25.000ns})
  Path Group:             (none)
  Path Type:              Recovery (Max at Slow Process Corner)
  Data Path Delay:        11.422ns  (logic 1.569ns (13.738%)  route 9.853ns (86.262%))
  Logic Levels:           1  (IBUF=1)
  Clock Path Skew:        -1.586ns (DCD - SCD + CPR)
    Destination Clock Delay (DCD):    -1.586ns
    Source Clock Delay      (SCD):    0.000ns
    Clock Pessimism Removal (CPR):    0.000ns
  Clock Uncertainty:      0.175ns  ((TSJ^2 + DJ^2)^1/2) / 2 + PE
    Total System Jitter     (TSJ):    0.050ns
    Discrete Jitter          (DJ):    0.149ns
    Phase Error              (PE):    0.097ns

    Location             Delay type                Incr(ns)  Path(ns)    Netlist Resource(s)
  -------------------------------------------------------------------    -------------------
    Y16                                               0.000     0.000 f  cpu_reset (IN)
                         net (fo=0)                   0.000     0.000    cpu_reset
    Y16                  IBUF (Prop_ibuf_I_O)         1.569     1.569 f  cpu_reset_IBUF_inst/O
                         net (fo=838, routed)         9.853    11.422    i_dm_top/i_dm_csrs/cpu_reset_IBUF
    SLICE_X84Y11         FDCE                                         f  i_dm_top/i_dm_csrs/data_q_reg[0][30]/CLR
  -------------------------------------------------------------------    -------------------

                         (clock clk_out1_xlnx_clk_gen rise edge)
                                                      0.000     0.000 r  
    K17                                               0.000     0.000 r  clk_sys (IN)
                         net (fo=0)                   0.000     0.000    i_xlnx_clk_gen/inst/clk_in1
    K17                  IBUF (Prop_ibuf_I_O)         1.404     1.404 r  i_xlnx_clk_gen/inst/clkin1_ibufg/O
                         net (fo=1, routed)           1.162     2.566    i_xlnx_clk_gen/inst/clk_in1_xlnx_clk_gen
    MMCME2_ADV_X1Y2      MMCME2_ADV (Prop_mmcme2_adv_CLKIN1_CLKOUT0)
                                                     -7.814    -5.248 r  i_xlnx_clk_gen/inst/mmcm_adv_inst/CLKOUT0
                         net (fo=1, routed)           2.012    -3.236    i_xlnx_clk_gen/inst/clk_out1_xlnx_clk_gen
    BUFGCTRL_X0Y16       BUFG (Prop_bufg_I_O)         0.091    -3.145 r  i_xlnx_clk_gen/inst/clkout1_buf/O
                         net (fo=15067, routed)       1.559    -1.586    i_dm_top/i_dm_csrs/clk_out1
    SLICE_X84Y11         FDCE                                         r  i_dm_top/i_dm_csrs/data_q_reg[0][30]/C

Slack:                    inf
  Source:                 cpu_reset
                            (input port)
  Destination:            i_dm_top/i_dm_csrs/data_q_reg[0][31]/CLR
                            (recovery check against rising-edge clock clk_out1_xlnx_clk_gen  {rise@0.000ns fall@12.500ns period=25.000ns})
  Path Group:             (none)
  Path Type:              Recovery (Max at Slow Process Corner)
  Data Path Delay:        11.422ns  (logic 1.569ns (13.738%)  route 9.853ns (86.262%))
  Logic Levels:           1  (IBUF=1)
  Clock Path Skew:        -1.586ns (DCD - SCD + CPR)
    Destination Clock Delay (DCD):    -1.586ns
    Source Clock Delay      (SCD):    0.000ns
    Clock Pessimism Removal (CPR):    0.000ns
  Clock Uncertainty:      0.175ns  ((TSJ^2 + DJ^2)^1/2) / 2 + PE
    Total System Jitter     (TSJ):    0.050ns
    Discrete Jitter          (DJ):    0.149ns
    Phase Error              (PE):    0.097ns

    Location             Delay type                Incr(ns)  Path(ns)    Netlist Resource(s)
  -------------------------------------------------------------------    -------------------
    Y16                                               0.000     0.000 f  cpu_reset (IN)
                         net (fo=0)                   0.000     0.000    cpu_reset
    Y16                  IBUF (Prop_ibuf_I_O)         1.569     1.569 f  cpu_reset_IBUF_inst/O
                         net (fo=838, routed)         9.853    11.422    i_dm_top/i_dm_csrs/cpu_reset_IBUF
    SLICE_X84Y11         FDCE                                         f  i_dm_top/i_dm_csrs/data_q_reg[0][31]/CLR
  -------------------------------------------------------------------    -------------------

                         (clock clk_out1_xlnx_clk_gen rise edge)
                                                      0.000     0.000 r  
    K17                                               0.000     0.000 r  clk_sys (IN)
                         net (fo=0)                   0.000     0.000    i_xlnx_clk_gen/inst/clk_in1
    K17                  IBUF (Prop_ibuf_I_O)         1.404     1.404 r  i_xlnx_clk_gen/inst/clkin1_ibufg/O
                         net (fo=1, routed)           1.162     2.566    i_xlnx_clk_gen/inst/clk_in1_xlnx_clk_gen
    MMCME2_ADV_X1Y2      MMCME2_ADV (Prop_mmcme2_adv_CLKIN1_CLKOUT0)
                                                     -7.814    -5.248 r  i_xlnx_clk_gen/inst/mmcm_adv_inst/CLKOUT0
                         net (fo=1, routed)           2.012    -3.236    i_xlnx_clk_gen/inst/clk_out1_xlnx_clk_gen
    BUFGCTRL_X0Y16       BUFG (Prop_bufg_I_O)         0.091    -3.145 r  i_xlnx_clk_gen/inst/clkout1_buf/O
                         net (fo=15067, routed)       1.559    -1.586    i_dm_top/i_dm_csrs/clk_out1
    SLICE_X84Y11         FDCE                                         r  i_dm_top/i_dm_csrs/data_q_reg[0][31]/C

Slack:                    inf
  Source:                 cpu_reset
                            (input port)
  Destination:            i_dm_top/i_dm_csrs/sbaddr_q_reg[42]/CLR
                            (recovery check against rising-edge clock clk_out1_xlnx_clk_gen  {rise@0.000ns fall@12.500ns period=25.000ns})
  Path Group:             (none)
  Path Type:              Recovery (Max at Slow Process Corner)
  Data Path Delay:        11.387ns  (logic 1.569ns (13.780%)  route 9.818ns (86.220%))
  Logic Levels:           1  (IBUF=1)
  Clock Path Skew:        -1.583ns (DCD - SCD + CPR)
    Destination Clock Delay (DCD):    -1.583ns
    Source Clock Delay      (SCD):    0.000ns
    Clock Pessimism Removal (CPR):    0.000ns
  Clock Uncertainty:      0.175ns  ((TSJ^2 + DJ^2)^1/2) / 2 + PE
    Total System Jitter     (TSJ):    0.050ns
    Discrete Jitter          (DJ):    0.149ns
    Phase Error              (PE):    0.097ns

    Location             Delay type                Incr(ns)  Path(ns)    Netlist Resource(s)
  -------------------------------------------------------------------    -------------------
    Y16                                               0.000     0.000 f  cpu_reset (IN)
                         net (fo=0)                   0.000     0.000    cpu_reset
    Y16                  IBUF (Prop_ibuf_I_O)         1.569     1.569 f  cpu_reset_IBUF_inst/O
                         net (fo=838, routed)         9.818    11.387    i_dm_top/i_dm_csrs/cpu_reset_IBUF
    SLICE_X76Y2          FDCE                                         f  i_dm_top/i_dm_csrs/sbaddr_q_reg[42]/CLR
  -------------------------------------------------------------------    -------------------

                         (clock clk_out1_xlnx_clk_gen rise edge)
                                                      0.000     0.000 r  
    K17                                               0.000     0.000 r  clk_sys (IN)
                         net (fo=0)                   0.000     0.000    i_xlnx_clk_gen/inst/clk_in1
    K17                  IBUF (Prop_ibuf_I_O)         1.404     1.404 r  i_xlnx_clk_gen/inst/clkin1_ibufg/O
                         net (fo=1, routed)           1.162     2.566    i_xlnx_clk_gen/inst/clk_in1_xlnx_clk_gen
    MMCME2_ADV_X1Y2      MMCME2_ADV (Prop_mmcme2_adv_CLKIN1_CLKOUT0)
                                                     -7.814    -5.248 r  i_xlnx_clk_gen/inst/mmcm_adv_inst/CLKOUT0
                         net (fo=1, routed)           2.012    -3.236    i_xlnx_clk_gen/inst/clk_out1_xlnx_clk_gen
    BUFGCTRL_X0Y16       BUFG (Prop_bufg_I_O)         0.091    -3.145 r  i_xlnx_clk_gen/inst/clkout1_buf/O
                         net (fo=15067, routed)       1.562    -1.583    i_dm_top/i_dm_csrs/clk_out1
    SLICE_X76Y2          FDCE                                         r  i_dm_top/i_dm_csrs/sbaddr_q_reg[42]/C

Slack:                    inf
  Source:                 cpu_reset
                            (input port)
  Destination:            i_dm_top/i_dm_csrs/sbaddr_q_reg[50]/CLR
                            (recovery check against rising-edge clock clk_out1_xlnx_clk_gen  {rise@0.000ns fall@12.500ns period=25.000ns})
  Path Group:             (none)
  Path Type:              Recovery (Max at Slow Process Corner)
  Data Path Delay:        11.387ns  (logic 1.569ns (13.780%)  route 9.818ns (86.220%))
  Logic Levels:           1  (IBUF=1)
  Clock Path Skew:        -1.583ns (DCD - SCD + CPR)
    Destination Clock Delay (DCD):    -1.583ns
    Source Clock Delay      (SCD):    0.000ns
    Clock Pessimism Removal (CPR):    0.000ns
  Clock Uncertainty:      0.175ns  ((TSJ^2 + DJ^2)^1/2) / 2 + PE
    Total System Jitter     (TSJ):    0.050ns
    Discrete Jitter          (DJ):    0.149ns
    Phase Error              (PE):    0.097ns

    Location             Delay type                Incr(ns)  Path(ns)    Netlist Resource(s)
  -------------------------------------------------------------------    -------------------
    Y16                                               0.000     0.000 f  cpu_reset (IN)
                         net (fo=0)                   0.000     0.000    cpu_reset
    Y16                  IBUF (Prop_ibuf_I_O)         1.569     1.569 f  cpu_reset_IBUF_inst/O
                         net (fo=838, routed)         9.818    11.387    i_dm_top/i_dm_csrs/cpu_reset_IBUF
    SLICE_X76Y2          FDCE                                         f  i_dm_top/i_dm_csrs/sbaddr_q_reg[50]/CLR
  -------------------------------------------------------------------    -------------------

                         (clock clk_out1_xlnx_clk_gen rise edge)
                                                      0.000     0.000 r  
    K17                                               0.000     0.000 r  clk_sys (IN)
                         net (fo=0)                   0.000     0.000    i_xlnx_clk_gen/inst/clk_in1
    K17                  IBUF (Prop_ibuf_I_O)         1.404     1.404 r  i_xlnx_clk_gen/inst/clkin1_ibufg/O
                         net (fo=1, routed)           1.162     2.566    i_xlnx_clk_gen/inst/clk_in1_xlnx_clk_gen
    MMCME2_ADV_X1Y2      MMCME2_ADV (Prop_mmcme2_adv_CLKIN1_CLKOUT0)
                                                     -7.814    -5.248 r  i_xlnx_clk_gen/inst/mmcm_adv_inst/CLKOUT0
                         net (fo=1, routed)           2.012    -3.236    i_xlnx_clk_gen/inst/clk_out1_xlnx_clk_gen
    BUFGCTRL_X0Y16       BUFG (Prop_bufg_I_O)         0.091    -3.145 r  i_xlnx_clk_gen/inst/clkout1_buf/O
                         net (fo=15067, routed)       1.562    -1.583    i_dm_top/i_dm_csrs/clk_out1
    SLICE_X76Y2          FDCE                                         r  i_dm_top/i_dm_csrs/sbaddr_q_reg[50]/C

Slack:                    inf
  Source:                 cpu_reset
                            (input port)
  Destination:            i_dm_top/i_dm_csrs/sbaddr_q_reg[51]/CLR
                            (recovery check against rising-edge clock clk_out1_xlnx_clk_gen  {rise@0.000ns fall@12.500ns period=25.000ns})
  Path Group:             (none)
  Path Type:              Recovery (Max at Slow Process Corner)
  Data Path Delay:        11.383ns  (logic 1.569ns (13.785%)  route 9.814ns (86.215%))
  Logic Levels:           1  (IBUF=1)
  Clock Path Skew:        -1.583ns (DCD - SCD + CPR)
    Destination Clock Delay (DCD):    -1.583ns
    Source Clock Delay      (SCD):    0.000ns
    Clock Pessimism Removal (CPR):    0.000ns
  Clock Uncertainty:      0.175ns  ((TSJ^2 + DJ^2)^1/2) / 2 + PE
    Total System Jitter     (TSJ):    0.050ns
    Discrete Jitter          (DJ):    0.149ns
    Phase Error              (PE):    0.097ns

    Location             Delay type                Incr(ns)  Path(ns)    Netlist Resource(s)
  -------------------------------------------------------------------    -------------------
    Y16                                               0.000     0.000 f  cpu_reset (IN)
                         net (fo=0)                   0.000     0.000    cpu_reset
    Y16                  IBUF (Prop_ibuf_I_O)         1.569     1.569 f  cpu_reset_IBUF_inst/O
                         net (fo=838, routed)         9.814    11.383    i_dm_top/i_dm_csrs/cpu_reset_IBUF
    SLICE_X77Y2          FDCE                                         f  i_dm_top/i_dm_csrs/sbaddr_q_reg[51]/CLR
  -------------------------------------------------------------------    -------------------

                         (clock clk_out1_xlnx_clk_gen rise edge)
                                                      0.000     0.000 r  
    K17                                               0.000     0.000 r  clk_sys (IN)
                         net (fo=0)                   0.000     0.000    i_xlnx_clk_gen/inst/clk_in1
    K17                  IBUF (Prop_ibuf_I_O)         1.404     1.404 r  i_xlnx_clk_gen/inst/clkin1_ibufg/O
                         net (fo=1, routed)           1.162     2.566    i_xlnx_clk_gen/inst/clk_in1_xlnx_clk_gen
    MMCME2_ADV_X1Y2      MMCME2_ADV (Prop_mmcme2_adv_CLKIN1_CLKOUT0)
                                                     -7.814    -5.248 r  i_xlnx_clk_gen/inst/mmcm_adv_inst/CLKOUT0
                         net (fo=1, routed)           2.012    -3.236    i_xlnx_clk_gen/inst/clk_out1_xlnx_clk_gen
    BUFGCTRL_X0Y16       BUFG (Prop_bufg_I_O)         0.091    -3.145 r  i_xlnx_clk_gen/inst/clkout1_buf/O
                         net (fo=15067, routed)       1.562    -1.583    i_dm_top/i_dm_csrs/clk_out1
    SLICE_X77Y2          FDCE                                         r  i_dm_top/i_dm_csrs/sbaddr_q_reg[51]/C





Min Delay Paths
--------------------------------------------------------------------------------------
Slack:                    inf
  Source:                 i_xlnx_clk_gen/inst/mmcm_adv_inst/LOCKED
                            (internal pin)
  Destination:            i_rstgen_main/i_rstgen_bypass/synch_regs_q_reg[0]/CLR
                            (removal check against rising-edge clock clk_out1_xlnx_clk_gen  {rise@0.000ns fall@12.500ns period=25.000ns})
  Path Group:             (none)
  Path Type:              Removal (Min at Fast Process Corner)
  Data Path Delay:        1.678ns  (logic 0.045ns (2.682%)  route 1.633ns (97.318%))
  Logic Levels:           1  (LUT2=1)
  Clock Uncertainty:      0.175ns  ((TSJ^2 + DJ^2)^1/2) / 2 + PE
    Total System Jitter     (TSJ):    0.050ns
    Discrete Jitter          (DJ):    0.149ns
    Phase Error              (PE):    0.097ns

    Location             Delay type                Incr(ns)  Path(ns)    Netlist Resource(s)
  -------------------------------------------------------------------    -------------------
    MMCME2_ADV_X1Y2      MMCME2_ADV                   0.000     0.000 r  i_xlnx_clk_gen/inst/mmcm_adv_inst/LOCKED
                         net (fo=1, routed)           1.358     1.358    i_dm_top/i_dm_csrs/locked
    SLICE_X92Y22         LUT2 (Prop_lut2_I1_O)        0.045     1.403 f  i_dm_top/i_dm_csrs/synch_regs_q[3]_i_1/O
                         net (fo=4, routed)           0.274     1.678    i_rstgen_main/i_rstgen_bypass/synch_regs_q_reg[3]_1
    SLICE_X89Y22         FDCE                                         f  i_rstgen_main/i_rstgen_bypass/synch_regs_q_reg[0]/CLR
  -------------------------------------------------------------------    -------------------

                         (clock clk_out1_xlnx_clk_gen rise edge)
                                                      0.000     0.000 r  
    K17                                               0.000     0.000 r  clk_sys (IN)
                         net (fo=0)                   0.000     0.000    i_xlnx_clk_gen/inst/clk_in1
    K17                  IBUF (Prop_ibuf_I_O)         0.431     0.431 r  i_xlnx_clk_gen/inst/clkin1_ibufg/O
                         net (fo=1, routed)           0.480     0.911    i_xlnx_clk_gen/inst/clk_in1_xlnx_clk_gen
    MMCME2_ADV_X1Y2      MMCME2_ADV (Prop_mmcme2_adv_CLKIN1_CLKOUT0)
                                                     -3.407    -2.496 r  i_xlnx_clk_gen/inst/mmcm_adv_inst/CLKOUT0
                         net (fo=1, routed)           0.752    -1.744    i_xlnx_clk_gen/inst/clk_out1_xlnx_clk_gen
    BUFGCTRL_X0Y16       BUFG (Prop_bufg_I_O)         0.029    -1.715 r  i_xlnx_clk_gen/inst/clkout1_buf/O
                         net (fo=15067, routed)       0.845    -0.870    i_rstgen_main/i_rstgen_bypass/clk_out1
    SLICE_X89Y22         FDCE                                         r  i_rstgen_main/i_rstgen_bypass/synch_regs_q_reg[0]/C

Slack:                    inf
  Source:                 i_xlnx_clk_gen/inst/mmcm_adv_inst/LOCKED
                            (internal pin)
  Destination:            i_rstgen_main/i_rstgen_bypass/synch_regs_q_reg[1]/CLR
                            (removal check against rising-edge clock clk_out1_xlnx_clk_gen  {rise@0.000ns fall@12.500ns period=25.000ns})
  Path Group:             (none)
  Path Type:              Removal (Min at Fast Process Corner)
  Data Path Delay:        1.678ns  (logic 0.045ns (2.682%)  route 1.633ns (97.318%))
  Logic Levels:           1  (LUT2=1)
  Clock Uncertainty:      0.175ns  ((TSJ^2 + DJ^2)^1/2) / 2 + PE
    Total System Jitter     (TSJ):    0.050ns
    Discrete Jitter          (DJ):    0.149ns
    Phase Error              (PE):    0.097ns

    Location             Delay type                Incr(ns)  Path(ns)    Netlist Resource(s)
  -------------------------------------------------------------------    -------------------
    MMCME2_ADV_X1Y2      MMCME2_ADV                   0.000     0.000 r  i_xlnx_clk_gen/inst/mmcm_adv_inst/LOCKED
                         net (fo=1, routed)           1.358     1.358    i_dm_top/i_dm_csrs/locked
    SLICE_X92Y22         LUT2 (Prop_lut2_I1_O)        0.045     1.403 f  i_dm_top/i_dm_csrs/synch_regs_q[3]_i_1/O
                         net (fo=4, routed)           0.274     1.678    i_rstgen_main/i_rstgen_bypass/synch_regs_q_reg[3]_1
    SLICE_X89Y22         FDCE                                         f  i_rstgen_main/i_rstgen_bypass/synch_regs_q_reg[1]/CLR
  -------------------------------------------------------------------    -------------------

                         (clock clk_out1_xlnx_clk_gen rise edge)
                                                      0.000     0.000 r  
    K17                                               0.000     0.000 r  clk_sys (IN)
                         net (fo=0)                   0.000     0.000    i_xlnx_clk_gen/inst/clk_in1
    K17                  IBUF (Prop_ibuf_I_O)         0.431     0.431 r  i_xlnx_clk_gen/inst/clkin1_ibufg/O
                         net (fo=1, routed)           0.480     0.911    i_xlnx_clk_gen/inst/clk_in1_xlnx_clk_gen
    MMCME2_ADV_X1Y2      MMCME2_ADV (Prop_mmcme2_adv_CLKIN1_CLKOUT0)
                                                     -3.407    -2.496 r  i_xlnx_clk_gen/inst/mmcm_adv_inst/CLKOUT0
                         net (fo=1, routed)           0.752    -1.744    i_xlnx_clk_gen/inst/clk_out1_xlnx_clk_gen
    BUFGCTRL_X0Y16       BUFG (Prop_bufg_I_O)         0.029    -1.715 r  i_xlnx_clk_gen/inst/clkout1_buf/O
                         net (fo=15067, routed)       0.845    -0.870    i_rstgen_main/i_rstgen_bypass/clk_out1
    SLICE_X89Y22         FDCE                                         r  i_rstgen_main/i_rstgen_bypass/synch_regs_q_reg[1]/C

Slack:                    inf
  Source:                 cpu_reset
                            (input port)
  Destination:            i_dm_axi2mem/ax_req_q_reg[len][0]/CLR
                            (removal check against rising-edge clock clk_out1_xlnx_clk_gen  {rise@0.000ns fall@12.500ns period=25.000ns})
  Path Group:             (none)
  Path Type:              Removal (Min at Fast Process Corner)
  Data Path Delay:        1.723ns  (logic 0.336ns (19.507%)  route 1.387ns (80.493%))
  Logic Levels:           1  (IBUF=1)
  Clock Path Skew:        -0.837ns (DCD - SCD - CPR)
    Destination Clock Delay (DCD):    -0.837ns
    Source Clock Delay      (SCD):    0.000ns
    Clock Pessimism Removal (CPR):    -0.000ns

    Location             Delay type                Incr(ns)  Path(ns)    Netlist Resource(s)
  -------------------------------------------------------------------    -------------------
    Y16                                               0.000     0.000 f  cpu_reset (IN)
                         net (fo=0)                   0.000     0.000    cpu_reset
    Y16                  IBUF (Prop_ibuf_I_O)         0.336     0.336 f  cpu_reset_IBUF_inst/O
                         net (fo=838, routed)         1.387     1.723    i_dm_axi2mem/cpu_reset_IBUF
    SLICE_X98Y35         FDCE                                         f  i_dm_axi2mem/ax_req_q_reg[len][0]/CLR
  -------------------------------------------------------------------    -------------------

                         (clock clk_out1_xlnx_clk_gen rise edge)
                                                      0.000     0.000 r  
    K17                                               0.000     0.000 r  clk_sys (IN)
                         net (fo=0)                   0.000     0.000    i_xlnx_clk_gen/inst/clk_in1
    K17                  IBUF (Prop_ibuf_I_O)         0.431     0.431 r  i_xlnx_clk_gen/inst/clkin1_ibufg/O
                         net (fo=1, routed)           0.480     0.911    i_xlnx_clk_gen/inst/clk_in1_xlnx_clk_gen
    MMCME2_ADV_X1Y2      MMCME2_ADV (Prop_mmcme2_adv_CLKIN1_CLKOUT0)
                                                     -3.407    -2.496 r  i_xlnx_clk_gen/inst/mmcm_adv_inst/CLKOUT0
                         net (fo=1, routed)           0.752    -1.744    i_xlnx_clk_gen/inst/clk_out1_xlnx_clk_gen
    BUFGCTRL_X0Y16       BUFG (Prop_bufg_I_O)         0.029    -1.715 r  i_xlnx_clk_gen/inst/clkout1_buf/O
                         net (fo=15067, routed)       0.878    -0.837    i_dm_axi2mem/clk_out1
    SLICE_X98Y35         FDCE                                         r  i_dm_axi2mem/ax_req_q_reg[len][0]/C

Slack:                    inf
  Source:                 cpu_reset
                            (input port)
  Destination:            i_dm_axi2mem/ax_req_q_reg[len][1]/CLR
                            (removal check against rising-edge clock clk_out1_xlnx_clk_gen  {rise@0.000ns fall@12.500ns period=25.000ns})
  Path Group:             (none)
  Path Type:              Removal (Min at Fast Process Corner)
  Data Path Delay:        1.723ns  (logic 0.336ns (19.507%)  route 1.387ns (80.493%))
  Logic Levels:           1  (IBUF=1)
  Clock Path Skew:        -0.837ns (DCD - SCD - CPR)
    Destination Clock Delay (DCD):    -0.837ns
    Source Clock Delay      (SCD):    0.000ns
    Clock Pessimism Removal (CPR):    -0.000ns

    Location             Delay type                Incr(ns)  Path(ns)    Netlist Resource(s)
  -------------------------------------------------------------------    -------------------
    Y16                                               0.000     0.000 f  cpu_reset (IN)
                         net (fo=0)                   0.000     0.000    cpu_reset
    Y16                  IBUF (Prop_ibuf_I_O)         0.336     0.336 f  cpu_reset_IBUF_inst/O
                         net (fo=838, routed)         1.387     1.723    i_dm_axi2mem/cpu_reset_IBUF
    SLICE_X98Y35         FDCE                                         f  i_dm_axi2mem/ax_req_q_reg[len][1]/CLR
  -------------------------------------------------------------------    -------------------

                         (clock clk_out1_xlnx_clk_gen rise edge)
                                                      0.000     0.000 r  
    K17                                               0.000     0.000 r  clk_sys (IN)
                         net (fo=0)                   0.000     0.000    i_xlnx_clk_gen/inst/clk_in1
    K17                  IBUF (Prop_ibuf_I_O)         0.431     0.431 r  i_xlnx_clk_gen/inst/clkin1_ibufg/O
                         net (fo=1, routed)           0.480     0.911    i_xlnx_clk_gen/inst/clk_in1_xlnx_clk_gen
    MMCME2_ADV_X1Y2      MMCME2_ADV (Prop_mmcme2_adv_CLKIN1_CLKOUT0)
                                                     -3.407    -2.496 r  i_xlnx_clk_gen/inst/mmcm_adv_inst/CLKOUT0
                         net (fo=1, routed)           0.752    -1.744    i_xlnx_clk_gen/inst/clk_out1_xlnx_clk_gen
    BUFGCTRL_X0Y16       BUFG (Prop_bufg_I_O)         0.029    -1.715 r  i_xlnx_clk_gen/inst/clkout1_buf/O
                         net (fo=15067, routed)       0.878    -0.837    i_dm_axi2mem/clk_out1
    SLICE_X98Y35         FDCE                                         r  i_dm_axi2mem/ax_req_q_reg[len][1]/C

Slack:                    inf
  Source:                 cpu_reset
                            (input port)
  Destination:            i_dm_axi2mem/ax_req_q_reg[len][2]/CLR
                            (removal check against rising-edge clock clk_out1_xlnx_clk_gen  {rise@0.000ns fall@12.500ns period=25.000ns})
  Path Group:             (none)
  Path Type:              Removal (Min at Fast Process Corner)
  Data Path Delay:        1.723ns  (logic 0.336ns (19.507%)  route 1.387ns (80.493%))
  Logic Levels:           1  (IBUF=1)
  Clock Path Skew:        -0.837ns (DCD - SCD - CPR)
    Destination Clock Delay (DCD):    -0.837ns
    Source Clock Delay      (SCD):    0.000ns
    Clock Pessimism Removal (CPR):    -0.000ns

    Location             Delay type                Incr(ns)  Path(ns)    Netlist Resource(s)
  -------------------------------------------------------------------    -------------------
    Y16                                               0.000     0.000 f  cpu_reset (IN)
                         net (fo=0)                   0.000     0.000    cpu_reset
    Y16                  IBUF (Prop_ibuf_I_O)         0.336     0.336 f  cpu_reset_IBUF_inst/O
                         net (fo=838, routed)         1.387     1.723    i_dm_axi2mem/cpu_reset_IBUF
    SLICE_X98Y35         FDCE                                         f  i_dm_axi2mem/ax_req_q_reg[len][2]/CLR
  -------------------------------------------------------------------    -------------------

                         (clock clk_out1_xlnx_clk_gen rise edge)
                                                      0.000     0.000 r  
    K17                                               0.000     0.000 r  clk_sys (IN)
                         net (fo=0)                   0.000     0.000    i_xlnx_clk_gen/inst/clk_in1
    K17                  IBUF (Prop_ibuf_I_O)         0.431     0.431 r  i_xlnx_clk_gen/inst/clkin1_ibufg/O
                         net (fo=1, routed)           0.480     0.911    i_xlnx_clk_gen/inst/clk_in1_xlnx_clk_gen
    MMCME2_ADV_X1Y2      MMCME2_ADV (Prop_mmcme2_adv_CLKIN1_CLKOUT0)
                                                     -3.407    -2.496 r  i_xlnx_clk_gen/inst/mmcm_adv_inst/CLKOUT0
                         net (fo=1, routed)           0.752    -1.744    i_xlnx_clk_gen/inst/clk_out1_xlnx_clk_gen
    BUFGCTRL_X0Y16       BUFG (Prop_bufg_I_O)         0.029    -1.715 r  i_xlnx_clk_gen/inst/clkout1_buf/O
                         net (fo=15067, routed)       0.878    -0.837    i_dm_axi2mem/clk_out1
    SLICE_X98Y35         FDCE                                         r  i_dm_axi2mem/ax_req_q_reg[len][2]/C

Slack:                    inf
  Source:                 cpu_reset
                            (input port)
  Destination:            i_dm_axi2mem/ax_req_q_reg[len][3]/CLR
                            (removal check against rising-edge clock clk_out1_xlnx_clk_gen  {rise@0.000ns fall@12.500ns period=25.000ns})
  Path Group:             (none)
  Path Type:              Removal (Min at Fast Process Corner)
  Data Path Delay:        1.723ns  (logic 0.336ns (19.507%)  route 1.387ns (80.493%))
  Logic Levels:           1  (IBUF=1)
  Clock Path Skew:        -0.837ns (DCD - SCD - CPR)
    Destination Clock Delay (DCD):    -0.837ns
    Source Clock Delay      (SCD):    0.000ns
    Clock Pessimism Removal (CPR):    -0.000ns

    Location             Delay type                Incr(ns)  Path(ns)    Netlist Resource(s)
  -------------------------------------------------------------------    -------------------
    Y16                                               0.000     0.000 f  cpu_reset (IN)
                         net (fo=0)                   0.000     0.000    cpu_reset
    Y16                  IBUF (Prop_ibuf_I_O)         0.336     0.336 f  cpu_reset_IBUF_inst/O
                         net (fo=838, routed)         1.387     1.723    i_dm_axi2mem/cpu_reset_IBUF
    SLICE_X98Y35         FDCE                                         f  i_dm_axi2mem/ax_req_q_reg[len][3]/CLR
  -------------------------------------------------------------------    -------------------

                         (clock clk_out1_xlnx_clk_gen rise edge)
                                                      0.000     0.000 r  
    K17                                               0.000     0.000 r  clk_sys (IN)
                         net (fo=0)                   0.000     0.000    i_xlnx_clk_gen/inst/clk_in1
    K17                  IBUF (Prop_ibuf_I_O)         0.431     0.431 r  i_xlnx_clk_gen/inst/clkin1_ibufg/O
                         net (fo=1, routed)           0.480     0.911    i_xlnx_clk_gen/inst/clk_in1_xlnx_clk_gen
    MMCME2_ADV_X1Y2      MMCME2_ADV (Prop_mmcme2_adv_CLKIN1_CLKOUT0)
                                                     -3.407    -2.496 r  i_xlnx_clk_gen/inst/mmcm_adv_inst/CLKOUT0
                         net (fo=1, routed)           0.752    -1.744    i_xlnx_clk_gen/inst/clk_out1_xlnx_clk_gen
    BUFGCTRL_X0Y16       BUFG (Prop_bufg_I_O)         0.029    -1.715 r  i_xlnx_clk_gen/inst/clkout1_buf/O
                         net (fo=15067, routed)       0.878    -0.837    i_dm_axi2mem/clk_out1
    SLICE_X98Y35         FDCE                                         r  i_dm_axi2mem/ax_req_q_reg[len][3]/C

Slack:                    inf
  Source:                 cpu_reset
                            (input port)
  Destination:            i_dm_axi2mem/ax_req_q_reg[len][4]/CLR
                            (removal check against rising-edge clock clk_out1_xlnx_clk_gen  {rise@0.000ns fall@12.500ns period=25.000ns})
  Path Group:             (none)
  Path Type:              Removal (Min at Fast Process Corner)
  Data Path Delay:        1.723ns  (logic 0.336ns (19.507%)  route 1.387ns (80.493%))
  Logic Levels:           1  (IBUF=1)
  Clock Path Skew:        -0.837ns (DCD - SCD - CPR)
    Destination Clock Delay (DCD):    -0.837ns
    Source Clock Delay      (SCD):    0.000ns
    Clock Pessimism Removal (CPR):    -0.000ns

    Location             Delay type                Incr(ns)  Path(ns)    Netlist Resource(s)
  -------------------------------------------------------------------    -------------------
    Y16                                               0.000     0.000 f  cpu_reset (IN)
                         net (fo=0)                   0.000     0.000    cpu_reset
    Y16                  IBUF (Prop_ibuf_I_O)         0.336     0.336 f  cpu_reset_IBUF_inst/O
                         net (fo=838, routed)         1.387     1.723    i_dm_axi2mem/cpu_reset_IBUF
    SLICE_X98Y35         FDCE                                         f  i_dm_axi2mem/ax_req_q_reg[len][4]/CLR
  -------------------------------------------------------------------    -------------------

                         (clock clk_out1_xlnx_clk_gen rise edge)
                                                      0.000     0.000 r  
    K17                                               0.000     0.000 r  clk_sys (IN)
                         net (fo=0)                   0.000     0.000    i_xlnx_clk_gen/inst/clk_in1
    K17                  IBUF (Prop_ibuf_I_O)         0.431     0.431 r  i_xlnx_clk_gen/inst/clkin1_ibufg/O
                         net (fo=1, routed)           0.480     0.911    i_xlnx_clk_gen/inst/clk_in1_xlnx_clk_gen
    MMCME2_ADV_X1Y2      MMCME2_ADV (Prop_mmcme2_adv_CLKIN1_CLKOUT0)
                                                     -3.407    -2.496 r  i_xlnx_clk_gen/inst/mmcm_adv_inst/CLKOUT0
                         net (fo=1, routed)           0.752    -1.744    i_xlnx_clk_gen/inst/clk_out1_xlnx_clk_gen
    BUFGCTRL_X0Y16       BUFG (Prop_bufg_I_O)         0.029    -1.715 r  i_xlnx_clk_gen/inst/clkout1_buf/O
                         net (fo=15067, routed)       0.878    -0.837    i_dm_axi2mem/clk_out1
    SLICE_X98Y35         FDCE                                         r  i_dm_axi2mem/ax_req_q_reg[len][4]/C

Slack:                    inf
  Source:                 cpu_reset
                            (input port)
  Destination:            i_dm_axi2mem/ax_req_q_reg[len][5]/CLR
                            (removal check against rising-edge clock clk_out1_xlnx_clk_gen  {rise@0.000ns fall@12.500ns period=25.000ns})
  Path Group:             (none)
  Path Type:              Removal (Min at Fast Process Corner)
  Data Path Delay:        1.723ns  (logic 0.336ns (19.507%)  route 1.387ns (80.493%))
  Logic Levels:           1  (IBUF=1)
  Clock Path Skew:        -0.837ns (DCD - SCD - CPR)
    Destination Clock Delay (DCD):    -0.837ns
    Source Clock Delay      (SCD):    0.000ns
    Clock Pessimism Removal (CPR):    -0.000ns

    Location             Delay type                Incr(ns)  Path(ns)    Netlist Resource(s)
  -------------------------------------------------------------------    -------------------
    Y16                                               0.000     0.000 f  cpu_reset (IN)
                         net (fo=0)                   0.000     0.000    cpu_reset
    Y16                  IBUF (Prop_ibuf_I_O)         0.336     0.336 f  cpu_reset_IBUF_inst/O
                         net (fo=838, routed)         1.387     1.723    i_dm_axi2mem/cpu_reset_IBUF
    SLICE_X98Y35         FDCE                                         f  i_dm_axi2mem/ax_req_q_reg[len][5]/CLR
  -------------------------------------------------------------------    -------------------

                         (clock clk_out1_xlnx_clk_gen rise edge)
                                                      0.000     0.000 r  
    K17                                               0.000     0.000 r  clk_sys (IN)
                         net (fo=0)                   0.000     0.000    i_xlnx_clk_gen/inst/clk_in1
    K17                  IBUF (Prop_ibuf_I_O)         0.431     0.431 r  i_xlnx_clk_gen/inst/clkin1_ibufg/O
                         net (fo=1, routed)           0.480     0.911    i_xlnx_clk_gen/inst/clk_in1_xlnx_clk_gen
    MMCME2_ADV_X1Y2      MMCME2_ADV (Prop_mmcme2_adv_CLKIN1_CLKOUT0)
                                                     -3.407    -2.496 r  i_xlnx_clk_gen/inst/mmcm_adv_inst/CLKOUT0
                         net (fo=1, routed)           0.752    -1.744    i_xlnx_clk_gen/inst/clk_out1_xlnx_clk_gen
    BUFGCTRL_X0Y16       BUFG (Prop_bufg_I_O)         0.029    -1.715 r  i_xlnx_clk_gen/inst/clkout1_buf/O
                         net (fo=15067, routed)       0.878    -0.837    i_dm_axi2mem/clk_out1
    SLICE_X98Y35         FDCE                                         r  i_dm_axi2mem/ax_req_q_reg[len][5]/C

Slack:                    inf
  Source:                 cpu_reset
                            (input port)
  Destination:            i_dm_axi2mem/ax_req_q_reg[len][6]/CLR
                            (removal check against rising-edge clock clk_out1_xlnx_clk_gen  {rise@0.000ns fall@12.500ns period=25.000ns})
  Path Group:             (none)
  Path Type:              Removal (Min at Fast Process Corner)
  Data Path Delay:        1.723ns  (logic 0.336ns (19.507%)  route 1.387ns (80.493%))
  Logic Levels:           1  (IBUF=1)
  Clock Path Skew:        -0.837ns (DCD - SCD - CPR)
    Destination Clock Delay (DCD):    -0.837ns
    Source Clock Delay      (SCD):    0.000ns
    Clock Pessimism Removal (CPR):    -0.000ns

    Location             Delay type                Incr(ns)  Path(ns)    Netlist Resource(s)
  -------------------------------------------------------------------    -------------------
    Y16                                               0.000     0.000 f  cpu_reset (IN)
                         net (fo=0)                   0.000     0.000    cpu_reset
    Y16                  IBUF (Prop_ibuf_I_O)         0.336     0.336 f  cpu_reset_IBUF_inst/O
                         net (fo=838, routed)         1.387     1.723    i_dm_axi2mem/cpu_reset_IBUF
    SLICE_X98Y35         FDCE                                         f  i_dm_axi2mem/ax_req_q_reg[len][6]/CLR
  -------------------------------------------------------------------    -------------------

                         (clock clk_out1_xlnx_clk_gen rise edge)
                                                      0.000     0.000 r  
    K17                                               0.000     0.000 r  clk_sys (IN)
                         net (fo=0)                   0.000     0.000    i_xlnx_clk_gen/inst/clk_in1
    K17                  IBUF (Prop_ibuf_I_O)         0.431     0.431 r  i_xlnx_clk_gen/inst/clkin1_ibufg/O
                         net (fo=1, routed)           0.480     0.911    i_xlnx_clk_gen/inst/clk_in1_xlnx_clk_gen
    MMCME2_ADV_X1Y2      MMCME2_ADV (Prop_mmcme2_adv_CLKIN1_CLKOUT0)
                                                     -3.407    -2.496 r  i_xlnx_clk_gen/inst/mmcm_adv_inst/CLKOUT0
                         net (fo=1, routed)           0.752    -1.744    i_xlnx_clk_gen/inst/clk_out1_xlnx_clk_gen
    BUFGCTRL_X0Y16       BUFG (Prop_bufg_I_O)         0.029    -1.715 r  i_xlnx_clk_gen/inst/clkout1_buf/O
                         net (fo=15067, routed)       0.878    -0.837    i_dm_axi2mem/clk_out1
    SLICE_X98Y35         FDCE                                         r  i_dm_axi2mem/ax_req_q_reg[len][6]/C

Slack:                    inf
  Source:                 cpu_reset
                            (input port)
  Destination:            i_dm_axi2mem/ax_req_q_reg[len][7]/CLR
                            (removal check against rising-edge clock clk_out1_xlnx_clk_gen  {rise@0.000ns fall@12.500ns period=25.000ns})
  Path Group:             (none)
  Path Type:              Removal (Min at Fast Process Corner)
  Data Path Delay:        1.723ns  (logic 0.336ns (19.507%)  route 1.387ns (80.493%))
  Logic Levels:           1  (IBUF=1)
  Clock Path Skew:        -0.837ns (DCD - SCD - CPR)
    Destination Clock Delay (DCD):    -0.837ns
    Source Clock Delay      (SCD):    0.000ns
    Clock Pessimism Removal (CPR):    -0.000ns

    Location             Delay type                Incr(ns)  Path(ns)    Netlist Resource(s)
  -------------------------------------------------------------------    -------------------
    Y16                                               0.000     0.000 f  cpu_reset (IN)
                         net (fo=0)                   0.000     0.000    cpu_reset
    Y16                  IBUF (Prop_ibuf_I_O)         0.336     0.336 f  cpu_reset_IBUF_inst/O
                         net (fo=838, routed)         1.387     1.723    i_dm_axi2mem/cpu_reset_IBUF
    SLICE_X98Y35         FDCE                                         f  i_dm_axi2mem/ax_req_q_reg[len][7]/CLR
  -------------------------------------------------------------------    -------------------

                         (clock clk_out1_xlnx_clk_gen rise edge)
                                                      0.000     0.000 r  
    K17                                               0.000     0.000 r  clk_sys (IN)
                         net (fo=0)                   0.000     0.000    i_xlnx_clk_gen/inst/clk_in1
    K17                  IBUF (Prop_ibuf_I_O)         0.431     0.431 r  i_xlnx_clk_gen/inst/clkin1_ibufg/O
                         net (fo=1, routed)           0.480     0.911    i_xlnx_clk_gen/inst/clk_in1_xlnx_clk_gen
    MMCME2_ADV_X1Y2      MMCME2_ADV (Prop_mmcme2_adv_CLKIN1_CLKOUT0)
                                                     -3.407    -2.496 r  i_xlnx_clk_gen/inst/mmcm_adv_inst/CLKOUT0
                         net (fo=1, routed)           0.752    -1.744    i_xlnx_clk_gen/inst/clk_out1_xlnx_clk_gen
    BUFGCTRL_X0Y16       BUFG (Prop_bufg_I_O)         0.029    -1.715 r  i_xlnx_clk_gen/inst/clkout1_buf/O
                         net (fo=15067, routed)       0.878    -0.837    i_dm_axi2mem/clk_out1
    SLICE_X98Y35         FDCE                                         r  i_dm_axi2mem/ax_req_q_reg[len][7]/C





